{"aadil": {"C.M.A._6155_2018.pdf": 7.840312983320164}, "aadab": {"S.M.C._7_2017_06022019.pdf": 23.52093894996049}}