{"aaj": {"ConstitutionPetitionNo21OF2007.pdf": 28.215442029919725, "const.p._24_to_26_of_2023_04072023.pdf": 5.643088405983945, "SMC16of2011_detailed_judgment.pdf": 11.28617681196789, "c.a._178_2020.pdf": 5.643088405983945, "C.P._842_2016.pdf": 11.28617681196789, "c.a._11_2022.pdf": 5.643088405983945, "c.p._546_2021.pdf": 5.643088405983945, "const.p.105-12_hamid_mir_case_20-12-12.pdf": 11.28617681196789, "c.p._448_p_2017.pdf": 5.643088405983945}}