{"aamir": {"Const.P._56_2003_E_dt_3-9-15.pdf": 2.380727469176005, "c.a._837_2011.pdf": 2.380727469176005, "C.A._1171_2013.pdf": 4.76145493835201, "c.p._303_2019.pdf": 2.380727469176005, "Crl.O.P._09_2018.pdf": 2.380727469176005, "C.M.A._4109_2015.pdf": 4.76145493835201, "C.M.A.No.3685of2012-dt-17-1-2013.pdf": 11.903637345880025, "c.a._1079_2015.pdf": 2.380727469176005, "H.R.C._18877_2018_03072019.pdf": 2.380727469176005, "Const.P_6of2011.pdf": 4.76145493835201, "SMC15OF2009.pdf": 2.380727469176005, "Const.P.40of2012-DetailJudgment[UrduTranslation]-dt-3.7.2012.pdf": 2.380727469176005, "C.A._3_2018_dt-14-9-2018.pdf": 2.380727469176005, "cng_prices_order_21-12-12-alongwith_translation.pdf": 2.380727469176005, "Const.P.87of2011[UrduVersion].pdf": 2.380727469176005, "S.M.C._20_2016.pdf": 2.380727469176005, "C.A._2215_2006.pdf": 2.380727469176005, "Const.P.33_2013.pdf": 4.76145493835201, "Const.P._29_2016.pdf": 4.76145493835201, "C.R.P._125_2014.pdf": 2.380727469176005, "Const.P.77of2012[DetailedOrderFinal].pdf": 2.380727469176005, "C.A._3_2018.pdf": 2.380727469176005, "c.a._1498_2016.pdf": 2.380727469176005, "CONST.P.77OF2010-DT-06.04.12[URDU].pdf": 2.380727469176005, "const.p._19_2022_01062022.pdf": 2.380727469176005, "c.a._756_2021.pdf": 2.380727469176005, "CAA_25.09.2013.pdf": 9.52290987670402, "crl.p._849_2019.pdf": 14.28436481505603, "const.p._24_to_26_of_2023_04072023.pdf": 2.380727469176005, "I.C.A._7_2018.pdf": 2.380727469176005, "smc.11_2011.pdf": 21.426547222584045, "s.m.c.12_2015.pdf": 2.380727469176005, "C.P._45_2015.pdf": 11.903637345880025, "const.p._21_2022_15092023.pdf": 2.380727469176005, "Crl.O.P.89of2011.pdf": 9.52290987670402, "reference._1_2011_urdu.pdf": 4.76145493835201, "Const.P_3_2014.pdf": 2.380727469176005, "S.M.C._12_2015.pdf": 2.380727469176005, "s.m.c._1_2023_01032023.pdf": 4.76145493835201, "c.p._1882_2016.pdf": 2.380727469176005, "C.A._461_2014.pdf": 2.380727469176005, "c.a._1269_2013.pdf": 2.380727469176005, "S.M.C._18_2016.pdf": 2.380727469176005, "C.A._1084_2008.pdf": 2.380727469176005, "s.m.c._1_2020.pdf": 4.76145493835201, "Crl.O.P._59_2015.pdf": 4.76145493835201, "const.p._17_2019_19062020.pdf": 2.380727469176005, "const.p.1_ 2012_etc.pdf": 9.52290987670402, "c.r.p._218_2013.pdf": 2.380727469176005, "c.u.o._18_2024_dt_21_02_2024.pdf": 2.380727469176005, "CMA No.1674of2013dt-2-4-2013.pdf": 2.380727469176005, "c.p._4540_2021.pdf": 2.380727469176005, "const.p._24_2023_02082023.pdf": 4.76145493835201, "c.p._2482_2020.pdf": 2.380727469176005, "crl.p._1233_2023.pdf": 2.380727469176005, "const.p._9_2023_20042023.pdf": 2.380727469176005, "h.r.c._13316_p_2018.pdf": 2.380727469176005, "crl.p._1001_l_2017.pdf": 21.426547222584045, "const.p._24_2023_21072023.pdf": 2.380727469176005, "const.p.6_2023.pdf": 2.380727469176005, "c.r.p._296_2020_29012022.pdf": 4.76145493835201, "j.p._501_2018.pdf": 2.380727469176005, "const.p._6_2023_08052023.pdf": 2.380727469176005, "c.p._3532_2023.pdf": 7.142182407528015, "c.r.p._296_2020_04022022.pdf": 2.380727469176005, "crl.p._370_2019.pdf": 2.380727469176005, "crl.p._519_2023_11052023.pdf": 2.380727469176005, "c.a._1080_2011.pdf": 2.380727469176005, "c.p._211_q_2017.pdf": 2.380727469176005, "const.p._32_2023_02nov2023.pdf": 2.380727469176005, "Const.P.20to27-39&45.pdf": 11.903637345880025, "c.p._116_2020_16112023.pdf": 2.380727469176005, "const.p._2_2022_14102022.pdf": 2.380727469176005, "Const.P._39_2016.pdf": 2.380727469176005, "c.a._353_2010.pdf": 2.380727469176005, "C.A._308_2008.pdf": 2.380727469176005, "c.p._490_k_2020.pdf": 7.142182407528015, "s.m.c._4_2021_26aug2021.pdf": 2.380727469176005, "C.A._1125_2007.pdf": 2.380727469176005, "c.a._64_2022.pdf": 2.380727469176005, "crl.p._127_q_2021.pdf": 2.380727469176005, "c.a._23_2017.pdf": 2.380727469176005, "c.p._3282_l_2022.pdf": 2.380727469176005, "C.A._1359_2014.pdf": 2.380727469176005, "c.p._397_2022.pdf": 2.380727469176005, "crl.p._209_2018.pdf": 4.76145493835201, "crl.p._167_k_2022.pdf": 2.380727469176005, "crl.o.p.4-k_2023_dt_21_12_2023.pdf": 2.380727469176005, "c.a._441_2021.pdf": 2.380727469176005, "const.p._9_2010.pdf": 2.380727469176005, "c.m.a._4821_2018.pdf": 2.380727469176005, "i.c.a._1_2024_15032024.pdf": 2.380727469176005, "refernece_1_2022.pdf": 2.380727469176005, "const.p._21_2022_29082023.pdf": 2.380727469176005, "j.p._333_2013.pdf": 7.142182407528015, "C.R.P.193of2013.pdf": 2.380727469176005, "c.a._982_2018_19022024.pdf": 2.380727469176005, "c.p._42_2024.pdf": 2.380727469176005, "C.A._03_2018.pdf": 2.380727469176005, "c.a._226_p_2018.pdf": 2.380727469176005, "c.p._3203_2017.pdf": 2.380727469176005, "Crl.A.140of2005.pdf": 7.142182407528015, "c.m.a._7139_2019.pdf": 2.380727469176005, "h.r.c._8157_p_2023.pdf": 2.380727469176005, "c.r.p._266_2019_28oct2023.pdf": 2.380727469176005, "crl.p._263_2023.pdf": 2.380727469176005, "c.r.p._421_2020.pdf": 2.380727469176005, "C.P.756-Lof2013-dt-10-5-2013.pdf": 2.380727469176005, "const.p._24_2023_03082023.pdf": 2.380727469176005, "const.p._17_2019_detailed_reasoning.pdf": 2.380727469176005, "C.A._139_2013.pdf": 2.380727469176005, "c.m.a._677_2020.pdf": 2.380727469176005, "const.p._21_2023_11082023.pdf": 2.380727469176005, "c.p._3795_2021.pdf": 2.380727469176005, "s.m.c._3_2022_06012023.pdf": 2.380727469176005, "c.p._1444_2019.pdf": 2.380727469176005, "c.a._937_2018.pdf": 2.380727469176005, "c.p._1775_2022.pdf": 2.380727469176005, "i.c.a._5_2023.pdf": 2.380727469176005, "c.a._1363_2018.pdf": 4.76145493835201, "crl.p._149_k_2020.pdf": 2.380727469176005, "cas_727-730_777_778_2014_etc.pdf": 4.76145493835201, "C.A._125_K_2016_JPMC_Dissenting_Note.pdf": 2.380727469176005, "c.p._1354_2020.pdf": 2.380727469176005, "c.m.a._2769_2023.pdf": 2.380727469176005, "C.M.A._1656_2015.pdf": 4.76145493835201, "C.A._194_2015.pdf": 2.380727469176005, "c.m.a._4821_2018_14012022.pdf": 2.380727469176005, "C.P._145_2015.pdf": 7.142182407528015, "s.m.c._3_2022_13022023.pdf": 2.380727469176005, "J.P.No.56of2005.pdf": 7.142182407528015, "c.p._4635_2018.pdf": 2.380727469176005, "const.p._24_2023_26062023.pdf": 4.76145493835201, "C.A._167-Q_2005.pdf": 2.380727469176005, "reference._2_2022.pdf": 2.380727469176005, "const.p._5_2023_04022023.pdf": 4.76145493835201, "j.p._255_2017.pdf": 2.380727469176005, "CMA3470of2013_10.07.2013.pdf": 4.76145493835201, "c.m.a._7084_2020.pdf": 2.380727469176005, "const.p._ 22_2022_26072022.pdf": 4.76145493835201, "c.p._5671_2021.pdf": 2.380727469176005, "c.p._3317_2018.pdf": 2.380727469176005, "const.p._5_2023_04apr2023.pdf": 7.142182407528015, "S.M.C._3_2018.pdf": 2.380727469176005, "s.m.c._2_2022_27052022.pdf": 2.380727469176005, "const.p._32_2023_03nov2023.pdf": 2.380727469176005, "Crl.A._35_K_2016.pdf": 2.380727469176005, "C.P._29_2017.pdf": 2.380727469176005, "c.m.a._1243_2021_short_order.pdf": 2.380727469176005, "const.p._6_2023_dt_05_01_2023.pdf": 2.380727469176005, "const.p._34_2022.pdf": 2.380727469176005, "c.a._221_2018.pdf": 2.380727469176005, "c.r.p._296_2020_hj10.pdf": 2.380727469176005, "C.A._1033_2014.pdf": 2.380727469176005, "s.m.c._1_2023_12062023.pdf": 7.142182407528015, "s.m.c._1_2020_08062020.pdf": 2.380727469176005, "c.p._1692_l_2022.pdf": 2.380727469176005, "c.a._1498_2018.pdf": 7.142182407528015, "c.p._42_2024_25012024.pdf": 2.380727469176005, "C.R.P._561_2015.pdf": 14.28436481505603, "c.p._388_p_2016.pdf": 2.380727469176005, "c.p._1017_2021.pdf": 2.380727469176005, "const.p._24_2023_23062023.pdf": 2.380727469176005, "const.p._6_2023_111023.pdf": 2.380727469176005, "c.a._410_2020.pdf": 2.380727469176005, "C.M.A.NO2380OF2013-DT-25.4.2013.pdf": 2.380727469176005, "Const.P.22of2013.pdf": 2.380727469176005, "S.M.C._26_2007_02082018.pdf": 2.380727469176005, "crl.o.p._148_2022_02112022.pdf": 2.380727469176005, "c.a._1113_2017.pdf": 4.76145493835201, "reference_1_2011_06mar2024.pdf": 2.380727469176005, "S.M.C_15_2015.pdf": 2.380727469176005, "c.a._1621_2017.pdf": 4.76145493835201, "ConstitutionPetitionNo39of2009.pdf": 4.76145493835201,