{"aaqil": {"const.p.9_2014_detail_reasons.pdf": 7.1471658027602185, "Const.P.No.33and34of2005-dt-27-6-2013.pdf": 7.1471658027602185}}