{"aarfin": {"c.m.a.4343_2014_etc_with_urdu_translation.pdf": 7.840312983320164}, "aar": {"c.p._1193_2020.pdf": 7.1471658027602185, "c.a._94_2008.pdf": 7.1471658027602185}, "aarif": {"Const.P.12of2010.pdf": 7.840312983320164}, "aarain": {"C.P._78_K_2015.pdf": 15.680625966640328}, "aarifin": {"c.a._42_p_2016.pdf": 7.1471658027602185, "c.a._998_2020.pdf": 7.1471658027602185}, "aara": {"c.a._700_2014.pdf": 7.840312983320164}}