{"aasia": {"c.a._700_2016.pdf": 7.1471658027602185, "Crl.A._210_2015.pdf": 7.1471658027602185}, "aashiq": {"C.A._704_2017.pdf": 13.48340138930411, "crl.p._499_2019.pdf": 13.48340138930411, "c.m.a._8758_2018.pdf": 6.741700694652055}, "aasim": {"crl.p._17_l_2018.pdf": 6.741700694652055, "JR_Detailed_Judgment_in_Referendum_Case.pdf": 6.741700694652055, "JR_Constitution_Petition_No._15_17-24_and_512_of_2002.pdf": 6.741700694652055}, "aasam": {"crl.r.p._52_2019.pdf": 14.294331605520437, "c.a._1772_2008.pdf": 35.735829013801094}, "aasdullah": {"crl.p._324_2020.pdf": 7.840312983320164}, "aasu": {"C.M.A._6250_2018.PDF": 7.840312983320164}, "aashi": {"c.p._152_2022.pdf": 7.840312983320164}, "aasma": {"C.A._204-L_2015.pdf": 14.294331605520437, "Crl.A._148_L_2017.pdf": 7.1471658027602185}}