{"abc": {"CPs.10-18of2011.pdf": 6.454018622200273, "c.p._167_p_2022.pdf": 6.454018622200273, "c.a._1172_2020.pdf": 6.454018622200273, "Const.P.No.33and34of2005-dt-27-6-2013.pdf": 6.454018622200273}}