{"abeyance": {"Const.P.127of2012.pdf": 3.9901653816101055, "ConstitutionPetitionNo21OF2007.pdf": 7.980330763220211, "JR_Judgment_on_Legal_Framework_Order_2002.pdf": 7.980330763220211, "c.r.p._513_2014.pdf": 7.980330763220211, "NRO_Judgment.pdf": 7.980330763220211, "Const.P.12of2010.pdf": 23.940992289660635, "S.J.C_347_2018.PDF": 3.9901653816101055, "C.A._233_2015.pdf": 7.980330763220211, "CPLA_796_2007_ETC_SHORT_ORDER_REKO_DIQ_CASE.pdf": 3.9901653816101055, "C.A._870_2014.pdf": 7.980330763220211, "CP778-779.pdf": 3.9901653816101055, "JR_Judgment_on_17th_Amendmend_and_Presidents_Uniform_Case.pdf": 3.9901653816101055, "crp.328-329_2013.pdf": 39.90165381610105, "C.P._731_K_2018.pdf": 7.980330763220211, "C.R.P._383_2005.pdf": 3.9901653816101055, "c.p._2420_2015.pdf": 3.9901653816101055, "c.p._4540_2021.pdf": 3.9901653816101055, "c.p._3112_2020.pdf": 15.960661526440422, "JR_Detailed_Judgment_in_Graduation_Qualification_Case.pdf": 3.9901653816101055, "JR_Detailed_Judgment_in_Referendum_Case.pdf": 91.77380377703243, "crl.p._146_k_2021.pdf": 3.9901653816101055, "JR_Constitution_Petition_No._15_17-24_and_512_of_2002.pdf": 15.960661526440422, "crl.p._47_p_2017.pdf": 3.9901653816101055, "c.p._2231_2020.pdf": 3.9901653816101055, "c.a._982_2018_19022024.pdf": 7.980330763220211, "s.m.c._4_2021_23082021.pdf": 3.9901653816101055, "CONST.P.9OF2009.pdf": 15.960661526440422, "crl.p._290_2020.pdf": 3.9901653816101055, "c.p._682_l_2017.pdf": 7.980330763220211, "c.a._982_2018_19022024_2.pdf": 3.9901653816101055, "crl.p._527_2017.pdf": 3.9901653816101055, "Crl.A._13_P_2009.pdf": 3.9901653816101055, "Crl.A._37_L_2016.pdf": 3.9901653816101055, "const.p._32_2023_additional_note.pdf": 7.980330763220211, "crl.p._371_2020l.pdf": 3.9901653816101055, "ICA3,4,6TO11of2011dt2011.04.pdf": 55.86231534254148, "Crl.A._298_L_2017.pdf": 3.9901653816101055, "s.m.c._4_2021_26082021.pdf": 3.9901653816101055, "C.P._2812_2017.pdf": 15.960661526440422, "H.R.C._17842_2018.pdf": 3.9901653816101055, "C.P.2255OF2010dt-8-4-2013.pdf": 3.9901653816101055, "c.p._3797_2020.pdf": 3.9901653816101055, "c.p._467_ 2021.pdf": 3.9901653816101055, "Crl.A._7_P_2014.pdf": 3.9901653816101055, "CJD_Pakistan_Steel_Mills_Case.pdf": 7.980330763220211, "C.P.2255-2010-03.07.2013.pdf": 7.980330763220211, "C.A.1122of2011.pdf": 3.9901653816101055}, "aberrant": {"C.R.P._297_2017_Reserved.pdf": 6.454018622200273, "Const.P.31of2011etc.pdf": 6.454018622200273, "Const.P._29_2016_28072016.pdf": 6.454018622200273, "Const.P._29_2016.pdf": 6.454018622200273}, "abetment": {"crl.a._400_2019.pdf": 4.256794044864054, "crl.p._632_2021.pdf": 4.256794044864054, "smc.18_2010_final.pdf": 25.540764269184322, "crl.a._599_2020_26032021.pdf": 12.770382134592161, "C.A._870_2014.pdf": 4.256794044864054, "crl.a._95_2019.pdf": 17.027176179456216, "crp.328-329_2013.pdf": 4.256794044864054, "Crl.P.163_to_171_S.M.C.5_2005.pdf": 4.256794044864054, "crl.p._801_l_2020.pdf": 4.256794044864054, "crl.p._1267_2022.pdf": 8.513588089728108, "c.a._18_k_2021.pdf": 25.540764269184322, "crl.p._1710_l_2017.pdf": 4.256794044864054, "const.p._17_2020_dissenting_note_hj11.pdf": 4.256794044864054, "j.p._333_2013.pdf": 4.256794044864054, "crl.p._1802_l_2017.pdf": 12.770382134592161, "Crl.A.140of2005.pdf": 4.256794044864054, "S.M.C._03_2017.pdf": 4.256794044864054, "Const.P.46and47of2010.pdf": 8.513588089728108, "const.p._17_2019_detailed_reasoning.pdf": 8.513588089728108, "crl.p._982_l_2022.pdf": 8.513588089728108, "crl.p._126_p_2011.pdf": 4.256794044864054, "c.p._1125_2018.pdf": 4.256794044864054, "c.p._1257_2020.pdf": 8.513588089728108, "C.P._842_2016.pdf": 12.770382134592161, "crl.a._560_2020.pdf": 4.256794044864054, "Crl.P._488_2015.pdf": 17.027176179456216, "j.p._553_2017.pdf": 4.256794044864054, "crl.a._437_2020.pdf": 4.256794044864054, "Crl.A._298_L_2017.pdf": 4.256794044864054, "C.A._1050_2009.pdf": 8.513588089728108, "Crl.A._135_2013.pdf": 4.256794044864054, "s.m.c._4_2021.pdf": 4.256794044864054, "crl.a_310_2006_12.03.2014.pdf": 4.256794044864054, "C.P.2255-2010-03.07.2013.pdf": 4.256794044864054, "crl.a._363_2021.pdf": 12.770382134592161, "crl.a._39_k_2022.pdf": 59.595116628096754}, "abet": {"c.p._3637_2019.pdf": 4.202726823593778, "c.p._1628_2020.pdf": 8.405453647187556, "Crl.O.P_57_2015.pdf": 8.405453647187556, "NRO_Judgment.pdf": 4.202726823593778, "Const.P.12of2010.pdf": 21.01363411796889, "Const.P._29_2016.pdf": 4.202726823593778, "smc.18_2010_final.pdf": 16.810907294375113, "crl.a._599_2020_26032021.pdf": 16.810907294375113, "H.R.C.19of1996[AsgharKhanCase]DetailedReasonsUrduTranslation.pdf": 4.202726823593778, "H.R.C.19of1996[AsgharKhanCase]DetailedReasons.pdf": 4.202726823593778, "C.P._2280_2015.pdf": 4.202726823593778, "ca.1038_2000.pdf": 4.202726823593778, "crp.328-329_2013.pdf": 8.405453647187556, "Crl.P.163_to_171_S.M.C.5_2005.pdf": 8.405453647187556, "const.p._14_2023.pdf": 4.202726823593778, "crl.p._1271_2019.pdf": 4.202726823593778, "crl.p._435_2021.pdf": 4.202726823593778, "c.m.a._7084_2020_opinion_hj_5.pdf": 4.202726823593778, "crl.p._461_2023.pdf": 4.202726823593778, "c.a._18_k_2021.pdf": 4.202726823593778, "C.M.A._3325_2012_OrderDated_21-8-15.pdf": 4.202726823593778, "crl.a_01_l_2015.pdf": 4.202726823593778, "crl.p._1276_2023.pdf": 4.202726823593778, "c.p.1603_2012.pdf": 4.202726823593778, "Crl.A.140of2005.pdf": 50.43272188312534, "Const.P.46and47of2010.pdf": 4.202726823593778, "const.p._17_2019_detailed_reasoning.pdf": 8.405453647187556, "c.p._1125_2018.pdf": 4.202726823593778, "crl.p._994_2020.pdf": 4.202726823593778, "C.P._842_2016.pdf": 12.608180470781335, "Crl.P._488_2015.pdf": 4.202726823593778, "crl.p._225_2023.pdf": 4.202726823593778, "crl.a._48_2021.pdf": 4.202726823593778, "crl.p._13_k_2023.pdf": 4.202726823593778, "crl.p._742_l_2019.pdf": 4.202726823593778, "C.A._118_2016.pdf": 8.405453647187556, "crl.a._39_k_2022.pdf": 25.21636094156267, "crl.p._1672_l_2019.pdf": 4.202726823593778}, "aberdare": {"NRO_Judgment.pdf": 7.840312983320164}, "abettor": {"Const.P.12of2010.pdf": 16.06621900059649, "crl.p._801_l_2020.pdf": 21.421625334128656, "crl.p._606_2020.pdf": 5.355406333532164, "crl.p._1001_l_2017.pdf": 10.710812667064328, "const.p._17_2019_detailed_reasoning.pdf": 5.355406333532164, "Crl.M.A._200_2019.pdf": 5.355406333532164, "c.p._1257_2020.pdf": 5.355406333532164, "Crl.A._76_L_2017.pdf": 5.355406333532164, "j.p._302_2017.pdf": 10.710812667064328, "crl.p._549_2020.pdf": 16.06621900059649, "C.A._118_2016.pdf": 21.421625334128656, "crl.a._39_k_2022.pdf": 32.13243800119298}, "aberration": {"Const.P.12of2010.pdf": 6.741700694652055, "JR_Detailed_Judgment_in_Referendum_Case.pdf": 6.741700694652055, "C.A._1242_2013.pdf": 13.48340138930411}, "abege": {"Const.P._29_2016.pdf": 7.840312983320164}, "abedin": {"Const.P._29_2016.pdf": 7.1471658027602185, "H.R.C.19of1996[AsgharKhanCase]DetailedReasonsUrduTranslation.pdf": 7.1471658027602185}, "abeg": {"S.J.C_347_2018.PDF": 6.741700694652055, "Crl.A._254_2014.pdf": 6.741700694652055, "crl.a.19of2012.pdf": 6.741700694652055}, "abe": {"c.a._908_2015.pdf": 7.840312983320164}, "aberdeen": {"C.A.39_2010.pdf": 7.840312983320164}, "abeer": {"c.a._1286_2018.pdf": 7.840312983320164}}