{"abjure": {"Order-DNC-nd-note.pdf": 20.225102083956166, "Const.P.5of2012dt.25.5.2012.pdf": 13.48340138930411, "S.M.C._3_2018.pdf": 6.741700694652055}, "abject": {"Const.P.12of2010.pdf": 5.643088405983945, "SMC16of2011_detailed_judgment.pdf": 5.643088405983945, "crl.p._624_2021.pdf": 5.643088405983945, "C.P._2537_2016.pdf": 5.643088405983945, "c.a._1476_2018.pdf": 5.643088405983945, "cma_908_2014_22.04.2014.pdf": 5.643088405983945, "Crl.A._617_2017.pdf": 5.643088405983945, "c.p._659_2019.pdf": 5.643088405983945, "crl.a.264_2006.pdf": 5.643088405983945}, "abjectly": {"hrc_20107-G_2013.pdf": 7.840312983320164}}