{"abnormality": {"ConstitutionPetitionNo21OF2007.pdf": 5.8944028342648505, "C.R.P._383_2005.pdf": 5.8944028342648505, "C.A._2564_2001.pdf": 5.8944028342648505, "crl.m.a._365_l_2020.pdf": 5.8944028342648505, "c.r.p._420_2016.pdf": 17.68320850279455, "crl.p._601_l_2021.pdf": 5.8944028342648505, "c.r.p._266_2019_01112023.pdf": 11.788805668529701}, "abnormal": {"C.M.A._3854_2014_dt_17-04-2015.pdf": 4.704818767391014, "Const.P.12of2010.pdf": 4.704818767391014, "Const.P.33_2013.pdf": 4.704818767391014, "Const.P.77of2012[DetailedOrderFinal].pdf": 4.704818767391014, "C.A._861_2007.pdf": 4.704818767391014, "SMC16of2011_detailed_judgment.pdf": 4.704818767391014, "I.C.A._7_2018.pdf": 4.704818767391014, "crl.p._596_l_2022.pdf": 4.704818767391014, "Crl.A._465_2015.pdf": 4.704818767391014, "crl.p._54_p_2012.pdf": 9.409637534782028, "crl.s.a.07_2011.pdf": 4.704818767391014, "c.p._1972_l_2017.pdf": 4.704818767391014, "c.a._931_2020.pdf": 4.704818767391014, "S.M.C._3_2018.pdf": 4.704818767391014, "Const.P.91of2011Dt-23-8-2012.pdf": 4.704818767391014, "c.p._280_k_2019.pdf": 4.704818767391014, "c.p._1896_l_2020.pdf": 4.704818767391014, "c.p._389_2022.pdf": 4.704818767391014, "Crl.A._176_2012.pdf": 4.704818767391014, "Crl.A._218_2015.pdf": 4.704818767391014, "c.p._140_l_2015.pdf": 4.704818767391014, "C.A._539_2003.pdf": 4.704818767391014, "C.M.A._8215_2016.pdf": 4.704818767391014}, "abn": {"C.P.796of2007-dt-10-5-2013.pdf": 6.741700694652055, "c.a._1113_2017.pdf": 6.741700694652055, "C.P.796of2007.pdf": 13.48340138930411}, "abnoxious": {"crp.328-329_2013.pdf": 7.840312983320164}, "abnormally": {"C.R.P._383_2005.pdf": 6.741700694652055, "c.a._21_2021.pdf": 6.741700694652055, "c.r.p._420_2016.pdf": 20.225102083956166}}