{"abwa": {"c.m.a._5777_2021.pdf": 15.680625966640328}, "abwab": {"const.p.6_2023.pdf": 7.840312983320164}}