{"abysmal": {"c.m.a.4343_2014_etc_with_urdu_translation.pdf": 5.8944028342648505, "Const.PetitionNo.77of2010_12.10.2012.pdf": 5.8944028342648505, "Crl.A._52_P_2009.pdf": 5.8944028342648505, "c.p._2832_2018.pdf": 5.8944028342648505, "s.m.c._4_2021.pdf": 5.8944028342648505, "crl.p._18_2019.pdf": 5.8944028342648505, "crl.m.a._1566_2016.pdf": 5.8944028342648505}, "abyss": {"Const.P.12of2010.pdf": 21.441497408280654, "const.p._17_2020_dissenting_note_hj11.pdf": 7.1471658027602185}, "abysmally": {"const.p.42of2011.pdf": 6.230875070886063, "c.p._2243_l_2019.pdf": 6.230875070886063, "c.r.p._292_2021_detailed.pdf": 6.230875070886063, "c.a._171_2019.pdf": 6.230875070886063, "c.a._491_2012.pdf": 6.230875070886063}, "abyana": {"Const.P.NO.62OF2010_orderdt06062011.pdf": 7.840312983320164}}