{"ac": {"Const.P.127of2012.pdf": 10.300781208167733, "S.M.C._28_2018.pdf": 3.433593736055911, "C.R.P._49_2016.pdf": 6.867187472111822, "C.M.A._3854_2014_dt_17-04-2015.pdf": 3.433593736055911, "C.A._634_L_2012.pdf": 3.433593736055911, "Const.P._38_2016.pdf": 6.867187472111822, "NRO_Judgment.pdf": 13.734374944223644, "Const.P._29_2016.pdf": 10.300781208167733, "Const.P.77of2012[DetailedOrderFinal].pdf": 6.867187472111822, "Const.P._36_2016_dt_15_12_2017.pdf": 20.601562416335465, "S.J.C_347_2018.PDF": 3.433593736055911, "S.M.C.18OF2010.pdf": 3.433593736055911, "s.m.c._1_2022_detailed.pdf": 10.300781208167733, "c.a._371_2020.pdf": 3.433593736055911, "HRC7734-G_1003-GOF2009[UrduTranslation].pdf": 3.433593736055911, "H.R.C.19of1996[AsgharKhanCase]DetailedReasons.pdf": 3.433593736055911, "C.P.796of2007-dt-10-5-2013.pdf": 10.300781208167733, "CJD_Reference by_the_President_of_Pakistan_under_Article_186.pdf": 10.300781208167733, "Crl.O.P.89of2011.pdf": 3.433593736055911, "Const.P.5of2013.pdf": 6.867187472111822, "HRC7734-G_1003-GOF2009[AllegedCorruptionInRentalPowerPlants].pdf": 3.433593736055911, "Supreme_Judicial_Council_242_2015.pdf": 3.433593736055911, "c.p._5877_2021.pdf": 3.433593736055911, "c.r.p._296_2020_29012022.pdf": 6.867187472111822, "c.r.p._296_2020_04022022.pdf": 10.300781208167733, "JR_Detailed_Judgment_in_Referendum_Case.pdf": 3.433593736055911, "const.p._6_2023_07032024.pdf": 3.433593736055911, "const.p._2_2022_14102022.pdf": 6.867187472111822, "crl.p._299_2020_07042020.pdf": 3.433593736055911, "Crl.M.A_183_2019.pdf": 3.433593736055911, "const.p._17_2020_dissenting_note_hj11.pdf": 6.867187472111822, "c.a.32_k_2018.pdf": 3.433593736055911, "s.m.c._1_2020_20042020.pdf": 3.433593736055911, "c.p._3121_2021.pdf": 3.433593736055911, "C.A._2564_2001.pdf": 3.433593736055911, "c.a._1172_2020.pdf": 3.433593736055911, "S.M.C._03_2017.pdf": 10.300781208167733, "c.p._479_k_2020.pdf": 3.433593736055911, "const.p._17_2019_detailed_reasoning.pdf": 10.300781208167733, "const.p._21_2022_30102023.pdf": 10.300781208167733, "const.p._21_2023_11082023.pdf": 3.433593736055911, "s.m.c._1_2023_27032023.pdf": 3.433593736055911, "c.a._914_l_2013.pdf": 6.867187472111822, "H.R.C._4729_2011.pdf": 3.433593736055911, "c.a._547_2012.pdf": 13.734374944223644, "c.p._414_2021.pdf": 6.867187472111822, "Const.P._29_2017.pdf": 6.867187472111822, "c.a._1476_2018.pdf": 3.433593736055911, "c.a._ 870_2020.pdf": 3.433593736055911, "c.p._2608_2019.pdf": 3.433593736055911, "const.p._5_2023_14042023.pdf": 3.433593736055911, "C.A._767_2014.pdf": 10.300781208167733, "c.a._1113_2017_dissenting_note.pdf": 3.433593736055911, "c.p._611_l_2018.pdf": 54.937499776894576, "reference_1_2020.pdf": 3.433593736055911, "crl.a._120_2019.pdf": 6.867187472111822, "C.P._1707_2018.pdf": 6.867187472111822, "CMA2745of2009etc.pdf": 17.167968680279554, "c.r.p._526_2020.pdf": 3.433593736055911, "c.a._1521_2018.pdf": 3.433593736055911, "const.p._32_2023_additional_note.pdf": 6.867187472111822, "c.p._1920_2022.pdf": 3.433593736055911, "c.a._1113_2017.pdf": 3.433593736055911, "c.p._2913_2021.pdf": 6.867187472111822, "s.m.c._4_2021_26082021.pdf": 10.300781208167733, "SMCNo25of2009.pdf": 3.433593736055911, "c.m.a._3932_2023.pdf": 3.433593736055911, "H.R.C._20171_B_2018.pdf": 3.433593736055911, "c.a._284_2017.pdf": 6.867187472111822, "C.A.876-879of2005.pdf": 3.433593736055911, "c.p.1795_2022.pdf": 6.867187472111822, "c.a._722_2012.pdf": 3.433593736055911, "c.m.a._1243_2021_04042022.pdf": 13.734374944223644, "C.P._661_K_2015.pdf": 3.433593736055911, "Crl.P._100_2017.pdf": 6.867187472111822, "H.R.C._3654_2018.pdf": 3.433593736055911, "c.p._3750_2020.pdf": 3.433593736055911, "CJD_Pakistan_Steel_Mills_Case.pdf": 3.433593736055911, "S.M.C._7_2017_06022019.pdf": 6.867187472111822, "JR_Fecto_Belarus_Tractor_Limited_Case.pdf": 3.433593736055911, "c.a._404_2014.pdf": 3.433593736055911, "c.p._3718_2023.pdf": 6.867187472111822}}