{"acid": {"C.A.669-L_2013.pdf": 5.275363625858628, "crl.p._1121_2023.pdf": 5.275363625858628, "crl.a._416_2020.pdf": 10.550727251717255, "crl.a._177_2022.pdf": 5.275363625858628, "c.p._55_2020.pdf": 5.275363625858628, "crl.p._513_2020.pdf": 5.275363625858628, "crl.p._733_l_2018.pdf": 5.275363625858628, "c.p._2608_2019.pdf": 5.275363625858628, "C.P._4876_2018.pdf": 5.275363625858628, "j.p._657_2016.pdf": 5.275363625858628, "c.a._1089_2015.pdf": 5.275363625858628, "j.p._351_2017.pdf": 10.550727251717255, "Const.P.5and15-HRC14144-DetailedReasons.pdf": 5.275363625858628}, "acir": {"c.p._398_l_2018.pdf": 15.680625966640328}, "acidification": {"const.p._42_2022_07032024.pdf": 7.840312983320164}}