{"acj": {"H.R.C._14158_G_2016_dt_12_08_2016.pdf": 5.132262782217954, "s.m.c._4_2021_26aug2021.pdf": 10.264525564435909, "crl.p._1276_2023.pdf": 10.264525564435909, "I.C.A._01_2007.pdf": 5.132262782217954, "c.a._1314_2014.pdf": 5.132262782217954, "constp.p._47_2023.pdf": 5.132262782217954, "crl.p_1124_l_2015.pdf": 5.132262782217954, "Crl.P._32_2017.pdf": 10.264525564435909, "c.p._4305_2023.pdf": 5.132262782217954, "JR_The_State_through_NAB_VS_Haji_Nasim-ur-Rehman.pdf": 25.66131391108977, "crl.p._138_q_2020.pdf": 10.264525564435909, "Crl.P._533_2019.pdf": 5.132262782217954, "H.R.C._10842_P_2018.pdf": 15.396788346653864, "C.A._510_2012.pdf": 5.132262782217954, "c.a._1005_2009.pdf": 5.132262782217954}, "acjp": {"ConstitutionPetitionNo21OF2007.pdf": 31.361251933280656}}