{"acompli": {"j.p._40_2017.pdf": 7.840312983320164}, "aconstitutional": {"c.p._479_k_2020.pdf": 7.840312983320164}, "acoustical": {"C.M.A._8215_2016.pdf": 15.680625966640328}}