{"acuman": {"CPs.10-18of2011.pdf": 45.60951834972345, "S.M.C._28_2018.pdf": 5.067724261080383, "Const.P.12of2010.pdf": 25.338621305401915, "Const.P._29_2016.pdf": 5.067724261080383, "c.p._2_2022_dissenting_note2.pdf": 5.067724261080383, "c.a._446_2021.pdf": 5.067724261080383, "c.p._1874_2022.pdf": 5.067724261080383, "const.p.9_2014_detail_reasons.pdf": 5.067724261080383, "C.A._1563_2014.pdf": 5.067724261080383, "c.a._982_2018_19022024.pdf": 5.067724261080383, "h.r.c_11827_s_2018.pdf": 10.135448522160766, "c.p._2314_2022_dn.pdf": 20.270897044321533, "c.p._1496_k_2021.pdf": 5.067724261080383, "C.P._2515_2015.pdf": 5.067724261080383, "c.p._2314_2022.pdf": 45.60951834972345, "c.r.p._432_k_2022.pdf": 5.067724261080383}, "acutely": {"Const.P._50_2018.pdf": 5.537727890326118, "Const.P.12of2010.pdf": 5.537727890326118, "c.m.a._7084_2020_opinion_hj_5.pdf": 5.537727890326118, "const.p._2_2022_14102022.pdf": 5.537727890326118, "c.p._479_k_2020.pdf": 5.537727890326118, "c.m.a._7084_2020.pdf": 5.537727890326118, "c.p._1077_2018.pdf": 5.537727890326118, "c.p._2997_2021.pdf": 5.537727890326118, "s.m.c._1_2023_12062023.pdf": 5.537727890326118, "const.p._6_2023_addl_n.pdf": 5.537727890326118}, "acute": {"Const.P.12of2010.pdf": 13.746649335896047, "smc.18_2010_final.pdf": 9.164432890597364, "c.a.149-150_2010.pdf": 4.582216445298682, "SMC16of2011_detailed_judgment.pdf": 4.582216445298682, "HRC7734-G_1003-GOF2009[UrduTranslation].pdf": 4.582216445298682, "smc.11_2011.pdf": 4.582216445298682, "Const.P_3_2014.pdf": 4.582216445298682, "HRC7734-G_1003-GOF2009[AllegedCorruptionInRentalPowerPlants].pdf": 9.164432890597364, "C.M.A._3221_2012.pdf": 13.746649335896047, "const.p.1_ 2012_etc.pdf": 13.746649335896047, "Const.P.77of2010_dt_27-8-2013.pdf": 4.582216445298682, "c.a._307_2017.pdf": 4.582216445298682, "JR_Detailed_Judgment_in_Graduation_Qualification_Case.pdf": 4.582216445298682, "const.p._2_2022_14102022.pdf": 4.582216445298682, "c.p._1290_l_2019.pdf": 4.582216445298682, "Crl.P.200of2009.pdf": 13.746649335896047, "C.A.800Lof2013etc.pdf": 9.164432890597364, "c.a._1113_2017_dissenting_note.pdf": 4.582216445298682, "c.r.p._420_2016.pdf": 4.582216445298682, "c.a._1113_2017.pdf": 4.582216445298682, "c.m.a._1243_2021.pdf": 4.582216445298682, "SMCNo25of2009.pdf": 4.582216445298682, "c.p._342_k_2020.pdf": 4.582216445298682, "C.R.P._309_2013.pdf": 4.582216445298682, "Const.P.57 _2016.pdf": 9.164432890597364, "C.M.A._8215_2016.pdf": 4.582216445298682}, "acuteness": {"c.p._3059_2021.pdf": 7.1471658027602185, "c.p._3122_2020.pdf": 7.1471658027602185}, "acuse": {"crl.m.a._1581_2021.pdf": 7.840312983320164}, "acuity": {"c.p._1496_k_2021.pdf": 7.1471658027602185, "c.a._512_2021.pdf": 7.1471658027602185}}