{"adc": {"ConstitutionPetitionNo21OF2007.pdf": 5.643088405983945, "C.M.A._3854_2014_dt_17-04-2015.pdf": 11.28617681196789, "c.p._419_2019.pdf": 33.85853043590367, "c.p._446_l_2019.pdf": 5.643088405983945, "Crl.P.200of2009.pdf": 16.929265217951833, "C.M.A._3854_2014_dt_31-3-2015.pdf": 5.643088405983945, "H.R.C._20171_B_2018.pdf": 11.28617681196789, "c.p._2717_l_2015.pdf": 5.643088405983945, "s.m.c._01_2020_18052020.pdf": 11.28617681196789}}