{"adg": {"SMC15OF2009.pdf": 5.537727890326118, "S.M.C.18OF2010.pdf": 27.68863945163059, "smc.24_2010.pdf": 5.537727890326118, "const.p._5_2023_04022023.pdf": 5.537727890326118, "const.p._5_2023_14042023.pdf": 5.537727890326118, "c.p._4365_2023_15122023.pdf": 5.537727890326118, "c.p._4305_2023.pdf": 5.537727890326118, "SMC24-2010.pdf": 5.537727890326118, "H.R.C.39216_G_2018.pdf": 5.537727890326118, "c.p._181_2024_n.pdf": 5.537727890326118}}