{"adil": {"ConstitutionPetitionNo21OF2007.pdf": 3.6971782569286313, "C.R.P._49_2016.pdf": 3.6971782569286313, "H.R.C._18877_2018_03072019.pdf": 3.6971782569286313, "SMC15OF2009.pdf": 3.6971782569286313, "Const.P.12of2010.pdf": 3.6971782569286313, "smc.18_2010_final.pdf": 14.788713027714525, "c.p._2243_l_2019.pdf": 3.6971782569286313, "crl.a._599_2020_26032021.pdf": 88.73227816628716, "c.p._3236_2019.pdf": 3.6971782569286313, "c.p._1517_2022.pdf": 3.6971782569286313, "c.a._797_2017.pdf": 3.6971782569286313, "const.p._9_2010_27122021.pdf": 3.6971782569286313, "j.p._14_2016.pdf": 7.394356513857263, "C.A._353_2015.pdf": 3.6971782569286313, "C.R.P._383_2005.pdf": 3.6971782569286313, "j.p._210_2018.pdf": 7.394356513857263, "S.M.C._13_2016_dt_31-03-2017.pdf": 3.6971782569286313, "h.r.c._13316_p_2018.pdf": 3.6971782569286313, "C.A._185_2015.pdf": 3.6971782569286313, "C.A._394_2014.pdf": 3.6971782569286313, "c.p._490_k_2020.pdf": 3.6971782569286313, "Crl.M.A_183_2019.pdf": 25.88024779850042, "crl.p._797_l_2021.pdf": 3.6971782569286313, "crl.a._106_2020.pdf": 18.485891284643156, "c.a._444_2017.pdf": 3.6971782569286313, "const.p._9_2010.pdf": 3.6971782569286313, "crl.p._105_k_2020.pdf": 66.54920862471536, "c.p._5178_2021.pdf": 3.6971782569286313, "c.a._1172_2020.pdf": 7.394356513857263, "C.A._1419_2009.pdf": 7.394356513857263, "const.p._17_2019_detailed_reasoning.pdf": 11.091534770785895, "j.p._345_2017.pdf": 22.18306954157179, "h.r.c._318_1993.pdf": 3.6971782569286313, "Crl.A._195_L_2017.pdf": 7.394356513857263, "H.R.C._18877_2018.pdf": 3.6971782569286313, "C.P._80-Q_2010.pdf": 7.394356513857263, "smc.16of2011.pdf": 3.6971782569286313, "c.a._1653_2021.pdf": 3.6971782569286313, "c.a._550_2020.pdf": 3.6971782569286313, "const.p.105-12_hamid_mir_case_20-12-12.pdf": 3.6971782569286313, "I.C.A._4_2017.pdf": 3.6971782569286313, "c.a._2084_2016.pdf": 3.6971782569286313, "crl.a._599_2020.pdf": 7.394356513857263, "c.a._1113_2017.pdf": 3.6971782569286313, "S.M.C_15_2015.pdf": 3.6971782569286313, "crl.p._371_2020l.pdf": 3.6971782569286313, "crl.p._1251_2022.pdf": 3.6971782569286313, "ICA3,4,6TO11of2011dt2011.04.pdf": 3.6971782569286313, "Const.PetitionNo.30of2013-dt-4-6-2013.pdf": 7.394356513857263, "s.m.c._3_2022_13062023.pdf": 3.6971782569286313, "C.A._134-P_2013.pdf": 3.6971782569286313, "crl.p._543_2020.pdf": 3.6971782569286313, "c.p._389_2022.pdf": 3.6971782569286313, "s.m.c._1_2020_25062020.pdf": 3.6971782569286313, "C.M.A_687_2017.pdf": 3.6971782569286313, "CMA.3393-2013_03.07.2013.pdf": 3.6971782569286313, "c.a._506_2011.pdf": 3.6971782569286313, "Crl.P._751_2017.pdf": 3.6971782569286313, "CJD_Section 2-A_Case_as_on_26_06_2006.pdf": 7.394356513857263, "crl.p._419_2020.pdf": 3.6971782569286313, "HR8340OF2010.pdf": 3.6971782569286313, "JR_Fecto_Belarus_Tractor_Limited_Case.pdf": 3.6971782569286313, "c.a._17_2020.pdf": 3.6971782569286313}, "adipocered": {"crl.a._599_2020_26032021.pdf": 7.840312983320164}, "adi": {"CPLA_796_2007_ETC_SHORT_ORDER_REKO_DIQ_CASE.pdf": 7.840312983320164}, "adian": {"c.a._371_2020.pdf": 7.840312983320164}, "adiyat": {"c.a._108_2015.pdf": 7.840312983320164}, "adiala": {"Const.P.1of2012Dt-10.02.2012[ProductionOfDetenus].pdf": 6.454018622200273, "crl.a._120_2019.pdf": 12.908037244400546, "Crl.P.170of2013-dt-5-6-2013.pdf": 6.454018622200273, "c.a._2015_2022.pdf": 6.454018622200273}, "adig": {"smc.16of2011.pdf": 7.840312983320164}, "adila": {"Const.P.22of2013.pdf": 7.840312983320164}, "adilpur": {"crl.p._52_k_2023.pdf": 7.840312983320164}}