{"adk": {"c.a._95_p_2014.pdf": 7.1471658027602185, "c.p._264_p_2010.pdf": 7.1471658027602185}, "adkin": {"CPs987-989OF2011-DT19.10.2011.pdf": 23.52093894996049}}