{"adpga": {"C.M.A.No.3685of2012-dt-17-1-2013.pdf": 12.908037244400546, "SMC_24_2010_DT_01_03.pdf": 6.454018622200273, "CMAs Nos.3685-3686of2012.pdf": 6.454018622200273, "S.M.C.No18of2010.pdf": 6.454018622200273}, "adpg": {"NRO_Judgment.pdf": 6.230875070886063, "smc.24_2010.pdf": 6.230875070886063, "C.R.P.167of2012-dt-30-8-2012.pdf": 6.230875070886063, "Const.P.20to27-39&45.pdf": 6.230875070886063, "CMAs Nos.3685-3686of2012.pdf": 6.230875070886063}, "adpi": {"Const.P.33_2013.pdf": 31.361251933280656}, "adp": {"Const.P.46of2013-dt-27-12-2013.pdf": 15.680625966640328}, "adps": {"const.p._24_2017.pdf": 7.840312983320164}, "adpp": {"crl.p._540_2020.pdf": 7.1471658027602185, "crl.p._1371_2016.pdf": 7.1471658027602185}}