{"aed": {"C.R.P._297_2017_Reserved.pdf": 5.8944028342648505, "Const.P._29_2016_28072016.pdf": 11.788805668529701, "Const.P._29_2016.pdf": 88.41604251397276, "smc.18_2010_final.pdf": 23.577611337059402, "S.M.C.18OF2010.pdf": 5.8944028342648505, "C.P._1616_2018.pdf": 58.94402834264851, "C.M.A.5216OF2012.pdf": 5.8944028342648505}, "aedb": {"C.R.P._125_2014.pdf": 6.230875070886063, "C.R.P.193of2013.pdf": 6.230875070886063, "hrc.14392of2013-01.07.2013.pdf": 6.230875070886063, "H.R.C.No.14392of2013andH.R.C.No.790-Gof2009.pdf": 6.230875070886063, "hrc.14392_2013.pdf": 6.230875070886063}}