{"aee": {"C.R.P._125_2014.pdf": 42.88299481656131, "C.R.P.193of2013.pdf": 42.88299481656131}}