{"aegis": {"Const.P.12of2010.pdf": 10.550727251717255, "C.A._104-L_2015.pdf": 5.275363625858628, "Const.P._29_2016.pdf": 5.275363625858628, "JR_Judgment_on_17th_Amendmend_and_Presidents_Uniform_Case.pdf": 5.275363625858628, "S.M.C._18_2016.pdf": 5.275363625858628, "CMA.3470of2013etc.pdf": 5.275363625858628, "const.p._24_2023_f.pdf": 5.275363625858628, "C.R.P._561_2015.pdf": 5.275363625858628, "C.A._843_2012.pdf": 5.275363625858628, "c.p._258_2017.pdf": 5.275363625858628, "C.A._588_2017.pdf": 10.550727251717255, "C.A._700_2017.pdf": 5.275363625858628, "Const.P.5and15-HRC14144-DetailedReasons.pdf": 10.550727251717255}}