{"aeo": {"c.a._414_2021.pdf": 33.70850347326027, "C.A._588_2017.pdf": 26.96680277860822, "C.P._2411_2014.pdf": 6.741700694652055}, "aeoi": {"const.p._17_2020_dissenting_note_hj4.pdf": 7.840312983320164}}