{"aerial": {"Crl.A._24_2010.pdf": 15.20317278324115, "Crl.P._9-P_2016.pdf": 5.067724261080383, "Const.P.NO.62OF2010_orderdt06062011.pdf": 10.135448522160766, "SMC16of2011_detailed_judgment.pdf": 10.135448522160766, "crl.a._95_2019.pdf": 5.067724261080383, "crl.p._1485_l_2019.pdf": 5.067724261080383, "C.A._424_2015.pdf": 10.135448522160766, "c.p._2338_l_2017.pdf": 5.067724261080383, "c.a._166_2021.pdf": 5.067724261080383, "C.A._69_2015.pdf": 5.067724261080383, "smc.16of2011.pdf": 5.067724261080383, "Crl.A._106_L_2017.pdf": 5.067724261080383, "j.p._553_2017.pdf": 5.067724261080383, "SMC16-2011_ord_dt_30-8-13.pdf": 5.067724261080383, "j.p._300_2022.pdf": 5.067724261080383, "c.p._3750_2020.pdf": 5.067724261080383}, "aeroplane": {"Const.P.127of2012.pdf": 11.28617681196789, "ConstitutionPetitionNo21OF2007.pdf": 28.215442029919725, "Const.P._29_2016.pdf": 5.643088405983945, "CP778-779.pdf": 5.643088405983945, "s.m.c._1_2020.pdf": 11.28617681196789, "s.m.c._1_2020_19052020.pdf": 16.929265217951833, "s.m.c._1_2020_08062020.pdf": 56.43088405983945, "CMA2745of2009etc.pdf": 5.643088405983945, "c.p._2270_2023.pdf": 5.643088405983945}, "aer": {"ConstitutionPetitionNo21OF2007.pdf": 5.132262782217954, "Const.P.12of2010.pdf": 5.132262782217954, "Const.P._97_2014.pdf": 5.132262782217954, "C.A._1406_2016.pdf": 5.132262782217954, "j.p._496_2019.pdf": 5.132262782217954, "c.a._2092_2019.pdf": 5.132262782217954, "C.A._767_2014.pdf": 5.132262782217954, "Crl.A._274_2006.pdf": 5.132262782217954, "crl.a._190_2020.pdf": 5.132262782217954, "C.P._3186_2017.pdf": 5.132262782217954, "crl.p._601_l_2021.pdf": 5.132262782217954, "c.p._715_2018.pdf": 5.132262782217954, "c.a._24_k_2019.pdf": 5.132262782217954, "j.p._516_2018_detailed.pdf": 5.132262782217954, "const.p._10_2019.pdf": 15.396788346653864}, "aerolube": {"c.p._620_2021.pdf": 7.840312983320164}, "aerodrome": {"Const.P._50_2018.pdf": 13.48340138930411, "C.P._78_K_2015.pdf": 6.741700694652055, "C.A._767_2014.pdf": 40.45020416791233}, "aeronautical": {"Const.P.33_2013.pdf": 6.230875070886063, "C.P._78_K_2015.pdf": 6.230875070886063, "c.p._657_2020.pdf": 37.38525042531638, "C.A._767_2014.pdf": 6.230875070886063, "c.p._4725_2018.pdf": 37.38525042531638}, "aeroflot": {"c.a._315_2022.pdf": 6.230875070886063, "c.p._3059_2021.pdf": 6.230875070886063, "c.p._3767_2023.pdf": 6.230875070886063, "c.a._822_2014.pdf": 6.230875070886063, "C.A._539_2003.pdf": 6.230875070886063}, "aerobic": {"HRC-4668of2006.pdf": 7.840312983320164}, "aerate": {"C.P._1195_2019.pdf": 13.48340138930411, "C.A._116_K_2016.pdf": 6.741700694652055, "c.p._2270_2023.pdf": 6.741700694652055}, "aero": {"h.r.c_11827_s_2018.pdf": 14.294331605520437, "C.A.876-879of2005.pdf": 7.1471658027602185}, "aerobridge": {"C.A._767_2014.pdf": 7.840312983320164}}