{"afaq": {"S.M.C.16of2011dt.4.4.2013.pdf": 5.537727890326118, "H.R.C.19of1996[AsgharKhanCase]DetailedReasonsUrduTranslation.pdf": 5.537727890326118, "SMC16of2011_detailed_judgment.pdf": 5.537727890326118, "H.R.C.19of1996[AsgharKhanCase]DetailedReasons.pdf": 5.537727890326118, "c.a._840_2017.pdf": 5.537727890326118, "i.c.a._1_2024_15032024.pdf": 5.537727890326118, "c.r.p._292_2021_detailed.pdf": 5.537727890326118, "c.p._1125_2018.pdf": 5.537727890326118, "Crl.A._22_P_2014.pdf": 5.537727890326118, "HR8340OF2010.pdf": 5.537727890326118}, "afa": {"crl.p._490_2019.pdf": 7.1471658027602185, "Crl.M.A_693_2018.pdf": 42.88299481656131}, "afar": {"c.a._71_p_2014_urdu.pdf": 7.840312983320164}, "afawna": {"Crl.M.A_693_2018.pdf": 7.840312983320164}, "afaw": {"Crl.M.A_693_2018.pdf": 7.840312983320164}, "afazal": {"C.P._842_2016.pdf": 15.680625966640328}, "afaquz": {"c.a._326_l_2020.pdf": 7.840312983320164}}