{"afield": {"Const.P.12of2010.pdf": 6.741700694652055, "c.a._1474_2021.pdf": 6.741700694652055, "c.a._65_k_2019.pdf": 6.741700694652055}, "afia": {"const.p.42of2011.pdf": 7.1471658027602185, "c.p._2916_2019.pdf": 7.1471658027602185}, "afiya": {"i.c.a._1_2024_dn_20032024.pdf": 12.908037244400546, "i.c.a._1_2024_15032024.pdf": 6.454018622200273, "const.p._19_2020.pdf": 6.454018622200273, "i.c.a._1_2024_dt_21_02_2024.pdf": 6.454018622200273}, "afis": {"C.A._448_2014_DJ.pdf": 14.294331605520437, "C.A._307-L_2015.pdf": 14.294331605520437}}