{"afloat": {"const.p.42of2011.pdf": 6.741700694652055, "c.p._1417_2022.pdf": 6.741700694652055, "Const.P.5and15-HRC14144-DetailedReasons.pdf": 13.48340138930411}, "afl": {"Const.P.33_2013.pdf": 14.294331605520437, "Const.P.50-69of2011.pdf": 7.1471658027602185}, "aflan": {"const.p._64_2013.pdf": 7.840312983320164}}