{"afsar": {"c.r.p._446_2022.pdf": 9.791748008307447, "c.a._240_p_2014.pdf": 4.895874004153724, "c.p._2063_2020.pdf": 4.895874004153724, "H.R.C.19of1996[AsgharKhanCase]DetailedReasonsUrduTranslation.pdf": 4.895874004153724, "H.R.C.19of1996[AsgharKhanCase]DetailedReasons.pdf": 4.895874004153724, "C.A._353_2015.pdf": 4.895874004153724, "c.a._2150_2019.pdf": 14.687622012461171, "C.A._359_2013.pdf": 4.895874004153724, "const.p.9_2014_detail_reasons.pdf": 4.895874004153724, "c.a._1409_2013 .pdf": 9.791748008307447, "C.P._3078_2016.pdf": 4.895874004153724, "C.A.269_ETC_OF_2011.pdf": 4.895874004153724, "C.P._842_2016.pdf": 9.791748008307447, "reference_1_2020.pdf": 4.895874004153724, "c.p._3573_2020.pdf": 9.791748008307447, "C.A._620_2006.pdf": 4.895874004153724, "C.P._3078_2016_D.pdf": 4.895874004153724, "CJD_Section 2-A_Case_as_on_26_06_2006.pdf": 9.791748008307447, "c.p._84_p_2020.pdf": 4.895874004153724}, "afspa": {"Const.P._50_2018.pdf": 15.680625966640328}, "afshan": {"CPLA_796_2007_ETC_SHORT_ORDER_REKO_DIQ_CASE.pdf": 10.135448522160766, "C.P.796of2007-dt-10-5-2013.pdf": 5.067724261080383, "JR_Judgment_on_17th_Amendmend_and_Presidents_Uniform_Case.pdf": 10.135448522160766, "CJD_Reference by_the_President_of_Pakistan_under_Article_186.pdf": 5.067724261080383, "j.p._415_2018.pdf": 5.067724261080383, "S.M.C._13_2016_dt_31-03-2017.pdf": 10.135448522160766, "c.a._2433_2016.pdf": 5.067724261080383, "crl.a._585_2020.pdf": 5.067724261080383, "JR_Varan_Case.pdf": 25.338621305401915, "crl.p._1251_2022.pdf": 5.067724261080383, "Const.PetitionNo.30of2013-dt-4-6-2013.pdf": 5.067724261080383, "C.A._1109_2013.pdf": 5.067724261080383, "c.a._52_k_2022.pdf": 5.067724261080383, "C.P.796of2007.pdf": 5.067724261080383, "CJD_Section 2-A_Case_as_on_26_06_2006.pdf": 5.067724261080383, "CJD_Pakistan_Steel_Mills_Case.pdf": 5.067724261080383}, "afstom": {"HRC7734-G_1003-GOF2009[UrduTranslation].pdf": 15.680625966640328}, "afsro": {"c.p._262_p_2017.pdf": 70.56281684988147}}