{"agbeegbe": {"Const.P.5of2013.pdf": 7.840312983320164}, "agbeyegbe": {"Const.P.5of2013.pdf": 7.840312983320164}}