{"agm": {"Const.P.30of2013.pdf": 20.225102083956166, "C.A._139_2013.pdf": 6.741700694652055, "c.a._506_2011.pdf": 26.96680277860822}}