{"ah": {"Const.P.12of2010.pdf": 10.550727251717255, "crl.a._241_2020.pdf": 10.550727251717255, "CMA_1145-K_2013_in_SMC_16-2011_08-03-2013.pdf": 10.550727251717255, "C.A._2215_2006.pdf": 5.275363625858628, "crl.p._1667_2021.pdf": 5.275363625858628, "Crl.A._39_L_2015_Urdu.pdf": 5.275363625858628, "c.a._71_p_2014.pdf": 5.275363625858628, "c.a._71_p_2014_urdu.pdf": 5.275363625858628, "C.A._1703_2013.pdf": 5.275363625858628, "C.P._3551_2015.pdf": 5.275363625858628, "c.p.1795_2022.pdf": 5.275363625858628, "CJD_Pakistan_Steel_Mills_Case.pdf": 10.550727251717255, "C.A._539_2003.pdf": 10.550727251717255}}