{"ahkam": {"h.r.c_11827_s_2018.pdf": 7.1471658027602185, "c.p._1647_2018.pdf": 7.1471658027602185}, "ahktarniazi": {"c.a._1134_2020.pdf": 7.840312983320164}}