{"ahp": {"c.p._3447_2022.pdf": 7.840312983320164}, "ahpan": {"HR8340OF2010.pdf": 15.680625966640328}}