{"ahrnaci": {"i.c.a._1_2024_dn_20032024.pdf": 7.1471658027602185, "c.p._2_2022_dissenting_note.pdf": 7.1471658027602185}, "ahram": {"c.p._349_l_2017.pdf": 7.1471658027602185, "c.p._32_q_2019.pdf": 7.1471658027602185}}