{"ai": {"Const.P.12of2010.pdf": 10.550727251717255, "H.R.C.19of1996[AsgharKhanCase]DetailedReasons.pdf": 5.275363625858628, "Crl.O.P.89of2011.pdf": 5.275363625858628, "C.P._731_K_2018.pdf": 5.275363625858628, "crl.a._324_2021.pdf": 5.275363625858628, "C.P._1088_2016.pdf": 5.275363625858628, "crl.p._301_2022.pdf": 5.275363625858628, "C.A._794_2006.pdf": 5.275363625858628, "crl.a._120_2019.pdf": 26.376818129293138, "C.M.A._376-K_2014.pdf": 15.826090877575883, "c.m.a._3932_2023.pdf": 5.275363625858628, "crl.p._1269_2020.pdf": 10.550727251717255, "crl.p._1581_2021.pdf": 5.275363625858628}}