{"aid": {"crl.a._184_2020.pdf": 2.512436814530583, "Const.P.127of2012.pdf": 17.58705770171408, "c.a._1476_2018_urdu.pdf": 5.024873629061166, "ConstitutionPetitionNo21OF2007.pdf": 5.024873629061166, "CPs.10-18of2011.pdf": 5.024873629061166, "crl.s.m.r.p._84_2018.pdf": 2.512436814530583, "Crl.P._1188_2016.pdf": 2.512436814530583, "S.M.C._28_2018.pdf": 5.024873629061166, "C.M.A.No.3685of2012-dt-17-1-2013.pdf": 2.512436814530583, "crl.p._632_2021.pdf": 2.512436814530583, "Const.P._38_2016.pdf": 5.024873629061166, "c.a._1729_2019.pdf": 2.512436814530583, "SMC15OF2009.pdf": 2.512436814530583, "Crl.O.P_57_2015.pdf": 2.512436814530583, "NRO_Judgment.pdf": 35.17411540342816, "C.A._3_2018_dt-14-9-2018.pdf": 10.049747258122332, "Const.P._50_2018.pdf": 20.099494516244665, "Const.P.12of2010.pdf": 180.895450646202, "CMA_1145-K_2013_in_SMC_16-2011_08-03-2013.pdf": 2.512436814530583, "Const.P.12of2010Urdu.pdf": 2.512436814530583, "S.M.C._20_2016.pdf": 2.512436814530583, "j.p._405_2021.pdf": 7.53731044359175, "Const.P.33_2013.pdf": 2.512436814530583, "Const.P._29_2016.pdf": 15.0746208871835, "smc.18_2010_final.pdf": 5.024873629061166, "Const.P.77of2012[DetailedOrderFinal].pdf": 22.61193133077525, "C.A._3_2018.pdf": 10.049747258122332, "crl.a._599_2020_26032021.pdf": 2.512436814530583, "const.p._19_2022_01062022.pdf": 5.024873629061166, "S.M.C.24of2010[urdu-version].pdf": 2.512436814530583, "Crl.O.P._154_2017.pdf": 2.512436814530583, "Ref.01_2012_addl.note_HJ.ejaz_afzal_khan.pdf": 2.512436814530583, "Const.P.NO.62OF2010_orderdt06062011.pdf": 15.0746208871835, "H.R.C.19of1996[AsgharKhanCase]DetailedReasonsUrduTranslation.pdf": 12.562184072652915, "SMC16of2011_detailed_judgment.pdf": 25.12436814530583, "crl.a._95_2019.pdf": 2.512436814530583, "REVIEW_P_46&47_2011_full.pdf": 2.512436814530583, "Const.P.40of2012-DetailJudgment-dt-3.7.2012.pdf": 10.049747258122332, "H.R.C.19of1996[AsgharKhanCase]DetailedReasons.pdf": 25.12436814530583, "smc_1_2014.pdf": 2.512436814530583, "Const.P.77-78-79 [Memogate]DetailedOrder.pdf": 5.024873629061166, "JR_Judgment_on_17th_Amendmend_and_Presidents_Uniform_Case.pdf": 5.024873629061166, "C.P._1515_2016.pdf": 2.512436814530583, "ca.1038_2000.pdf": 2.512436814530583, "CJD_Reference by_the_President_of_Pakistan_under_Article_186.pdf": 7.53731044359175, "crp.328-329_2013.pdf": 10.049747258122332, "C.P.No.1017-Lof2011.pdf": 2.512436814530583, "const.p._21_2022_15092023.pdf": 2.512436814530583, "Const.P.5of2013.pdf": 5.024873629061166, "hrc_29388-K_2013.pdf": 5.024873629061166, "Const.P_3_2014.pdf": 2.512436814530583, "Crl.P.163_to_171_S.M.C.5_2005.pdf": 5.024873629061166, "Const.P.1of2012Dt-10.02.2012[ProductionOfDetenus].pdf": 2.512436814530583, "c.p._1134_l_2018.pdf": 2.512436814530583, "c.p._2855_2017.pdf": 2.512436814530583, "s.m.c._1_2023_01032023.pdf": 2.512436814530583, "c.p._1882_2016.pdf": 2.512436814530583, "C.A._1084_2008.pdf": 5.024873629061166, "c.a._389_2015.pdf": 2.512436814530583, "Crl.A._104_2010.pdf": 5.024873629061166, "c.p.614_p_2022.pdf": 2.512436814530583, "const.p.1_ 2012_etc.pdf": 22.61193133077525, "C.R.P._383_2005.pdf": 12.562184072652915, "const.p._24_2023_an_10012024_r.pdf": 22.61193133077525, "crl.p._1267_2022.pdf": 2.512436814530583, "crl.m.a._62_p_2018.pdf": 2.512436814530583, "c.p._5877_2021.pdf": 2.512436814530583, "Crl.A._1-K_2018.pdf": 2.512436814530583, "s.m.c._1_2020_19052020.pdf": 2.512436814530583, "JR_Detailed_Judgment_in_Graduation_Qualification_Case.pdf": 2.512436814530583, "crl.r.p._15_2011.pdf": 2.512436814530583, "const.p._6_2023_08052023.pdf": 2.512436814530583, "c.r.p._296_2020_04022022.pdf": 5.024873629061166, "crl.p._230_2019.pdf": 2.512436814530583, "Crl.P._105_2017.pdf": 2.512436814530583, "JR_Detailed_Judgment_in_Referendum_Case.pdf": 2.512436814530583, "c.p._4185_2019.pdf": 2.512436814530583, "C.P._3122_2017.pdf": 2.512436814530583, "c.r.p._255_2021.pdf": 2.512436814530583, "crl.p._299_2020_07042020.pdf": 2.512436814530583, "crl.p._1121_2023.pdf": 2.512436814530583, "const.p.39_90_2011.pdf": 2.512436814530583, "Const.P._24_2012.pdf": 2.512436814530583, "Const.P.87of2011.pdf": 10.049747258122332, "c.a._353_2010.pdf": 5.024873629061166, "crl.p._146_k_2021.pdf": 2.512436814530583, "C.A._27_2009.pdf": 10.049747258122332, "Crl.A_04-K_2012.pdf": 2.512436814530583, "j.p._403_2018.pdf": 2.512436814530583, "C.P._3345_2016.pdf": 5.024873629061166, "C.A._359_2013.pdf": 2.512436814530583, "JR_Constitution_Petition_No._15_17-24_and_512_of_2002.pdf": 2.512436814530583, "const.p._17_2020_dissenting_note_hj11.pdf": 5.024873629061166, "C.P._60_K_2018.pdf": 2.512436814530583, "C.M.A._3325_2012_OrderDated_21-8-15.pdf": 2.512436814530583, "Crl.A._210_2015.pdf": 2.512436814530583, "C.A._95_2005.pdf": 2.512436814530583, "c.p._398_l_2018.pdf": 2.512436814530583, "NROCaseDt.10.01.2012.pdf": 2.512436814530583, "c.p._3501_2021.pdf": 2.512436814530583, "C.A._1428_2016.pdf": 10.049747258122332, "c.a._909_2020.pdf": 2.512436814530583, "C.R.P._94_2014.pdf": 2.512436814530583, "crl.p._1802_l_2017.pdf": 2.512436814530583, "c.a._982_2018_19022024.pdf": 2.512436814530583, "crl.p._1371_2016.pdf": 2.512436814530583, "c.p.1603_2012.pdf": 2.512436814530583, "Crl.A.140of2005.pdf": 17.58705770171408, "crl.p._513_2020.pdf": 2.512436814530583, "c.r.p._292_2021_detailed.pdf": 7.53731044359175, "const.p._17_2019_detailed_reasoning.pdf": 5.024873629061166, "crl.p._982_l_2022.pdf": 2.512436814530583, "const.p._21_2023_11082023.pdf": 7.53731044359175, "C.A._307-L_2015.pdf": 2.512436814530583, "C.A._125_K_2016_JPMC_Dissenting_Note.pdf": 2.512436814530583, "C.A._654_2010.pdf": 2.512436814530583, "C.R.P._335_2014.pdf": 2.512436814530583, "c.a._414_2021.pdf": 2.512436814530583, "C.A.800Lof2013etc.pdf": 5.024873629061166, "c.p._1564_2020.pdf": 2.512436814530583, "c.p._648_l_2021_detailed.pdf": 5.024873629061166, "c.a._1772_2008.pdf": 2.512436814530583, "c.a._1476_2018.pdf": 7.53731044359175, "c.m.a._7084_2020.pdf": 2.512436814530583, "c.a._1400_2019.pdf": 2.512436814530583, "C.P._842_2016.pdf": 5.024873629061166, "const.p._5_2023_04apr2023.pdf": 10.049747258122332, "c.p._1831_2017.pdf": 2.512436814530583, "C.A._767_2014.pdf": 7.53731044359175, "c.p._2_2022_dissenting_note.pdf": 2.512436814530583, "const.p._6_2023_dt_05_01_2023.pdf": 7.53731044359175, "c.r.p._420_2016.pdf": 15.0746208871835, "c.p._152_2022.pdf": 5.024873629061166, "const.p._24_2023_f.pdf": 70.34823080685632, "c.p._2997_2021.pdf": 2.512436814530583, "s.m.c._1_2023_12062023.pdf": 7.53731044359175, "crl_r_p.8-l_2013.pdf": 2.512436814530583, "Const.P.50-69of2011.pdf": 2.512436814530583, "c.a._982_2018_19022024_2.pdf": 2.512436814530583, "c.p._720_2020.pdf": 2.512436814530583, "crl.a._120_2019.pdf": 12.562184072652915, "CMA2745of2009etc.pdf": 20.099494516244665, "C.A.39_2010.pdf": 2.512436814530583, "c.p._469_l_2023.pdf": 2.512436814530583, "c.a._1498_2018.pdf": 2.512436814530583, "C.R.P._561_2015.pdf": 2.512436814530583, "c.p._3933_2023.pdf": 5.024873629061166, "crl.a._319_l_2017.pdf": 2.512436814530583, "j.p._302_2017.pdf": 2.512436814530583, "c.p._3215_2021.pdf": 2.512436814530583, "C.M.A._2939_2017.pdf": 2.512436814530583, "const.p._17_2020_dissenting_note_hj4.pdf": 5.024873629061166, "JR_Varan_Case.pdf": 5.024873629061166, "c.a._329_2022.pdf": 2.512436814530583, "CJD_Constitution_Petition_No_36_of_2005.pdf": 2.512436814530583, "ConstitutionPetitionNo39of2009.pdf": 5.024873629061166, "C.P._548-P_2013.pdf": 2.512436814530583, "c.p._2314_2022.pdf": 2.512436814530583, "JR_The_State_through_NAB_VS_Haji_Nasim-ur-Rehman.pdf": 12.562184072652915, "SMC24-2010.pdf": 2.512436814530583, "Const.P._35_2016_dt_15_12_2017.pdf": 50.24873629061166, "const.p._2_2022.pdf": 2.512436814530583, "ICA3,4,6TO11of2011dt2011.04.pdf": 10.049747258122332, "c.m.a._1243_2021.pdf": 2.512436814530583, "c.p._3989_2022.pdf": 2.512436814530583, "C.A._1086_2009.pdf": 2.512436814530583, "s.m.c._4_2021_26082021.pdf": 2.512436814530583, "c.p._4719_2017.pdf": 2.512436814530583,