{"aijaz": {"Const.P_6of2011.pdf": 13.52432541943488, "C.R.P._125_2014.pdf": 18.032433892579842, "crl.p._907_2020.pdf": 4.5081084731449605, "SMC16of2011_detailed_judgment.pdf": 9.016216946289921, "C.A._532_2015.pdf": 4.5081084731449605, "Crl.O.P.89of2011.pdf": 9.016216946289921, "const.p._9_2010_27122021.pdf": 4.5081084731449605, "S.M.C._19_2016.pdf": 4.5081084731449605, "c.a._675_2019.pdf": 4.5081084731449605, "c.p._3472_2023.pdf": 4.5081084731449605, "c.p._490_k_2020.pdf": 4.5081084731449605, "c.m.a._4821_2018.pdf": 4.5081084731449605, "const.p._21_2022_29082023.pdf": 4.5081084731449605, "C.R.P.193of2013.pdf": 18.032433892579842, "c.a._982_2018_19022024.pdf": 4.5081084731449605, "c.p._1862_l_2021.pdf": 13.52432541943488, "crl.a._208_2022.pdf": 4.5081084731449605, "crl.p._147_k_2020.pdf": 4.5081084731449605, "smc.16of2011.pdf": 4.5081084731449605, "const.p._9_2010_28122021.pdf": 4.5081084731449605, "c.p._1017_2021.pdf": 4.5081084731449605, "Const.P.22of2013.pdf": 4.5081084731449605, "C.P._529_2015.pdf": 13.52432541943488, "c.a._491_2012.pdf": 4.5081084731449605, "c.p._2000_l_2020.pdf": 9.016216946289921, "c.a._982_2018_08_jan_2024.pdf": 4.5081084731449605, "c.a._981_2018_02012024.pdf": 4.5081084731449605, "crl.a.264_2006.pdf": 9.016216946289921}, "aijazur": {"c.p.1795_2022.pdf": 15.680625966640328}}