{"aisadvantageous": {"crl.p._149_l_2022.pdf": 7.840312983320164}, "aisha": {"C.R.P._49_2016.pdf": 4.5081084731449605, "Const.P_6of2011.pdf": 4.5081084731449605, "Urdu-Const.P-77-2010-12.10.2012.pdf": 4.5081084731449605, "smc.11_2011.pdf": 9.016216946289921, "crl.p._21_p_2020.pdf": 4.5081084731449605, "crl.p._596_l_2022.pdf": 4.5081084731449605, "crl.a._541_2020.pdf": 4.5081084731449605, "c.a._1660_2014.pdf": 4.5081084731449605, "crl.p._36_q_2012.pdf": 4.5081084731449605, "crl.p._280_2021.pdf": 4.5081084731449605, "Crl.P._105_2017.pdf": 4.5081084731449605, "j.p._385_2017.pdf": 4.5081084731449605, "crl.a._181_2012.pdf": 4.5081084731449605, "c.p._490_k_2020.pdf": 9.016216946289921, "c.p._2658_2019.pdf": 99.17838640918913, "c.p._414_2021.pdf": 9.016216946289921, "C.P._1885_2017.pdf": 4.5081084731449605, "crl.a._291_2020.pdf": 4.5081084731449605, "crl.p._103_p_2022.pdf": 4.5081084731449605, "Crl.A._466_2017.pdf": 4.5081084731449605, "c.p._2210_l_2020.pdf": 4.5081084731449605, "j.p._324_2019.pdf": 4.5081084731449605, "Crl.A._103_2019.pdf": 4.5081084731449605, "j.p._614_2016.pdf": 4.5081084731449605, "crl.p._687_2020.pdf": 4.5081084731449605, "c.p._3747_2023.pdf": 4.5081084731449605, "crl.p._640_2020.pdf": 4.5081084731449605, "C.R.P._309_2013.pdf": 9.016216946289921}, "aisle": {"Const.P._29_2016.pdf": 7.840312983320164}, "aislamabad": {"c.a._371_2020.pdf": 7.840312983320164}, "aisay": {"C.P._173_2017.pdf": 7.1471658027602185, "C.P._173_2017_dt_31-1-2017.pdf": 7.1471658027602185}}