{"aiwan": {"ConstitutionPetitionNo21OF2007.pdf": 13.48340138930411, "HRC-4668of2006.pdf": 6.741700694652055, "C.M.A._8215_2016.pdf": 6.741700694652055}}