{"aiyar": {"NRO_Judgment.pdf": 6.230875070886063, "c.a._446_2021.pdf": 6.230875070886063, "c.p._1496_k_2021.pdf": 6.230875070886063, "C.A.2234and2235of2005-dt-31-8-2013.pdf": 6.230875070886063, "c.a._179_2016.pdf": 12.461750141772127}, "aiyer": {"const.p._24_2023_f.pdf": 6.454018622200273, "crl.p._852_2021.pdf": 6.454018622200273, "Crl.P._100_2017.pdf": 6.454018622200273, "H.R.C._10842_P_2018.pdf": 6.454018622200273}}