{"aizaz": {"const.p._21_2022_15092023.pdf": 6.741700694652055, "c.p._715_2018.pdf": 6.741700694652055, "c.a._94_2008.pdf": 6.741700694652055}, "aizad": {"C.A._1084_2008.pdf": 6.741700694652055, "C.P._2093_2015.pdf": 6.741700694652055, "C.A._2564_2001.pdf": 6.741700694652055}, "aiziuddin": {"reference_1_2020.pdf": 7.840312983320164}, "aized": {"C.A.876-879of2005.pdf": 7.840312983320164}}