{"ajaz": {"Const.P._38_2016.pdf": 6.230875070886063, "C.A._461_2014.pdf": 6.230875070886063, "c.a._1095_2018_13092019.pdf": 6.230875070886063, "C.A._1095_2018.pdf": 6.230875070886063, "Const.P.22of2013.pdf": 6.230875070886063}, "ajaib": {"S.M.C.24of2010[urdu-version].pdf": 6.454018622200273, "c.a._431_2021_07072023.pdf": 6.454018622200273, "c.a._230_2016.pdf": 6.454018622200273, "SMC24-2010.pdf": 6.454018622200273}, "ajay": {"S.M.C.18OF2010.pdf": 7.1471658027602185, "Const.P.91of2011Dt-23-8-2012.pdf": 7.1471658027602185}, "ajajannaltajalalumnaasi": {"c.a._108_2015.pdf": 7.840312983320164}, "ajanapanelmaa": {"c.a._108_2015.pdf": 7.840312983320164}, "ajab": {"crl.p._1054_2023.pdf": 12.461750141772127, "C.P._3078_2016.pdf": 6.230875070886063, "C.P._842_2016.pdf": 6.230875070886063, "j.p._614_2016.pdf": 12.461750141772127, "C.P._3078_2016_D.pdf": 6.230875070886063}, "ajam": {"c.a._1295_2019.pdf": 7.840312983320164}}