{"ajmal": {"CPs.10-18of2011.pdf": 6.316363512391889, "Const.P_6of2011.pdf": 6.316363512391889, "c.p._1809_2020.pdf": 3.1581817561959444, "Const.P._29_2016_28072016.pdf": 18.949090537175667, "Const.P.12of2010.pdf": 75.79636214870267, "Const.P._29_2016.pdf": 41.05636283054728, "Const.P.77of2012[DetailedOrderFinal].pdf": 6.316363512391889, "H.R.C.19of1996[AsgharKhanCase]DetailedReasonsUrduTranslation.pdf": 3.1581817561959444, "const.p._24_to_26_of_2023_04072023.pdf": 3.1581817561959444, "s.m.c._1_2022_detailed.pdf": 6.316363512391889, "SMC16of2011_detailed_judgment.pdf": 9.474545268587834, "crl.a._95_2019.pdf": 3.1581817561959444, "Crl.P._623_2016.pdf": 3.1581817561959444, "Const.P.40of2012-DetailJudgment-dt-3.7.2012.pdf": 3.1581817561959444, "H.R.C.19of1996[AsgharKhanCase]DetailedReasons.pdf": 3.1581817561959444, "S.M.C._01_2010.pdf": 3.1581817561959444, "JR_Judgment_on_17th_Amendmend_and_Presidents_Uniform_Case.pdf": 12.632727024783778, "const.p.23of2012.pdf": 6.316363512391889, "C.A._137-K_1976.pdf": 6.316363512391889, "c.p._2256_l_2015.pdf": 3.1581817561959444, "C.A._1406_2016.pdf": 3.1581817561959444, "Supreme_Judicial_Council_242_2015.pdf": 3.1581817561959444, "S.M.C._18_2016.pdf": 6.316363512391889, "C.A._1084_2008.pdf": 3.1581817561959444, "crl.p._104_p_2023.pdf": 6.316363512391889, "Crl.M.A_693_2018.pdf": 3.1581817561959444, "const.p._17_2019_19062020.pdf": 12.632727024783778, "const.p._24_2023_an_10012024_r.pdf": 3.1581817561959444, "c.a._315_2022.pdf": 3.1581817561959444, "const.p._24_2023_02082023.pdf": 3.1581817561959444, "crl.p._1267_2022.pdf": 3.1581817561959444, "crl.p._299_2020_01042020.pdf": 3.1581817561959444, "crl.p._863_l_2021.pdf": 3.1581817561959444, "C.A._1348_2006.pdf": 3.1581817561959444, "j.p._467_2017.pdf": 6.316363512391889, "const.p._24_2023_21072023.pdf": 3.1581817561959444, "C.P._78_K_2015.pdf": 3.1581817561959444, "c.r.p._296_2020_29012022.pdf": 3.1581817561959444, "Crl.A._11_P_2014.pdf": 3.1581817561959444, "c.r.p._296_2020_04022022.pdf": 31.581817561959443, "JR_Detailed_Judgment_in_Referendum_Case.pdf": 3.1581817561959444, "const.p._24_2023_23102023.pdf": 6.316363512391889, "j.p._262_2015.pdf": 25.265454049567555, "const.p._6_2023_07032024.pdf": 6.316363512391889, "Const.P.No.77of2012[ShortOrder2.8.2012].pdf": 3.1581817561959444, "Crl.A._126_2010.pdf": 3.1581817561959444, "const.p._2_2022_14102022.pdf": 9.474545268587834, "c.a._177_p_2020.pdf": 3.1581817561959444, "c.r.p._426_2022_02sept2023.pdf": 3.1581817561959444, "crl.p._1023_2020.pdf": 6.316363512391889, "JR_Constitution_Petition_No._15_17-24_and_512_of_2002.pdf": 3.1581817561959444, "const.p._17_2020_dissenting_note_hj11.pdf": 3.1581817561959444, "c.p._3282_l_2022.pdf": 3.1581817561959444, "c.p._398_l_2018.pdf": 3.1581817561959444, "crl.p._93_p_2015.pdf": 3.1581817561959444, "c.a._982_2018_19022024.pdf": 3.1581817561959444, "crl.a.19of2012.pdf": 3.1581817561959444, "c.p._42_2024.pdf": 3.1581817561959444, "Crl.A.140of2005.pdf": 3.1581817561959444, "c.a._346_2020.pdf": 3.1581817561959444, "C.P._330_P_2013.pdf": 3.1581817561959444, "const.p._24_2023_03082023.pdf": 3.1581817561959444, "const.p._17_2019_detailed_reasoning.pdf": 12.632727024783778, "const.p._21_2022_30102023.pdf": 6.316363512391889, "const.p._21_2023_11082023.pdf": 3.1581817561959444, "s.m.c._1_2023_27032023.pdf": 3.1581817561959444, "c.a.1540-1599_2013.pdf": 3.1581817561959444, "const.p._24_2023_26062023.pdf": 3.1581817561959444, "Crl.A._3_P_2014.pdf": 3.1581817561959444, "Const.P._29_2017.pdf": 3.1581817561959444, "c.a._513_2014.pdf": 3.1581817561959444, "const.p.6_2011_final.pdf": 3.1581817561959444, "const.p._24_2023_f.pdf": 6.316363512391889, "c.a._271_2015.pdf": 3.1581817561959444, "c.a._982_2018_19022024_2.pdf": 3.1581817561959444, "crl.p._42_p_2018.pdf": 3.1581817561959444, "c.a._1498_2018.pdf": 6.316363512391889, "C.P._1983_2012.pdf": 3.1581817561959444, "c.p._42_2024_25012024.pdf": 3.1581817561959444, "c.p._5796_2021.pdf": 3.1581817561959444, "C.R.P._561_2015.pdf": 3.1581817561959444, "const.p._24_2023_23062023.pdf": 3.1581817561959444, "const.p._32_2023_additional_note.pdf": 3.1581817561959444, "c.a._190_2015.pdf": 3.1581817561959444, "c.a._1621_2017.pdf": 3.1581817561959444, "c.p._3209_2019.pdf": 3.1581817561959444, "crl.p._90_p_2016.pdf": 3.1581817561959444, "SMC24-2010.pdf": 3.1581817561959444, "ICA3,4,6TO11of2011dt2011.04.pdf": 6.316363512391889, "c.a._364_p_2019.pdf": 3.1581817561959444, "crl.p._1246_2019.pdf": 3.1581817561959444, "const.p._76_2018.pdf": 3.1581817561959444, "C.A._2148_2016_dt_4-4-2018.pdf": 3.1581817561959444, "c.a._735_2016.pdf": 6.316363512391889, "const.p._24_2023_27032023.pdf": 3.1581817561959444, "const.p._24_2023.pdf": 3.1581817561959444, "const.p._24_2023_01082023.pdf": 3.1581817561959444, "Cr.A._137_L_2017.pdf": 9.474545268587834, "c.p._3797_2020.pdf": 3.1581817561959444, "crl.a._506_2020.pdf": 22.10727229337161, "C.A._79_P_2013.pdf": 3.1581817561959444, "c.m.a._1243_2021_04042022.pdf": 3.1581817561959444, "Const.P.31of2011.pdf": 6.316363512391889, "crl.p._46_p_2016.pdf": 3.1581817561959444, "C.A._682_2008.pdf": 3.1581817561959444, "c.a._196_p_2014_13062023.pdf": 3.1581817561959444, "c.a._142_2019.pdf": 3.1581817561959444, "Crl.O.P._57_2015_DN.pdf": 3.1581817561959444}, "ajmer": {"Crl.A._39_L_2015.pdf": 6.454018622200273, "Crl.A._39_L_2015_Urdu.pdf": 6.454018622200273, "crl.a._120_2019.pdf": 6.454018622200273, "c.p._47_q_2016.pdf": 6.454018622200273}, "ajman": {"Const.P.12of2010.pdf": 7.840312983320164}, "ajmeel": {"crl.p._907_2020.pdf": 7.840312983320164}, "ajmir": {"c.a._4862_2018.pdf": 7.840312983320164}, "ajmair": {"c.p._3249_2015.pdf": 7.840312983320164}}