{"ajudhia": {"c.a._1573_2017.pdf": 15.680625966640328}, "ajun": {"crl.a._66_l_2020.pdf": 7.840312983320164}}