{"ak": {"c.a._240_p_2014.pdf": 5.132262782217954, "Const.P.40of2012-DetailJudgment[UrduTranslation]-dt-3.7.2012.pdf": 15.396788346653864, "C.A._1256_2008.pdf": 5.132262782217954, "SMC16of2011_detailed_judgment.pdf": 5.132262782217954, "C.A._532_2015.pdf": 5.132262782217954, "smc.11_2011.pdf": 10.264525564435909, "c.a._1698_2014.pdf": 15.396788346653864, "C.A._633_2007.pdf": 5.132262782217954, "H.R.C._69229_P_2018.pdf": 10.264525564435909, "c.a._170_2017.pdf": 5.132262782217954, "C.A._125_K_2016_JPMC_Dissenting_Note.pdf": 5.132262782217954, "c.a._140_l_2015.pdf": 5.132262782217954, "c.p._2338_l_2017.pdf": 5.132262782217954, "c.p._2222_2019.pdf": 5.132262782217954, "c.a._2619_2016.pdf": 5.132262782217954}}