{"ake": {"CJD_Reference by_the_President_of_Pakistan_under_Article_186.pdf": 7.1471658027602185, "CJD_Section 2-A_Case_as_on_26_06_2006.pdf": 7.1471658027602185}, "akenhead": {"c.a._196_p_2014_13062023.pdf": 7.840312983320164}}