{"akora": {"crl.p._442_2021.pdf": 6.741700694652055, "crl.p._1267_2022.pdf": 6.741700694652055, "c.a._1113_2017.pdf": 6.741700694652055}, "akoor": {"C.A._2564_2001.pdf": 7.840312983320164}}