{"aksal": {"Const.P.NO.62OF2010_orderdt06062011.pdf": 7.840312983320164}, "aksan": {"H.R.C.19of1996[AsgharKhanCase]DetailedReasons.pdf": 7.1471658027602185, "C.P._842_2016.pdf": 14.294331605520437}, "akshoy": {"c.a._1772_2008.pdf": 7.840312983320164}, "aksar": {"crl.a._190_2020.pdf": 7.1471658027602185, "crl.a._154_l_2013.pdf": 7.1471658027602185}, "aksshajra": {"c.a._364_p_2019.pdf": 7.840312983320164}}