{"akthor": {"c.p._1193_2020.pdf": 7.840312983320164}, "aktineesellschaft": {"C.A._861_2007.pdf": 15.680625966640328}, "aktah": {"Crl.P.163_to_171_S.M.C.5_2005.pdf": 7.840312983320164}, "aktiebolaget": {"c.a._1121_2018.pdf": 7.840312983320164}, "akthar": {"c.p._1874_2022.pdf": 6.741700694652055, "const.p.6_2011_final.pdf": 13.48340138930411, "crl.a.264_2006.pdf": 6.741700694652055}}