{"alfre": {"ConstitutionPetitionNo21OF2007.pdf": 6.741700694652055, "c.p._2243_l_2019.pdf": 6.741700694652055, "c.p._2608_2019.pdf": 6.741700694652055}, "alfalah": {"Const.P._134_2012.pdf": 10.710812667064328, "SMC15OF2009.pdf": 5.355406333532164, "SMC16of2011_detailed_judgment.pdf": 5.355406333532164, "c.p._381_k_2019.pdf": 5.355406333532164, "c.p._686_k_2019.pdf": 5.355406333532164, "c.p._5632_2021.pdf": 5.355406333532164, "CJD_Constitution_Petition_No_36_of_2005.pdf": 16.06621900059649, "Const.P._35_2016_dt_15_12_2017.pdf": 5.355406333532164, "Const.P._134_2012_21012019.pdf": 10.710812667064328, "C.A._157_K_2016.pdf": 5.355406333532164, "C.A._1049_2011.pdf": 5.355406333532164, "Const.P.5and15-HRC14144-DetailedReasons.pdf": 10.710812667064328}, "alfha": {"c.a._632_2019.pdf": 7.840312983320164}}