{"alhaj": {"C.P.796of2007-UrduTranslation-dt-10-5-2013.pdf": 5.760871441640328, "c.p._1289_2020.pdf": 5.760871441640328, "C.P.796of2007-dt-10-5-2013.pdf": 5.760871441640328, "Crl.A._11_P_2017.pdf": 5.760871441640328, "Crl.M.A._200_2019.pdf": 5.760871441640328, "c.a._795_2017.pdf": 5.760871441640328, "C.P._2226_2016.pdf": 5.760871441640328, "C.A._542-L_2012.pdf": 5.760871441640328}, "alhamdulillah": {"Const.P._29_2016.pdf": 21.441497408280654, "S.J.C_347_2018.PDF": 7.1471658027602185}, "alhamdi": {"c.a._17_l_2019.pdf": 31.361251933280656}, "alhan": {"C.A._2133_2006.pdf": 7.840312983320164}}