{"alkaloid": {"J.P._191_2018.pdf": 6.230875070886063, "Crl.A._94_2019.pdf": 6.230875070886063, "crl.a._177_2022.pdf": 18.69262521265819, "crl.p._733_l_2018.pdf": 18.69262521265819, "j.p._657_2016.pdf": 18.69262521265819}, "alkhair": {"C.R.P._49_2016.pdf": 5.8944028342648505, "C.A._1084_2008.pdf": 5.8944028342648505, "c.a._1660_2014.pdf": 11.788805668529701, "c.p._1925_2020.pdf": 29.472014171324254, "I.C.A._4_2017.pdf": 5.8944028342648505, "c.p._1842_l_2022.pdf": 5.8944028342648505, "Crl.O.P._57_2015_DN.pdf": 5.8944028342648505}, "alkalis": {"C.A._1563_2014.pdf": 7.840312983320164}, "alkapharm": {"c.a._444_2017.pdf": 7.840312983320164}, "alkarim": {"const.p._64_2013.pdf": 7.840312983320164}, "alkali": {"C.A._150_2006.pdf": 15.680625966640328}}