{"alyee": {"C.A._992_2013.pdf": 7.840312983320164}, "aly": {"c.p._490_k_2020.pdf": 7.840312983320164}}