{"amplitude": {"c.r.p._292_2021_sacked_employees.pdf": 9.016216946289921, "c.a._837_2011.pdf": 4.5081084731449605, "NRO_Judgment.pdf": 9.016216946289921, "Const.P.12of2010.pdf": 27.04865083886976, "S.M.C._20_2016.pdf": 4.5081084731449605, "Const.P.77-78-79 [Memogate]DetailedOrder.pdf": 4.5081084731449605, "CJD_Reference by_the_President_of_Pakistan_under_Article_186.pdf": 4.5081084731449605, "C.P._2093_2015.pdf": 4.5081084731449605, "c.a._33_k_2018.pdf": 4.5081084731449605, "C.R.P._383_2005.pdf": 4.5081084731449605, "c.r.p._296_2020_29012022.pdf": 4.5081084731449605, "C.R.P._94_2014.pdf": 4.5081084731449605, "C.A._2564_2001.pdf": 4.5081084731449605, "const.p._21_2022_30102023.pdf": 4.5081084731449605, "C.A._654_2010.pdf": 4.5081084731449605, "Const.P._29_2017.pdf": 9.016216946289921, "const.p._6_2023_dt_05_01_2023.pdf": 4.5081084731449605, "CMA2745of2009etc.pdf": 4.5081084731449605, "c.a._1498_2018.pdf": 4.5081084731449605, "Crl.A.126of2012.pdf": 4.5081084731449605, "C.A._545_K_2010.pdf": 4.5081084731449605, "Cr.A._137_L_2017.pdf": 4.5081084731449605, "C.R.P._412_2014.pdf": 4.5081084731449605, "C.A._622 _2008.pdf": 9.016216946289921, "C.M.A._8215_2016.pdf": 27.04865083886976, "c.a._142_2019.pdf": 9.016216946289921, "C.P._2108_2018.pdf": 4.5081084731449605, "crl.p._60_2017.pdf": 4.5081084731449605}, "amply": {"c.m.a.4343_2014_etc_with_urdu_translation.pdf": 3.9484926852095374, "Const.P.105-2012-eng-urd.PDF": 3.9484926852095374, "H.R.C._18877_2018_03072019.pdf": 7.896985370419075, "Const.P._38_2016.pdf": 3.9484926852095374, "Const.P.12of2010.pdf": 75.02136101898121, "crl.p._907_2020.pdf": 3.9484926852095374, "C.P.796of2007-dt-10-5-2013.pdf": 3.9484926852095374, "JR_Judgment_on_17th_Amendmend_and_Presidents_Uniform_Case.pdf": 3.9484926852095374, "Crl.P.163_to_171_S.M.C.5_2005.pdf": 3.9484926852095374, "C.A._353_2015.pdf": 3.9484926852095374, "const.p.1_ 2012_etc.pdf": 3.9484926852095374, "c.a._33_k_2018.pdf": 3.9484926852095374, "c.p._419_2020.pdf": 3.9484926852095374, "c.p._283_l_2018.pdf": 3.9484926852095374, "C.A._1189_2014.pdf": 15.79397074083815, "Const.P._24_2012.pdf": 3.9484926852095374, "crl.a._416_2020.pdf": 3.9484926852095374, "c.p._3186_2020.pdf": 3.9484926852095374, "c.p._4188_2019.pdf": 3.9484926852095374, "c.a._232_2020.pdf": 3.9484926852095374, "C.M.A._3704_2015.pdf": 3.9484926852095374, "Crl.A._210_2015.pdf": 3.9484926852095374, "c.p._2682_2022.pdf": 3.9484926852095374, "C.P._866_L_2015.pdf": 3.9484926852095374, "C.A._280-L_2009.pdf": 3.9484926852095374, "S.M.C._03_2017.pdf": 3.9484926852095374, "Crl.M.A._200_2019.pdf": 11.845478055628613, "c.m.a._490_2021_11022021.pdf": 3.9484926852095374, "C.A._334_2004.pdf": 3.9484926852095374, "c.a._140_l_2015.pdf": 3.9484926852095374, "c.a._17_q_2021.pdf": 3.9484926852095374, "crl.a_413-414_2013_18.02.2014.pdf": 3.9484926852095374, "C.A._1242_2013.pdf": 3.9484926852095374, "c.a._433_2020.pdf": 3.9484926852095374, "c.a._1089_2015.pdf": 3.9484926852095374, "Const.P._35_2016_dt_15_12_2017.pdf": 3.9484926852095374, "c.a._364_p_2019.pdf": 3.9484926852095374, "c.p._4719_2017.pdf": 3.9484926852095374, "Crl.O.P.6of2012.pdf": 3.9484926852095374, "c.p._3057_2019.pdf": 3.9484926852095374, "ConstP.No.53of2007andConst.P.83of2012.pdf": 3.9484926852095374, "Const.P.73of2011.pdf": 3.9484926852095374, "c.p._607_2021.pdf": 3.9484926852095374, "c.a._2015_2022.pdf": 3.9484926852095374, "c.a._506_2011.pdf": 3.9484926852095374, "C.P._2982_2016.pdf": 3.9484926852095374, "C.A._510_2012.pdf": 3.9484926852095374, "C.M.A.2376of2013inConst.P.105-dt-7-5-13.pdf": 3.9484926852095374, "crl.a.264_2006.pdf": 7.896985370419075}, "ample": {"Const.P.127of2012.pdf": 6.208229069851337, "C.A._93_2015.pdf": 3.1041145349256687, "C.M.A.No.3685of2012-dt-17-1-2013.pdf": 6.208229069851337, "Const.P.31of2011etc.pdf": 3.1041145349256687, "Const.P._38_2016.pdf": 3.1041145349256687, "Const.P._29_2016_28072016.pdf": 3.1041145349256687, "NRO_Judgment.pdf": 9.312343604777006, "c.p._3436_l_2022.pdf": 3.1041145349256687, "Const.P.12of2010.pdf": 6.208229069851337, "Const.P.87of2011[UrduVersion].pdf": 3.1041145349256687, "C.A._2215_2006.pdf": 3.1041145349256687, "Const.P.33_2013.pdf": 3.1041145349256687, "Const.P._29_2016.pdf": 18.62468720955401, "C.R.P._125_2014.pdf": 6.208229069851337, "CONST.P.77OF2010-DT-06.04.12[URDU].pdf": 3.1041145349256687, "crl.p._490_2019.pdf": 3.1041145349256687, "Crl.O.P._154_2017.pdf": 3.1041145349256687, "S.M.C.18OF2010.pdf": 3.1041145349256687, "c.p._1665_2020.pdf": 3.1041145349256687, "j.p._147_2016.pdf": 3.1041145349256687, "SMC16of2011_detailed_judgment.pdf": 3.1041145349256687, "H.R.C.19of1996[AsgharKhanCase]DetailedReasons.pdf": 3.1041145349256687, "Const.P.77-78-79 [Memogate]DetailedOrder.pdf": 3.1041145349256687, "c.p._2933_2019.pdf": 3.1041145349256687, "C.M.A._3221_2012.pdf": 3.1041145349256687, "c.a._33_k_2018.pdf": 3.1041145349256687, "c.a._1018_2016.pdf": 3.1041145349256687, "j.p._210_2018.pdf": 3.1041145349256687, "c.p._2467_2020.pdf": 3.1041145349256687, "c.p._175_k_2022.pdf": 3.1041145349256687, "crl.p._290_l_2015.pdf": 3.1041145349256687, "c.p._609_2020.pdf": 3.1041145349256687, "C.A._248-P_2010.pdf": 3.1041145349256687, "c.a._19_2022.pdf": 3.1041145349256687, "j.p._865_2017.pdf": 3.1041145349256687, "c.a._18_k_2021.pdf": 6.208229069851337, "c.a._18_k_2020.pdf": 3.1041145349256687, "Const.P.87of2011.pdf": 3.1041145349256687, "c.p._3059_2021.pdf": 6.208229069851337, "c.p._3604_2018.pdf": 3.1041145349256687, "c.p._903_2023.pdf": 3.1041145349256687, "c.a._232_2020.pdf": 3.1041145349256687, "NROCaseDt.10.01.2012.pdf": 3.1041145349256687, "const.p.115_2011.pdf": 3.1041145349256687, "Crl.A._402_2013.pdf": 3.1041145349256687, "c.p._3501_2021.pdf": 3.1041145349256687, "C.A._1428_2016.pdf": 3.1041145349256687, "C.R.P._94_2014.pdf": 3.1041145349256687, "C.R.P.193of2013.pdf": 6.208229069851337, "h.r.c_11827_s_2018.pdf": 3.1041145349256687, "Crl.A.13-14-15and16of2004and53of2011.pdf": 6.208229069851337, "c.p._3855_2019.pdf": 3.1041145349256687, "crl.p._1371_2016.pdf": 3.1041145349256687, "const.p._17_2019_detailed_reasoning.pdf": 6.208229069851337, "C.A._616_2006.pdf": 3.1041145349256687, "c.a._469_2021.pdf": 3.1041145349256687, "c.a._420_2020.pdf": 6.208229069851337, "C.A.800Lof2013etc.pdf": 3.1041145349256687, "crl.p._994_2020.pdf": 3.1041145349256687, "c.a._458_2017.pdf": 3.1041145349256687, "c.p._3958_2019.pdf": 3.1041145349256687, "C.A._767_2014.pdf": 6.208229069851337, "c.p._152_2022.pdf": 6.208229069851337, "const.p.6_2011_final.pdf": 6.208229069851337, "c.a._908_2015.pdf": 3.1041145349256687, "c.p._2602_2019.pdf": 3.1041145349256687, "crl.a._560_2020.pdf": 3.1041145349256687, "CMA2745of2009etc.pdf": 9.312343604777006, "c.a._1498_2018.pdf": 3.1041145349256687, "C.P._1983_2012.pdf": 6.208229069851337, "H.R.C._39216_G_2018.pdf": 3.1041145349256687, "c.p._349_l_2017.pdf": 6.208229069851337, "c.p._4029_2019.pdf": 3.1041145349256687, "C.P._1958_2016.pdf": 3.1041145349256687, "C.A._1481_2007.pdf": 3.1041145349256687, "c.p._1920_2022.pdf": 3.1041145349256687, "Crl.A._21-K_2016.pdf": 3.1041145349256687, "c.a._2084_2016.pdf": 3.1041145349256687, "c.p._1896_l_2020.pdf": 3.1041145349256687, "CJD_Constitution_Petition_No_36_of_2005.pdf": 6.208229069851337, "c.p._3209_2019.pdf": 3.1041145349256687, "crl.p._245_2023.pdf": 3.1041145349256687, "c.p._545_k_2021.pdf": 9.312343604777006, "crl.p._53_q_2020.pdf": 3.1041145349256687, "c.p._692_2020.pdf": 3.1041145349256687, "c.m.a._1243_2021.pdf": 3.1041145349256687, "c.p._6406_2021.pdf": 3.1041145349256687, "SMCNo25of2009.pdf": 6.208229069851337, "crl.p._41_k_2023.pdf": 3.1041145349256687, "const.p._76_2018.pdf": 3.1041145349256687, "c.a._284_2017.pdf": 3.1041145349256687, "c.p._460_2022.pdf": 3.1041145349256687, "C.A._157_K_2016.pdf": 3.1041145349256687, "Crl.O.P.70_2012_dt_10-09-2013.pdf": 3.1041145349256687, "c.p._3455_2020.pdf": 3.1041145349256687, "C.P._3228_2015.pdf": 3.1041145349256687, "j.p._516_2018_detailed.pdf": 3.1041145349256687,