{"amrelli": {"SMC15OF2009.pdf": 31.361251933280656}, "amreli": {"SMC15OF2009.pdf": 6.741700694652055, "C.A._1171_2017.pdf": 6.741700694652055, "c.r.p._421_2020.pdf": 6.741700694652055}, "amra": {"NRO_Judgment.pdf": 7.840312983320164}, "amr": {"NRO_Judgment.pdf": 7.1471658027602185, "crl.p._1359_2023.pdf": 14.294331605520437}, "amreeka": {"crl.a._599_2020_26032021.pdf": 54.88219088324115}, "amreekan": {"crl.a._599_2020_26032021.pdf": 47.04187789992098}, "amrood": {"crl.a._528_2019.pdf": 7.1471658027602185, "c.p._989_2015.pdf": 7.1471658027602185}, "amrapur": {"smc_1_2014.pdf": 15.680625966640328}, "amroha": {"const.p._9_2010_27122021.pdf": 6.741700694652055, "const.p._9_2010.pdf": 6.741700694652055, "const.p._9_2010_28122021.pdf": 6.741700694652055}, "amrohvi": {"c.p._2547_2019.pdf": 15.680625966640328}, "amraiz": {"j.p._210_2018.pdf": 7.840312983320164}, "amritlal": {"C.A._176_2015.pdf": 7.1471658027602185, "CMA2745of2009etc.pdf": 7.1471658027602185}, "amraiza": {"c.a._177_p_2020.pdf": 7.840312983320164}, "amritdhara": {"c.a._444_2017.pdf": 7.840312983320164}, "amrit": {"c.r.p._420_2016.pdf": 15.680625966640328}, "amro": {"c.a._1113_2017.pdf": 7.840312983320164}, "amravati": {"c.a._1113_2017.pdf": 7.840312983320164}}