{"ams": {"C.A._3_2018_dt-14-9-2018.pdf": 6.454018622200273, "C.A._3_2018.pdf": 6.454018622200273, "C.A._03_2018.pdf": 6.454018622200273, "c.a._722_2012.pdf": 6.454018622200273}, "amsterdam": {"c.a._ 870_2020.pdf": 7.840312983320164}}