{"amusing": {"ConstitutionPetitionNo21OF2007.pdf": 7.840312983320164}, "amuck": {"Crl.O.P_57_2015.pdf": 7.840312983320164}, "amudhasurabi": {"c.p._1417_2022.pdf": 7.840312983320164}, "amusement": {"HRC-4668of2006.pdf": 24.194214056368438, "const.p._9_2010.pdf": 18.145660542276328, "SMC.13-2009.pdf": 6.048553514092109, "C.M.A._376-K_2014.pdf": 6.048553514092109, "CJD_Constitution_Petition_No_36_of_2005.pdf": 36.291321084552656, "ca679-lof2012.pdf": 6.048553514092109}, "amuse": {"ca679-lof2012.pdf": 7.840312983320164}}