{"amz": {"c.a._1003_2019.pdf": 50.03016061932153, "c.p._4700_2021.pdf": 7.1471658027602185}}