{"anbiya": {"Const.P._29_2016.pdf": 7.840312983320164}, "anber": {"C.P._3078_2016.pdf": 7.1471658027602185, "C.P._3078_2016_D.pdf": 7.1471658027602185}}