{"ancient": {"c.r.p._292_2021_sacked_employees.pdf": 4.343805421853684, "ConstitutionPetitionNo21OF2007.pdf": 4.343805421853684, "CPs.10-18of2011.pdf": 8.687610843707368, "const.p.42of2011(UrduVersion).pdf": 4.343805421853684, "Crl.O.P_57_2015.pdf": 13.031416265561052, "NRO_Judgment.pdf": 8.687610843707368, "Const.P._50_2018.pdf": 8.687610843707368, "Const.P.12of2010.pdf": 39.09424879668316, "Const.P.12of2010Urdu.pdf": 13.031416265561052, "const.p.42of2011.pdf": 4.343805421853684, "smc.18_2010_final.pdf": 13.031416265561052, "Const.P.77of2012[DetailedOrderFinal].pdf": 4.343805421853684, "crl.a._599_2020_26032021.pdf": 4.343805421853684, "Const.P.30of2013.pdf": 4.343805421853684, "H.R.C.19of1996[AsgharKhanCase]DetailedReasonsUrduTranslation.pdf": 17.375221687414736, "C.P.796of2007-dt-10-5-2013.pdf": 4.343805421853684, "CJD_Reference by_the_President_of_Pakistan_under_Article_186.pdf": 4.343805421853684, "const.p.23of2012.pdf": 8.687610843707368, "C.P._2093_2015.pdf": 4.343805421853684, "c.p._4296_2019.pdf": 4.343805421853684, "JR_Detailed_Judgment_in_Referendum_Case.pdf": 4.343805421853684, "const.p._2_2022_14102022.pdf": 4.343805421853684, "h.r.c_11827_s_2018.pdf": 4.343805421853684, "const.p._21_2023_11082023.pdf": 4.343805421853684, "const.p._24_2023_f.pdf": 4.343805421853684, "c.p._3944_2019.pdf": 13.031416265561052, "c.p._3413_2017.pdf": 4.343805421853684, "c.m.a._490_2021_20022021.pdf": 4.343805421853684, "c.p._78_q_2016.pdf": 4.343805421853684, "c.p._3747_2023.pdf": 4.343805421853684, "Const.P.59of2011.pdf": 4.343805421853684, "C.M.A._8215_2016.pdf": 17.375221687414736, "crl.a.264_2006.pdf": 8.687610843707368}, "ancillary": {"C.A._1171_2013.pdf": 8.449297387421662, "ConstitutionPetitionNo21OF2007.pdf": 25.347892162264987, "C.R.P._297_2017_Reserved.pdf": 2.8164324624738875, "Const.P._134_2012.pdf": 2.8164324624738875, "crl.a._400_2019.pdf": 2.8164324624738875, "Const.P._29_2016_28072016.pdf": 5.632864924947775, "SMC15OF2009.pdf": 5.632864924947775, "NRO_Judgment.pdf": 14.082162312369437, "C.M.A.64of2013dt-12-3-2013.pdf": 2.8164324624738875, "Const.P._50_2018.pdf": 8.449297387421662, "Const.P.12of2010.pdf": 16.898594774843325, "Const.P.33_2013.pdf": 5.632864924947775, "C.R.P._125_2014.pdf": 5.632864924947775, "Const.P.77of2012[DetailedOrderFinal].pdf": 2.8164324624738875, "crl.p._907_2020.pdf": 2.8164324624738875, "c.p._2243_l_2019.pdf": 2.8164324624738875, "Const.P._36_2016_dt_15_12_2017.pdf": 11.26572984989555, "Ref.01_2012_addl.note_HJ.ejaz_afzal_khan.pdf": 5.632864924947775, "S.M.C.18OF2010.pdf": 2.8164324624738875, "REVIEW_P_46&47_2011_full.pdf": 2.8164324624738875, "C.R.P.167of2012-dt-30-8-2012.pdf": 2.8164324624738875, "C.P.796of2007-dt-10-5-2013.pdf": 5.632864924947775, "JR_Judgment_on_17th_Amendmend_and_Presidents_Uniform_Case.pdf": 2.8164324624738875, "s.m.c._4_2022.pdf": 2.8164324624738875, "Crl.O.P.89of2011.pdf": 2.8164324624738875, "H.R.C._32642_2018.pdf": 2.8164324624738875, "c.r.p._292_2021.pdf": 2.8164324624738875, "c.a._1474_2021.pdf": 2.8164324624738875, "C.M.A._3221_2012.pdf": 2.8164324624738875, "S.M.C._19_2016.pdf": 2.8164324624738875, "c.a._73_2020.pdf": 2.8164324624738875, "const.p._24_2017.pdf": 2.8164324624738875, "Crl.M.A_693_2018.pdf": 2.8164324624738875, "c.p._1857_2022.pdf": 2.8164324624738875, "c.p._167_p_2022.pdf": 2.8164324624738875, "const.p._24_2023_an_10012024_r.pdf": 2.8164324624738875, "c.a._357_2020.pdf": 5.632864924947775, "c.p._132_p_2021.pdf": 5.632864924947775, "C.P._78_K_2015.pdf": 2.8164324624738875, "c.m.a._7923_2019.pdf": 2.8164324624738875, "c.r.p._296_2020_04022022.pdf": 8.449297387421662, "JR_Detailed_Judgment_in_Referendum_Case.pdf": 2.8164324624738875, "C.R.P._100_2016.pdf": 2.8164324624738875, "const.p._6_2023_07032024.pdf": 2.8164324624738875, "C.A._1208_2011.pdf": 2.8164324624738875, "C.P._1700_2011.pdf": 2.8164324624738875, "C.A._1171_2017.pdf": 5.632864924947775, "Const.P._24_2012.pdf": 2.8164324624738875, "c.p._1877_l_2016.pdf": 2.8164324624738875, "Const.P.87of2011.pdf": 5.632864924947775, "crl.p._1485_l_2019.pdf": 2.8164324624738875, "c.p._1942_2022.pdf": 5.632864924947775, "JR_Constitution_Petition_No._15_17-24_and_512_of_2002.pdf": 2.8164324624738875, "C.M.A._3325_2012_OrderDated_21-8-15.pdf": 2.8164324624738875, "C.A._300_2017.pdf": 2.8164324624738875, "C.A._95_2005.pdf": 2.8164324624738875, "Crl.M.A._1379_2017_Additional_Note.pdf": 2.8164324624738875, "c.p._271_2021.pdf": 2.8164324624738875, "C.A._1428_2016.pdf": 2.8164324624738875, "C.A._305_2008.pdf": 2.8164324624738875, "C.A._2564_2001.pdf": 2.8164324624738875, "C.R.P.193of2013.pdf": 5.632864924947775, "crl.a.19of2012.pdf": 22.5314596997911, "Const.P._2_2011.pdf": 2.8164324624738875, "Crl.A.140of2005.pdf": 19.715027237317212, "c.a._1409_2013 .pdf": 5.632864924947775, "S.M.C._03_2017.pdf": 2.8164324624738875, "c.r.p._292_2021_detailed.pdf": 2.8164324624738875, "c.a._21_2021.pdf": 2.8164324624738875, "c.a._1498_2018_note.pdf": 2.8164324624738875, "c.p._479_k_2020.pdf": 19.715027237317212, "C.A._1419_2009.pdf": 8.449297387421662, "const.p._17_2019_detailed_reasoning.pdf": 2.8164324624738875, "c.a._377_2014.pdf": 2.8164324624738875, "const.p._21_2023_11082023.pdf": 14.082162312369437, "Const.Petition.24_2011_dt02062011.pdf": 2.8164324624738875, "C.A._1890_2002.pdf": 2.8164324624738875, "j.p._499_2015.pdf": 2.8164324624738875, "const.p._39_16122019.pdf": 2.8164324624738875, "C.A._125_K_2016_JPMC_Dissenting_Note.pdf": 8.449297387421662, "C.A._654_2010.pdf": 8.449297387421662, "c.p._4737_2018.pdf": 2.8164324624738875, "c.a._2444_2016.pdf": 2.8164324624738875, "Const.P.No.33and34of2005-dt-27-6-2013.pdf": 5.632864924947775, "c.a._634_2014.pdf": 2.8164324624738875, "c.p._560_k_2019.pdf": 22.5314596997911, "C.A.800Lof2013etc.pdf": 2.8164324624738875, "c.p._34_2022.pdf": 2.8164324624738875, "Const.P._29_2017.pdf": 14.082162312369437, "c.a._458_2017.pdf": 19.715027237317212, "c.a._1772_2008.pdf": 2.8164324624738875, "c.a._1476_2018.pdf": 2.8164324624738875, "c.a._ 870_2020.pdf": 2.8164324624738875, "c.p._2338_l_2017.pdf": 2.8164324624738875, "const.p.20_2013.pdf": 2.8164324624738875, "S.M.C._3_2018.pdf": 5.632864924947775, "C.A._767_2014.pdf": 36.61362201216053, "c.a._171_2019.pdf": 2.8164324624738875, "const.p._6_2023_dt_05_01_2023.pdf": 8.449297387421662, "c.a._1113_2017_dissenting_note.pdf": 5.632864924947775, "c.r.p._420_2016.pdf": 2.8164324624738875, "const.p._42_2022_07032024.pdf": 2.8164324624738875, "C.P._4876_2018.pdf": 2.8164324624738875, "const.p._24_2023_f.pdf": 22.5314596997911, "s.m.c._1_2023_12062023.pdf": 2.8164324624738875, "reference_1_2020.pdf": 5.632864924947775, "Const.P.50-69of2011.pdf": 2.8164324624738875, "crl.a._120_2019.pdf": 2.8164324624738875, "CMA2745of2009etc.pdf": 5.632864924947775, "c.p._42_2024_25012024.pdf": 5.632864924947775, "const.p._6_2023_dn.pdf": 2.8164324624738875, "S.M.C14 of 2009.pdf": 2.8164324624738875, "const.p._17_2020_dissenting_note_hj4.pdf": 2.8164324624738875, "C.M.A._376-K_2014.pdf": 2.8164324624738875, "c.a._1113_2017.pdf": 14.082162312369437, "ConstitutionPetitionNo39of2009.pdf": 2.8164324624738875, "c.m.appeal._47_2020.pdf": 2.8164324624738875, "c.p._448_p_2017.pdf": 2.8164324624738875, "Const.P._35_2016_dt_15_12_2017.pdf": 2.8164324624738875, "C.P._1774_2015.pdf": 2.8164324624738875, "C.P._1774_2014.pdf": 2.8164324624738875, "c.a._491_2012.pdf": 2.8164324624738875, "c.a._284_2017.pdf": 2.8164324624738875, "Crl.O.P.6of2012.pdf": 5.632864924947775, "ConstP.No.53of2007andConst.P.83of2012.pdf": 2.8164324624738875, "C.A._1169_2014.pdf": 2.8164324624738875, "Const.P.73of2011.pdf": 2.8164324624738875, "ca679-lof2012.pdf": 2.8164324624738875, "Const.P._134_2012_21012019.pdf": 2.8164324624738875, "C.A._1023_2016.pdf": 2.8164324624738875, "c.p._6117_2021.pdf": 2.8164324624738875, "C.A.876-879of2005.pdf": 2.8164324624738875, "C.A._552_2015.pdf": 8.449297387421662, "c.a._24_q_2014.pdf": 2.8164324624738875, "const.p._39_2019.pdf": 2.8164324624738875, "C.P._357_2016.pdf": 2.8164324624738875,