{"anee": {"C.A._1171_2013.pdf": 3.797261715485614, "crl.p._149_l_2022.pdf": 3.797261715485614, "smc.18_2010_final.pdf": 15.189046861942456, "j.p._42_2017.pdf": 3.797261715485614, "Const.P.30of2013.pdf": 3.797261715485614, "crl.p._490_2019.pdf": 3.797261715485614, "S.M.C.18OF2010.pdf": 7.594523430971228, "s.m.c._1_2022_detailed.pdf": 3.797261715485614, "crp.328-329_2013.pdf": 3.797261715485614, "C.P.No.1017-Lof2011.pdf": 3.797261715485614, "Const.P_3_2014.pdf": 3.797261715485614, "c.r.p._292_2021.pdf": 3.797261715485614, "s.m.c._1_2023_01032023.pdf": 7.594523430971228, "18TH_AMENDMENT_ORDER.pdf": 3.797261715485614, "crl.a._231_2020.pdf": 3.797261715485614, "c.p._361_p_2018.pdf": 3.797261715485614, "c.m.a._7084_2020_opinion_hj_5.pdf": 3.797261715485614, "Constitution_Petition_No.18.pdf": 3.797261715485614, "c.p._1998_2018.pdf": 3.797261715485614, "c.p._1540_2018.pdf": 3.797261715485614, "CMA No.5144of2011.pdf": 3.797261715485614, "c.p._2_2022_dissenting_note2.pdf": 3.797261715485614, "c.p._490_k_2020.pdf": 3.797261715485614, "c.a._999_2017.pdf": 3.797261715485614, "Crl.A._93_2013.pdf": 3.797261715485614, "i.c.a._1_2024_15032024.pdf": 3.797261715485614, "c.r.p._292_2021_detailed.pdf": 3.797261715485614, "c.a._42_p_2016.pdf": 3.797261715485614, "c.p._3136_2022.pdf": 3.797261715485614, "const.p._2_2022_21032022.pdf": 3.797261715485614, "c.a._185_l_2015.pdf": 3.797261715485614, "c.a._40_2021.pdf": 3.797261715485614, "C.A.800Lof2013etc.pdf": 3.797261715485614, "i.c.a._1_2024_1502024_an.pdf": 3.797261715485614, "const.p._5_2023_04022023.pdf": 3.797261715485614, "const.p.6_2011_final.pdf": 3.797261715485614, "s.m.c._1_2023_12062023.pdf": 7.594523430971228, "J.P._217_2017.pdf": 3.797261715485614, "c.a._290_2022.pdf": 3.797261715485614, "C.A.39_2010.pdf": 3.797261715485614, "c.p._2743_2018.pdf": 3.797261715485614, "c.a._190_2015.pdf": 3.797261715485614, "C.M.A._376-K_2014.pdf": 11.391785146456842, "c.a._354_2020.pdf": 3.797261715485614, "c.p._1028_2019.pdf": 3.797261715485614, "j.p._201_2015.pdf": 3.797261715485614, "Crl.P.No.426of2009&Crl.A.No.pdf": 3.797261715485614, "c.p._715_2018.pdf": 3.797261715485614, "SMCNo25of2009.pdf": 3.797261715485614, "c.a._49_2022.pdf": 3.797261715485614, "c.p._189_q_2017.pdf": 3.797261715485614, "crl.p._29_k_2022.pdf": 3.797261715485614, "CJD_Section 2-A_Case_as_on_26_06_2006.pdf": 3.797261715485614, "HR8340OF2010.pdf": 3.797261715485614, "c.p._3185_2020.pdf": 3.797261715485614, "clr.a._250_2020.pdf": 3.797261715485614, "Const.P.5and15-HRC14144-DetailedReasons.pdf": 3.797261715485614}, "anecdotal": {"Crl.P._927_2016.pdf": 7.1471658027602185, "crl.p._883_l_2022_urdu.pdf": 7.1471658027602185}, "aneeqa": {"C.A._634_L_2012.pdf": 6.741700694652055, "C.A._340_2002.pdf": 20.225102083956166, "crl.p._716_2019.pdf": 53.93360555721644}, "anemia": {"Const.P._38_2016.pdf": 7.1471658027602185, "const.p.1_ 2012_etc.pdf": 7.1471658027602185}, "aneela": {"cps_853-876_2014.pdf": 6.741700694652055, "crl.a._85_2020.pdf": 13.48340138930411, "C.P.784of2014.pdf": 6.741700694652055}, "anew": {"C.P._1800_2015.pdf": 7.1471658027602185, "S.J.C_347_2018.PDF": 7.1471658027602185}, "anecdote": {"Const.P.12of2010Urdu.pdf": 7.1471658027602185, "CJD_Reference by_the_President_of_Pakistan_under_Article_186.pdf": 7.1471658027602185}, "aneesuddin": {"HRC7734-G_1003-GOF2009[UrduTranslation].pdf": 7.840312983320164}, "aneesa": {"18TH_AMENDMENT_ORDER.pdf": 5.8944028342648505, "c.a._1551_2017.pdf": 5.8944028342648505, "c.a._408_2022.pdf": 5.8944028342648505, "c.p._329_k_2022.pdf": 5.8944028342648505, "Const.P.59of2011dt-9-4-2013.pdf": 5.8944028342648505, "Const.P.59of2011.pdf": 5.8944028342648505, "CPs987-989OF2011-DT19.10.2011.pdf": 5.8944028342648505}, "anesthesia": {"c.p._2129_2020.pdf": 7.840312983320164}, "ane": {"c.p._3795_2021.pdf": 6.741700694652055, "j.p._201_2015.pdf": 6.741700694652055, "crl.p._273_l_2021.pdf": 6.741700694652055}, "aneeq": {"Const.P._134_2012_21012019.pdf": 7.840312983320164}, "anesthetized": {"H.R.C._17599_2018.pdf": 7.840312983320164}}