{"anl": {"c.p._3236_2019.pdf": 92.91315543588284, "Const.P.59of2011.pdf": 14.294331605520437}, "anlatanalakamata": {"c.a._108_2015.pdf": 7.840312983320164}}