{"anmaa": {"c.a._108_2015.pdf": 7.840312983320164}, "anmol": {"C.A._1084_2008.pdf": 21.441497408280654, "c.p._398_l_2018.pdf": 7.1471658027602185}, "anme": {"Crl.O.P._59_2015.pdf": 7.840312983320164}}