{"anp": {"Const.P.12of2010.pdf": 5.355406333532164, "Const.P.87of2011[UrduVersion].pdf": 10.710812667064328, "s.m.c._1_2022_detailed.pdf": 5.355406333532164, "SMC16of2011_detailed_judgment.pdf": 42.84325066825731, "const.p.6_2023.pdf": 5.355406333532164, "Const.P.87of2011.pdf": 26.77703166766082, "C.A._508_2017.pdf": 26.77703166766082, "const.p._2_2022_21032022.pdf": 5.355406333532164, "const.p._6_2023_13042023.pdf": 5.355406333532164, "const.p.20_2013.pdf": 10.710812667064328, "s.m.c._1_2022_07042022.pdf": 5.355406333532164, "S.M.C.16of2011dt-22-3-2013.pdf": 5.355406333532164}}