{"anusha": {"Order-DNC-nd-note.pdf": 47.191904862564385, "URDU_CONST.P.05-2012-20.09.12.pdf": 6.741700694652055, "ConstP5of2012_dt_20092012.pdf": 6.741700694652055}, "anu": {"C.P.796of2007-UrduTranslation-dt-10-5-2013.pdf": 6.741700694652055, "C.P.796of2007-dt-10-5-2013.pdf": 6.741700694652055, "crl.p._29_k_2022.pdf": 6.741700694652055}, "anum": {"c.p._1331_l_2017.pdf": 6.741700694652055, "Crl.P._630_2017.pdf": 6.741700694652055, "c.p._490_k_2020.pdf": 6.741700694652055}, "anufrijeva": {"Const.P.77of2012[DetailedOrderFinal].pdf": 7.840312983320164}, "anukul": {"SMC16of2011_detailed_judgment.pdf": 7.840312983320164}, "anus": {"Crl.A._178-L_2009.pdf": 7.1471658027602185, "crl.sh.a._23_2017.pdf": 7.1471658027602185}}