{"anvil": {"ConstitutionPetitionNo21OF2007.pdf": 5.537727890326118, "Const.P.12of2010.pdf": 33.22636734195671, "const.p._24_to_26_of_2023_04072023.pdf": 5.537727890326118, "C.P.796of2007-dt-10-5-2013.pdf": 5.537727890326118, "HRC-4668of2006.pdf": 5.537727890326118, "C.A._633_2007.pdf": 5.537727890326118, "const.p._2_2022_14102022.pdf": 5.537727890326118, "const.p._6_2023_13042023.pdf": 5.537727890326118, "const.p._24_2023_f.pdf": 38.76409523228283, "H.R.C._17599_2018.pdf": 5.537727890326118}, "anver": {"c.p._2129_2020.pdf": 7.840312983320164}}