{"anxiety": {"Const.P.127of2012.pdf": 4.544476117315835, "Const.P.12of2010.pdf": 13.633428351947504, "Const.P.77of2012[DetailedOrderFinal].pdf": 4.544476117315835, "Const.P.NO.62OF2010_orderdt06062011.pdf": 4.544476117315835, "j.p._147_2016.pdf": 4.544476117315835, "const.p._21_2022_15092023.pdf": 4.544476117315835, "c.a._130_2021.pdf": 4.544476117315835, "crl.p._596_l_2022.pdf": 4.544476117315835, "C.P._1340_2014.pdf": 4.544476117315835, "Crl.P.200of2009.pdf": 4.544476117315835, "C.A._307-L_2015.pdf": 4.544476117315835, "C.P.No.2255of2010-dt-27-6-2013 .pdf": 4.544476117315835, "c.a._1772_2008.pdf": 4.544476117315835, "c.r.p._420_2016.pdf": 4.544476117315835, "c.p._1496_k_2021.pdf": 4.544476117315835, "C.A._69_2015.pdf": 4.544476117315835, "crl.a._120_2019.pdf": 9.08895223463167, "crl.p._163_2020.pdf": 4.544476117315835, "c.a._2186_2017.pdf": 4.544476117315835, "c.m.a._1243_2021.pdf": 9.08895223463167, "c.a._52_k_2022.pdf": 4.544476117315835, "c.a._284_2017.pdf": 9.08895223463167, "Crl.A._176_2012.pdf": 4.544476117315835, "c.p._140_l_2015.pdf": 4.544476117315835, "C.M.A._204_2017.pdf": 4.544476117315835, "const.p._10_2019.pdf": 4.544476117315835, "const.p._21_2022_16052023.pdf": 4.544476117315835}, "anxiously": {"Const.P.12of2010.pdf": 6.230875070886063, "JR_Detailed_Judgment_in_Graduation_Qualification_Case.pdf": 6.230875070886063, "C.A._654_2010.pdf": 6.230875070886063, "c.a._550_2020.pdf": 6.230875070886063, "C.A.876-879of2005.pdf": 6.230875070886063}, "anxious": {"Const.P.12of2010.pdf": 4.544476117315835, "Const.P.40of2012-DetailJudgment-dt-3.7.2012.pdf": 4.544476117315835, "C.P.796of2007-dt-10-5-2013.pdf": 4.544476117315835, "c.p._1857_2022.pdf": 4.544476117315835, "cma.3685-3686_of_2012_in_hrc.7734-g_of_2009_dt_31.01.2013.pdf": 4.544476117315835, "HRC-4668of2006.pdf": 4.544476117315835, "C.R.P._100_2016.pdf": 4.544476117315835, "const.p._2_2022_14102022.pdf": 4.544476117315835, "c.a._455_2012.pdf": 4.544476117315835, "Const.P.87of2011.pdf": 4.544476117315835, "C.A._280-L_2009.pdf": 4.544476117315835, "C.A._2564_2001.pdf": 4.544476117315835, "Crl.A.13-14-15and16of2004and53of2011.pdf": 4.544476117315835, "Crl.P.200of2009.pdf": 4.544476117315835, "c.a._8_q_2017.pdf": 4.544476117315835, "const.p._21_2023_11082023.pdf": 9.08895223463167, "const.p._24_2023_f.pdf": 4.544476117315835, "ca.297_2014.pdf": 4.544476117315835, "c.a._17_q_2023.pdf": 4.544476117315835, "ConstP.No.53of2007andConst.P.83of2012.pdf": 4.544476117315835, "C.A._157_K_2016.pdf": 4.544476117315835, "C.A.876-879of2005.pdf": 4.544476117315835, "C.M.A._8215_2016.pdf": 4.544476117315835, "const_petition_26_2013_17.03.pdf": 4.544476117315835, "C.A._1646_2000.pdf": 4.544476117315835, "Const.P.5and15-HRC14144-DetailedReasons.pdf": 4.544476117315835, "c.a._1005_2009.pdf": 4.544476117315835}, "anxiousness": {"c.m.a._6762_2020_13032021.pdf": 7.840312983320164}}