{"anzie": {"c.p._1290_l_2019.pdf": 7.840312983320164}, "anzar": {"hr.29388-k_2013.pdf": 7.840312983320164}, "anz": {"C.A._441_2010.pdf": 23.52093894996049}, "anzalna": {"c.m.a._490_2021_20022021.pdf": 7.840312983320164}}