{"ao": {"S.M.C._20_2016.pdf": 11.788805668529701, "S.M.C._01_2010.pdf": 5.8944028342648505, "C.P._371_P_2016.pdf": 5.8944028342648505, "c.m.a._7139_2019.pdf": 5.8944028342648505, "crl.p._910_2022 .pdf": 5.8944028342648505, "C.A._457_2010.pdf": 5.8944028342648505, "Const.P._46_2013.pdf": 5.8944028342648505}}