{"aoa": {"C.A._150_2006.pdf": 14.294331605520437, "H.R.C._3654_2018.pdf": 192.9734766745259}}