{"aop": {"c.p._398_l_2018.pdf": 6.741700694652055, "c.a._1127_2011.pdf": 26.96680277860822, "C.A.876-879of2005.pdf": 6.741700694652055}}