{"ap": {"C.M.A.No.3685of2012-dt-17-1-2013.pdf": 10.014199278527895, "SMC15OF2009.pdf": 5.007099639263948, "NRO_Judgment.pdf": 5.007099639263948, "Const.P._50_2018.pdf": 5.007099639263948, "Const.P.30of2013.pdf": 5.007099639263948, "CP778-779.pdf": 5.007099639263948, "H.R.C.19of1996[AsgharKhanCase]DetailedReasons.pdf": 5.007099639263948, "c.p._1159_2019.pdf": 10.014199278527895, "c.p._1775_2022.pdf": 5.007099639263948, "S.M.C._3_2018.pdf": 10.014199278527895, "const.p._6_2023_dt_05_01_2023.pdf": 5.007099639263948, "c.a._1113_2017_dissenting_note.pdf": 5.007099639263948, "c.a._1113_2017.pdf": 5.007099639263948, "c.p._803_2019.pdf": 5.007099639263948, "const.p._6_2023_addl_n.pdf": 5.007099639263948, "C.A._622 _2008.pdf": 5.007099639263948, "c.p._4700_2021.pdf": 5.007099639263948}}