{"apg": {"J.P._191_2018.pdf": 34.649588577968, "cr.p_1054_l_2023.pdf": 9.899882450847999, "crl.p._883_l_2022_urdu.pdf": 34.649588577968, "Crl.A._94_2019.pdf": 4.949941225423999, "crl.p._1667_2021.pdf": 14.849823676271999, "crl.p._883_l_2022.pdf": 34.649588577968, "crl.p._324_2020.pdf": 4.949941225423999, "j.p._73_2016.pdf": 14.849823676271999, "crl.p._1308_2022.pdf": 14.849823676271999, "crl.p._1496_2022.pdf": 14.849823676271999, "j.p._712_2018.pdf": 24.749706127119996, "Crl.P._634_2015.pdf": 4.949941225423999, "crl.a._48_2021.pdf": 9.899882450847999, "Crl.A._90_L_2017.pdf": 9.899882450847999, "c.a.482_2014.pdf": 4.949941225423999, "crl.p._298_2023.pdf": 4.949941225423999, "crl.p._860_l_2021.pdf": 4.949941225423999, "C.P._662_2017.pdf": 4.949941225423999}, "apga": {"Const.P._29_2016_28072016.pdf": 31.361251933280656}}