{"aphorism": {"c.a._1476_2018.pdf": 13.48340138930411, "c.p._3988_2019.pdf": 6.741700694652055, "Crl.O.P.6of2012.pdf": 6.741700694652055}}