{"api": {"c.a._10_2020.pdf": 15.680625966640328}, "apium": {"crl.a._177_2022.pdf": 7.840312983320164}}