{"apl": {"c.p._620_2021.pdf": 7.1471658027602185, "c.r.p._432_k_2022.pdf": 7.1471658027602185}, "aplomb": {"Const.P.12of2010.pdf": 7.840312983320164}, "aplekaalamamlamalumaja": {"c.a._108_2015.pdf": 7.840312983320164}}