{"apm": {"Const.P.33_2013.pdf": 6.741700694652055, "c.a._18_k_2021.pdf": 47.191904862564385, "c.a._498_2020.pdf": 6.741700694652055}, "apmso": {"H.R.C.19of1996[AsgharKhanCase]DetailedReasonsUrduTranslation.pdf": 6.741700694652055, "SMC16of2011_detailed_judgment.pdf": 6.741700694652055, "H.R.C.19of1996[AsgharKhanCase]DetailedReasons.pdf": 6.741700694652055}, "apml": {"Const.P._35_2016_dt_15_12_2017.pdf": 7.1471658027602185, "c.m.a._10566_2023.pdf": 50.03016061932153}}