{"aps": {"Const.P._50_2018.pdf": 6.741700694652055, "Const.P.12of2010.pdf": 13.48340138930411, "Const.P._46_2013.pdf": 6.741700694652055}}