{"apunama": {"c.a._108_2015.pdf": 7.840312983320164}, "apug": {"Crl.O.P.89of2011.pdf": 6.454018622200273, "Crl.O.P._47_2016.pdf": 6.454018622200273, "Const.P.22of2013.pdf": 6.454018622200273, "C.A._588_2017.pdf": 6.454018622200273}}