{"aqash": {"Const.P._29_2016.pdf": 62.72250386656131}, "aqail": {"C.R.P._125_2014.pdf": 7.1471658027602185, "C.R.P.193of2013.pdf": 7.1471658027602185}, "aqal": {"C.M.A.2371of2012dt[07-06-2012].pdf": 6.454018622200273, "cas_727-730_777_778_2014_etc.pdf": 6.454018622200273, "crl.p._619_2020.pdf": 12.908037244400546, "j.p._614_2016.pdf": 6.454018622200273}, "aqat": {"c.a._1219_2015.pdf": 7.840312983320164}, "aqailawan": {"C.A._588_2017.pdf": 7.840312983320164}, "aqa": {"CJD_Section 2-A_Case_as_on_26_06_2006.pdf": 31.361251933280656}}