{"aqeel": {"cma_2774_2014_in_const.p.51_2010_dt_22.05.14.pdf": 18.17790446926334, "Const.P._29_2016.pdf": 4.544476117315835, "Ref.01_2012_addl.note_HJ.ejaz_afzal_khan.pdf": 9.08895223463167, "smc.11_2011.pdf": 468.081040083531, "const.p._9_2010_27122021.pdf": 4.544476117315835, "c.a._675_2019.pdf": 4.544476117315835, "c.p._43_l_2021.pdf": 4.544476117315835, "c.p._490_k_2020.pdf": 22.722380586579174, "c.p._3059_2021.pdf": 4.544476117315835, "c.a._565_2011.pdf": 4.544476117315835, "const.p._9_2010.pdf": 4.544476117315835, "Crl.P.200of2009.pdf": 13.633428351947504, "c.p._3203_2017.pdf": 13.633428351947504, "c.a._634_2014.pdf": 4.544476117315835, "crl.p._457_l_2016.pdf": 4.544476117315835, "s.m.c._4_2021_11032024.pdf": 9.08895223463167, "c.a._11_2022.pdf": 4.544476117315835, "s.m.c._4_2021_29012024_r.pdf": 9.08895223463167, "const.p._9_2010_28122021.pdf": 4.544476117315835, "const.p._5_2024_04032024.pdf": 4.544476117315835, "c.a._1653_2021.pdf": 4.544476117315835, "crl.p._1269_2020.pdf": 13.633428351947504, "smc.9_2011.pdf": 4.544476117315835, "CJD_Pakistan_Steel_Mills_Case.pdf": 4.544476117315835, "C.R.P._309_2013.pdf": 86.34504622900086, "const.p._5_2024.pdf": 4.544476117315835, "s.m.c._4_2021_dt_30_01_2024.pdf": 4.544476117315835}, "aqeela": {"crl.a.264_2006.pdf": 7.840312983320164}}