{"aqil": {"Const.P.127of2012.pdf": 18.649036611888874, "Const.P._134_2012.pdf": 4.662259152972219, "C.R.P._125_2014.pdf": 32.63581407080553, "c.a._864_2017.pdf": 4.662259152972219, "SMC16of2011_detailed_judgment.pdf": 9.324518305944437, "Crl.O.P.89of2011.pdf": 55.94710983566662, "C.P._78_K_2015.pdf": 4.662259152972219, "const.p.9_2014_detail_reasons.pdf": 4.662259152972219, "c.p._283_k_2020.pdf": 9.324518305944437, "c.a.32_k_2018.pdf": 9.324518305944437, "C.R.P.193of2013.pdf": 32.63581407080553, "Crl.P.200of2009.pdf": 4.662259152972219, "const.p._17_2019_detailed_reasoning.pdf": 4.662259152972219, "C.A.39_2010.pdf": 13.986777458916656, "c.m.a._1824_2021.pdf": 9.324518305944437, "j.p._553_2017.pdf": 37.29807322377775, "C.P._529_2015.pdf": 65.27162814161106, "c.a._52_k_2022.pdf": 4.662259152972219, "Crl.O.P.6of2012.pdf": 9.324518305944437, "Const.P._134_2012_21012019.pdf": 4.662259152972219, "c.a._1167_2020.pdf": 4.662259152972219, "CJD_Section 2-A_Case_as_on_26_06_2006.pdf": 4.662259152972219, "CMA3258of2013inCP65of09DetailOrder.pdf": 4.662259152972219, "c.p._231_2022.pdf": 4.662259152972219}, "aqiba": {"ConstitutionPetitionNo21OF2007.pdf": 15.680625966640328}, "aqib": {"c.m.a._8758_2018_23nov2023.pdf": 7.1471658027602185, "c.p._2347_2022.pdf": 7.1471658027602185}}