{"ar": {"C.Sh.A._1_2013.pdf": 4.795790545596741, "URDU_CONST.P.05-2012-20.09.12.pdf": 4.795790545596741, "NRO_Judgment.pdf": 4.795790545596741, "Const.P.12of2010.pdf": 4.795790545596741, "HRC7734-G_1003-GOF2009[UrduTranslation].pdf": 9.591581091193483, "c.a._731_2016.pdf": 4.795790545596741, "const.p.6_2023.pdf": 4.795790545596741, "JR_Detailed_Judgment_in_Referendum_Case.pdf": 9.591581091193483, "crl.a._177_2022.pdf": 4.795790545596741, "c.a._1029_2019.pdf": 4.795790545596741, "h.r.c_11827_s_2018.pdf": 9.591581091193483, "const.p._17_2019_detailed_reasoning.pdf": 4.795790545596741, "c.p._3795_2021.pdf": 4.795790545596741, "c.a.1540-1599_2013.pdf": 4.795790545596741, "c.a._2444_2016.pdf": 4.795790545596741, "c.p._593_l_2021.pdf": 4.795790545596741, "C.A._651_2012.pdf": 9.591581091193483, "C.M.A._376-K_2014.pdf": 14.387371636790224, "crl.p._53_q_2020.pdf": 4.795790545596741, "C.P._1638_2014.pdf": 19.183162182386965, "Crl.P._100_2017.pdf": 4.795790545596741}}