{"archaic": {"c.r.p._446_2022.pdf": 5.355406333532164, "c.p._852_2020.pdf": 16.06621900059649, "c.p._1347_2019.pdf": 5.355406333532164, "c.p._419_2020.pdf": 5.355406333532164, "c.r.p._296_2020_04022022.pdf": 5.355406333532164, "c.a._2150_2019.pdf": 5.355406333532164, "Const.P._24_2012.pdf": 10.710812667064328, "const.p._17_2019_detailed_reasoning.pdf": 5.355406333532164, "S.M.C._8_2018.pdf": 5.355406333532164, "c.a._908_2015.pdf": 5.355406333532164, "c.p.1795_2022.pdf": 5.355406333532164, "crl.p.203-l_2014.pdf": 5.355406333532164}, "architect": {"Const.P.127of2012.pdf": 4.5081084731449605, "ConstitutionPetitionNo21OF2007.pdf": 9.016216946289921, "Const.P_6of2011.pdf": 4.5081084731449605, "Const.P.12of2010.pdf": 4.5081084731449605, "Const.P._36_2016_dt_15_12_2017.pdf": 4.5081084731449605, "smc.11_2011.pdf": 4.5081084731449605, "c.a._1120_2009.pdf": 4.5081084731449605, "C.A._704_2017.pdf": 13.52432541943488, "c.p._6309_2021.pdf": 4.5081084731449605, "Supreme_Judicial_Council_242_2015.pdf": 9.016216946289921, "Const.P.77to85,89and92of2011[dt12.6.2012].pdf": 4.5081084731449605, "crl.p._1225_2021.pdf": 4.5081084731449605, "HRC-4668of2006.pdf": 13.52432541943488, "c.a._64_2022.pdf": 4.5081084731449605, "i.c.a._1_2024_15032024.pdf": 4.5081084731449605, "const.p._17_2019_detailed_reasoning.pdf": 9.016216946289921, "SMC.13-2009.pdf": 4.5081084731449605, "Const.P._29_2017.pdf": 4.5081084731449605, "i.c.a._1_2024_1502024_an.pdf": 4.5081084731449605, "crl.p._534_2019.pdf": 4.5081084731449605, "C.M.A._376-K_2014.pdf": 13.52432541943488, "CJD_Constitution_Petition_No_36_of_2005.pdf": 4.5081084731449605, "ICA3,4,6TO11of2011dt2011.04.pdf": 4.5081084731449605, "SMCNo25of2009.pdf": 22.540542365724804, "crl.p._391_2020.pdf": 4.5081084731449605, "C.A._622 _2008.pdf": 4.5081084731449605, "crl.p._1145_l_2019.pdf": 4.5081084731449605, "c.a._1005_2009.pdf": 4.5081084731449605}, "archived": {"Crl.P._748_2016.pdf": 7.840312983320164}, "architecture": {"c.p._1331_l_2017.pdf": 5.442417710521793, "Const.P.12of2010.pdf": 10.884835421043586, "C.A._233_2015.pdf": 5.442417710521793, "c.p._2119_2018.pdf": 5.442417710521793, "c.p._6309_2021.pdf": 5.442417710521793, "C.P._78_K_2015.pdf": 5.442417710521793, "const.p._6_2023_dn.pdf": 5.442417710521793, "SMCNo25of2009.pdf": 5.442417710521793, "c.m.a._1243_2021_04042022.pdf": 5.442417710521793, "C.M.A._8215_2016.pdf": 10.884835421043586, "Const.P.5and15-HRC14144-DetailedReasons.pdf": 5.442417710521793}, "arca": {"Const.P_6of2011.pdf": 7.840312983320164}, "arcade": {"Const.P_6of2011.pdf": 7.840312983320164}, "archive": {"Const.P.12of2010.pdf": 5.760871441640328, "Const.P.30of2013.pdf": 5.760871441640328, "c.a._228_2020.pdf": 40.326100091482296, "c.p._280_k_2019.pdf": 5.760871441640328, "c.a._364_p_2019.pdf": 5.760871441640328, "C.M.A.4918of2012-dt-26-4-2013.pdf": 5.760871441640328, "c.p._84_p_2020.pdf": 5.760871441640328, "c.p._342_k_2020.pdf": 5.760871441640328}, "architectural": {"Const.P.12of2010.pdf": 12.097107028184219, "Const.P.12of2010Urdu.pdf": 6.048553514092109, "C.A._1428_2016.pdf": 6.048553514092109, "SMCNo25of2009.pdf": 6.048553514092109, "smc_1_2014_dt_27.02.2014.pdf": 6.048553514092109, "C.M.A._8215_2016.pdf": 36.291321084552656}, "arch": {"Const.P.12of2010.pdf": 6.454018622200273, "smc_1_2014.pdf": 12.908037244400546, "Crl.A._298_L_2017.pdf": 6.454018622200273, "C.M.A._8215_2016.pdf": 6.454018622200273}, "arc": {"Const.P.12of2010.pdf": 5.067724261080383, "SMC16of2011_detailed_judgment.pdf": 5.067724261080383, "c.a._108_2015.pdf": 5.067724261080383, "c.a._799_2021.pdf": 5.067724261080383, "HRC-4668of2006.pdf": 5.067724261080383, "const.p._2_2022_14102022.pdf": 5.067724261080383, "c.a._1295_2019.pdf": 15.20317278324115, "crl.a.19of2012.pdf": 5.067724261080383, "c.a._433_2015.pdf": 5.067724261080383, "SMC.13-2009.pdf": 5.067724261080383, "c.p._1171_2021.pdf": 5.067724261080383, "const.p._24_2023_f.pdf": 5.067724261080383, "c.p._3209_2020.pdf": 5.067724261080383, "const.p._22_2022.pdf": 5.067724261080383, "c.a._1167_2020.pdf": 15.20317278324115, "c.r.p._432_k_2022.pdf": 5.067724261080383}, "archer": {"Const.P._29_2016.pdf": 47.04187789992098}, "archduke": {"crl.a._95_2019.pdf": 7.840312983320164}, "archaeologist": {"Crl.A._94_2019.pdf": 7.1471658027602185, "c.p.1795_2022.pdf": 7.1471658027602185}, "archbishop": {"smc_1_2014.pdf": 35.735829013801094, "c.a._515_2015.pdf": 7.1471658027602185}, "archaeological": {"C.P.796of2007-dt-10-5-2013.pdf": 7.1471658027602185, "C.M.A._8215_2016.pdf": 7.1471658027602185}, "archdeaconry": {"H.R.C._32642_2018.pdf": 15.680625966640328}, "architecte": {"Crl.A._301_L_2017.pdf": 7.1471658027602185, "Crl.A._157_L_2017.pdf": 7.1471658027602185}, "archbald": {"const.p._17_2019_detailed_reasoning.pdf": 7.840312983320164}, "archroma": {"c.p._414_2021.pdf": 15.680625966640328}, "archaeology": {"c.a._188_2020.pdf": 7.1471658027602185, "C.M.A._8215_2016.pdf": 300.1809637159292}, "archival": {"c.a._94_2008.pdf": 7.840312983320164}, "archeology": {"C.M.A._8215_2016.pdf": 70.56281684988147}, "architectured": {"C.M.A._8215_2016.pdf": 7.840312983320164}, "arcot": {"JR_Fecto_Belarus_Tractor_Limited_Case.pdf": 7.840312983320164}, "arcumstance": {"CPs987-989OF2011-DT19.10.2011.pdf": 7.840312983320164}}