{"ardeshir": {"Const.P.127of2012.pdf": 12.168370048205709, "NRO_Judgment.pdf": 4.056123349401903, "c.p._2537_2020.pdf": 8.112246698803807, "j.p._587_2016.pdf": 8.112246698803807, "Const.P.12of2010.pdf": 8.112246698803807, "S.M.C._20_2016.pdf": 4.056123349401903, "Const.P._29_2016.pdf": 36.50511014461713, "Const.P.77of2012[DetailedOrderFinal].pdf": 12.168370048205709, "Const.P.NO.62OF2010_orderdt06062011.pdf": 4.056123349401903, "I.C.A._7_2018.pdf": 4.056123349401903, "CP778-779.pdf": 4.056123349401903, "JR_Judgment_on_17th_Amendmend_and_Presidents_Uniform_Case.pdf": 4.056123349401903, "Const.P.5of2013.pdf": 8.112246698803807, "const.p._9_2010_27122021.pdf": 4.056123349401903, "C.P._2093_2015.pdf": 4.056123349401903, "const.p._24_2017.pdf": 4.056123349401903, "C.A._353_2015.pdf": 4.056123349401903, "Crl.M.A_693_2018.pdf": 20.280616747009518, "c.r.p._421_2020_dissenting_notes.pdf": 8.112246698803807, "HRC-4668of2006.pdf": 4.056123349401903, "Const.P.No.77of2012[ShortOrder2.8.2012].pdf": 4.056123349401903, "c.a._17_l_2019.pdf": 4.056123349401903, "C.P._1700_2011.pdf": 4.056123349401903, "const.p._2_2022_14102022.pdf": 4.056123349401903, "c.p._490_k_2020.pdf": 4.056123349401903, "const.p._9_2010.pdf": 4.056123349401903, "c.p._2231_2020.pdf": 4.056123349401903, "c.p._5918_2021.pdf": 4.056123349401903, "c.p._3203_2017.pdf": 4.056123349401903, "c.r.p._421_2020.pdf": 8.112246698803807, "C.A._699_2017.pdf": 8.112246698803807, "C.A._654_2010.pdf": 4.056123349401903, "I.C.A._01_2007.pdf": 4.056123349401903, "c.a._1476_2018.pdf": 4.056123349401903, "const.p._6_2023_dt_05_01_2023.pdf": 4.056123349401903, "crl.a._633_2019_15092023.pdf": 4.056123349401903, "const.p._9_2010_28122021.pdf": 4.056123349401903, "c.a._1113_2017.pdf": 4.056123349401903, "CJD_Constitution_Petition_No_36_of_2005.pdf": 4.056123349401903, "Crl.A.126of2012.pdf": 8.112246698803807, "C.A._620_2006.pdf": 16.224493397607613, "CJD_Pakistan_Steel_Mills_Case.pdf": 12.168370048205709, "JR_Fecto_Belarus_Tractor_Limited_Case.pdf": 4.056123349401903, "CPs987-989OF2011-DT19.10.2011.pdf": 4.056123349401903}, "arduousness": {"C.M.A.64of2013dt-12-3-2013.pdf": 6.741700694652055, "Const.P.87of2011.pdf": 6.741700694652055, "c.p._42_2024_25012024.pdf": 6.741700694652055}, "ardently": {"Const.P.12of2010.pdf": 7.1471658027602185, "c.a._ 870_2020.pdf": 7.1471658027602185}, "arduous": {"Const.P.12of2010.pdf": 5.067724261080383, "crp.328-329_2013.pdf": 5.067724261080383, "c.p._3772_2019.pdf": 5.067724261080383, "crl.p._290_l_2015.pdf": 5.067724261080383, "c.p._1942_2022.pdf": 5.067724261080383, "crl.a._531_2019.pdf": 5.067724261080383, "Crl.P.200of2009.pdf": 5.067724261080383, "crl.p._1371_2016.pdf": 5.067724261080383, "const.p.37_2012_final.pdf": 5.067724261080383, "S.M.C._03_2017.pdf": 5.067724261080383, "c.p._1530_2019.pdf": 5.067724261080383, "c.p._3958_2019.pdf": 5.067724261080383, "c.a._26_k_2021.pdf": 5.067724261080383, "c.p._3455_2020.pdf": 5.067724261080383, "H.R.C._17599_2018.pdf": 5.067724261080383, "C.P._41_2008.pdf": 5.067724261080383}, "ard": {"AdditionalNoteConst.P.77of2012.pdf": 6.741700694652055, "c.a.32_k_2018.pdf": 6.741700694652055, "C.P._145_2015.pdf": 6.741700694652055}, "ardog": {"c.a._108_2015.pdf": 7.840312983320164}, "ardashir": {"Const.P.5of2013.pdf": 7.840312983320164}, "ardsher": {"Crl.M.A_693_2018.pdf": 7.840312983320164}, "ardent": {"Const.P.87of2011.pdf": 15.680625966640328}, "ardh": {"c.a._329_2022.pdf": 7.840312983320164}}