{"arfat": {"crl.p._801_l_2020.pdf": 5.8944028342648505, "smc.16of2011.pdf": 5.8944028342648505, "Const.P.77of2010-dt-21-12-2012.pdf": 5.8944028342648505, "const.p._5_2024_04032024.pdf": 5.8944028342648505, "const.p._10_2020.pdf": 5.8944028342648505, "crl.m.a._459_2020.pdf": 5.8944028342648505, "c.p._3455_2020.pdf": 5.8944028342648505}, "arfan": {"j.p._01_2016.pdf": 7.840312983320164}, "arfatex": {"C.A._682_2008.pdf": 7.840312983320164}}