{"arjun": {"Const.P.35of2013_28.08.2013.pdf": 7.1471658027602185, "C.A._1447_2016.pdf": 7.1471658027602185}, "arjumand": {"c.r.p._255_2021.pdf": 7.840312983320164}}