{"ark": {"Const.P.105-2012-eng-urd.PDF": 11.788805668529701, "c.a._803_2016.pdf": 5.8944028342648505, "Const.P.12of2010.pdf": 5.8944028342648505, "Const.P.77-78-79 [Memogate]DetailedOrder.pdf": 5.8944028342648505, "Crl.M.A_693_2018.pdf": 5.8944028342648505, "c.a._982_2018_19022024.pdf": 5.8944028342648505, "c.a._982_2018_19022024_2.pdf": 5.8944028342648505}, "arkansas": {"Crl.M.A_693_2018.pdf": 7.840312983320164}, "arkan": {"C.P._3186_2015.pdf": 7.840312983320164}}