{"arlo": {"c.a._668_2022.pdf": 7.840312983320164}, "arlidge": {"I.C.A._01_2007.pdf": 7.840312983320164}}