{"arnit": {"c.p._2537_2020.pdf": 7.840312983320164}, "arnold": {"Const.P.12of2010.pdf": 6.741700694652055, "c.p._1290_l_2019.pdf": 6.741700694652055, "SMCNo25of2009.pdf": 6.741700694652055}, "arnesh": {"c.p._2243_l_2019.pdf": 7.840312983320164}}