{"arur": {"Crl.A._609_2014.pdf": 15.680625966640328}, "arundhati": {"Const.P._50_2018.pdf": 7.840312983320164}, "arumuga": {"Const.P.87of2011[UrduVersion].pdf": 7.1471658027602185, "Const.P.87of2011.pdf": 7.1471658027602185}, "arunachal": {"s.m.c._1_2022_detailed.pdf": 14.294331605520437, "C.A.1122of2011.pdf": 7.1471658027602185}, "aruj": {"C.A._1084_2008.pdf": 21.441497408280654, "c.p._797_2021.pdf": 21.441497408280654}, "arunachalam": {"Crl.A._1-K_2018.pdf": 7.1471658027602185, "j.p._249_2018.pdf": 7.1471658027602185}, "aru": {"c.r.p._296_2020_29012022.pdf": 12.097107028184219, "c.r.p._296_2020_04022022.pdf": 30.242767570460547, "const.p._17_2020_dissenting_note_hj11.pdf": 967.7685622547375, "const.p._17_2019_detailed_reasoning.pdf": 429.44729950053977, "c.r.p._296_2020_hj10.pdf": 12.097107028184219, "const.p._17_2020_dissenting_note_hj4.pdf": 266.1363546200528}, "arumugam": {"Const.P._24_2012.pdf": 7.840312983320164}, "arura": {"C.A._167-Q_2005.pdf": 7.840312983320164}, "aruguma": {"C.A._1447_2016.pdf": 7.840312983320164}, "arun": {"s.m.c._4_2021_26082021.pdf": 7.840312983320164}}