{"asbestos": {"Order-DNC-nd-note.pdf": 5.8944028342648505, "C.A._1084_2008.pdf": 5.8944028342648505, "c.a._24_2015.pdf": 5.8944028342648505, "C.A._1086_2009.pdf": 11.788805668529701, "C.A._2148_2016_dt_4-4-2018.pdf": 5.8944028342648505, "c.a._722_2012.pdf": 11.788805668529701, "c.p._2447_l_2022.pdf": 5.8944028342648505}, "asbo": {"CJD_Reference by_the_President_of_Pakistan_under_Article_186.pdf": 23.52093894996049}}