{"aseptic": {"c.a._1113_2017.pdf": 7.840312983320164}, "aseefa": {"reference_1_2011_06mar2024.pdf": 7.1471658027602185, "reference._1_2011_08012024.pdf": 21.441497408280654}}