{"asfar": {"Const.P.127of2012.pdf": 15.680625966640328}, "asfand": {"ConstitutionPetitionNo21OF2007.pdf": 15.603766961114715, "NRO_Judgment.pdf": 5.201255653704905, "c.p._3436_l_2022.pdf": 5.201255653704905, "s.m.c._1_2022_detailed.pdf": 5.201255653704905, "SMC16of2011_detailed_judgment.pdf": 5.201255653704905, "CJD_Reference by_the_President_of_Pakistan_under_Article_186.pdf": 10.40251130740981, "Supreme_Judicial_Council_242_2015.pdf": 5.201255653704905, "Crl.M.A_183_2019.pdf": 10.40251130740981, "Const.P._29_2017.pdf": 5.201255653704905, "s.m.c._1_2022_07042022.pdf": 5.201255653704905, "ConstitutionPetitionNo39of2009.pdf": 5.201255653704905, "Const.P.73of2011.pdf": 5.201255653704905, "crl.p._234_2020.pdf": 10.40251130740981, "CJD_Pakistan_Steel_Mills_Case.pdf": 5.201255653704905}, "asfandyar": {"ConstitutionPetitionNo21OF2007.pdf": 12.100951480649533, "c.p._3637_2019.pdf": 4.033650493549844, "NRO_Judgment.pdf": 8.067300987099689, "Const.P.33_2013.pdf": 4.033650493549844, "Const.P._29_2016.pdf": 8.067300987099689, "Const.P.77of2012[DetailedOrderFinal].pdf": 4.033650493549844, "crl.a._599_2020_26032021.pdf": 4.033650493549844, "crl.a._528_2019.pdf": 4.033650493549844, "C.P.796of2007-dt-10-5-2013.pdf": 4.033650493549844, "CJD_Reference by_the_President_of_Pakistan_under_Article_186.pdf": 8.067300987099689, "const.p._21_2022_15092023.pdf": 20.16825246774922, "const.p._24_2017.pdf": 4.033650493549844, "CMA No.5144of2011.pdf": 4.033650493549844, "c.r.p._296_2020_04022022.pdf": 8.067300987099689, "Crl.P._105_2017.pdf": 4.033650493549844, "const.p._2_2022_14102022.pdf": 4.033650493549844, "C.P._1340_2014.pdf": 4.033650493549844, "c.p._4129_2019.pdf": 4.033650493549844, "crl.a_01_l_2015.pdf": 4.033650493549844, "i.c.a._1_2024_15032024.pdf": 4.033650493549844, "refernece_1_2022.pdf": 4.033650493549844, "c.p._1483_l_2018.pdf": 4.033650493549844, "Crl.A.140of2005.pdf": 24.201902961299066, "const.p._17_2019_detailed_reasoning.pdf": 4.033650493549844, "const.p._21_2022_30102023.pdf": 16.134601974199377, "C.P._1885_2017.pdf": 16.134601974199377, "Const.P._29_2017.pdf": 4.033650493549844, "c.a._174_2012.pdf": 4.033650493549844, "Crl.A._274_2006.pdf": 24.201902961299066, "C.P._1707_2018.pdf": 4.033650493549844, "C.A._322_2018.pdf": 4.033650493549844, "c.p._389_2022.pdf": 4.033650493549844, "Crl.O.P.6of2012.pdf": 4.033650493549844, "ConstP.No.53of2007andConst.P.83of2012.pdf": 4.033650493549844, "Const.P.73of2011.pdf": 16.134601974199377, "C.P._3912_2016.pdf": 4.033650493549844, "CJD_Section 2-A_Case_as_on_26_06_2006.pdf": 4.033650493549844, "c.p._140_l_2015.pdf": 12.100951480649533, "crl.m.a._1659_2019.pdf": 4.033650493549844, "CPs987-989OF2011-DT19.10.2011.pdf": 4.033650493549844, "const.p._10_2019.pdf": 4.033650493549844, "C.P._632_2018.pdf": 20.16825246774922, "Crl.P._198_2016.pdf": 8.067300987099689, "crl.a.264_2006.pdf": 8.067300987099689, "C.P._662_2017.pdf": 4.033650493549844}, "asfandaryar": {"ConstitutionPetitionNo21OF2007.pdf": 7.840312983320164}, "asf": {"Crl.P.200of2009.pdf": 7.840312983320164}, "asfahani": {"Const.P.5of2012dt.25.5.2012.pdf": 23.52093894996049}, "asfhaq": {"j.p._255_2018.pdf": 7.840312983320164}, "asfanyar": {"cas_727-730_777_778_2014_etc.pdf": 7.1471658027602185, "C.P._1707_2018.pdf": 14.294331605520437}, "asfandar": {"Const.P._29_2017.pdf": 7.840312983320164}, "asfa": {"C.A._1109_2013.pdf": 7.840312983320164}, "asfandiyar": {"crl.p._1001_2016.pdf": 7.840312983320164}}