{"aso": {"crl.a._184_2020.pdf": 21.441497408280654, "s.m.c.12_2015.pdf": 7.1471658027602185}, "asociate": {"C.A._137-K_1976.pdf": 23.52093894996049}, "asok": {"const.p._6_2023_dt_05_01_2023.pdf": 7.840312983320164}, "asociation": {"const.p._76_2018.pdf": 7.840312983320164}}