{"asquith": {"NRO_Judgment.pdf": 6.454018622200273, "c.a._731_2016.pdf": 6.454018622200273, "JR_Fecto_Belarus_Tractor_Limited_Case.pdf": 6.454018622200273, "c.p._47_q_2016.pdf": 6.454018622200273}}