{"asrar": {"Crl.O.P._09_2018.pdf": 11.521742883280655, "C.A._1129_2013.pdf": 11.521742883280655, "I.C.A._7_2018.pdf": 5.760871441640328, "c.p._657_2020.pdf": 5.760871441640328, "c.a._795_2017.pdf": 5.760871441640328, "C.A._552_2015.pdf": 5.760871441640328, "HR8340OF2010.pdf": 5.760871441640328, "C.A._545_2015.pdf": 5.760871441640328}, "asrul": {"Crl.A._479_2015.pdf": 7.840312983320164}, "asr": {"const.p.42of2011(UrduVersion).pdf": 7.840312983320164}, "asraf": {"h.r.c_11827_s_2018.pdf": 7.840312983320164}}