{"ast": {"C.P._2350_2015.pdf": 7.840312983320164}, "astir": {"ConstitutionPetitionNo21OF2007.pdf": 7.840312983320164}, "astray": {"CPs.10-18of2011.pdf": 5.643088405983945, "NRO_Judgment.pdf": 5.643088405983945, "Const.P.12of2010.pdf": 11.28617681196789, "smc_1_2014.pdf": 5.643088405983945, "Crl.A._39_L_2015_Urdu.pdf": 5.643088405983945, "JR_Judgment_on_17th_Amendmend_and_Presidents_Uniform_Case.pdf": 5.643088405983945, "C.A._2564_2001.pdf": 5.643088405983945, "c.p._280_k_2019.pdf": 11.28617681196789, "j.p._417_2019.pdf": 5.643088405983945}, "astonishing": {"SMC5of2012[UrduVersion]dt16-6-2012.pdf": 4.621437158451963, "hrc_42389-P_2013.pdf": 4.621437158451963, "Const.P.12of2010.pdf": 4.621437158451963, "Const.P._29_2016.pdf": 4.621437158451963, "H.R.C.19of1996[AsgharKhanCase]DetailedReasonsUrduTranslation.pdf": 4.621437158451963, "S.M.C.18OF2010.pdf": 4.621437158451963, "j.p._147_2016.pdf": 4.621437158451963, "SMC16of2011_detailed_judgment.pdf": 4.621437158451963, "c.p._1517_2022.pdf": 9.242874316903926, "c.a._608_2021.pdf": 4.621437158451963, "crl.p._682_2020.pdf": 4.621437158451963, "crl.p._614_2017.pdf": 4.621437158451963, "c.p._1874_2022.pdf": 4.621437158451963, "const.p._17_2020_dissenting_note_hj11.pdf": 9.242874316903926, "Const.P.46and47of2010.pdf": 4.621437158451963, "Crl.A._75_L_2017.pdf": 4.621437158451963, "c.p._677_k_2019.pdf": 4.621437158451963, "c.p._819_2017.pdf": 4.621437158451963, "C.P._29_2017.pdf": 4.621437158451963, "Crl.A._37_L_2016.pdf": 4.621437158451963, "C.M.A._376-K_2014.pdf": 4.621437158451963, "c.a._26_k_2021.pdf": 4.621437158451963, "crl.p._806_2022.pdf": 4.621437158451963, "c.p._2414_l_2015.pdf": 4.621437158451963, "Crl.P._198_2016.pdf": 4.621437158451963}, "astonishingly": {"Crl.A._39_L_2015.pdf": 5.760871441640328, "Const.P.12of2010.pdf": 5.760871441640328, "Const.P._29_2016.pdf": 5.760871441640328, "smc.18_2010_final.pdf": 5.760871441640328, "CP778-779.pdf": 5.760871441640328, "c.p._1517_2022.pdf": 11.521742883280655, "c.a._273_2015.pdf": 5.760871441640328, "const.p._17_2020_dissenting_note_hj11.pdf": 11.521742883280655}, "astore": {"Const.P._50_2018.pdf": 7.840312983320164}, "astonishment": {"Const.P.12of2010.pdf": 7.840312983320164}, "astute": {"Const.P.12of2010.pdf": 6.454018622200273, "c.p._419_2020.pdf": 6.454018622200273, "C.P._4876_2018.pdf": 6.454018622200273, "C.A.83and84of2006.pdf": 6.454018622200273}, "aste": {"crl.p._342_2018.pdf": 7.840312983320164}, "astaghfirullah": {"crl.p._407_2022.pdf": 11.788805668529701, "Crl.A._11_P_2014.pdf": 5.8944028342648505, "crl.a._106_2020.pdf": 5.8944028342648505, "Crl.A._21_P_2010.pdf": 5.8944028342648505, "Crl.A._3_P_2014.pdf": 5.8944028342648505, "crl.p._103_p_2011.pdf": 5.8944028342648505, "Crl.A_6_P_2010.pdf": 5.8944028342648505}, "asthaan": {"smc_1_2014.pdf": 7.840312983320164}, "astounded": {"crl.p._1359_2023.pdf": 7.1471658027602185, "C.P._892_2015.pdf": 7.1471658027602185}, "astonish": {"c.p._1517_2022.pdf": 5.8944028342648505, "C.A._2564_2001.pdf": 5.8944028342648505, "Const.P._2_2011.pdf": 5.8944028342648505, "c.p._1530_2019.pdf": 5.8944028342648505, "crl.a._597_2018_dt_25_01_2024.pdf": 5.8944028342648505, "C.P._29_2017.pdf": 5.8944028342648505, "C.P._2515_2015.pdf": 5.8944028342648505}, "astronomical": {"S.M.C._19_2016.pdf": 6.230875070886063, "c.a._1476_2018.pdf": 12.461750141772127, "c.p._280_k_2019.pdf": 6.230875070886063, "C.P._3912_2016.pdf": 12.461750141772127, "C.M.A._8215_2016.pdf": 6.230875070886063}, "astuteness": {"c.p._2467_2020.pdf": 5.201255653704905, "c.p._903_2023.pdf": 5.201255653704905, "c.p._174_q_2021.pdf": 5.201255653704905, "c.a._39_k_2021.pdf": 5.201255653704905, "c.p._2021_2019.pdf": 10.40251130740981, "c.a._202_2021.pdf": 5.201255653704905, "c.p._469_l_2023.pdf": 5.201255653704905, "c.a._1653_2021.pdf": 5.201255653704905, "c.a._512_2021.pdf": 5.201255653704905, "c.a._1685_2021.pdf": 10.40251130740981, "c.p._32_q_2019.pdf": 5.201255653704905, "c.p._3122_2020.pdf": 5.201255653704905, "c.p._342_k_2020.pdf": 5.201255653704905, "crl.p._950_2021.pdf": 5.201255653704905}, "astutely": {"c.r.p._296_2020_29012022.pdf": 7.1471658027602185, "c.r.p._296_2020_hj10.pdf": 7.1471658027602185}, "astounding": {"crl.p._299_2020_07042020.pdf": 6.741700694652055, "C.M.A._376-K_2014.pdf": 6.741700694652055, "c.p._4282_2018.pdf": 6.741700694652055}, "astride": {"c.a._11_2022.pdf": 6.741700694652055, "ref._2_2022_13092023_2.pdf": 6.741700694652055, "c.a._1547_2019.pdf": 6.741700694652055}, "asterisk": {"s.m.c._1_2023_12062023.pdf": 7.840312983320164}, "astt": {"CMAs Nos.3685-3686of2012.pdf": 7.840312983320164}, "astel": {"c.a._1547_2019.pdf": 7.840312983320164}, "asthe": {"C.P._2108_2018.pdf": 7.840312983320164}, "astaghfarullah": {"crl.p._60_2017.pdf": 7.840312983320164}}