{"asunder": {"HRC19526of2013.pdf": 6.741700694652055, "Const.P.12of2010.pdf": 33.70850347326027, "c.p._1517_2022.pdf": 6.741700694652055}}