{"asymmetric": {"C.A._2564_2001.pdf": 7.840312983320164}, "asymmetrically": {"C.P._3551_2015.pdf": 7.840312983320164}, "asylum": {"c.a._1731_2021.pdf": 7.1471658027602185, "crl.p._172_l_2023.pdf": 7.1471658027602185}}