{"ateeq": {"C.A._353_2015.pdf": 7.840312983320164}, "ateequr": {"const.p.1_ 2012_etc.pdf": 15.680625966640328}, "aten": {"c.a.32_k_2018.pdf": 7.840312983320164}, "ateeb": {"crl.a._145_l_2017.pdf": 7.840312983320164}}