{"athar": {"crl.p.240_2012.pdf": 2.7904569760706273, "ConstitutionPetitionNo21OF2007.pdf": 8.371370928211881, "c.p._1809_2020.pdf": 2.7904569760706273, "Ref.01_2012_addl.note_HJ.ejaz_afzal_khan.pdf": 5.5809139521412545, "const.p._24_to_26_of_2023_04072023.pdf": 2.7904569760706273, "crl.a._528_2019.pdf": 2.7904569760706273, "MemoCase-final-30.12.2011(UrduVersion).pdf": 5.5809139521412545, "s.m.c._1_2023_01032023.pdf": 2.7904569760706273, "crl.p._682_2020.pdf": 2.7904569760706273, "c.p._225_p_2023.pdf": 2.7904569760706273, "i.c.a._2_2023.pdf": 2.7904569760706273, "const.p.1_ 2012_etc.pdf": 2.7904569760706273, "c.p._167_p_2022.pdf": 2.7904569760706273, "crl.a._297_2020.pdf": 2.7904569760706273, "s.m.c._1_2023.pdf": 2.7904569760706273, "Const.P.77of2010_dt_27-8-2013.pdf": 2.7904569760706273, "crl.p._231_2020.pdf": 2.7904569760706273, "c.p._151_2024.pdf": 2.7904569760706273, "c.p._150_2024.pdf": 2.7904569760706273, "crl.p._1233_2023.pdf": 5.5809139521412545, "crl.p._1619_2022.pdf": 2.7904569760706273, "crl.p._1017_2020.pdf": 2.7904569760706273, "crl.p._894_l_2023.pdf": 2.7904569760706273, "const.p.6_2023.pdf": 8.371370928211881, "c.p._3532_2023.pdf": 2.7904569760706273, "crl.p._519_2023_11052023.pdf": 2.7904569760706273, "c.a._1080_2011.pdf": 5.5809139521412545, "const.p._32_2023_02nov2023.pdf": 2.7904569760706273, "crl.p._324_2020.pdf": 2.7904569760706273, "c.p._3472_2023.pdf": 2.7904569760706273, "j.p._36_2016.pdf": 2.7904569760706273, "const.p._6_2023_07032024.pdf": 2.7904569760706273, "c.p._150_2024_3012024.pdf": 2.7904569760706273, "j.p._385_2017.pdf": 2.7904569760706273, "const.p_32_2023_dt_23-10-23.pdf": 2.7904569760706273, "c.p._386_l_2021.pdf": 2.7904569760706273, "c.p._116_2020_16112023.pdf": 5.5809139521412545, "c.p._1874_2022.pdf": 2.7904569760706273, "c.p._2734_l_2023.pdf": 2.7904569760706273, "c.r.p._426_2022_02sept2023.pdf": 2.7904569760706273, "c.p._490_k_2020.pdf": 2.7904569760706273, "crl.p._1485_l_2019.pdf": 5.5809139521412545, "c.p._946_2022.pdf": 2.7904569760706273, "crl.p._1294_2023.pdf": 2.7904569760706273, "crl.p._1023_2020.pdf": 2.7904569760706273, "c.a._981_2018.pdf": 2.7904569760706273, "c.a._23_2017.pdf": 5.5809139521412545, "c.p._3282_l_2022.pdf": 2.7904569760706273, "c.a._565_2011.pdf": 5.5809139521412545, "c.p._4424_2021.pdf": 5.5809139521412545, "C.P._1812_L_2017.pdf": 2.7904569760706273, "C.A._1428_2016.pdf": 2.7904569760706273, "c.m.a._6336_2023.pdf": 2.7904569760706273, "crl.p._1276_2023.pdf": 8.371370928211881, "c.p._1026_2021.pdf": 2.7904569760706273, "j.p._382_2017.pdf": 2.7904569760706273, "crl.p._1371_2016.pdf": 2.7904569760706273, "c.a._936_2020.pdf": 2.7904569760706273, "h.r.c._8157_p_2023.pdf": 2.7904569760706273, "c.r.p._266_2019_28oct2023.pdf": 2.7904569760706273, "c.a._1095_2018_13092019.pdf": 2.7904569760706273, "c.p._860_2019.pdf": 2.7904569760706273, "crl.p._263_2023.pdf": 2.7904569760706273, "crl.p._911_2020.pdf": 2.7904569760706273, "c.m.a._677_2020.pdf": 2.7904569760706273, "j.p._255_2018.pdf": 2.7904569760706273, "c.a._1032_2018.pdf": 5.5809139521412545, "s.m.c._1_2023_27032023.pdf": 16.742741856423763, "c.a.1540-1599_2013.pdf": 2.7904569760706273, "crl.p._1431_2019.pdf": 2.7904569760706273, "c.a._1363_2018.pdf": 2.7904569760706273, "c.p._1354_2020.pdf": 5.5809139521412545, "const.p._31_2019.pdf": 8.371370928211881, "c.p._2314_2022_dn.pdf": 11.161827904282509, "crl.m.appeal._6_2020.pdf": 2.7904569760706273, "c.p._560_k_2019.pdf": 2.7904569760706273, "C.A._1095_2018.pdf": 2.7904569760706273, "c.p._1345_l_2021.pdf": 5.5809139521412545, "c.p._1990_l_2017.pdf": 2.7904569760706273, "c.p._5671_2021.pdf": 5.5809139521412545, "c.p._1831_2017.pdf": 2.7904569760706273, "crl.p._252_2020.pdf": 2.7904569760706273, "c.p._3465_l_2022.pdf": 2.7904569760706273, "const.p._32_2023_03nov2023.pdf": 2.7904569760706273, "c.p._4618_2019.pdf": 2.7904569760706273, "C.A._1216_2015.pdf": 2.7904569760706273, "Const.P.91of2011Dt-23-8-2012.pdf": 2.7904569760706273, "const.p._42_2022_07032024.pdf": 2.7904569760706273, "const.p.6_2011_final.pdf": 5.5809139521412545, "crl.p._149_p_2023.pdf": 2.7904569760706273, "c.p._5633_2021.pdf": 5.5809139521412545, "s.m.c._1_2023_12062023.pdf": 50.22822556927129, "crl.a._560_2020.pdf": 2.7904569760706273, "c.a._1314_2014.pdf": 5.5809139521412545, "c.p._1692_l_2022.pdf": 5.5809139521412545, "j.p._883_2017.pdf": 2.7904569760706273, "c.p._388_p_2016.pdf": 5.5809139521412545, "crl.a._190_2020.pdf": 2.7904569760706273, "const.p._6_2023_dn.pdf": 2.7904569760706273, "j.p._553_2017.pdf": 2.7904569760706273, "constp.p._47_2023.pdf": 2.7904569760706273, "const.p._6_2023_111023.pdf": 5.5809139521412545, "c.a._550_2020.pdf": 2.7904569760706273, "const.p._32_2023_additional_note.pdf": 5.5809139521412545, "I.C.A._4_2017.pdf": 2.7904569760706273, "Const.P.22of2013.pdf": 2.7904569760706273, "crl.p._1557_2022.pdf": 2.7904569760706273, "Const.P.20of2013-dt-28-6-2013.pdf": 2.7904569760706273, "c.p._2314_2022.pdf": 8.371370928211881, "c.p._4305_2023.pdf": 2.7904569760706273, "crl.p._1192_2023.pdf": 2.7904569760706273, "c.p._740_2021.pdf": 2.7904569760706273, "c.p._3030_2021.pdf": 2.7904569760706273, "c.r.p.557_2022_02sept2023.pdf": 2.7904569760706273, "s.m.c._1_2023_07042023.pdf": 5.5809139521412545, "c.p._159_2024.pdf": 2.7904569760706273, "const.p._5_2023_31032023.pdf": 2.7904569760706273, "c.p._3989_2022.pdf": 2.7904569760706273, "crl.p._519_2023_detailed_order.pdf": 5.5809139521412545, "c.a._152_l_2010.pdf": 2.7904569760706273, "c.p._1842_l_2022.pdf": 2.7904569760706273, "c.r.p._266_2019_01112023.pdf": 2.7904569760706273, "crl.p._806_2022.pdf": 5.5809139521412545, "c.p._3532_2023_additional_note.pdf": 5.5809139521412545, "crl.p._443_l_2020_dissenting_note.pdf": 2.7904569760706273, "const.p._6_2023_addl_n.pdf": 2.7904569760706273, "c.p._3041_2020.pdf": 5.5809139521412545, "crl.a._785_2020.pdf": 2.7904569760706273, "c.p._2885_2022.pdf": 2.7904569760706273, "c.p._4690_2018.pdf": 2.7904569760706273, "c.m.a._8758_2018_23nov2023.pdf": 2.7904569760706273, "c.a._722_2012.pdf": 2.7904569760706273, "h.r.c._82928_2018.pdf": 8.371370928211881, "c.p._3797_2020.pdf": 2.7904569760706273, "c.p._2270_2019.pdf": 2.7904569760706273, "crl.a._506_2020.pdf": 2.7904569760706273, "c.p._1532_2022.pdf": 5.5809139521412545, "crl.m.a._1566_2016.pdf": 5.5809139521412545, "crl.p._852_2021.pdf": 2.7904569760706273, "crl.a._66_l_2020.pdf": 2.7904569760706273, "c.a._998_2020.pdf": 2.7904569760706273, "const.p.34_2022.pdf": 2.7904569760706273, "HR8340OF2010.pdf": 5.5809139521412545, "c.p._3509_2021.pdf": 2.7904569760706273, "c.p._181_2024_n.pdf": 2.7904569760706273, "s.m.c._1_2023_23022023.pdf": 11.161827904282509, "crl.a._82_2022.pdf": 2.7904569760706273, "c.m.a._3577_2019_15112023.pdf": 2.7904569760706273, "c.p._278_2023.pdf": 5.5809139521412545, "const_petition_26_2013_17.03.pdf": 5.5809139521412545, "crl.p._1392_2022.pdf": 2.7904569760706273, "crl.a._39_k_2022.pdf": 2.7904569760706273, "c.p._2347_2022.pdf": 5.5809139521412545, "c.p._231_2022.pdf": 2.7904569760706273, "c.p._3575_2020_22112023.pdf": 2.7904569760706273, "c.a._419_2011.pdf": 2.7904569760706273}, "ather": {"crl.p.240_2012.pdf": 4.47301715333369, "Const.P.127of2012.pdf": 22.36508576666845, "crl.a._599_2020_26032021.pdf": 8.94603430666738, "c.p._1347_2019.pdf": 8.94603430666738, "Const.P.77-78-79 [Memogate]DetailedOrder.pdf": 8.94603430666738, "const.p._9_2010_27122021.pdf": 4.47301715333369, "Const.P.32of2013.pdf": 4.47301715333369, "Crl.O.P.74of2010in SMC.4of2010_dt18092012.pdf": 4.47301715333369, "CMA No.5144of2011.pdf": 4.47301715333369, "C.M.A.5144of201(ShortOrder)1.pdf": 4.47301715333369, "Const.P.39of2007-dt-25-6-2013.pdf": 4.47301715333369, "NROCaseDt.10.01.2012.pdf": 4.47301715333369, "Const.P.77-2011[MemoScandal]dt.30.12.2011.pdf": 8.94603430666738, "c.a.1540-1599_2013.pdf": 4.47301715333369, "Crl.M.A.486of2010.pdf": 4.47301715333369, "C.A._654_2010.pdf": 4.47301715333369, "Const.P.91of2011Dt-23-8-2012.pdf": 4.47301715333369, "smc.16of2011.pdf": 4.47301715333369,