{"atlantic": {"NRO_Judgment.pdf": 6.048553514092109, "Const.P._29_2016.pdf": 12.097107028184219, "smc_1_2014.pdf": 12.097107028184219, "const.p._17_2019_detailed_reasoning.pdf": 6.048553514092109, "c.p._6117_2021.pdf": 6.048553514092109, "CPs987-989OF2011-DT19.10.2011.pdf": 18.145660542276328}, "atlas": {"c.p._3436_l_2022.pdf": 5.537727890326118, "HRC7734-G_1003-GOF2009[UrduTranslation].pdf": 5.537727890326118, "C.P.796of2007-dt-10-5-2013.pdf": 5.537727890326118, "c.p._2256_l_2015.pdf": 5.537727890326118, "HRC7734-G_1003-GOF2009[AllegedCorruptionInRentalPowerPlants].pdf": 5.537727890326118, "c.a._1660_2014.pdf": 11.075455780652236, "C.A._1171_2017.pdf": 5.537727890326118, "c.p._3263_2022.pdf": 11.075455780652236, "c.a._1547_2019.pdf": 5.537727890326118, "crl.p._60_2017.pdf": 5.537727890326118}, "atl": {"Const.P.33_2013.pdf": 6.741700694652055, "c.p._2608_2019.pdf": 13.48340138930411, "c.p._42_2024_25012024.pdf": 6.741700694652055}, "atleast": {"c.p._3952_2019.pdf": 4.621437158451963, "c.p._1882_2016.pdf": 4.621437158451963, "c.a._130_2021.pdf": 4.621437158451963, "C.P._78_K_2015.pdf": 18.48574863380785, "const.p._21_2022_note_18082023.pdf": 4.621437158451963, "const.p.9_2014_detail_reasons.pdf": 4.621437158451963, "Crl.A.13-14-15and16of2004and53of2011.pdf": 4.621437158451963, "c.a._1095_2018_13092019.pdf": 9.242874316903926, "C.A._1213_2015.pdf": 4.621437158451963, "c.a._1009_2010.pdf": 4.621437158451963, "C.A._1095_2018.pdf": 9.242874316903926, "C.A.269_ETC_OF_2011.pdf": 13.864311475355889, "Crl.A._466_2017.pdf": 9.242874316903926, "Const.P.91of2011Dt-23-8-2012.pdf": 18.48574863380785, "const.p.6_2011_final.pdf": 4.621437158451963, "c.a._849_2015.pdf": 4.621437158451963, "C.A._1950_2007.pdf": 4.621437158451963, "C.M.A._376-K_2014.pdf": 9.242874316903926, "CMANo.4671of2012-dt-2-1-2013.pdf": 9.242874316903926, "C.A._908_2012.pdf": 4.621437158451963, "SMCNo25of2009.pdf": 4.621437158451963, "C.A._825_2015.pdf": 4.621437158451963, "C.M.A._8215_2016.pdf": 4.621437158451963, "const.p._21_2022_18082023.pdf": 4.621437158451963, "c.p._3249_2015.pdf": 4.621437158451963}, "atlenpl": {"c.a._1219_2015.pdf": 7.840312983320164}}