{"atop": {"ConstitutionPetitionNo21OF2007.pdf": 7.1471658027602185, "c.p._2243_l_2019.pdf": 7.1471658027602185}, "atonement": {"Const.P.12of2010.pdf": 7.1471658027602185, "Crl.M.A_693_2018.pdf": 7.1471658027602185}, "atoka": {"C.A._104-L_2015.pdf": 7.840312983320164}, "atomize": {"const.p._2_2022_14102022.pdf": 7.840312983320164}, "atomic": {"crl.p._1710_l_2017.pdf": 12.461750141772127, "c.a.1540-1599_2013.pdf": 12.461750141772127, "C.A._654_2010.pdf": 12.461750141772127, "C.P._3095_2017.pdf": 6.230875070886063, "CJD_Section 2-A_Case_as_on_26_06_2006.pdf": 24.923500283544254}, "atom": {"c.a._1113_2017.pdf": 15.680625966640328}}