{"atrocity": {"C.A._219-L_2015.pdf": 5.275363625858628, "Crl.O.P_57_2015.pdf": 5.275363625858628, "Const.P.12of2010.pdf": 10.550727251717255, "Const.P.NO.62OF2010_orderdt06062011.pdf": 5.275363625858628, "SMC16of2011_detailed_judgment.pdf": 10.550727251717255, "H.R.C.19of1996[AsgharKhanCase]DetailedReasons.pdf": 5.275363625858628, "Const.P.77-78-79 [Memogate]DetailedOrder.pdf": 5.275363625858628, "c.a._71_p_2014_urdu.pdf": 5.275363625858628, "Crl.P.163_to_171_S.M.C.5_2005.pdf": 5.275363625858628, "Const.P._24_2012.pdf": 15.826090877575883, "c.p._1542_2017.pdf": 5.275363625858628, "SMC16of2011-dt.5.4.2013.pdf": 5.275363625858628, "c.a._827_2020.pdf": 5.275363625858628}, "atrocious": {"SMC16of2011_detailed_judgment.pdf": 18.69262521265819, "Crl.P.163_to_171_S.M.C.5_2005.pdf": 6.230875070886063, "const.p._32_2023_additional_note.pdf": 6.230875070886063, "s.m.c._1_2023_07042023.pdf": 6.230875070886063, "crl.p._443_l_2020_dissenting_note.pdf": 6.230875070886063}, "atrif": {"HRC7734-G_1003-GOF2009[UrduTranslation].pdf": 7.840312983320164}, "atrociousness": {"crl.p._1121_2023.pdf": 7.840312983320164}, "atrophy": {"c.p._3215_2021.pdf": 7.840312983320164}}