{"ats": {"S.M.C.24of2010[urdu-version].pdf": 6.230875070886063, "Const.P.77-78-79 [Memogate]DetailedOrder.pdf": 6.230875070886063, "Const.P.87of2011.pdf": 6.230875070886063, "C.A.800Lof2013etc.pdf": 6.230875070886063, "SMC24-2010.pdf": 6.230875070886063}}