{"atur": {"Const.P._38_2016.pdf": 7.840312983320164}, "atul": {"NRO_Judgment.pdf": 7.840312983320164}, "ature": {"C.A._1213_2015.pdf": 7.840312983320164}}