{"au": {"C.A._2564_2001.pdf": 6.454018622200273, "crl.p._1303_2021.pdf": 6.454018622200273, "c.p._448_p_2017.pdf": 6.454018622200273, "C.A._1049_2011.pdf": 6.454018622200273}}