{"aul": {"c.p._1193_2020.pdf": 6.741700694652055, "const.p.42of2011(UrduVersion).pdf": 53.93360555721644, "const.p.42of2011.pdf": 101.12551041978082}, "aulia": {"crl.p._53_q_2020.pdf": 14.294331605520437, "c.p._342_k_2020.pdf": 7.1471658027602185}, "auliya": {"j.p._10_2016.pdf": 7.840312983320164}}