{"aunt": {"C.A._634_L_2012.pdf": 5.442417710521793, "c.m.a._6336_2023.pdf": 5.442417710521793, "crl.p._1212_l_2022.pdf": 10.884835421043586, "c.a._801_2021.pdf": 16.327253131565378, "crl.p._126_p_2011.pdf": 10.884835421043586, "C.M.A._6250_2018.PDF": 5.442417710521793, "c.p._1647_2018.pdf": 10.884835421043586, "c.a._849_2015.pdf": 16.327253131565378, "c.a._2121_2017.pdf": 5.442417710521793, "c.r.p.557_2022_02sept2023.pdf": 5.442417710521793, "C.A._1109_2013.pdf": 5.442417710521793}, "aung": {"Const.P.12of2010.pdf": 7.1471658027602185, "Crl.A._104_2010.pdf": 7.1471658027602185}, "aunty": {"crl.a._120_2019.pdf": 7.840312983320164}}