{"avp": {"Const.P.39of2007-dt-25-6-2013.pdf": 14.294331605520437, "c.p._1165_2021.pdf": 42.88299481656131}}