{"avtar": {"Const.P.127of2012.pdf": 6.454018622200273, "C.R.P._49_2016.pdf": 6.454018622200273, "c.p._609_2020.pdf": 6.454018622200273, "const.p._6_2023_dt_05_01_2023.pdf": 6.454018622200273}, "avt": {"const.p.105-12_hamid_mir_case_20-12-12.pdf": 7.840312983320164}}