{"awb": {"SMC15OF2009.pdf": 7.1471658027602185, "c.a._10_k_2019.pdf": 57.17732642208175}}