{"awc": {"S.M.C.24of2010[urdu-version].pdf": 6.741700694652055, "c.p._349_l_2017.pdf": 6.741700694652055, "SMC24-2010.pdf": 6.741700694652055}}