{"awful": {"crl.a._154_2020.pdf": 6.230875070886063, "crl.p._520_2020.pdf": 6.230875070886063, "crl.a._85_2020.pdf": 6.230875070886063, "j.p._497_2015.pdf": 6.230875070886063, "crl.p._640_2020.pdf": 6.230875070886063}, "awfully": {"c.p._2231_2020.pdf": 6.230875070886063, "crl.p._513_2021.pdf": 6.230875070886063, "j.p._508_2016.pdf": 6.230875070886063, "crl.a._85_2020.pdf": 6.230875070886063, "crl.p._101_k_2021.pdf": 6.230875070886063}}