{"awg": {"CP778-779.pdf": 7.1471658027602185, "crp.328-329_2013.pdf": 7.1471658027602185}}