{"awiya": {"c.a._73_2016.pdf": 15.680625966640328}, "awiu": {"c.a._654_2021.pdf": 7.840312983320164}}