{"awri": {"S.M.C.24of2010[urdu-version].pdf": 7.840312983320164}, "awr": {"c.p.614_p_2022.pdf": 15.680625966640328}}