{"awwww": {"c.a._108_2015.pdf": 7.840312983320164}, "awwad": {"c.a._607_2021.pdf": 7.840312983320164}}