{"axact": {"S.J.C_347_2018.PDF": 7.1471658027602185, "const.p._76_2018.pdf": 7.1471658027602185}}