{"axiom": {"Const.P.12of2010.pdf": 16.929265217951833, "crl.p._290_l_2015.pdf": 5.643088405983945, "c.a._446_2021.pdf": 5.643088405983945, "crl.p._1121_2023.pdf": 5.643088405983945, "Crl.A.140of2005.pdf": 5.643088405983945, "c.a._414_2021.pdf": 5.643088405983945, "C.A._767_2014.pdf": 5.643088405983945, "CMA2745of2009etc.pdf": 5.643088405983945, "C.A.876-879of2005.pdf": 5.643088405983945}, "axis": {"AdditionalNoteConst.P.77of2012.pdf": 5.8944028342648505, "ICA-1OF2012-UrduTranslation.pdf": 5.8944028342648505, "H.R.C.19of1996[AsgharKhanCase]DetailedReasonsUrduTranslation.pdf": 11.788805668529701, "C.M.A._3221_2012.pdf": 5.8944028342648505, "C.A._1428_2016.pdf": 5.8944028342648505, "const.p._24_2023_f.pdf": 5.8944028342648505, "SMCNo25of2009.pdf": 5.8944028342648505}, "axiomatic": {"const.p._24_to_26_of_2023_04072023.pdf": 5.067724261080383, "c.p._1517_2022.pdf": 5.067724261080383, "c.p._154_2019.pdf": 5.067724261080383, "c.p._1417_2022.pdf": 5.067724261080383, "const.p._6_2023_07032024.pdf": 5.067724261080383, "s.m.c._4_2022_04apr2023.pdf": 5.067724261080383, "c.p._1483_l_2018.pdf": 5.067724261080383, "Crl.A.140of2005.pdf": 5.067724261080383, "J.P.No.56of2005.pdf": 10.135448522160766, "c.a._1113_2017_dissenting_note.pdf": 5.067724261080383, "crl.a._633_2019_15092023.pdf": 5.067724261080383, "C.M.A._376-K_2014.pdf": 5.067724261080383, "c.a._1113_2017.pdf": 5.067724261080383, "ConstP.No.53of2007andConst.P.83of2012.pdf": 5.067724261080383, "crl.p._742_l_2019.pdf": 5.067724261080383, "c.p._962_2016 .pdf": 5.067724261080383}}