{"ay": {"Ref.01_2012_addl.note_HJ.ejaz_afzal_khan.pdf": 6.741700694652055, "c.a._835_2021.pdf": 6.741700694652055, "Crl.O.P.6of2012.pdf": 6.741700694652055}}