{"ayisha": {"crl.p_1124_l_2015.pdf": 14.294331605520437, "C.A._843_2012.pdf": 7.1471658027602185}}