{"ayn": {"Crl.M.A_693_2018.pdf": 7.840312983320164}, "ayn\u00e8s": {"c.a._1547_2019.pdf": 7.840312983320164}}