{"ayopavouos": {"CJD_Reference by_the_President_of_Pakistan_under_Article_186.pdf": 7.840312983320164}, "ayoub": {"crl.p._883_l_2022.pdf": 6.741700694652055, "const.p._31_2019.pdf": 20.225102083956166, "hr.29388-k_2013.pdf": 13.48340138930411}, "ayoob": {"c.p._490_k_2020.pdf": 6.454018622200273, "C.A._1560_2008.pdf": 6.454018622200273, "crl.a.19of2012.pdf": 6.454018622200273, "crl.p._1050_l_2020.pdf": 6.454018622200273}, "ayodhya": {"reference_1_2020.pdf": 7.840312983320164}}