{"aysha": {"18TH_AMENDMENT_ORDER.pdf": 6.230875070886063, "H.R.C._14158_G_2016_dt_28_07_2016.pdf": 6.230875070886063, "crl.p._445_2020.pdf": 6.230875070886063, "C.M.A_687_2017.pdf": 6.230875070886063, "crl.p._464_2020.pdf": 6.230875070886063}}