{"ayub": {"c.r.p._446_2022.pdf": 2.891553092941996, "c.a._1476_2018_urdu.pdf": 11.566212371767984, "ConstitutionPetitionNo21OF2007.pdf": 17.349318557651976, "c.p._1567_l_2019.pdf": 2.891553092941996, "C.R.P._297_2017_Reserved.pdf": 14.45776546470998, "Const.P._134_2012.pdf": 2.891553092941996, "Crl.A._39_L_2015.pdf": 17.349318557651976, "NRO_Judgment.pdf": 11.566212371767984, "Const.P.12of2010.pdf": 5.783106185883992, "S.M.C._20_2016.pdf": 2.891553092941996, "Const.P._29_2016.pdf": 17.349318557651976, "crl.a._599_2020_26032021.pdf": 2.891553092941996, "S.J.C_347_2018.PDF": 5.783106185883992, "crl.p._883_l_2022_urdu.pdf": 11.566212371767984, "C.A._2109_2016.pdf": 2.891553092941996, "Ref.01_2012_addl.note_HJ.ejaz_afzal_khan.pdf": 2.891553092941996, "H.R.C.19of1996[AsgharKhanCase]DetailedReasonsUrduTranslation.pdf": 2.891553092941996, "S.M.C.18OF2010.pdf": 2.891553092941996, "j.p._147_2016.pdf": 2.891553092941996, "s.m.c._1_2022_detailed.pdf": 2.891553092941996, "C.A._1256_2008.pdf": 2.891553092941996, "SMC16of2011_detailed_judgment.pdf": 2.891553092941996, "C.A._532_2015.pdf": 5.783106185883992, "C.A._80_L_2014.pdf": 5.783106185883992, "smc.11_2011.pdf": 2.891553092941996, "H.R.C.19of1996[AsgharKhanCase]DetailedReasons.pdf": 2.891553092941996, "Crl.A._39_L_2015_Urdu.pdf": 20.24087165059397, "crp.328-329_2013.pdf": 2.891553092941996, "Crl.O.P.89of2011.pdf": 2.891553092941996, "Const.P.35of2013_28.08.2013.pdf": 2.891553092941996, "crl.p._883_l_2022.pdf": 5.783106185883992, "c.a._730_2015.pdf": 2.891553092941996, "C.A.540_L_2009_dt_05_01_2017.pdf": 2.891553092941996, "const.p._9_2010_27122021.pdf": 2.891553092941996, "const.p._24_2023_an_10012024_r.pdf": 2.891553092941996, "C.A._56_L_2018.pdf": 2.891553092941996, "crl.a._297_2020.pdf": 2.891553092941996, "c.r.p._421_2020_dissenting_notes.pdf": 2.891553092941996, "crl.a._359_2018.pdf": 2.891553092941996, "crl.p._596_l_2022.pdf": 2.891553092941996, "c.p._3950_2019.pdf": 2.891553092941996, "c.m.a._4821_2018_15112021.pdf": 2.891553092941996, "JR_Detailed_Judgment_in_Graduation_Qualification_Case.pdf": 11.566212371767984, "c.a._675_2019.pdf": 2.891553092941996, "C.A._1194_2014.pdf": 2.891553092941996, "c.a._1241_2013.pdf": 2.891553092941996, "Crl.P._888_2015.pdf": 2.891553092941996, "c.a._2150_2019.pdf": 5.783106185883992, "crl.p._230_2019.pdf": 2.891553092941996, "c.p._2693_2018.pdf": 2.891553092941996, "HRC-4668of2006.pdf": 2.891553092941996, "JR_Detailed_Judgment_in_Referendum_Case.pdf": 31.807084022361956, "C.P._3122_2017.pdf": 5.783106185883992, "const.p_32_2023_dt_23-10-23.pdf": 2.891553092941996, "c.p._116_2020_16112023.pdf": 5.783106185883992, "c.m.a._4821_2018_13102021.pdf": 2.891553092941996, "c.a._455_2012.pdf": 2.891553092941996, "c.a._353_2010.pdf": 2.891553092941996, "c.p._490_k_2020.pdf": 2.891553092941996, "const.p.9_2014_detail_reasons.pdf": 5.783106185883992, "crl.p._1710_l_2017.pdf": 2.891553092941996, "C.A._448_2014_DJ.pdf": 5.783106185883992, "C.A._1219_2014.pdf": 2.891553092941996, "c.r.p._758_2019.pdf": 2.891553092941996, "const.p._9_2010.pdf": 2.891553092941996, "C.R.P._94_2014.pdf": 2.891553092941996, "C.A._2564_2001.pdf": 2.891553092941996, "C.A._301_2014.pdf": 5.783106185883992, "c.a._982_2018_19022024.pdf": 5.783106185883992, "Crl.A._115_2013.pdf": 2.891553092941996, "c.r.p._421_2020.pdf": 2.891553092941996, "CONST.P.9OF2009.pdf": 2.891553092941996, "const.p._21_2023_11082023.pdf": 2.891553092941996, "SMC.13-2009.pdf": 2.891553092941996, "C.A._307-L_2015.pdf": 8.674659278825988, "c.p._3795_2021.pdf": 2.891553092941996, "c.a._1292_2021.pdf": 2.891553092941996, "C.A._467_2015.pdf": 2.891553092941996, "const.p._2_2022_21032022.pdf": 2.891553092941996, "c.p._2314_2022_dn.pdf": 5.783106185883992, "s.m.c._3_2022_13022023.pdf": 2.891553092941996, "C.P._1616_2018.pdf": 2.891553092941996, "C.A._1086_2014.pdf": 2.891553092941996, "j.p._480_2018.pdf": 2.891553092941996, "Const.P._29_2017.pdf": 2.891553092941996, "c.a._1476_2018.pdf": 11.566212371767984, "c.a._1602_2014.pdf": 2.891553092941996, "S.M.C._3_2018.pdf": 2.891553092941996, "crl.a_413-414_2013_18.02.2014.pdf": 20.24087165059397, "const.p._32_2023_03nov2023.pdf": 2.891553092941996, "c.p._287_2019.pdf": 2.891553092941996, "const.p._24_2023_f.pdf": 2.891553092941996, "s.m.c._1_2022_07042022.pdf": 2.891553092941996, "C.A._1033_2014.pdf": 2.891553092941996, "crl.a._560_2020.pdf": 2.891553092941996, "c.a._290_2022.pdf": 2.891553092941996, "c.a._982_2018_19022024_2.pdf": 2.891553092941996, "c.a._1498_2018.pdf": 5.783106185883992, "c.p._42_2024_25012024.pdf": 2.891553092941996, "const.p._9_2010_28122021.pdf": 2.891553092941996, "c.p._958_2020.pdf": 5.783106185883992, "const.p._32_2023_additional_note.pdf": 5.783106185883992, "C.A._204-L_2015.pdf": 26.023977836477965, "S.M.C_15_2015.pdf": 2.891553092941996, "const.p._22_2022_1st.pdf": 2.891553092941996, "Const.P.35of2013_order_dated_26.7.2013.pdf": 2.891553092941996, "C.M.A._6155_2018.pdf": 2.891553092941996, "c.a._188_2019.pdf": 5.783106185883992, "Const.P._35_2016_dt_15_12_2017.pdf": 5.783106185883992, "const.p._2_2022.pdf": 2.891553092941996, "ICA3,4,6TO11of2011dt2011.04.pdf": 5.783106185883992, "c.a._364_p_2019.pdf": 5.783106185883992, "c.a._491_2012.pdf": 2.891553092941996, "C.R.P._420_2013.pdf": 2.891553092941996, "C.A._134-P_2013.pdf": 8.674659278825988, "c.a._977_2018.pdf": 2.891553092941996, "C.A._1169_2014.pdf": 2.891553092941996, "c.a._24_k_2019.pdf": 5.783106185883992, "Const.P._134_2012_21012019.pdf": 2.891553092941996, "j.p._300_2022.pdf": 2.891553092941996, "C.A.876-879of2005.pdf": 2.891553092941996, "C.A._700_2017.pdf": 2.891553092941996, "C.A._552_2015.pdf": 2.891553092941996, "crl.p._687_2020.pdf": 2.891553092941996, "H.R.C._17599_2018.pdf": 2.891553092941996, "crl.p._18_2019.pdf": 2.891553092941996, "c.a._722_2012.pdf": 2.891553092941996, "H.R.C._10842_P_2018.pdf": 2.891553092941996, "c.a._1399_2019.pdf": 2.891553092941996, "HR8340OF2010.pdf": 8.674659278825988, "c.p._3122_2020.pdf": 2.891553092941996, "C.A._1475_2007.PDF": 14.45776546470998, "C.R.P._309_2013.pdf": 2.891553092941996, "C.A._622 _2008.pdf": 2.891553092941996, "C.P._3195-L_2016.pdf": 2.891553092941996, "c.a._982_2018_08_jan_2024.pdf": 2.891553092941996, "const_petition_26_2013_17.03.pdf": 2.891553092941996, "crl.a._39_k_2022.pdf": 2.891553092941996, "crl.p._851_l_2016.pdf": 17.349318557651976, "c.a._981_2018_02012024.pdf": 2.891553092941996, "crl.a.264_2006.pdf": 2.891553092941996}, "ayusha": {"smc.11_2011.pdf": 7.1471658027602185, "C.R.P._309_2013.pdf": 7.1471658027602185}}