{"ayyub": {"c.r.p._446_2022.pdf": 6.048553514092109, "ConstitutionPetitionNo21OF2007.pdf": 6.048553514092109, "c.a._797_2017.pdf": 6.048553514092109, "c.a._2150_2019.pdf": 6.048553514092109, "C.A._794_2006.pdf": 6.048553514092109, "crl.p._1298_2017.pdf": 6.048553514092109}, "ayyaz": {"report_128_k_2021.pdf": 4.5081084731449605, "crl.s.m.r.p._84_2018.pdf": 4.5081084731449605, "Const.PetitionNo.77of2010_12.10.2012.pdf": 4.5081084731449605, "smc.18_2010_final.pdf": 63.113518624029446, "c.p._167_p_2022.pdf": 9.016216946289921, "c.a._13_q_2020.pdf": 4.5081084731449605, "j.p._40_2017.pdf": 4.5081084731449605, "const.p._2_2024_06032024.pdf": 4.5081084731449605, "crl.sh.a._16_2017.pdf": 4.5081084731449605, "crl.a._139_2022.pdf": 4.5081084731449605, "C.A._139_2013.pdf": 4.5081084731449605, "const.p._21_2023_11082023.pdf": 4.5081084731449605, "c.a._1010_2020.pdf": 4.5081084731449605, "s.m.c._4_2021_11032024.pdf": 4.5081084731449605, "c.a._513_2014.pdf": 4.5081084731449605, "c.p._3317_2018.pdf": 4.5081084731449605, "C.M.A._6250_2018.PDF": 4.5081084731449605, "s.m.c._4_2021_29012024_r.pdf": 9.016216946289921, "const.p._34_2022.pdf": 4.5081084731449605, "const.p._64_2013.pdf": 4.5081084731449605, "crl.p._225_2023.pdf": 4.5081084731449605, "c.p._4029_2019.pdf": 4.5081084731449605, "Const.P._46_2013.pdf": 4.5081084731449605, "c.r.p._310_2018.pdf": 4.5081084731449605, "C.A._2352_2008.pdf": 4.5081084731449605, "S.M.C.No18of2010.pdf": 4.5081084731449605, "crl.p._716_2019.pdf": 18.032433892579842, "const.p._10_2019.pdf": 4.5081084731449605}, "ayyangar": {"Const.P._50_2018.pdf": 6.741700694652055, "c.p._1159_2019.pdf": 6.741700694652055, "c.p._4222_2018.pdf": 13.48340138930411}, "ayyan": {"C.P._781_2016.pdf": 7.840312983320164}, "ayyasamy": {"c.a._39_k_2021.pdf": 7.840312983320164}, "ayyubi": {"c.a._1095_2018_13092019.pdf": 7.1471658027602185, "Crl.P.No.426of2009&Crl.A.No.pdf": 7.1471658027602185}, "ayyar": {"c.a._1772_2008.pdf": 6.741700694652055, "JR_Varan_Case.pdf": 13.48340138930411, "Crl.A._135_2013.pdf": 6.741700694652055}}