{"azeem": {"C.R.P._49_2016.pdf": 3.85132893675589, "C.A._634_L_2012.pdf": 3.85132893675589, "Const.P._38_2016.pdf": 3.85132893675589, "Crl.A._39_L_2015.pdf": 3.85132893675589, "C.A._3_2018_dt-14-9-2018.pdf": 3.85132893675589, "C.A._3_2018.pdf": 3.85132893675589, "c.p._2243_l_2019.pdf": 3.85132893675589, "crl.a._599_2020_26032021.pdf": 3.85132893675589, "Ref.01_2012_addl.note_HJ.ejaz_afzal_khan.pdf": 7.70265787351178, "j.p._147_2016.pdf": 7.70265787351178, "crl.a._95_2019.pdf": 11.55398681026767, "H.R.C.19of1996[AsgharKhanCase]DetailedReasons.pdf": 3.85132893675589, "const.p._21_2022_15092023.pdf": 3.85132893675589, "c.p._2144_l_2011.pdf": 3.85132893675589, "Crl.P.163_to_171_S.M.C.5_2005.pdf": 3.85132893675589, "Const.P35of2013-dt-20-7-2013.pdf": 3.85132893675589, "Crl.A._19_P_2014.pdf": 3.85132893675589, "Const.P.77of2010_dt_27-8-2013.pdf": 3.85132893675589, "crl.p._863_l_2021.pdf": 3.85132893675589, "c.p._3112_2020.pdf": 3.85132893675589, "c.a._446_2021.pdf": 3.85132893675589, "S.M.C._ 26_2007_30062018.pdf": 3.85132893675589, "crl.p._528_l_2023.pdf": 3.85132893675589, "S.M.C._26_2007_04072018.pdf": 3.85132893675589, "crl.p._235_l_2015.pdf": 3.85132893675589, "Const.P.33of2013.pdf": 3.85132893675589, "Crl.P._300_2018.pdf": 3.85132893675589, "crl.p._955_l_2016.pdf": 7.70265787351178, "h.r.c_11827_s_2018.pdf": 3.85132893675589, "C.A._03_2018.pdf": 3.85132893675589, "c.p._4349_2018.pdf": 15.40531574702356, "crl.p._513_2020.pdf": 11.55398681026767, "crl.a._398_2020.pdf": 19.25664468377945, "reference._2_2022.pdf": 3.85132893675589, "c.a._1772_2008.pdf": 3.85132893675589, "crl.p._1280_2019.pdf": 3.85132893675589, "c.p._5632_2021.pdf": 23.10797362053534, "Const.P.77of2010-dt-21-12-2012.pdf": 3.85132893675589, "crl.a._190_2020.pdf": 3.85132893675589, "const.p._5_2024_04032024.pdf": 3.85132893675589, "C.A.404of2011.pdf": 3.85132893675589, "crl.a._239_2020.pdf": 3.85132893675589, "S.M.C._26_2007_02082018.pdf": 3.85132893675589, "Crl.A._496_2009.pdf": 19.25664468377945, "c.p._3413_2017.pdf": 15.40531574702356, "C.R.P._3_2015.pdf": 3.85132893675589, "crl.p._172_2020.pdf": 3.85132893675589, "H.R.C._10842_P_2018.pdf": 11.55398681026767, "C.A._682_2008.pdf": 3.85132893675589, "c.a._370_2020.pdf": 3.85132893675589, "crl.a._92_l_2017.pdf": 3.85132893675589, "crl.p._1121_2017.pdf": 3.85132893675589, "C.A._85_K_2015.pdf": 3.85132893675589, "c.p._3249_2015.pdf": 3.85132893675589}, "azerbaijan": {"Const.P.12of2010.pdf": 7.840312983320164}, "azeez": {"C.A._194_2015.pdf": 7.840312983320164}, "azeemul": {"const.p.6_2011_final.pdf": 28.588663211040874, "C.M.A.5216OF2012.pdf": 7.1471658027602185}}