{"azfar": {"NRO_Judgment.pdf": 37.38525042531638, "CMA No.5144of2011.pdf": 49.84700056708851, "c.p._1743_2020_03032023.pdf": 6.230875070886063, "Const.P.50-69of2011.pdf": 6.230875070886063, "CJD_Section 2-A_Case_as_on_26_06_2006.pdf": 12.461750141772127}}