{"azo": {"H.R.C.19of1996[AsgharKhanCase]DetailedReasonsUrduTranslation.pdf": 7.1471658027602185, "H.R.C.19of1996[AsgharKhanCase]DetailedReasons.pdf": 7.1471658027602185}, "azovstal": {"CJD_Pakistan_Steel_Mills_Case.pdf": 15.680625966640328}}