{"azra": {"report_128_k_2021.pdf": 9.591581091193483, "Const.P_6of2011.pdf": 4.795790545596741, "C.A._634_L_2012.pdf": 4.795790545596741, "Const.P.12of2010.pdf": 4.795790545596741, "S.M.C._01_2010.pdf": 4.795790545596741, "C.A._340_2002.pdf": 9.591581091193483, "const.p._9_2010_27122021.pdf": 4.795790545596741, "c.p._2628_2019.pdf": 9.591581091193483, "c.p._175_k_2022.pdf": 4.795790545596741, "C.A._1171_2017.pdf": 9.591581091193483, "c.r.p._426_2022_02sept2023.pdf": 4.795790545596741, "c.p._275_2016.pdf": 4.795790545596741, "const.p._9_2010.pdf": 4.795790545596741, "C.P._842_2016.pdf": 4.795790545596741, "c.p._596_2021.pdf": 4.795790545596741, "Crl.A._35_K_2016.pdf": 9.591581091193483, "const.p._9_2010_28122021.pdf": 4.795790545596741, "C.A._322_2018.pdf": 4.795790545596741, "C.A._843_2012.pdf": 4.795790545596741, "C.A._42_K_2016.pdf": 9.591581091193483, "CJD_Section 2-A_Case_as_on_26_06_2006.pdf": 4.795790545596741}}