{"baanur": {"Crl.A._479_2015.pdf": 7.840312983320164}, "baaz": {"const.p.23of2012.pdf": 7.840312983320164}, "baais": {"const.p.1_ 2012_etc.pdf": 15.680625966640328}, "baati": {"Crl.A._402_2013.pdf": 23.52093894996049}}