{"badge": {"Crl.A._24_2010.pdf": 6.230875070886063, "cma_2774_2014_in_const.p.51_2010_dt_22.05.14.pdf": 6.230875070886063, "crl.p._230_2019.pdf": 18.69262521265819, "c.p._2045_2019.pdf": 6.230875070886063, "HR8340OF2010.pdf": 6.230875070886063}, "badly": {"Crl.A._24_2010.pdf": 4.202726823593778, "c.a._1476_2018_urdu.pdf": 4.202726823593778, "ConstitutionPetitionNo21OF2007.pdf": 4.202726823593778, "Crl.A._479_2015.pdf": 4.202726823593778, "SMC15OF2009.pdf": 8.405453647187556, "Crl.O.P_57_2015.pdf": 4.202726823593778, "smc.18_2010_final.pdf": 4.202726823593778, "const.p._19_2022_01062022.pdf": 4.202726823593778, "S.M.C.18OF2010.pdf": 4.202726823593778, "s.m.c._1_2022_detailed.pdf": 4.202726823593778, "SMC16of2011_detailed_judgment.pdf": 12.608180470781335, "Crl.P._623_2016.pdf": 4.202726823593778, "S.M.C._19_2016.pdf": 4.202726823593778, "C.A._1628_2017.pdf": 4.202726823593778, "c.a._1573_2017.pdf": 4.202726823593778, "crl.p._290_l_2015.pdf": 4.202726823593778, "crl.s.a.07_2011.pdf": 4.202726823593778, "const.p._2_2022_14102022.pdf": 4.202726823593778, "crl.p._1485_l_2019.pdf": 4.202726823593778, "C.P._371_P_2016.pdf": 4.202726823593778, "const.p.115_2011.pdf": 8.405453647187556, "crl.a._106_2020.pdf": 4.202726823593778, "c.m.a.145_q_2022_dt_02_01_23.pdf": 4.202726823593778, "const.p.37_2012_final.pdf": 21.01363411796889, "C.A._288_2013.pdf": 4.202726823593778, "Crl.A._274_2006.pdf": 4.202726823593778, "smc.16of2011.pdf": 4.202726823593778, "C.A._1242_2013.pdf": 4.202726823593778, "Const.P.77of2010-dt-21-12-2012.pdf": 4.202726823593778, "c.a._17_q_2023.pdf": 4.202726823593778, "c.a._1280_2019.pdf": 8.405453647187556, "c.a._343_l_2020.pdf": 4.202726823593778, "C.A.401_2011.pdf": 4.202726823593778, "C.A._1000_2006.pdf": 4.202726823593778, "c.p._1854_l_2022.pdf": 4.202726823593778, "CMA3258of2013inCP65of09DetailOrder.pdf": 4.202726823593778, "C.M.A._8215_2016.pdf": 4.202726823593778, "c.a._1300_2019.pdf": 8.405453647187556}, "bad": {"crl.p.240_2012.pdf": 10.567263808217353, "J.P._191_2018.pdf": 2.6418159520543383, "c.a._1476_2018_urdu.pdf": 5.283631904108677, "ConstitutionPetitionNo21OF2007.pdf": 18.49271166438037, "Crl.A._479_2015.pdf": 7.925447856163014, "c.p._852_2020.pdf": 2.6418159520543383, "C.R.P._297_2017_Reserved.pdf": 5.283631904108677, "const.p.42of2011(UrduVersion).pdf": 5.283631904108677, "C.M.A.No.3685of2012-dt-17-1-2013.pdf": 2.6418159520543383, "c.a._1079_2015.pdf": 2.6418159520543383, "Const.P._38_2016.pdf": 5.283631904108677, "Crl.A._609_2014.pdf": 2.6418159520543383, "Const.P._29_2016_28072016.pdf": 2.6418159520543383, "C.A._1129_2013.pdf": 2.6418159520543383, "Crl.A._190_2016.pdf": 2.6418159520543383, "Crl.O.P_57_2015.pdf": 7.925447856163014, "NRO_Judgment.pdf": 29.05997547259772, "Const.P.40of2012-DetailJudgment[UrduTranslation]-dt-3.7.2012.pdf": 2.6418159520543383, "c.p._3436_l_2022.pdf": 2.6418159520543383, "Const.P.12of2010.pdf": 47.552687136978086, "Const.P.87of2011[UrduVersion].pdf": 7.925447856163014, "cma_2774_2014_in_const.p.51_2010_dt_22.05.14.pdf": 5.283631904108677, "CMA_1145-K_2013_in_SMC_16-2011_08-03-2013.pdf": 7.925447856163014, "Const.P.12of2010Urdu.pdf": 5.283631904108677, "const.p.42of2011.pdf": 2.6418159520543383, "Const.P._29_2016.pdf": 23.776343568489043, "C.R.P._125_2014.pdf": 2.6418159520543383, "Const.PetitionNo.77of2010_12.10.2012.pdf": 7.925447856163014, "Const.P.77of2012[DetailedOrderFinal].pdf": 2.6418159520543383, "Urdu-Const.P-77-2010-12.10.2012.pdf": 10.567263808217353, "CONST.P.77OF2010-DT-06.04.12[URDU].pdf": 2.6418159520543383, "Crl.A._275_2011.pdf": 5.283631904108677, "c.a._782_2014.pdf": 2.6418159520543383, "S.M.C.24of2010[urdu-version].pdf": 2.6418159520543383, "c.a.149-150_2010.pdf": 5.283631904108677, "H.R.C.19of1996[AsgharKhanCase]DetailedReasonsUrduTranslation.pdf": 7.925447856163014, "S.M.C.18OF2010.pdf": 5.283631904108677, "SMC16of2011_detailed_judgment.pdf": 5.283631904108677, "HRC7734-G_1003-GOF2009[UrduTranslation].pdf": 7.925447856163014, "smc.24_2010.pdf": 5.283631904108677, "MemoCase-final-30.12.2011(UrduVersion).pdf": 2.6418159520543383, "Const.P.40of2012-DetailJudgment-dt-3.7.2012.pdf": 2.6418159520543383, "smc.11_2011.pdf": 7.925447856163014, "H.R.C.19of1996[AsgharKhanCase]DetailedReasons.pdf": 7.925447856163014, "Const.P.77-78-79 [Memogate]DetailedOrder.pdf": 2.6418159520543383, "Crl.A._39_L_2015_Urdu.pdf": 10.567263808217353, "C.P.796of2007-dt-10-5-2013.pdf": 5.283631904108677, "JR_Judgment_on_17th_Amendmend_and_Presidents_Uniform_Case.pdf": 2.6418159520543383, "Const.P.77of2010-DT-05-04-2012.pdf": 2.6418159520543383, "CJD_Reference by_the_President_of_Pakistan_under_Article_186.pdf": 7.925447856163014, "C.P.No.1017-Lof2011.pdf": 2.6418159520543383, "const.p._21_2022_15092023.pdf": 2.6418159520543383, "Crl.A._382_2011.pdf": 5.283631904108677, "Crl.O.P.89of2011.pdf": 2.6418159520543383, "Const.P.5of2013.pdf": 13.209079760271692, "HRC7734-G_1003-GOF2009[AllegedCorruptionInRentalPowerPlants].pdf": 5.283631904108677, "S.M.C._18_2016.pdf": 2.6418159520543383, "S.M.C._19_2016.pdf": 2.6418159520543383, "j.p._83_2021.pdf": 2.6418159520543383, "Crl.M.A_693_2018.pdf": 2.6418159520543383, "C.A._521_2015.pdf": 2.6418159520543383, "Crl.A._104_2010.pdf": 2.6418159520543383, "C.R.P._561_2015_dt_04-02-2016.pdf": 2.6418159520543383, "crl.p._624_2021.pdf": 2.6418159520543383, "crl.p._596_l_2022.pdf": 2.6418159520543383, "Const.P.77to85of2011-ShortOrder-1.pdf": 2.6418159520543383, "crl.m.a._62_p_2018.pdf": 2.6418159520543383, "h.r.c._13316_p_2018.pdf": 2.6418159520543383, "s.m.c._1_2020_19052020.pdf": 5.283631904108677, "c.p._2_2022_dissenting_note2.pdf": 2.6418159520543383, "HRC-4668of2006.pdf": 5.283631904108677, "JR_Detailed_Judgment_in_Referendum_Case.pdf": 5.283631904108677, "S.M.C._ 26_2007_30062018.pdf": 2.6418159520543383, "crl.p._461_2023.pdf": 2.6418159520543383, "Const.P.87of2011.pdf": 2.6418159520543383, "crl.p._1549_2021.pdf": 2.6418159520543383, "c.a._1295_2019.pdf": 2.6418159520543383, "c.p._4129_2019.pdf": 2.6418159520543383, "C.A._27_2009.pdf": 5.283631904108677, "const.p._17_2020_dissenting_note_hj11.pdf": 5.283631904108677, "C.A._448_2014_DJ.pdf": 2.6418159520543383, "c.m.a.no20&21of2009.pdf": 2.6418159520543383, "C.M.A._3704_2015.pdf": 2.6418159520543383, "Crl.A._210_2015.pdf": 7.925447856163014, "const.p.115_2011.pdf": 2.6418159520543383, "crl.a._106_2020.pdf": 2.6418159520543383, "i.c.a._1_2024_15032024.pdf": 2.6418159520543383, "crl.p._518_2022.pdf": 5.283631904108677, "crl.p._1276_2023.pdf": 2.6418159520543383, "Const.P.77-2011[MemoScandal]dt.30.12.2011.pdf": 2.6418159520543383, "C.A._2564_2001.pdf": 2.6418159520543383, "C.R.P.193of2013.pdf": 2.6418159520543383, "C.A._301_2014.pdf": 2.6418159520543383, "c.a._982_2018_19022024.pdf": 2.6418159520543383, "h.r.c_11827_s_2018.pdf": 2.6418159520543383, "Const.P._2_2011.pdf": 2.6418159520543383, "c.p._3203_2017.pdf": 2.6418159520543383, "Crl.A.140of2005.pdf": 2.6418159520543383, "const.p.37_2012_final.pdf": 5.283631904108677, "c.r.p._292_2021_detailed.pdf": 2.6418159520543383, "const.p._17_2019_detailed_reasoning.pdf": 15.850895712326029, "SMC.13-2009.pdf": 2.6418159520543383, "C.A._307-L_2015.pdf": 10.567263808217353, "C.A._1890_2002.pdf": 2.6418159520543383, "j.p._499_2015.pdf": 23.776343568489043, "c.a.1540-1599_2013.pdf": 2.6418159520543383, "c.a._471_l_2012.pdf": 2.6418159520543383, "c.p._4737_2018.pdf": 2.6418159520543383, "c.p._1171_2021.pdf": 2.6418159520543383, "crl.a._15_q_2020.pdf": 2.6418159520543383, "C.P._1616_2018.pdf": 10.567263808217353, "J.P.No.56of2005.pdf": 2.6418159520543383, "crl.p._33_2021.pdf": 2.6418159520543383, "C.A.800Lof2013etc.pdf": 15.850895712326029, "c.a._573_2013.pdf": 39.627239280815076, "c.a._350_2020.pdf": 2.6418159520543383, "Const.P._29_2017.pdf": 2.6418159520543383, "s.m.c._4_2021_11032024.pdf": 2.6418159520543383, "i.c.a._1_2024_1502024_an.pdf": 2.6418159520543383, "C.P._842_2016.pdf": 95.10537427395617, "crl.p._534_2019.pdf": 5.283631904108677, "j.p._637_2016.pdf": 2.6418159520543383,