{"bae": {"NRO_Judgment.pdf": 47.191904862564385, "Const.P._29_2016.pdf": 13.48340138930411, "ConstitutionPetitionNo39of2009.pdf": 47.191904862564385}}