{"bau": {"crl.s.m.r.p._84_2018.pdf": 7.840312983320164}, "bauer": {"smc.11_2011.pdf": 7.840312983320164}, "baugulzai": {"Crl.A.13-14-15and16of2004and53of2011.pdf": 7.840312983320164}, "baughman": {"c.a._458_2017.pdf": 7.840312983320164}, "baum": {"c.a._179_2016.pdf": 7.840312983320164}}