{"bayan": {"c.p._1193_2020.pdf": 6.230875070886063, "H.R.C.19of1996[AsgharKhanCase]DetailedReasonsUrduTranslation.pdf": 6.230875070886063, "c.a._71_p_2014.pdf": 12.461750141772127, "c.a._71_p_2014_urdu.pdf": 12.461750141772127, "Crl.A._402_2013.pdf": 6.230875070886063}, "bay": {"SMC5of2012[UrduVersion]dt16-6-2012.pdf": 4.895874004153724, "Const.P.12of2010.pdf": 9.791748008307447, "Const.P._36_2016_dt_15_12_2017.pdf": 4.895874004153724, "c.a._371_2020.pdf": 4.895874004153724, "CP778-779.pdf": 4.895874004153724, "C.M.A._3221_2012.pdf": 14.687622012461171, "crl.a._40_2020.pdf": 4.895874004153724, "j.p._262_2015.pdf": 4.895874004153724, "Const.P._24_2012.pdf": 4.895874004153724, "j.p._324_2015.pdf": 4.895874004153724, "c.a._1095_2018_13092019.pdf": 9.791748008307447, "c.p._517_l_2016.pdf": 4.895874004153724, "C.A._1095_2018.pdf": 9.791748008307447, "crl.p._457_l_2016.pdf": 4.895874004153724, "SMCNo25of2009.pdf": 14.687622012461171, "c.p._389_2022.pdf": 4.895874004153724, "crl.a._277_2020.pdf": 4.895874004153724, "crl.m.a._130_k_2019.pdf": 4.895874004153724, "Crl.A._148_L_2017.pdf": 4.895874004153724}, "bayonet": {"Const.P.12of2010.pdf": 15.680625966640328}, "bayrak": {"crl.p._1667_2021.pdf": 7.840312983320164}, "bayfield": {"CP778-779.pdf": 7.840312983320164}, "bayar": {"H.R.C.19of1996[AsgharKhanCase]DetailedReasons.pdf": 7.840312983320164}, "bayyinah": {"crl.a._139_2022.pdf": 7.840312983320164}, "bayley": {"C.P._842_2016.pdf": 7.840312983320164}, "bayal": {"C.M.A._376-K_2014.pdf": 7.840312983320164}, "baynahum": {"c.m.a._490_2021_20022021.pdf": 7.840312983320164}, "bayer": {"C.A._622 _2008.pdf": 7.840312983320164}}