{"bb": {"Const.P.12of2010.pdf": 5.760871441640328, "Const.P.NO.62OF2010_orderdt06062011.pdf": 5.760871441640328, "Crl.A._39_L_2015_Urdu.pdf": 5.760871441640328, "Crl.O.P.89of2011.pdf": 5.760871441640328, "c.a._258_2020.pdf": 5.760871441640328, "const.p._24_2023_f.pdf": 5.760871441640328, "Const.P.22of2013.pdf": 11.521742883280655, "crl.p._636_2022.pdf": 5.760871441640328}}