{"bbia": {"Const.P.33_2013.pdf": 7.840312983320164}, "bbiap": {"Const.P.33_2013.pdf": 7.840312983320164}}