{"bcci": {"Const.P._29_2016.pdf": 172.4868856330436}, "bcc": {"c.p._1057_2019.pdf": 31.361251933280656}, "bccn": {"c.a._1295_2019.pdf": 7.840312983320164}}