{"bcfd": {"c.r.p._421_2020_dissenting_notes.pdf": 12.908037244400546, "c.r.p._421_2020.pdf": 12.908037244400546, "c.a._1113_2017_dissenting_note.pdf": 25.816074488801092, "c.a._1113_2017.pdf": 25.816074488801092}}