{"bcs": {"Const.P_6of2011.pdf": 14.294331605520437, "C.A._588_2017.pdf": 21.441497408280654}}