{"bda": {"C.P.796of2007-UrduTranslation-dt-10-5-2013.pdf": 339.89141505677935, "CPLA_796_2007_ETC_SHORT_ORDER_REKO_DIQ_CASE.pdf": 92.17394306624524, "C.P.796of2007-dt-10-5-2013.pdf": 1278.9134600441528, "HRC-4668of2006.pdf": 51.84784297476295, "const.p.115_2011.pdf": 86.41307162460491, "reference._2_2022.pdf": 11.521742883280655, "C.P.796of2007.pdf": 5.760871441640328, "ref._2_2022_13092023.pdf": 5.760871441640328}}