{"bds": {"C.A._3_2018_dt-14-9-2018.pdf": 5.442417710521793, "C.A._3_2018.pdf": 5.442417710521793, "s.m.c._4_2022.pdf": 21.769670842087173, "s.m.c._4_2022_30mar2023.pdf": 21.769670842087173, "s.m.c._4_2022_04apr2023.pdf": 48.98175939469614, "c.p._2916_2019.pdf": 5.442417710521793, "c.p._1354_2020.pdf": 5.442417710521793, "c.p._3933_2023.pdf": 16.327253131565378, "c.p._3747_2023.pdf": 5.442417710521793, "Crl.A._218_2015.pdf": 5.442417710521793, "c.a._540_2020.pdf": 5.442417710521793}}