{"bebhud": {"H.R.C.19of1996[AsgharKhanCase]DetailedReasonsUrduTranslation.pdf": 7.840312983320164}, "bebr": {"c.a._371_2020.pdf": 7.840312983320164}, "bebe": {"smc.9_2011.pdf": 7.840312983320164}}