{"bepari": {"c.a._929_2017.pdf": 5.643088405983945, "c.a._389_2015.pdf": 5.643088405983945, "c.p._275_2016.pdf": 5.643088405983945, "Crl.M.A._200_2019.pdf": 5.643088405983945, "c.p._1133_l_2016.pdf": 5.643088405983945, "j.p._112_2017.pdf": 5.643088405983945, "C.R.P._3_2015.pdf": 5.643088405983945, "crl.a._145_l_2017.pdf": 5.643088405983945, "c.a._1005_2009.pdf": 11.28617681196789}, "bepress": {"SMCNo25of2009.pdf": 7.840312983320164}}