{"bereng": {"Const.P.127of2012.pdf": 7.840312983320164}, "berham": {"Const.P.127of2012.pdf": 7.1471658027602185, "C.A._2564_2001.pdf": 7.1471658027602185}, "bernard": {"ConstitutionPetitionNo21OF2007.pdf": 23.577611337059402, "Const.P.87of2011[UrduVersion].pdf": 5.8944028342648505, "Const.P._29_2016.pdf": 5.8944028342648505, "Const.P.87of2011.pdf": 5.8944028342648505, "CMA2745of2009etc.pdf": 5.8944028342648505, "c.a._1547_2019.pdf": 11.788805668529701, "Const.P.5and15-HRC14144-DetailedReasons.pdf": 5.8944028342648505}, "berryvale": {"C.R.P._297_2017_Reserved.pdf": 7.840312983320164}, "bereft": {"crl.s.m.r.p._84_2018.pdf": 3.8700210697680424, "Const.P.12of2010.pdf": 7.740042139536085, "c.p._2243_l_2019.pdf": 7.740042139536085, "crl.a._599_2020_26032021.pdf": 7.740042139536085, "smc_1_2014.pdf": 3.8700210697680424, "c.a._730_2015.pdf": 3.8700210697680424, "c.p._34_q_2019.pdf": 3.8700210697680424, "c.p._225_p_2023.pdf": 3.8700210697680424, "C.R.P._561_2015_dt_04-02-2016.pdf": 3.8700210697680424, "Crl.A._465_2015.pdf": 3.8700210697680424, "c.r.p._296_2020_29012022.pdf": 3.8700210697680424, "c.r.p._296_2020_04022022.pdf": 3.8700210697680424, "HRC-4668of2006.pdf": 3.8700210697680424, "c.p._116_2020_16112023.pdf": 7.740042139536085, "Const.P._39_2016.pdf": 3.8700210697680424, "c.a._668_2022.pdf": 7.740042139536085, "h.r.c_11827_s_2018.pdf": 3.8700210697680424, "c.m.a.145_q_2022_dt_02_01_23.pdf": 3.8700210697680424, "const.p._17_2019_detailed_reasoning.pdf": 3.8700210697680424, "Crl.A._322_2018.pdf": 3.8700210697680424, "SMC.13-2009.pdf": 7.740042139536085, "s.m.c._1_2023_27032023.pdf": 3.8700210697680424, "C.P._1885_2017.pdf": 3.8700210697680424, "C.A._334_2004.pdf": 3.8700210697680424, "c.p._2314_2022_dn.pdf": 3.8700210697680424, "C.P._145_2015.pdf": 3.8700210697680424, "c.a._ 870_2020.pdf": 3.8700210697680424, "c.a._438_2021.pdf": 3.8700210697680424, "c.a._1481_2015.pdf": 3.8700210697680424, "c.a._221_2018.pdf": 3.8700210697680424, "const.p._24_2023_f.pdf": 3.8700210697680424, "reference_1_2020.pdf": 3.8700210697680424, "const.p._32_2023_additional_note.pdf": 3.8700210697680424, "const.p._17_2020_dissenting_note_hj4.pdf": 3.8700210697680424, "c.a._2121_2017.pdf": 3.8700210697680424, "c.a._2186_2017.pdf": 3.8700210697680424, "c.a._26_2015l.pdf": 3.8700210697680424, "c.p._183_2024_20032024.pdf": 3.8700210697680424, "Crl.A._496_2009.pdf": 3.8700210697680424, "c.a.482_2014.pdf": 3.8700210697680424, "C.P._3095_2017.pdf": 3.8700210697680424, "c.p._3041_2020.pdf": 3.8700210697680424, "c.p._2885_2022.pdf": 3.8700210697680424, "C.P._357_2016.pdf": 3.8700210697680424, "h.r.c._82928_2018.pdf": 3.8700210697680424, "Crl.A._218_2015.pdf": 3.8700210697680424, "smc.9_2011.pdf": 3.8700210697680424, "H.R.C._10842_P_2018.pdf": 3.8700210697680424, "cma_6762_20.pdf": 3.8700210697680424, "C.A._1207_2004.pdf": 3.8700210697680424, "c.a._1191_2014.pdf": 3.8700210697680424, "c.p._3249_2015.pdf": 3.8700210697680424, "c.p._3718_2023.pdf": 3.8700210697680424}, "ber": {"Const.P._38_2016.pdf": 23.52093894996049}, "berry": {"Crl.A._39_L_2015.pdf": 14.294331605520437, "Crl.A._39_L_2015_Urdu.pdf": 7.1471658027602185}, "berlusconi": {"NRO_Judgment.pdf": 7.840312983320164}, "berth": {"Const.P.12of2010.pdf": 7.840312983320164}, "berger": {"Const.P.33_2013.pdf": 74.77050085063276, "CAA_25.09.2013.pdf": 12.461750141772127, "const.p.33-2013_dt_12.09.2013.pdf": 6.230875070886063, "Const.P.33of2013.pdf": 6.230875070886063, "Const.P.33of2013_09.07.13.pdf": 6.230875070886063}, "berate": {"S.J.C_347_2018.PDF": 14.294331605520437, "const.p._76_2018.pdf": 14.294331605520437}, "beraj": {"Const.P.NO.62OF2010_orderdt06062011.pdf": 15.680625966640328}, "berlex": {"CMA1362OF2012-DT-10-04-2012[URDU].pdf": 28.588663211040874, "CMA1362OF2012-DT-10-04-2012.pdf": 28.588663211040874}, "berriedale": {"H.R.C.19of1996[AsgharKhanCase]DetailedReasons.pdf": 7.840312983320164}, "berari": {"smc_1_2014.pdf": 7.840312983320164}, "bereaved": {"c.p._2628_2019.pdf": 7.1471658027602185, "C.A._1000_2006.pdf": 14.294331605520437}, "bereavement": {"c.p._3923_2016.pdf": 7.840312983320164}, "berm": {"const.p.115_2011.pdf": 7.840312983320164}, "berar": {"C.A._767_2014.pdf": 6.454018622200273, "CMA2745of2009etc.pdf": 6.454018622200273, "C.A._622 _2008.pdf": 6.454018622200273, "CPs987-989OF2011-DT19.10.2011.pdf": 6.454018622200273}, "berubari": {"reference_1_2020.pdf": 7.840312983320164}, "bernadette": {"C.A.39_2010.pdf": 7.840312983320164}, "berlin": {"SMCNo25of2009.pdf": 7.1471658027602185, "c.p._140_l_2015.pdf": 7.1471658027602185}, "berkshire": {"c.p._2459_2017.pdf": 7.840312983320164}, "bertand": {"H.R.C._17599_2018.pdf": 7.840312983320164}, "berg": {"c.a._722_2012.pdf": 7.1471658027602185, "c.a._1547_2019.pdf": 7.1471658027602185}, "berooni": {"crl.p._852_2021.pdf": 7.840312983320164}, "bersh": {"C.R.P._309_2013.pdf": 15.680625966640328}}