{"bevan": {"Const.P.12of2010.pdf": 7.840312983320164}, "beverely": {"Const.P.12of2010.pdf": 7.840312983320164}, "beverage": {"C.A._104-L_2015.pdf": 9.324518305944437, "C.M.A._230_2019.pdf": 27.97355491783331, "c.a._1660_2014.pdf": 4.662259152972219, "JR_Detailed_Judgment_in_Referendum_Case.pdf": 4.662259152972219, "S.M.C._ 26_2007_30062018.pdf": 4.662259152972219, "c.a._353_2010.pdf": 4.662259152972219, "S.M.C._26_2007_04072018.pdf": 4.662259152972219, "c.p._3282_l_2022.pdf": 9.324518305944437, "C.P._1195_2019.pdf": 37.29807322377775, "c.p._398_l_2018.pdf": 4.662259152972219, "Const.P._2_2011.pdf": 18.649036611888874, "c.p._846_l_2017.pdf": 13.986777458916656, "c.p._349_l_2017.pdf": 4.662259152972219, "c.a._1113_2017.pdf": 4.662259152972219, "C.A.876-879of2005.pdf": 4.662259152972219, "c.a._1275_2009.pdf": 4.662259152972219, "c.p._32_q_2019.pdf": 4.662259152972219, "c.p._3797_2020.pdf": 4.662259152972219, "c.a._477_2021.pdf": 4.662259152972219, "C.A._116_K_2016.pdf": 4.662259152972219, "C.M.A._230_2019_09072019.pdf": 13.986777458916656, "C.A.83and84of2006.pdf": 4.662259152972219, "C.A._622 _2008.pdf": 4.662259152972219, "c.p._3200_l_2019.pdf": 9.324518305944437}, "beverley": {"const.p._17_2020_dissenting_note_hj11.pdf": 7.1471658027602185, "const.p._21_2022_30102023.pdf": 7.1471658027602185}}