{"beware": {"Crl.A._39_L_2015.pdf": 5.643088405983945, "Const.P.12of2010.pdf": 16.929265217951833, "const.p.42of2011.pdf": 5.643088405983945, "smc_1_2014.pdf": 5.643088405983945, "Crl.M.A_183_2019.pdf": 5.643088405983945, "c.p._1133_l_2016.pdf": 16.929265217951833, "c.m.a._490_2021_20022021.pdf": 5.643088405983945, "S.M.C._7_2017_06022019.pdf": 5.643088405983945, "crl.a.264_2006.pdf": 5.643088405983945}, "bewildered": {"c.a._39_k_2021.pdf": 7.840312983320164}, "bewa": {"c.a._908_2015.pdf": 7.840312983320164}, "bewilder": {"ref._2_2022_13092023_2.pdf": 7.840312983320164}}