{"bher": {"smc.11_2011.pdf": 38.72411173320164, "c.p._3130_2020.pdf": 6.454018622200273, "H.R.C._4729_2011.pdf": 12.908037244400546, "crl.p._910_2022 .pdf": 6.454018622200273}, "bheri": {"smc.11_2011.pdf": 7.840312983320164}, "bhekar": {"smc.11_2011.pdf": 7.840312983320164}, "bhera": {"c.r.p._218_2013.pdf": 5.760871441640328, "ca411to414of2013.pdf": 5.760871441640328, "Const.Petition.24_2011_dt02062011.pdf": 5.760871441640328, "c.a._513_2014.pdf": 5.760871441640328, "crl.r.p._2_2024.pdf": 5.760871441640328, "c.p._3041_2020.pdf": 23.04348576656131, "c.a._1399_2019.pdf": 5.760871441640328, "C.A._1440_2007.pdf": 5.760871441640328}, "bheel": {"C.P._3122_2017.pdf": 7.1471658027602185, "C.A._467_2015.pdf": 7.1471658027602185}, "bheka": {"SMC.13-2009.pdf": 7.840312983320164}, "bherowal": {"c.p._1133_l_2016.pdf": 15.680625966640328}, "bhetani": {"Const.P.31of2011.pdf": 7.840312983320164}, "bheni": {"crl.p._963_l_2016.pdf": 31.361251933280656}, "bheen": {"crl.a._363_2021.pdf": 7.840312983320164}, "bheek": {"c.a._404_2014.pdf": 7.840312983320164}}