{"bholoo": {"Crl.A._24_2010.pdf": 7.840312983320164}, "bhoon": {"ConstitutionPetitionNo21OF2007.pdf": 4.343805421853684, "Const.P._134_2012.pdf": 4.343805421853684, "Const.P._29_2016_28072016.pdf": 8.687610843707368, "C.A._3_2018_dt-14-9-2018.pdf": 4.343805421853684, "C.A._3_2018.pdf": 4.343805421853684, "s.m.c._1_2022_detailed.pdf": 4.343805421853684, "C.A._03_2017.pdf": 4.343805421853684, "c.p._1057_2019.pdf": 4.343805421853684, "s.m.c._1_2022.pdf": 4.343805421853684, "const.p._2_2022_14102022.pdf": 4.343805421853684, "C.P._3345_2016.pdf": 4.343805421853684, "c.m.a.no20&21of2009.pdf": 4.343805421853684, "refernece_1_2022.pdf": 4.343805421853684, "c.p._211_2024.pdf": 4.343805421853684, "c.p._210_2024.pdf": 4.343805421853684, "C.A._03_2018.pdf": 4.343805421853684, "C.P.756-Lof2013-dt-10-5-2013.pdf": 4.343805421853684, "C.P.No.636of2013-dt-9-5-2013.pdf": 4.343805421853684, "const.p._2_2022_21032022.pdf": 4.343805421853684, "const.p._31_2019.pdf": 4.343805421853684, "crl.a._398_2020.pdf": 4.343805421853684, "s.m.c._1_2022_07042022.pdf": 4.343805421853684, "crl_r_p.8-l_2013.pdf": 26.062832531122105, "const.p._13_2023_09052023.pdf": 8.687610843707368, "CMA2745of2009etc.pdf": 8.687610843707368, "I.C.A._4_2017.pdf": 8.687610843707368, "crl.o.p._148_2022_02112022.pdf": 8.687610843707368, "const.p._2_2022.pdf": 4.343805421853684, "Const.P._134_2012_21012019.pdf": 4.343805421853684, "c.a._326_l_2020.pdf": 4.343805421853684, "C.A._446_2012.pdf": 4.343805421853684, "crl.a._145_l_2017.pdf": 4.343805421853684, "c.a._981_2018_02012024.pdf": 4.343805421853684}, "bhoto": {"Const.P_6of2011.pdf": 7.840312983320164}, "bhounr": {"Const.P_6of2011.pdf": 7.840312983320164}, "bhotani": {"Const.PetitionNo.77of2010_12.10.2012.pdf": 7.840312983320164}, "bhopal": {"S.M.C.24of2010[urdu-version].pdf": 5.8944028342648505, "Const.P.77-78-79 [Memogate]DetailedOrder.pdf": 5.8944028342648505, "C.A.800Lof2013etc.pdf": 5.8944028342648505, "SMC24-2010.pdf": 5.8944028342648505, "SMCNo25of2009.pdf": 5.8944028342648505, "c.a._1275_2009.pdf": 11.788805668529701, "C.A._622 _2008.pdf": 5.8944028342648505}, "bhotto": {"H.R.C.19of1996[AsgharKhanCase]DetailedReasons.pdf": 7.840312983320164}, "bhoot": {"Crl.O.P.89of2011.pdf": 7.840312983320164}, "bhogiawal": {"Crl.P.163_to_171_S.M.C.5_2005.pdf": 7.840312983320164}, "bhola": {"crl.a._128_2020.pdf": 7.1471658027602185, "crl.a._154_l_2013.pdf": 14.294331605520437}, "bhogilal": {"C.A._176_2015.pdf": 7.840312983320164}, "bhootani": {"C.P._3122_2017.pdf": 6.741700694652055, "C.P._145_2015.pdf": 6.741700694652055, "C.R.P._561_2015.pdf": 6.741700694652055}, "bhoja": {"crl.p._299_2020_07042020.pdf": 7.840312983320164}, "bhour": {"const.p.9_2014_detail_reasons.pdf": 7.840312983320164}, "bhong": {"j.p._324_2015.pdf": 6.741700694652055, "Crl.A._436_2017.pdf": 6.741700694652055, "crl.a._75_l_2021.pdf": 6.741700694652055}, "bhoora": {"C.A._2133_2006.pdf": 7.840312983320164}, "bhoori": {"C.A._1797_2005.pdf": 7.840312983320164}, "bhoy": {"CMA2745of2009etc.pdf": 7.1471658027602185, "c.a._24_k_2019.pdf": 7.1471658027602185}, "bhoom": {"c.p._258_2017.pdf": 7.840312983320164}, "bhouro": {"c.a._52_k_2022.pdf": 7.840312983320164}, "bhowana": {"j.p._794_2017.pdf": 7.840312983320164}, "bholanath": {"Const.P.59of2011.pdf": 7.840312983320164}}