{"bhp": {"C.P.796of2007-UrduTranslation-dt-10-5-2013.pdf": 535.8552560962014, "CPLA_796_2007_ETC_SHORT_ORDER_REKO_DIQ_CASE.pdf": 230.54237762278436, "C.P.796of2007-dt-10-5-2013.pdf": 1626.2583935012626, "C.P.796of2007.pdf": 31.154375354430318, "ref._2_2022_13092023.pdf": 18.69262521265819}, "bhpm": {"CPLA_796_2007_ETC_SHORT_ORDER_REKO_DIQ_CASE.pdf": 85.76598963312262, "C.P.796of2007-dt-10-5-2013.pdf": 57.17732642208175}, "bhpb": {"C.P.796of2007.pdf": 7.840312983320164}}