{"bi": {"c.a._1520_2016.pdf": 5.442417710521793, "crl.p._342_2018.pdf": 5.442417710521793, "c.p._1289_2020.pdf": 5.442417710521793, "smc.11_2011.pdf": 10.884835421043586, "crl.p._21_p_2020.pdf": 5.442417710521793, "Cr.P.749-Lof2013.pdf": 10.884835421043586, "c.a._396_2018.pdf": 10.884835421043586, "c.p._449_2019.pdf": 5.442417710521793, "c.p._2000_l_2020.pdf": 5.442417710521793, "C.R.P._309_2013.pdf": 10.884835421043586, "C.A._539_2003.pdf": 5.442417710521793}}