{"bias": {"ConstitutionPetitionNo21OF2007.pdf": 48.592111831943996, "S.M.C._28_2018.pdf": 10.412595392559428, "crl.a._251_2020.pdf": 3.4708651308531424, "C.R.P._49_2016.pdf": 3.4708651308531424, "C.M.A._3854_2014_dt_17-04-2015.pdf": 20.825190785118856, "Const.P.12of2010.pdf": 6.941730261706285, "Const.P.87of2011[UrduVersion].pdf": 3.4708651308531424, "cma_2774_2014_in_const.p.51_2010_dt_22.05.14.pdf": 24.296055915971998, "smc.18_2010_final.pdf": 6.941730261706285, "Const.P.77of2012[DetailedOrderFinal].pdf": 6.941730261706285, "c.p._2243_l_2019.pdf": 3.4708651308531424, "S.J.C_347_2018.PDF": 10.412595392559428, "S.M.C.24of2010[urdu-version].pdf": 3.4708651308531424, "Ref.01_2012_addl.note_HJ.ejaz_afzal_khan.pdf": 3.4708651308531424, "H.R.C.19of1996[AsgharKhanCase]DetailedReasonsUrduTranslation.pdf": 6.941730261706285, "s.m.c._1_2022_detailed.pdf": 3.4708651308531424, "c.a._10_2020.pdf": 3.4708651308531424, "CP778-779.pdf": 263.7857499448388, "C.R.P.167of2012-dt-30-8-2012.pdf": 20.825190785118856, "c.p._1347_2019.pdf": 3.4708651308531424, "smc.11_2011.pdf": 6.941730261706285, "H.R.C.19of1996[AsgharKhanCase]DetailedReasons.pdf": 20.825190785118856, "smc_1_2014.pdf": 17.35432565426571, "Const.P.77-78-79 [Memogate]DetailedOrder.pdf": 3.4708651308531424, "C.P.796of2007-dt-10-5-2013.pdf": 6.941730261706285, "s.m.c._4_2022.pdf": 3.4708651308531424, "crl.a._03_p_2017.pdf": 13.88346052341257, "crp.328-329_2013.pdf": 364.44083873957993, "Supreme_Judicial_Council_242_2015.pdf": 3.4708651308531424, "S.M.C._18_2016.pdf": 6.941730261706285, "j.p._83_2021.pdf": 3.4708651308531424, "c.m.a._7084_2020_opinion_hj_5.pdf": 6.941730261706285, "reference._1_2011.pdf": 3.4708651308531424, "Const.P.No.77of2012[ShortOrder2.8.2012].pdf": 3.4708651308531424, "Const.P._39_2016.pdf": 3.4708651308531424, "Const.P.87of2011.pdf": 3.4708651308531424, "c.p._3447_2022.pdf": 3.4708651308531424, "const.p._17_2020_dissenting_note_hj11.pdf": 6.941730261706285, "C.M.A._3704_2015.pdf": 10.412595392559428, "Crl.A._210_2015.pdf": 3.4708651308531424, "c.a._982_2018_19022024.pdf": 3.4708651308531424, "h.r.c_11827_s_2018.pdf": 3.4708651308531424, "Crl.P.200of2009.pdf": 3.4708651308531424, "Crl.A.140of2005.pdf": 6.941730261706285, "const.p._17_2019_detailed_reasoning.pdf": 10.412595392559428, "SMC.13-2009.pdf": 3.4708651308531424, "c.a._469_2021.pdf": 3.4708651308531424, "C.A._1086_2014.pdf": 3.4708651308531424, "CRP167of2012dt31-7-12.pdf": 3.4708651308531424, "C.A._26_K_2018.pdf": 3.4708651308531424, "C.P._842_2016.pdf": 114.5385493181537, "c.p._2045_2019.pdf": 3.4708651308531424, "c.a._617_2020.pdf": 13.88346052341257, "c.p._2602_2019.pdf": 3.4708651308531424, "reference_1_2020.pdf": 3.4708651308531424, "c.a._982_2018_19022024_2.pdf": 3.4708651308531424, "CMA2745of2009etc.pdf": 6.941730261706285, "C.A.39_2010.pdf": 3.4708651308531424, "const.p._6_2023_dn.pdf": 3.4708651308531424, "reference_1_2011_06mar2024.pdf": 3.4708651308531424, "C.A.2234and2235of2005-dt-31-8-2013.pdf": 6.941730261706285, "SMC24-2010.pdf": 3.4708651308531424, "c.p._692_2020.pdf": 3.4708651308531424, "c.p._3263_2022.pdf": 3.4708651308531424, "c.a._512_2021.pdf": 3.4708651308531424, "c.m.a._3932_2023.pdf": 48.592111831943996, "Crl.O.P.6of2012.pdf": 6.941730261706285, "c.a._1474_2015.pdf": 3.4708651308531424, "c.m.a._490_2021_20022021.pdf": 45.121246701090854, "c.a._722_2012.pdf": 34.70865130853142, "c.p._1600_2021_dt_25_01_2024.pdf": 3.4708651308531424, "c.a._1191_2016.pdf": 3.4708651308531424, "c.a._1547_2019.pdf": 6.941730261706285, "H.R.C._3654_2018.pdf": 3.4708651308531424, "HR8340OF2010.pdf": 6.941730261706285, "C.M.A._8215_2016.pdf": 6.941730261706285, "CPs987-989OF2011-DT19.10.2011.pdf": 69.41730261706284, "const.p._10_2019.pdf": 3.4708651308531424, "c.a._10_q_2021.pdf": 3.4708651308531424}, "biased": {"const.p.42of2011(UrduVersion).pdf": 4.406325778835018, "cma_2774_2014_in_const.p.51_2010_dt_22.05.14.pdf": 26.437954673010104, "Const.P.77of2012[DetailedOrderFinal].pdf": 8.812651557670035, "s.m.c._1_2022_detailed.pdf": 17.62530311534007, "CP778-779.pdf": 35.25060623068014, "Crl.O.P.96_12_Altaf_Hussain _1.pdf": 39.65693200951516, "CJD_Reference by_the_President_of_Pakistan_under_Article_186.pdf": 8.812651557670035, "crp.328-329_2013.pdf": 66.09488668252527, "c.p._419_2020.pdf": 8.812651557670035, "c.r.p._296_2020_04022022.pdf": 4.406325778835018, "c.p._3447_2022.pdf": 4.406325778835018, "C.M.A._3704_2015.pdf": 4.406325778835018, "i.c.a._1_2024_15032024.pdf": 4.406325778835018, "crl.a.19of2012.pdf": 4.406325778835018, "CONST.P.9OF2009.pdf": 4.406325778835018, "c.a._1010_2020.pdf": 8.812651557670035, "C.A._1086_2014.pdf": 4.406325778835018, "c.a._1731_2021.pdf": 4.406325778835018, "const.p._17_2020_dissenting_note_hj4.pdf": 8.812651557670035, "s.m.c._1_2023_07042023.pdf": 4.406325778835018, "c.p._1842_l_2022.pdf": 4.406325778835018, "c.m.a._3932_2023.pdf": 4.406325778835018, "Crl.O.P.6of2012.pdf": 4.406325778835018, "c.a._326_l_2020.pdf": 13.218977336505052, "Crl.A._97_L_2016.pdf": 4.406325778835018, "c.p._4222_2018.pdf": 4.406325778835018, "c.m.a._490_2021_20022021.pdf": 17.62530311534007, "crl.p._742_l_2019.pdf": 4.406325778835018, "C.M.A._8215_2016.pdf": 4.406325778835018, "C.A._1646_2000.pdf": 4.406325778835018, "s.m.c._1_2022_note_hj4.pdf": 8.812651557670035}, "biannually": {"Const.P._134_2012.pdf": 6.454018622200273, "c.p._490_k_2020.pdf": 6.454018622200273, "Const.P._134_2012_21012019.pdf": 6.454018622200273, "H.R.C._17599_2018.pdf": 6.454018622200273}, "biala": {"Const.P_6of2011.pdf": 7.840312983320164}, "biannual": {"cng_prices_order_21-12-12-alongwith_translation.pdf": 6.454018622200273, "const.p._24_to_26_of_2023_04072023.pdf": 6.454018622200273, "c.a._1011_2020.pdf": 25.816074488801092, "c.p._1920_2022.pdf": 12.908037244400546}, "bianch": {"c.a._371_2020.pdf": 7.840312983320164}, "biana": {"c.p._5632_2021.pdf": 7.840312983320164}, "biasness": {"c.m.a._490_2021_20022021.pdf": 15.680625966640328}}