{"bid": {"report_128_k_2021.pdf": 7.18363548254161, "ConstitutionPetitionNo21OF2007.pdf": 7.18363548254161, "C.P.796of2007-UrduTranslation-dt-10-5-2013.pdf": 3.591817741270805, "Const.P._38_2016.pdf": 3.591817741270805, "SMC15OF2009.pdf": 3.591817741270805, "C.A._1129_2013.pdf": 7.18363548254161, "Const.P.12of2010.pdf": 7.18363548254161, "Const.P.33_2013.pdf": 25.142724188895635, "Const.P._29_2016.pdf": 3.591817741270805, "smc.18_2010_final.pdf": 7.18363548254161, "CPLA_796_2007_ETC_SHORT_ORDER_REKO_DIQ_CASE.pdf": 3.591817741270805, "c.a.149-150_2010.pdf": 32.326359671437245, "s.m.c._1_2022_detailed.pdf": 10.775453223812415, "HRC7734-G_1003-GOF2009[UrduTranslation].pdf": 143.6727096508322, "CP778-779.pdf": 3.591817741270805, "c.p._1347_2019.pdf": 3.591817741270805, "C.P.796of2007-dt-10-5-2013.pdf": 17.959088706354024, "HRC7734-G_1003-GOF2009[AllegedCorruptionInRentalPowerPlants].pdf": 140.0808919095614, "Const.P35of2013-dt-20-7-2013.pdf": 3.591817741270805, "C.R.P._383_2005.pdf": 68.24453708414529, "c.p._381_k_2019.pdf": 3.591817741270805, "crl.p._1225_2021.pdf": 3.591817741270805, "c.p._5877_2021.pdf": 3.591817741270805, "C.P._78_K_2015.pdf": 3.591817741270805, "HRC-4668of2006.pdf": 32.326359671437245, "c.a._17_l_2019.pdf": 3.591817741270805, "C.P._1700_2011.pdf": 25.142724188895635, "c.a._668_2022.pdf": 17.959088706354024, "C.A._1563_2014.pdf": 7.18363548254161, "crl.sh.a._16_2017.pdf": 3.591817741270805, "c.p._2056_2022.pdf": 17.959088706354024, "C.A._280-L_2009.pdf": 10.775453223812415, "c.p._3767_2023.pdf": 14.36727096508322, "Const.P._2_2011.pdf": 136.48907416829059, "c.a._647_2018.pdf": 3.591817741270805, "c.m.a._7139_2019.pdf": 3.591817741270805, "C.P._51_2015.pdf": 3.591817741270805, "SMC.13-2009.pdf": 46.69363063652047, "c.a._914_l_2013.pdf": 3.591817741270805, "c.p._3136_2022.pdf": 150.85634513337382, "c.a._471_l_2012.pdf": 3.591817741270805, "crl.a._15_q_2020.pdf": 3.591817741270805, "const.p.5_2011.pdf": 255.01905963022716, "C.A.800Lof2013etc.pdf": 7.18363548254161, "Const.P.91of2011Dt-23-8-2012.pdf": 25.142724188895635, "c.p._686_k_2019.pdf": 125.71362094447818, "c.p._280_k_2019.pdf": 28.73454193016644, "C.P._3186_2017.pdf": 79.01999030795771, "const.p._5_2024_04032024.pdf": 3.591817741270805, "C.A._1447_2016.pdf": 3.591817741270805, "C.A._1481_2007.pdf": 7.18363548254161, "CJD_Constitution_Petition_No_36_of_2005.pdf": 32.326359671437245, "crl.p._1205_2019.pdf": 3.591817741270805, "C.P._3364_2016.pdf": 3.591817741270805, "C.P._1774_2015.pdf": 3.591817741270805, "C.P._1774_2014.pdf": 3.591817741270805, "c.a._152_l_2010.pdf": 28.73454193016644, "crl.p._9_q_2021.pdf": 3.591817741270805, "C.A._1169_2014.pdf": 3.591817741270805, "C.A._1000_2006.pdf": 3.591817741270805, "C.A._700_2017.pdf": 10.775453223812415, "c.p._184_2024_21032024.pdf": 3.591817741270805, "C.A._150_2006.pdf": 3.591817741270805, "c.a._477_2021.pdf": 3.591817741270805, "smc.9_2011.pdf": 3.591817741270805, "CJD_Pakistan_Steel_Mills_Case.pdf": 53.87726611906208, "c.p._1276_2020.pdf": 3.591817741270805, "C.A._839_2015.pdf": 3.591817741270805, "C.P._1476_2016.pdf": 3.591817741270805, "Const.P.5and15-HRC14144-DetailedReasons.pdf": 86.20362579049932}, "bidder": {"c.p._852_2020.pdf": 4.176751337190518, "C.M.A.No.3685of2012-dt-17-1-2013.pdf": 4.176751337190518, "C.A._1129_2013.pdf": 12.530254011571554, "Const.P.33_2013.pdf": 4.176751337190518, "c.a.149-150_2010.pdf": 8.353502674381035, "HRC7734-G_1003-GOF2009[UrduTranslation].pdf": 196.30731284795434, "c.m.a._4053_2018.pdf": 4.176751337190518, "C.P.796of2007-dt-10-5-2013.pdf": 4.176751337190518, "c.r.p_537_2019.pdf": 4.176751337190518, "c.a._1120_2009.pdf": 4.176751337190518, "HRC7734-G_1003-GOF2009[AllegedCorruptionInRentalPowerPlants].pdf": 200.48406418514486, "C.R.P._383_2005.pdf": 33.41401069752414, "HRC-4668of2006.pdf": 4.176751337190518, "C.P._1700_2011.pdf": 8.353502674381035, "c.a._668_2022.pdf": 4.176751337190518, "C.P.2408-LOF2009.pdf": 4.176751337190518, "C.A._1563_2014.pdf": 4.176751337190518, "c.p._55_2020.pdf": 25.060508023143107, "c.p._2056_2022.pdf": 20.883756685952587, "C.A._280-L_2009.pdf": 12.530254011571554, "Const.P._2_2011.pdf": 50.121016046286215, "c.m.a._7139_2019.pdf": 8.353502674381035, "SMC.13-2009.pdf": 25.060508023143107, "c.p._3136_2022.pdf": 54.29776738347673, "const.p.5_2011.pdf": 162.89330215043017, "C.A.800Lof2013etc.pdf": 4.176751337190518, "c.p._686_k_2019.pdf": 87.71177808100087, "c.p._280_k_2019.pdf": 33.41401069752414, "c.a._20_2014.pdf": 8.353502674381035, "C.P._3186_2017.pdf": 25.060508023143107, "CJD_Constitution_Petition_No_36_of_2005.pdf": 16.70700534876207, "c.a._152_l_2010.pdf": 25.060508023143107, "cp_1545_2009.pdf": 4.176751337190518, "C.P._130_2015.pdf": 4.176751337190518, "C.A._700_2017.pdf": 29.237259360333624, "CJD_Pakistan_Steel_Mills_Case.pdf": 267.3120855801931, "ref._2_2022_13092023.pdf": 4.176751337190518, "C.P._1476_2016.pdf": 8.353502674381035, "Const.P.5and15-HRC14144-DetailedReasons.pdf": 225.54457220828795}, "bidding": {"NRO_Judgment.pdf": 4.28496492183075, "Const.P.12of2010.pdf": 8.5699298436615, "Const.P.33_2013.pdf": 17.139859687323, "smc.18_2010_final.pdf": 8.5699298436615, "S.J.C_347_2018.PDF": 4.28496492183075, "c.a.149-150_2010.pdf": 38.56468429647675, "HRC7734-G_1003-GOF2009[UrduTranslation].pdf": 55.70454398379975, "C.P.796of2007-dt-10-5-2013.pdf": 4.28496492183075, "CJD_Reference by_the_President_of_Pakistan_under_Article_186.pdf": 4.28496492183075, "HRC7734-G_1003-GOF2009[AllegedCorruptionInRentalPowerPlants].pdf": 72.84440367112275, "Crl.O.P._59_2015.pdf": 4.28496492183075, "C.R.P._383_2005.pdf": 4.28496492183075, "C.P._78_K_2015.pdf": 4.28496492183075, "HRC-4668of2006.pdf": 4.28496492183075, "c.p._55_2020.pdf": 25.7097895309845, "c.p._2056_2022.pdf": 8.5699298436615, "c.p._3767_2023.pdf": 4.28496492183075, "Const.P._2_2011.pdf": 51.419579061969, "S.M.C._03_2017.pdf": 4.28496492183075, "SMC.13-2009.pdf": 12.85489476549225, "c.p._3136_2022.pdf": 4.28496492183075, "const.p.5_2011.pdf": 111.4090879675995, "C.A.800Lof2013etc.pdf": 47.13461414013825, "C.P._892_2015.pdf": 17.139859687323, "Const.P.91of2011Dt-23-8-2012.pdf": 38.56468429647675, "c.p._280_k_2019.pdf": 64.27447382746125, "C.P._3186_2017.pdf": 29.99475445281525, "C.A._1481_2007.pdf": 4.28496492183075, "c.a._152_l_2010.pdf": 8.5699298436615, "c.r.p._266_2019_01112023.pdf": 4.28496492183075, "c.p._2459_2017.pdf": 72.84440367112275, "C.A._700_2017.pdf": 77.1293685929535, "CJD_Pakistan_Steel_Mills_Case.pdf": 64.27447382746125, "ref._2_2022_13092023.pdf": 8.5699298436615, "Const.P.5and15-HRC14144-DetailedReasons.pdf": 85.699298436615}, "bidault": {"C.P.No.1017-Lof2011.pdf": 7.840312983320164}, "bidwell": {"S.M.C._8_2018.pdf": 7.840312983320164}, "biding": {"c.a._1113_2017.pdf": 7.840312983320164}}