{"biennial": {"Const.P.31of2011etc.pdf": 23.52093894996049}, "bield": {"C.M.A._8215_2016.pdf": 23.52093894996049}}