{"bifurcate": {"C.M.A.No.64of2013-dt13.3.2013.pdf": 4.202726823593778, "Const.P.12of2010.pdf": 4.202726823593778, "Const.P._36_2016_dt_15_12_2017.pdf": 4.202726823593778, "c.a._371_2020.pdf": 4.202726823593778, "crl.a._95_2019.pdf": 8.405453647187556, "CP778-779.pdf": 4.202726823593778, "H.R.C.19of1996[AsgharKhanCase]DetailedReasons.pdf": 4.202726823593778, "C.A.540_L_2009_dt_05_01_2017.pdf": 4.202726823593778, "c.a._73_2020.pdf": 8.405453647187556, "C.A._1084_2008.pdf": 4.202726823593778, "Crl.O.P._59_2015.pdf": 4.202726823593778, "c.p._211_q_2017.pdf": 8.405453647187556, "c.a._1121_2018.pdf": 4.202726823593778, "Const.P.87of2011.pdf": 4.202726823593778, "c.a._353_2010.pdf": 4.202726823593778, "Crl.A._210_2015.pdf": 4.202726823593778, "crl.p._955_l_2016.pdf": 4.202726823593778, "c.a._909_2020.pdf": 4.202726823593778, "c.a._982_2018_19022024.pdf": 4.202726823593778, "Crl.A.140of2005.pdf": 4.202726823593778, "C.P._51_2015.pdf": 8.405453647187556, "c.p._479_k_2020.pdf": 4.202726823593778, "c.a._2444_2016.pdf": 4.202726823593778, "C.A._26_K_2018.pdf": 4.202726823593778, "C.A._767_2014.pdf": 4.202726823593778, "c.a._1498_2018.pdf": 4.202726823593778, "C.M.A._376-K_2014.pdf": 4.202726823593778, "c.a._2084_2016.pdf": 8.405453647187556, "c.a._1089_2015.pdf": 4.202726823593778, "c.a._2619_2016.pdf": 4.202726823593778, "C.P._1774_2015.pdf": 4.202726823593778, "C.P._1774_2014.pdf": 4.202726823593778, "c.a._52_k_2022.pdf": 4.202726823593778, "c.m.a._6762_2020_13032021.pdf": 4.202726823593778, "C.P._2812_2017.pdf": 4.202726823593778, "c.p._482_k_2020.pdf": 4.202726823593778, "C.A._1000_2006.pdf": 4.202726823593778, "Crl.P._1232_2016.pdf": 4.202726823593778}, "bifurcation": {"Const.P.33_2013.pdf": 4.895874004153724, "Const.P._36_2016_dt_15_12_2017.pdf": 4.895874004153724, "C.A._2109_2016.pdf": 4.895874004153724, "CP778-779.pdf": 4.895874004153724, "C.A.540_L_2009_dt_05_01_2017.pdf": 4.895874004153724, "c.a._749_2021.pdf": 9.791748008307447, "C.P._264_2017.pdf": 4.895874004153724, "crl.m.a._62_p_2018.pdf": 4.895874004153724, "const.p._2_2022_14102022.pdf": 4.895874004153724, "C.A._359_2013.pdf": 9.791748008307447, "C.P._51_2015.pdf": 9.791748008307447, "c.p._329_k_2022.pdf": 4.895874004153724, "Const.P.33of2013_09.07.13.pdf": 4.895874004153724, "c.p._4963_2018.pdf": 4.895874004153724, "c.a._2619_2016.pdf": 4.895874004153724, "c.p._183_2024_20032024.pdf": 4.895874004153724, "c.p._482_k_2020.pdf": 4.895874004153724, "CJD_Section 2-A_Case_as_on_26_06_2006.pdf": 4.895874004153724, "C.A._510_2012.pdf": 4.895874004153724}}