{"bihar": {"Const.P.127of2012.pdf": 13.746649335896047, "C.R.P._49_2016.pdf": 4.582216445298682, "NRO_Judgment.pdf": 4.582216445298682, "c.p._2537_2020.pdf": 4.582216445298682, "C.A._3_2018_dt-14-9-2018.pdf": 18.32886578119473, "C.A._3_2018.pdf": 18.32886578119473, "c.p._2243_l_2019.pdf": 9.164432890597364, "SMC16of2011_detailed_judgment.pdf": 4.582216445298682, "Const.P.77-78-79 [Memogate]DetailedOrder.pdf": 4.582216445298682, "CJD_Reference by_the_President_of_Pakistan_under_Article_186.pdf": 4.582216445298682, "C.A._137-K_1976.pdf": 22.911082226493413, "const.p._9_2010_27122021.pdf": 9.164432890597364, "c.r.p._421_2020_dissenting_notes.pdf": 9.164432890597364, "const.p._9_2010.pdf": 9.164432890597364, "c.r.p._421_2020.pdf": 9.164432890597364, "const.p._21_2022_30102023.pdf": 4.582216445298682, "J.P.No.56of2005.pdf": 4.582216445298682, "c.a._1772_2008.pdf": 4.582216445298682, "c.a._1476_2018.pdf": 4.582216445298682, "const.p._9_2010_28122021.pdf": 9.164432890597364, "ref._2_2022_13092023_2.pdf": 4.582216445298682, "Crl.P.No.426of2009&Crl.A.No.pdf": 4.582216445298682, "C.P._529_2015.pdf": 4.582216445298682, "c.p._409_l_2021.pdf": 4.582216445298682, "H.R.C._17599_2018.pdf": 4.582216445298682, "C.A._622 _2008.pdf": 22.911082226493413}, "bihadar": {"ConstitutionPetitionNo21OF2007.pdf": 7.840312983320164}, "bihi": {"c.a._53_2015.pdf": 7.840312983320164}, "bihari": {"Ref.01_2012_addl.note_HJ.ejaz_afzal_khan.pdf": 7.1471658027602185, "C.P._2532_2015.pdf": 7.1471658027602185}, "biharilal": {"c.p._490_k_2020.pdf": 7.840312983320164}}