{"bimla": {"CMA2745of2009etc.pdf": 7.1471658027602185, "c.a._326_l_2020.pdf": 7.1471658027602185}, "bim\u0101": {"c.m.a._490_2021_20022021.pdf": 7.840312983320164}, "bimal": {"S.M.C._7_2017_06022019.pdf": 23.52093894996049}}