{"birth": {"Const.P.127of2012.pdf": 6.867187472111822, "CPs.10-18of2011.pdf": 3.433593736055911, "Order-DNC-nd-note.pdf": 6.867187472111822, "crl.s.m.r.p._84_2018.pdf": 13.734374944223644, "C.R.P._49_2016.pdf": 6.867187472111822, "Crl.P._748_2016.pdf": 27.468749888447288, "C.A._90_2011_UrduVersion.pdf": 34.33593736055911, "NRO_Judgment.pdf": 20.601562416335465, "Const.P._50_2018.pdf": 6.867187472111822, "Const.P.12of2010.pdf": 20.601562416335465, "crl.p._342_2018.pdf": 20.601562416335465, "Const.P._29_2016.pdf": 13.734374944223644, "C.R.P._125_2014.pdf": 127.04296823406871, "Const.P._36_2016_dt_15_12_2017.pdf": 6.867187472111822, "Ref.01_2012_addl.note_HJ.ejaz_afzal_khan.pdf": 17.167968680279554, "c.p._1665_2020.pdf": 6.867187472111822, "smc.24_2010.pdf": 3.433593736055911, "C.A._90_2011_EnglishVersion.pdf": 30.9023436245032, "smc_1_2014.pdf": 6.867187472111822, "crl.p._1617_2022.pdf": 41.20312483267093, "H.R.C._32642_2018.pdf": 92.7070308735096, "Const.P_3_2014.pdf": 3.433593736055911, "HRC7734-G_1003-GOF2009[AllegedCorruptionInRentalPowerPlants].pdf": 3.433593736055911, "C.A.669-L_2013.pdf": 34.33593736055911, "C.A._461_2014.pdf": 3.433593736055911, "c.p._4428_2019.pdf": 99.57421834562142, "c.p.614_p_2022.pdf": 37.76953109661502, "c.a._515_2015.pdf": 3.433593736055911, "c.p._3112_2020.pdf": 75.53906219323004, "c.p._405_2020.pdf": 3.433593736055911, "const.p.6_2023.pdf": 3.433593736055911, "c.a._507_2020.pdf": 109.87499955378915, "c.p._173_q_2023.pdf": 20.601562416335465, "JR_Detailed_Judgment_in_Referendum_Case.pdf": 6.867187472111822, "Const.P._24_2012.pdf": 10.300781208167733, "Const.P.87of2011.pdf": 3.433593736055911, "c.p._4129_2019.pdf": 3.433593736055911, "c.a._837_2015.pdf": 3.433593736055911, "C.A._1560_2008.pdf": 10.300781208167733, "c.a._797_2013.pdf": 3.433593736055911, "const.p.9_2014_detail_reasons.pdf": 44.63671856872684, "const.p._17_2020_dissenting_note_hj11.pdf": 3.433593736055911, "C.R.P.193of2013.pdf": 127.04296823406871, "h.r.c_11827_s_2018.pdf": 6.867187472111822, "crl.p._251_l_2020.pdf": 10.300781208167733, "C.P.756-Lof2013-dt-10-5-2013.pdf": 27.468749888447288, "const.p._17_2019_detailed_reasoning.pdf": 3.433593736055911, "C.A._467_2015.pdf": 3.433593736055911, "ca_407_2013.pdf": 3.433593736055911, "c.p._677_k_2019.pdf": 394.86327964642976, "crl.p._73_p_2021.pdf": 3.433593736055911, "c.a._579_2021.pdf": 68.67187472111821, "C.P._842_2016.pdf": 13.734374944223644, "c.p_.4178_2019.pdf": 10.300781208167733, "S.M.C._3_2018.pdf": 6.867187472111822, "c.p._2045_2019.pdf": 6.867187472111822, "c.r.p._420_2016.pdf": 13.734374944223644, "C.P._4876_2018.pdf": 6.867187472111822, "S.M.C._8_2018.pdf": 3.433593736055911, "crl.a._633_2019_15092023.pdf": 3.433593736055911, "s.m.c._1_2023_12062023.pdf": 3.433593736055911, "c.a._849_2015.pdf": 6.867187472111822, "c.a._1498_2018.pdf": 6.867187472111822, "c.a._550_2020.pdf": 6.867187472111822, "c.a._2121_2017.pdf": 3.433593736055911, "c.p._448_p_2017.pdf": 6.867187472111822, "c.p._138_p_2015.pdf": 13.734374944223644, "crl.a._75_l_2021.pdf": 3.433593736055911, "c.a._661_2018.pdf": 3.433593736055911, "C.R.P._420_2013.pdf": 10.300781208167733, "C.A._908_2012.pdf": 3.433593736055911, "SMCNo25of2009.pdf": 6.867187472111822, "c.a._1286_2018.pdf": 61.8046872490064, "c.a._49_2022.pdf": 3.433593736055911, "H.R.C._17599_2018.pdf": 54.937499776894576, "c.p._32_q_2019.pdf": 3.433593736055911, "c.p._4178_2019.pdf": 10.300781208167733, "c.a._359_2020.pdf": 6.867187472111822, "H.R.C._10842_P_2018.pdf": 3.433593736055911, "HR8340OF2010.pdf": 3.433593736055911, "c.p._3249_2015.pdf": 3.433593736055911, "c.p._3718_2023.pdf": 3.433593736055911}, "bird": {"c.a._1476_2018_urdu.pdf": 4.704818767391014, "Crl.O.P_57_2015.pdf": 9.409637534782028, "Const.P.12of2010.pdf": 4.704818767391014, "Const.P._29_2016.pdf": 4.704818767391014, "C.P._45_2015.pdf": 70.57228151086521, "C.M.A._3221_2012.pdf": 9.409637534782028, "i.c.a._1_2024_dn_20032024.pdf": 4.704818767391014, "crl.sh.a._9_2017.pdf": 9.409637534782028, "C.R.P._561_2015_dt_04-02-2016.pdf": 51.75300644130115, "c.p._419_2019.pdf": 4.704818767391014, "Crl.A._465_2015.pdf": 4.704818767391014, "c.a._446_2021.pdf": 4.704818767391014, "c.a._1121_2018.pdf": 4.704818767391014, "c.p._4185_2019.pdf": 28.228912604346085, "C.P._145_2015.pdf": 94.09637534782028, "c.a._1476_2018.pdf": 4.704818767391014, "c.p._2_2022_dissenting_note.pdf": 4.704818767391014, "C.R.P._561_2015.pdf": 14.114456302173043, "Const.P.22of2013.pdf": 4.704818767391014, "c.a._329_2022.pdf": 4.704818767391014, "SMCNo25of2009.pdf": 23.52409383695507, "c.p._3747_2023.pdf": 4.704818767391014, "c.a._1005_2009.pdf": 4.704818767391014}, "birthday": {"Const.P.31of2011etc.pdf": 14.294331605520437, "c.p._2045_2019.pdf": 7.1471658027602185}, "bira": {"c.a._803_2016.pdf": 6.048553514092109, "Const.P.77-78-79 [Memogate]DetailedOrder.pdf": 6.048553514092109, "c.a._377_2014.pdf": 24.194214056368438, "Const.Petition.24_2011_dt02062011.pdf": 6.048553514092109, "c.p._34_2022.pdf": 6.048553514092109, "Crl.P._100_2017.pdf": 6.048553514092109}, "biro": {"c.a._803_2016.pdf": 6.741700694652055, "c.a._377_2014.pdf": 13.48340138930411, "Const.Petition.24_2011_dt02062011.pdf": 13.48340138930411}, "birding": {"NRO_Judgment.pdf": 7.840312983320164}, "birthright": {"NRO_Judgment.pdf": 6.741700694652055, "Const.P.12of2010.pdf": 6.741700694652055, "const.p._24_2023_f.pdf": 6.741700694652055}, "birthplace": {"Const.P.12of2010.pdf": 7.1471658027602185, "c.p._1743_2020_03032023.pdf": 7.1471658027602185}, "birkbeck": {"Const.P.87of2011[UrduVersion].pdf": 7.1471658027602185, "Const.P.87of2011.pdf": 7.1471658027602185}, "biranand": {"C.A._2215_2006.pdf": 7.840312983320164}, "birkenhead": {"Const.P._29_2016.pdf": 6.741700694652055, "CMA2745of2009etc.pdf": 6.741700694652055, "C.P._661_K_2015.pdf": 6.741700694652055}, "birju": {"S.M.C._03_2017.pdf": 7.1471658027602185, "Crl.A._135_2013.pdf": 7.1471658027602185}, "birla": {"const.p._17_2019_detailed_reasoning.pdf": 7.1471658027602185, "const.p._17_2020_dissenting_note_hj4.pdf": 7.1471658027602185}, "birhamani": {"c.a._1292_2021.pdf": 7.840312983320164}, "biris": {"c.a._458_2017.pdf": 31.361251933280656}, "biram": {"crl.p_1124_l_2015.pdf": 15.680625966640328}, "birmingham": {"c.p.1795_2022.pdf": 6.741700694652055, "C.P.2255-2010-03.07.2013.pdf": 6.741700694652055, "JR_Fecto_Belarus_Tractor_Limited_Case.pdf": 6.741700694652055}, "birch": {"c.p._3249_2015.pdf": 7.840312983320164}}