{"bit": {"CPs.10-18of2011.pdf": 4.47301715333369, "Const.P.33_2013.pdf": 4.47301715333369, "Const.P._29_2016.pdf": 4.47301715333369, "Ref.01_2012_addl.note_HJ.ejaz_afzal_khan.pdf": 4.47301715333369, "Const.P.NO.62OF2010_orderdt06062011.pdf": 4.47301715333369, "crl.a._95_2019.pdf": 4.47301715333369, "C.P.796of2007-dt-10-5-2013.pdf": 71.56827445333904, "c.p._3429_2021.pdf": 4.47301715333369, "CJD_Reference by_the_President_of_Pakistan_under_Article_186.pdf": 4.47301715333369, "C.M.A.3325_of_2012_dt_31-1-2013_ENG_URDU.pdf.pdf": 4.47301715333369, "Crl.P.163_to_171_S.M.C.5_2005.pdf": 4.47301715333369, "SMC5of2012-2dt[07-06-2012].pdf": 4.47301715333369, "const.p.39_90_2011.pdf": 4.47301715333369, "c.a._668_2022.pdf": 4.47301715333369, "const.p.115_2011.pdf": 8.94603430666738, "c.p._479_k_2020.pdf": 4.47301715333369, "const.p._21_2023_11082023.pdf": 4.47301715333369, "C.A._1797_2005.pdf": 4.47301715333369, "reference._2_2022.pdf": 4.47301715333369, "s.m.c._1_2023_12062023.pdf": 4.47301715333369, "crl_r_p.8-l_2013.pdf": 4.47301715333369, "crl.a._560_2020.pdf": 4.47301715333369, "c.p._448_p_2017.pdf": 4.47301715333369, "c.p._264_p_2010.pdf": 4.47301715333369, "c.a._284_2017.pdf": 4.47301715333369, "c.a._324_2020.pdf": 4.47301715333369, "C.A._700_2017.pdf": 4.47301715333369, "ref._2_2022_13092023.pdf": 8.94603430666738, "Const.P.5and15-HRC14144-DetailedReasons.pdf": 4.47301715333369}, "bitter": {"Crl.A._39_L_2015.pdf": 5.760871441640328, "cng_prices_order_21-12-12-alongwith_translation.pdf": 5.760871441640328, "Const.P.12of2010.pdf": 23.04348576656131, "Const.P.77of2012[DetailedOrderFinal].pdf": 5.760871441640328, "Crl.A._275_2011.pdf": 5.760871441640328, "H.R.C.19of1996[AsgharKhanCase]DetailedReasonsUrduTranslation.pdf": 5.760871441640328, "crl.p._1359_2023.pdf": 5.760871441640328, "c.p._84_.2016.pdf": 5.760871441640328}, "bite": {"NRO_Judgment.pdf": 5.760871441640328, "crl.p._1667_2021.pdf": 5.760871441640328, "c.p._2256_l_2015.pdf": 5.760871441640328, "Crl.A._155_2018.pdf": 5.760871441640328, "crl.s.a.07_2011.pdf": 5.760871441640328, "const.p._2_2022_14102022.pdf": 5.760871441640328, "C.A._139_2013.pdf": 5.760871441640328, "c.a._1_2020.pdf": 5.760871441640328}, "bitterly": {"Const.P.12of2010.pdf": 6.454018622200273, "crl.a._181_2012.pdf": 6.454018622200273, "c.p._3097_2015.pdf": 6.454018622200273, "c.p._3367_2018.pdf": 6.454018622200273}, "bitterness": {"Const.P.77of2012[DetailedOrderFinal].pdf": 5.8944028342648505, "H.R.C.19of1996[AsgharKhanCase]DetailedReasonsUrduTranslation.pdf": 5.8944028342648505, "I.C.A._7_2018.pdf": 5.8944028342648505, "crl.p._1359_2023.pdf": 5.8944028342648505, "C.R.A._248_2009.pdf": 5.8944028342648505, "crl.a._106_2020.pdf": 5.8944028342648505, "ICA3,4,6TO11of2011dt2011.04.pdf": 5.8944028342648505}, "bittoo": {"S.M.C.18OF2010.pdf": 7.840312983320164}, "bituman": {"c.a._10_2020.pdf": 148.9659466830831}, "bitar": {"SMC-16of2011-translation.pdf": 7.840312983320164}, "bituminous": {"const.p.115_2011.pdf": 7.840312983320164}}