{"bj": {"C.P.796of2007-UrduTranslation-dt-10-5-2013.pdf": 6.454018622200273, "C.P.796of2007-dt-10-5-2013.pdf": 12.908037244400546, "c.a._284_2017.pdf": 6.454018622200273, "C.A._1646_2000.pdf": 6.454018622200273}}