{"bk": {"C.A._1428_2016.pdf": 7.1471658027602185, "SMCNo25of2009.pdf": 7.1471658027602185}}