{"bl": {"C.A._2215_2006.pdf": 6.454018622200273, "c.a._ 870_2020.pdf": 45.17813035540191, "C.M.A._8215_2016.pdf": 25.816074488801092, "Const.P.5and15-HRC14144-DetailedReasons.pdf": 6.454018622200273}}