{"bld": {"Const.P.12of2010.pdf": 21.441497408280654, "c.a._908_2015.pdf": 7.1471658027602185}, "bldg": {"S.M.C._8_2018.pdf": 7.840312983320164}}