{"blemish": {"Const.P.127of2012.pdf": 5.067724261080383, "C.A._2109_2016.pdf": 5.067724261080383, "s.m.c._4_2022.pdf": 5.067724261080383, "S.M.C._03_2017.pdf": 5.067724261080383, "const.p._17_2019_detailed_reasoning.pdf": 5.067724261080383, "c.p._2148_2020.pdf": 5.067724261080383, "c.a._634_2014.pdf": 5.067724261080383, "c.a._1772_2008.pdf": 5.067724261080383, "c.a._30_l_2018.pdf": 5.067724261080383, "c.p._2602_2019.pdf": 5.067724261080383, "C.M.A._376-K_2014.pdf": 5.067724261080383, "c.m.a._3932_2023.pdf": 5.067724261080383, "crl.p._1806_l_2017.pdf": 5.067724261080383, "HR8340OF2010.pdf": 5.067724261080383, "c.p._3122_2020.pdf": 5.067724261080383, "c.a._2063_2019.pdf": 5.067724261080383}, "bless": {"Const.P.127of2012.pdf": 12.770382134592161, "ConstitutionPetitionNo21OF2007.pdf": 21.28397022432027, "SMC5of2012[UrduVersion]dt16-6-2012.pdf": 4.256794044864054, "C.R.P._49_2016.pdf": 12.770382134592161, "Crl.A._39_L_2015.pdf": 8.513588089728108, "NRO_Judgment.pdf": 4.256794044864054, "Const.P.12of2010.pdf": 8.513588089728108, "crl.p._1054_l_2023_urdu.pdf": 4.256794044864054, "AdditionalNoteConst.P.77of2012.pdf": 12.770382134592161, "ICA-1OF2012-UrduTranslation.pdf": 17.027176179456216, "S.M.C.24of2010[urdu-version].pdf": 4.256794044864054, "Ref.01_2012_addl.note_HJ.ejaz_afzal_khan.pdf": 4.256794044864054, "CP778-779.pdf": 8.513588089728108, "c.p._3236_2019.pdf": 4.256794044864054, "Const.P.46of2013-dt-27-12-2013.pdf": 8.513588089728108, "Crl.A._39_L_2015_Urdu.pdf": 34.05435235891243, "C.P._45_2015.pdf": 4.256794044864054, "crp.328-329_2013.pdf": 4.256794044864054, "Supreme_Judicial_Council_242_2015.pdf": 4.256794044864054, "C.R.P._383_2005.pdf": 4.256794044864054, "Crl.A._1-K_2018.pdf": 4.256794044864054, "Crl.A._465_2015.pdf": 4.256794044864054, "HRC-4668of2006.pdf": 4.256794044864054, "j.p._333_2013.pdf": 4.256794044864054, "C.A._1540_2006.pdf": 8.513588089728108, "c.r.p._421_2020.pdf": 4.256794044864054, "const.p.5_2011.pdf": 4.256794044864054, "c.a._1476_2018.pdf": 4.256794044864054, "const.p.6_2011_final.pdf": 8.513588089728108, "Crl.P._488_2015.pdf": 4.256794044864054, "c.p._1451_2020.pdf": 4.256794044864054, "C.A._1049_2011.pdf": 4.256794044864054, "C.A._1085_2017.pdf": 4.256794044864054, "C.P._357_2016.pdf": 4.256794044864054, "ref._2_2022_13092023.pdf": 4.256794044864054, "c.p._3718_2023.pdf": 4.256794044864054}, "blessing": {"cr.p_1054_l_2023.pdf": 8.353502674381035, "c.a._1476_2018_urdu.pdf": 4.176751337190518, "SMC5of2012[UrduVersion]dt16-6-2012.pdf": 8.353502674381035, "S.M.C._28_2018.pdf": 8.353502674381035, "C.R.P._49_2016.pdf": 12.530254011571554, "Const.P.12of2010.pdf": 29.237259360333624, "crl.p._1054_l_2023_urdu.pdf": 4.176751337190518, "Crl.P._724_2016.pdf": 4.176751337190518, "Const.P._29_2016.pdf": 25.060508023143107, "ICA-1OF2012-UrduTranslation.pdf": 4.176751337190518, "H.R.C.19of1996[AsgharKhanCase]DetailedReasonsUrduTranslation.pdf": 8.353502674381035, "const.p._24_to_26_of_2023_04072023.pdf": 4.176751337190518, "s.m.c._1_2022_detailed.pdf": 4.176751337190518, "SMC16of2011_detailed_judgment.pdf": 4.176751337190518, "crl.p._1667_2021.pdf": 12.530254011571554, "c.p._3236_2019.pdf": 4.176751337190518, "MemoCase-final-30.12.2011(UrduVersion).pdf": 4.176751337190518, "H.R.C.19of1996[AsgharKhanCase]DetailedReasons.pdf": 12.530254011571554, "smc_1_2014.pdf": 12.530254011571554, "crl.p._1359_2023.pdf": 33.41401069752414, "Const.P.77-78-79 [Memogate]DetailedOrder.pdf": 4.176751337190518, "s.m.c._4_2022.pdf": 8.353502674381035, "c.a._71_p_2014.pdf": 12.530254011571554, "crl.p._883_l_2022.pdf": 25.060508023143107, "Crl.M.A_693_2018.pdf": 8.353502674381035, "c.a._33_k_2018.pdf": 4.176751337190518, "Crl.A._465_2015.pdf": 4.176751337190518, "Const.P._39_2016.pdf": 4.176751337190518, "const.p._17_2020_dissenting_note_hj11.pdf": 4.176751337190518, "C.A._1213_2015.pdf": 4.176751337190518, "SMC.13-2009.pdf": 4.176751337190518, "c.a._1476_2018.pdf": 8.353502674381035, "Const.P.22of2013.pdf": 4.176751337190518, "CJD_Constitution_Petition_No_36_of_2005.pdf": 4.176751337190518, "c.p._3209_2019.pdf": 8.353502674381035, "Crl.A._324_2011.pdf": 4.176751337190518, "s.m.c._4_2021.pdf": 4.176751337190518, "S.M.C._7_2017_06022019.pdf": 33.41401069752414, "c.m.a._8758_2018.pdf": 4.176751337190518}, "blend": {"ConstitutionPetitionNo21OF2007.pdf": 4.795790545596741, "JR_Judgment_on_Legal_Framework_Order_2002.pdf": 4.795790545596741, "NRO_Judgment.pdf": 9.591581091193483, "Const.P.12of2010.pdf": 124.69055418551528, "Const.P._29_2016.pdf": 4.795790545596741, "Const.P.77of2012[DetailedOrderFinal].pdf": 4.795790545596741, "c.p._2243_l_2019.pdf": 4.795790545596741, "H.R.C.19of1996[AsgharKhanCase]DetailedReasons.pdf": 9.591581091193483, "JR_Judgment_on_17th_Amendmend_and_Presidents_Uniform_Case.pdf": 4.795790545596741, "crp.328-329_2013.pdf": 4.795790545596741, "C.P.No.1017-Lof2011.pdf": 4.795790545596741, "const.p._21_2022_15092023.pdf": 4.795790545596741, "18TH_AMENDMENT_ORDER.pdf": 4.795790545596741, "JR_Detailed_Judgment_in_Graduation_Qualification_Case.pdf": 4.795790545596741, "JR_Detailed_Judgment_in_Referendum_Case.pdf": 4.795790545596741, "JR_Constitution_Petition_No._15_17-24_and_512_of_2002.pdf": 4.795790545596741, "c.r.p._758_2019.pdf": 4.795790545596741, "J.P.No.56of2005.pdf": 4.795790545596741, "C.A._767_2014.pdf": 4.795790545596741, "s.m.c._4_2021_26082021.pdf": 4.795790545596741, "ConstP.No.53of2007andConst.P.83of2012.pdf": 4.795790545596741}, "bleeding": {"crl.a._251_2020.pdf": 5.275363625858628, "Crl.A._104_2010.pdf": 5.275363625858628, "const.p.1_ 2012_etc.pdf": 5.275363625858628, "j.p._501_2018.pdf": 5.275363625858628, "crl.p._916_2020.pdf": 10.550727251717255, "j.p._73_2016.pdf": 5.275363625858628, "crl.sh.a._16_2017.pdf": 5.275363625858628, "crl.p._513_2020.pdf": 5.275363625858628, "crl.sh.a._23_2017.pdf": 10.550727251717255, "crl.p._207_2023.pdf": 5.275363625858628, "j.p._324_2019.pdf": 10.550727251717255, "c.p._940_k_2022.pdf": 15.826090877575883, "crl.p._1004_2019.pdf": 5.275363625858628}, "blending": {"c.p._620_2021.pdf": 13.48340138930411, "C.A._427_2009.pdf": 6.741700694652055, "C.A._1291_2005.pdf": 6.741700694652055}, "bleak": {"Const.P.12of2010.pdf": 6.230875070886063, "smc.18_2010_final.pdf": 6.230875070886063, "c.p._1057_2019.pdf": 6.230875070886063, "s.m.c._1_2023_07042023.pdf": 6.230875070886063, "c.a._1191_2016.pdf": 6.230875070886063}, "ble": {"S.M.C.18OF2010.pdf": 6.454018622200273, "const.p._39_16122019.pdf": 6.454018622200273, "c.a._324_2020.pdf": 6.454018622200273, "const.p._39_2019.pdf": 6.454018622200273}, "bleach": {"C.A._861_2007.pdf": 15.680625966640328}, "bleed": {"crl.a._95_2019.pdf": 6.230875070886063, "smc_1_2014.pdf": 6.230875070886063, "const.p.1_ 2012_etc.pdf": 6.230875070886063, "suo_motu_in_court.pdf": 6.230875070886063, "SMCNo25of2009.pdf": 6.230875070886063}}