{"blvd": {"HRC7734-G_1003-GOF2009[UrduTranslation].pdf": 7.1471658027602185, "C.P.796of2007.pdf": 14.294331605520437}}