{"bmr": {"C.P.796of2007-UrduTranslation-dt-10-5-2013.pdf": 25.816074488801092, "CPLA_796_2007_ETC_SHORT_ORDER_REKO_DIQ_CASE.pdf": 51.632148977602185, "C.P.796of2007-dt-10-5-2013.pdf": 406.6031731986172, "ref._2_2022_13092023.pdf": 12.908037244400546}, "bmrl": {"ref._2_2022_13092023.pdf": 23.52093894996049}}