{"bmsr": {"C.P.796of2007-UrduTranslation-dt-10-5-2013.pdf": 7.1471658027602185, "C.P.796of2007-dt-10-5-2013.pdf": 7.1471658027602185}, "bms": {"MemoCase-final-30.12.2011(UrduVersion).pdf": 7.840312983320164}, "bmsi": {"C.A._125_K_2016_JPMC_Dissenting_Note.pdf": 23.52093894996049}}