{"bnm": {"CONST.P.77OF2010-DT-05.04.12[URDU].pdf": 7.1471658027602185, "Const.P.77of2010-DT-05-04-2012.pdf": 7.1471658027602185}}