{"bnp": {"s.m.c._1_2022_detailed.pdf": 6.048553514092109, "const.p._9_2023_20042023.pdf": 6.048553514092109, "const.p._2_2022_21032022.pdf": 6.048553514092109, "const.p.20_2013.pdf": 6.048553514092109, "s.m.c._1_2022_07042022.pdf": 6.048553514092109, "Const.P._35_2016_dt_15_12_2017.pdf": 36.291321084552656}}