{"bo": {"C.P.796of2007-UrduTranslation-dt-10-5-2013.pdf": 6.454018622200273, "C.P.796of2007-dt-10-5-2013.pdf": 12.908037244400546, "C.A._137-K_1976.pdf": 6.454018622200273, "Const.P._35_2016_dt_15_12_2017.pdf": 32.270093111001366}}