{"bob": {"Const.P._29_2016.pdf": 7.840312983320164}, "bobbin": {"C.A._1563_2014.pdf": 7.840312983320164}, "bobigny": {"c.a._1547_2019.pdf": 7.840312983320164}}