{"boe": {"Const.P.46of2013-dt-27-12-2013.pdf": 7.840312983320164}, "boerdery": {"const.p._32_2023_additional_note.pdf": 7.840312983320164}, "boehm": {"Const.P.59of2011.pdf": 7.840312983320164}}