{"bogus": {"C.A._886_2014.pdf": 15.051102157657779, "Order-DNC-nd-note.pdf": 3.7627755394144446, "const.p.42of2011(UrduVersion).pdf": 3.7627755394144446, "Const.P.31of2011etc.pdf": 3.7627755394144446, "SMC15OF2009.pdf": 3.7627755394144446, "Const.P.12of2010.pdf": 3.7627755394144446, "const.p.42of2011.pdf": 3.7627755394144446, "Const.P._29_2016.pdf": 18.813877697072222, "c.p._2243_l_2019.pdf": 3.7627755394144446, "c.p._4599_2017.pdf": 3.7627755394144446, "Const.P._36_2016_dt_15_12_2017.pdf": 3.7627755394144446, "C.A._233_2015.pdf": 3.7627755394144446, "C.M.A.No.1535and1536of2013.pdf": 3.7627755394144446, "H.R.C.19of1996[AsgharKhanCase]DetailedReasonsUrduTranslation.pdf": 3.7627755394144446, "c.a._95_p_2014.pdf": 18.813877697072222, "C.A._90_2011_EnglishVersion.pdf": 3.7627755394144446, "smc.11_2011.pdf": 3.7627755394144446, "Const.P.5of2013.pdf": 3.7627755394144446, "CMA3470OF2013_08.07.2013.pdf": 3.7627755394144446, "C.A.669-L_2013.pdf": 15.051102157657779, "C.A._461_2014.pdf": 3.7627755394144446, "C.A._1628_2017.pdf": 18.813877697072222, "crl.sh.a._9_2017.pdf": 3.7627755394144446, "c.p._3112_2020.pdf": 3.7627755394144446, "c.a._1767_2019.pdf": 3.7627755394144446, "c.p._2693_2018.pdf": 11.288326618243333, "crl.p._1086_l_2022.pdf": 22.576653236486667, "Const.P.87of2011.pdf": 7.525551078828889, "c.a._1295_2019.pdf": 3.7627755394144446, "C.P._3874_2016.pdf": 3.7627755394144446, "const.p._17_2020_dissenting_note_hj11.pdf": 3.7627755394144446, "C.A._448_2014_DJ.pdf": 22.576653236486667, "c.p._903_2023.pdf": 3.7627755394144446, "C.A._1219_2014.pdf": 3.7627755394144446, "ca411to414of2013.pdf": 3.7627755394144446, "C.A._5-Q_2014.pdf": 18.813877697072222, "C.A._301_2014.pdf": 33.86497985473, "const.p.37_2012_final.pdf": 3.7627755394144446, "C.A._1540_2006.pdf": 3.7627755394144446, "C.P.756-Lof2013-dt-10-5-2013.pdf": 3.7627755394144446, "c.p._669_l_2018.pdf": 22.576653236486667, "C.A._616_2006.pdf": 3.7627755394144446, "C.A._307-L_2015.pdf": 60.204408630631114, "C.A._1611_2014.pdf": 15.051102157657779, "CMA.3470of2013etc.pdf": 15.051102157657779, "c.a._171_2019.pdf": 7.525551078828889, "C.A._1033_2014.pdf": 7.525551078828889, "c.p._2602_2019.pdf": 3.7627755394144446, "c.a._1498_2018.pdf": 7.525551078828889, "c.p._3933_2023.pdf": 3.7627755394144446, "crl.p._169_2020.pdf": 3.7627755394144446, "Const.P._35_2016_dt_15_12_2017.pdf": 3.7627755394144446, "crl.p._717_2023.pdf": 3.7627755394144446, "Const.P.31of2011.pdf": 7.525551078828889, "c.a._508_2020.pdf": 3.7627755394144446, "H.R.C._10842_P_2018.pdf": 3.7627755394144446, "crl.p._796_l_2021.pdf": 11.288326618243333, "c.p._1276_2020.pdf": 11.288326618243333, "crl.p._1145_l_2019.pdf": 3.7627755394144446}, "bogge": {"CPs.10-18of2011.pdf": 6.741700694652055, "const.p._2_2022_14102022.pdf": 20.225102083956166, "C.M.A._8215_2016.pdf": 6.741700694652055}, "boggle": {"NRO_Judgment.pdf": 5.355406333532164, "c.a._731_2016.pdf": 10.710812667064328, "Crl.A._149_L_2017.pdf": 5.355406333532164, "Crl.A._75_L_2017.pdf": 5.355406333532164, "crl.p._1196_l_2015.pdf": 5.355406333532164, "Crl.A._298_L_2017.pdf": 10.710812667064328, "c.a._491_2012.pdf": 5.355406333532164, "c.a._24_k_2019.pdf": 5.355406333532164, "CJD_Section 2-A_Case_as_on_26_06_2006.pdf": 5.355406333532164, "Crl.A._148_L_2017.pdf": 5.355406333532164, "JR_Fecto_Belarus_Tractor_Limited_Case.pdf": 5.355406333532164, "c.p._47_q_2016.pdf": 5.355406333532164}, "bog": {"S.M.C._01_2010.pdf": 6.741700694652055, "C.P.784of2014.pdf": 20.225102083956166, "c.p._2092_2019.pdf": 40.45020416791233}, "bogeyman": {"const.p._2_2022_14102022.pdf": 7.840312983320164}, "boghra": {"crl.p._53_q_2020.pdf": 7.840312983320164}, "bogio": {"C.P.784of2014.pdf": 23.52093894996049}, "bogie": {"C.M.A._8215_2016.pdf": 15.680625966640328}}