{"bohra": {"c.r.p._421_2020_dissenting_notes.pdf": 7.1471658027602185, "c.r.p._421_2020.pdf": 7.1471658027602185}, "bohuslanska": {"c.a._1121_2018.pdf": 7.840312983320164}}