{"bow": {"Const.P.127of2012.pdf": 5.355406333532164, "ConstitutionPetitionNo21OF2007.pdf": 5.355406333532164, "Crl.A._39_L_2015.pdf": 5.355406333532164, "C.M.A.64of2013dt-12-3-2013.pdf": 5.355406333532164, "Const.P.87of2011[UrduVersion].pdf": 5.355406333532164, "Crl.O.P._154_2017.pdf": 5.355406333532164, "Ref.01_2012_addl.note_HJ.ejaz_afzal_khan.pdf": 26.77703166766082, "ICA3,4,6TO11of2011dt2011.04.pdf": 16.06621900059649, "c.m.a._3932_2023.pdf": 5.355406333532164, "Crl.O.P.6of2012.pdf": 5.355406333532164, "const.p._5_2023_detailed_reasons.pdf": 5.355406333532164, "CPs987-989OF2011-DT19.10.2011.pdf": 5.355406333532164}, "bowling": {"HRC-4668of2006.pdf": 64.32449222484196, "SMC.13-2009.pdf": 7.1471658027602185}, "bowser": {"const.p._76_2018.pdf": 7.840312983320164}, "bowen": {"c.p._1369_l_2019.pdf": 7.840312983320164}, "bower": {"c.p._1965_2019.pdf": 7.840312983320164}}