{"bozdar": {"C.R.P._125_2014.pdf": 20.225102083956166, "Crl.O.P.89of2011.pdf": 6.741700694652055, "C.R.P.193of2013.pdf": 20.225102083956166}, "boze": {"c.a._1653_2021.pdf": 7.840312983320164}}