{"bpl": {"H.R.C._17599_2018.pdf": 7.1471658027602185, "Const.P.59of2011.pdf": 21.441497408280654}}