{"bps": {"Const.P.127of2012.pdf": 4.033650493549844, "c.a._465_2021.pdf": 16.134601974199377, "Const.P._38_2016.pdf": 4.033650493549844, "C.R.P._125_2014.pdf": 4.033650493549844, "smc.18_2010_final.pdf": 4.033650493549844, "smc.24_2010.pdf": 4.033650493549844, "c.p._2119_2018.pdf": 4.033650493549844, "S.M.C._18_2016.pdf": 4.033650493549844, "S.M.C._19_2016.pdf": 4.033650493549844, "c.a._1000_2020.pdf": 20.16825246774922, "C.P._78_K_2015.pdf": 16.134601974199377, "c.a._1414_2021.pdf": 4.033650493549844, "C.P.41_66_2015.pdf": 8.067300987099689, "c.a._64_2022.pdf": 8.067300987099689, "c.a._441_2020.pdf": 4.033650493549844, "const.p._2_2024_06032024.pdf": 4.033650493549844, "c.p._3157_2022.pdf": 12.100951480649533, "C.R.P.193of2013.pdf": 4.033650493549844, "c.a._1095_2018_13092019.pdf": 12.100951480649533, "c.a._21_2021.pdf": 4.033650493549844, "Crl.A._322_2018.pdf": 8.067300987099689, "c.p._1775_2022.pdf": 4.033650493549844, "c.a._634_2014.pdf": 4.033650493549844, "C.A._1095_2018.pdf": 4.033650493549844, "C.A._26_K_2018.pdf": 8.067300987099689, "c.a._202_2021.pdf": 8.067300987099689, "c.p._1092_2018.pdf": 4.033650493549844, "c.p._3813_2019.pdf": 4.033650493549844, "C.P._1958_2016.pdf": 4.033650493549844, "c.a._550_2020.pdf": 4.033650493549844, "c.p._4439_2017.pdf": 8.067300987099689, "Const.P.22of2013.pdf": 60.504757403247666, "ConstitutionPetitionNo39of2009.pdf": 4.033650493549844, "c.p._2913_2021.pdf": 4.033650493549844, "c.a._827_2020.pdf": 80.67300987099688, "c.a._512_2021.pdf": 4.033650493549844, "c.a._52_k_2022.pdf": 4.033650493549844, "Const.P.73of2011.pdf": 4.033650493549844, "c.a._1167_2020.pdf": 12.100951480649533, "c.p._3455_2020.pdf": 4.033650493549844, "c.p._178_q_2023.pdf": 20.16825246774922, "c.p._1948_l_2021.pdf": 4.033650493549844, "c.p._4806_2019.pdf": 4.033650493549844, "c.p._2092_2019.pdf": 8.067300987099689, "c.a._764_2021.pdf": 8.067300987099689}, "bpsc": {"c.a._446_2021.pdf": 6.454018622200273, "c.a._441_2020.pdf": 32.270093111001366, "c.a._433_2020.pdf": 19.36205586660082, "c.p._178_q_2023.pdf": 12.908037244400546}}