{"bryan": {"Const.P.12of2010.pdf": 6.230875070886063, "CP778-779.pdf": 6.230875070886063, "C.P._2093_2015.pdf": 6.230875070886063, "c.a._1113_2017_dissenting_note.pdf": 6.230875070886063, "c.a._1113_2017.pdf": 6.230875070886063}, "bryce": {"SMC16of2011_detailed_judgment.pdf": 7.840312983320164}, "bryant": {"c.p._3718_2023.pdf": 7.840312983320164}}