{"bsc": {"Const.P._56_2003_E_dt_3-9-15.pdf": 6.230875070886063, "const.p.42of2011.pdf": 6.230875070886063, "Const.P.56_2003_U_dt_8-9-2015.pdf": 6.230875070886063, "C.A._461_2014.pdf": 162.00275184303766, "c.p._271_2021.pdf": 6.230875070886063}}