{"bsta": {"ConstP.No.53of2007andConst.P.83of2012.pdf": 15.680625966640328}, "bst": {"ConstP.No.53of2007andConst.P.83of2012.pdf": 7.840312983320164}}