{"bt": {"const.p.115_2011.pdf": 7.1471658027602185, "Const.P.73of2011.pdf": 7.1471658027602185}}