{"btl": {"Const.P35of2013-dt-20-7-2013.pdf": 7.840312983320164}, "btlk": {"c.m.a._8758_2018_23nov2023.pdf": 14.294331605520437, "c.m.a._8758_2018.pdf": 278.7394663076485}}