{"bubalus": {"crl.p._438_2021.pdf": 7.840312983320164}, "bubblesu": {"c.a._561_2020.pdf": 7.840312983320164}, "bubble": {"c.a.482_2014.pdf": 7.840312983320164}}