{"buffer": {"Const.P.NO.62OF2010_orderdt06062011.pdf": 5.760871441640328, "SMC16of2011_detailed_judgment.pdf": 5.760871441640328, "c.a._248_2020.pdf": 5.760871441640328, "const.p._17_2020_dissenting_note_hj11.pdf": 5.760871441640328, "c.p._4500_2017.pdf": 11.521742883280655, "c.p._280_k_2019.pdf": 5.760871441640328, "const.p._17_2020_dissenting_note_hj4.pdf": 40.326100091482296, "C.M.A._8215_2016.pdf": 74.89132874132426}, "buffalo": {"crl.p._1485_l_2019.pdf": 7.840312983320164}, "buffallow": {"Crl.A._178-L_2009.pdf": 7.840312983320164}, "buff": {"c.a._1481_2015.pdf": 7.840312983320164}}