{"bullet": {"Crl.A._24_2010.pdf": 15.960661526440422, "Crl.P._9-P_2016.pdf": 3.9901653816101055, "C.P.796of2007-UrduTranslation-dt-10-5-2013.pdf": 3.9901653816101055, "Crl.A._609_2014.pdf": 3.9901653816101055, "Crl.A._190_2016.pdf": 3.9901653816101055, "Crl.P._120_2016.pdf": 3.9901653816101055, "crl.p._407_2022.pdf": 3.9901653816101055, "crl.a._599_2020_26032021.pdf": 7.980330763220211, "SMC16of2011_detailed_judgment.pdf": 3.9901653816101055, "crl.a._95_2019.pdf": 3.9901653816101055, "H.R.C.19of1996[AsgharKhanCase]DetailedReasons.pdf": 3.9901653816101055, "C.P.796of2007-dt-10-5-2013.pdf": 3.9901653816101055, "crl.p._493_2021.pdf": 7.980330763220211, "Crl.A._80_L_2017.pdf": 3.9901653816101055, "crl.p._104_p_2023.pdf": 3.9901653816101055, "const.p.1_ 2012_etc.pdf": 3.9901653816101055, "crl.p._624_2021.pdf": 3.9901653816101055, "crl.p._591_2020.pdf": 3.9901653816101055, "crl.p._574_2019.pdf": 3.9901653816101055, "crl.p._1054_2023.pdf": 3.9901653816101055, "crl.p._1001_l_2017.pdf": 3.9901653816101055, "Crl.A._126_2010.pdf": 31.921323052880844, "crl.p._96_k_2021.pdf": 3.9901653816101055, "Crl.A._210_2015.pdf": 19.950826908050526, "Crl.A._402_2013.pdf": 3.9901653816101055, "j.p._105_2020.pdf": 7.980330763220211, "Crl.A.13-14-15and16of2004and53of2011.pdf": 7.980330763220211, "j.p._255_2018.pdf": 7.980330763220211, "j.p._345_2017.pdf": 3.9901653816101055, "crl.p._290_2020.pdf": 3.9901653816101055, "Crl.A._195_L_2017.pdf": 3.9901653816101055, "j.p._499_2015.pdf": 3.9901653816101055, "C.A._424_2015.pdf": 7.980330763220211, "crl.p._457_l_2016.pdf": 3.9901653816101055, "SMC_24_2010_DT_01_03.pdf": 3.9901653816101055, "c.p._152_2022.pdf": 3.9901653816101055, "smc.16of2011.pdf": 3.9901653816101055, "Crl.A._106_L_2017.pdf": 39.90165381610105, "Crl.P._634_2015.pdf": 7.980330763220211, "crl.p._53_q_2020.pdf": 3.9901653816101055, "crl.a_310_2006_12.03.2014.pdf": 11.970496144830317, "Crl.A._148_L_2017.pdf": 3.9901653816101055, "S.M.C._7_2017_06022019.pdf": 3.9901653816101055, "crl.p._476_l_2018.pdf": 3.9901653816101055, "j.sh.p._03_2020.pdf": 7.980330763220211, "crl.a._145_l_2017.pdf": 7.980330763220211, "crl.a._122_l_2012.pdf": 3.9901653816101055}, "bulk": {"SMC5of2012[UrduVersion]dt16-6-2012.pdf": 3.928289977892018, "Const.P._38_2016.pdf": 7.856579955784036, "SMC15OF2009.pdf": 7.856579955784036, "Const.P._50_2018.pdf": 3.928289977892018, "C.A._2215_2006.pdf": 7.856579955784036, "Const.P._29_2016.pdf": 19.64144988946009, "SMC16of2011_detailed_judgment.pdf": 3.928289977892018, "C.P.796of2007-dt-10-5-2013.pdf": 3.928289977892018, "C.A._427_2009.pdf": 3.928289977892018, "crl.p._104_p_2023.pdf": 3.928289977892018, "JR_Detailed_Judgment_in_Graduation_Qualification_Case.pdf": 3.928289977892018, "C.A._1291_2005.pdf": 3.928289977892018, "Const.P.39of2007-dt-25-6-2013.pdf": 3.928289977892018, "c.r.p._296_2020_04022022.pdf": 3.928289977892018, "j.p._385_2017.pdf": 3.928289977892018, "C.A._1171_2017.pdf": 3.928289977892018, "C.P._3345_2016.pdf": 3.928289977892018, "C.R.P._268_2015.pdf": 3.928289977892018, "C.A._1428_2016.pdf": 3.928289977892018, "c.a._82_2016.pdf": 3.928289977892018, "c.r.p._292_2021_detailed.pdf": 3.928289977892018, "const.p._17_2019_detailed_reasoning.pdf": 3.928289977892018, "C.A._307-L_2015.pdf": 3.928289977892018, "C.A._194_2015.pdf": 3.928289977892018, "crl.p._103_p_2022.pdf": 3.928289977892018, "crl.p._1196_l_2015.pdf": 3.928289977892018, "c.a._513_2014.pdf": 35.35460980102816, "c.a._458_2017.pdf": 3.928289977892018, "c.a._1476_2018.pdf": 7.856579955784036, "const.p.20_2013.pdf": 7.856579955784036, "const.p.6_2011_final.pdf": 3.928289977892018, "crl.a._633_2019_15092023.pdf": 3.928289977892018, "c.a._290_2022.pdf": 3.928289977892018, "C.A.39_2010.pdf": 7.856579955784036, "C.A._1242_2013.pdf": 3.928289977892018, "c.m.a._490_2021.pdf": 3.928289977892018, "hrc.14392of2013-01.07.2013.pdf": 7.856579955784036, "const.p.105-12_hamid_mir_case_20-12-12.pdf": 3.928289977892018, "crl.p._371_2020l.pdf": 3.928289977892018, "Const.P._35_2016_dt_15_12_2017.pdf": 3.928289977892018, "Crl.A._496_2009.pdf": 3.928289977892018, "C.A._545_K_2010.pdf": 3.928289977892018, "c.a._506_2011.pdf": 7.856579955784036, "C.A._1085_2017.pdf": 3.928289977892018, "c.m.a._490_2021_20022021.pdf": 3.928289977892018, "c.p._1854_l_2022.pdf": 3.928289977892018, "CJD_Section 2-A_Case_as_on_26_06_2006.pdf": 3.928289977892018, "C.R.P._412_2014.pdf": 3.928289977892018, "CPs987-989OF2011-DT19.10.2011.pdf": 15.713159911568072, "C.A._1646_2000.pdf": 3.928289977892018}, "bull": {"C.P.796of2007-UrduTranslation-dt-10-5-2013.pdf": 11.28617681196789, "Const.P.77of2012[DetailedOrderFinal].pdf": 5.643088405983945, "crl.a._95_2019.pdf": 22.57235362393578, "H.R.C.19of1996[AsgharKhanCase]DetailedReasons.pdf": 5.643088405983945, "C.P.796of2007-dt-10-5-2013.pdf": 11.28617681196789, "cma.3685-3686_of_2012_in_hrc.7734-g_of_2009_dt_31.01.2013.pdf": 5.643088405983945, "c.a._251_2015.pdf": 5.643088405983945, "c.p._414_2021.pdf": 22.57235362393578, "j.p._348_2019.pdf": 5.643088405983945}, "bulldoze": {"H.R.C._18877_2018_03072019.pdf": 5.8944028342648505, "JR_Detailed_Judgment_in_Graduation_Qualification_Case.pdf": 5.8944028342648505, "Const.P._2_2011.pdf": 5.8944028342648505, "const.p.37_2012_final.pdf": 5.8944028342648505, "Crl.O.P._57_2015_Additional_Note.pdf": 5.8944028342648505, "Const.P.73of2011.pdf": 5.8944028342648505, "crl.a.264_2006.pdf": 17.68320850279455}, "bulwark": {"Const.P.12of2010.pdf": 6.454018622200273, "const.p._17_2020_dissenting_note_hj4.pdf": 6.454018622200273, "s.m.c._4_2021_26082021.pdf": 6.454018622200273, "c.p._3532_2023_additional_note.pdf": 6.454018622200273}, "bula": {"S.M.C.16of2011dt.4.4.2013.pdf": 15.680625966640328}, "bulb": {"j.p._405_2021.pdf": 10.710812667064328, "Crl.A._275_2011.pdf": 21.421625334128656, "Crl.A._135_L_2017.pdf": 5.355406333532164, "crl.a._177_2022.pdf": 5.355406333532164, "j.p._34_2020.pdf": 5.355406333532164, "crl.p._457_l_2016.pdf": 5.355406333532164, "crl.p._733_l_2018.pdf": 5.355406333532164, "crl.p._263_l_2015.pdf": 10.710812667064328, "j.p._657_2016.pdf": 5.355406333532164, "crl.a._180_2020.pdf": 5.355406333532164, "crl.a._154_l_2013.pdf": 10.710812667064328, "Crl.A._128_2010.pdf": 10.710812667064328}, "bulletin": {"Const.P._29_2016.pdf": 6.454018622200273, "s.m.c._4_2022.pdf": 6.454018622200273, "c.p._3215_2021.pdf": 6.454018622200273, "c.p._323_l_2014.pdf": 6.454018622200273}, "bullo": {"C.R.P._125_2014.pdf": 36.291321084552656, "SMC16of2011_detailed_judgment.pdf": 6.048553514092109, "Crl.O.P.89of2011.pdf": 18.145660542276328, "c.m.a._5602_2021.pdf": 6.048553514092109, "C.R.P.193of2013.pdf": 36.291321084552656, "Const.P.22of2013.pdf": 6.048553514092109}, "bullete": {"C.P.796of2007-dt-10-5-2013.pdf": 7.840312983320164}, "bullying": {"const.p.23of2012.pdf": 7.840312983320164}, "buland": {"c.a._559_2020.pdf": 7.840312983320164}, "bulbs": {"c.a._1660_2014.pdf": 6.230875070886063, "S.M.C._ 26_2007_30062018.pdf": 6.230875070886063, "S.M.C._26_2007_04072018.pdf": 6.230875070886063, "Crl.A._402_2013.pdf": 18.69262521265819, "S.M.C._26_2007_02082018.pdf": 6.230875070886063}, "bullion": {"const.p._17_2020_dissenting_note_hj11.pdf": 6.454018622200273, "crl.p._994_2020.pdf": 12.908037244400546, "C.A._1050_2009.pdf": 25.816074488801092, "c.p._6117_2021.pdf": 6.454018622200273}, "bulmer": {"const.p._17_2020_dissenting_note_hj11.pdf": 7.840312983320164}, "bully": {"Crl.A._210_2015.pdf": 6.741700694652055, "Crl.O.P.6of2012.pdf": 6.741700694652055, "crl.a.264_2006.pdf": 6.741700694652055}, "buladi": {"const.p.115_2011.pdf": 7.840312983320164}, "bulash": {"C.A._1428_2016.pdf": 7.840312983320164}, "bulri": {"const.p.37_2012_final.pdf": 7.840312983320164}, "bulker": {"c.r.p._421_2020.pdf": 7.840312983320164}, "buledi": {"j.p._637_2016.pdf": 14.294331605520437, "smc.16of2011.pdf": 7.1471658027602185}, "bulldozer": {"Crl.O.P._57_2015_Additional_Note.pdf": 15.680625966640328}, "bulky": {"const.p.6_2011_final.pdf": 7.840312983320164},