{"bumper": {"Const.P.NO.62OF2010_orderdt06062011.pdf": 6.741700694652055, "HRC7734-G_1003-GOF2009[UrduTranslation].pdf": 6.741700694652055, "C.A._1242_2013.pdf": 6.741700694652055}, "bumburet": {"smc_1_2014.pdf": 31.361251933280656}, "bumiller": {"c.p._2314_2022.pdf": 7.840312983320164}, "bumi": {"c.a._1547_2019.pdf": 7.840312983320164}}