{"bung": {"ConstitutionPetitionNo21OF2007.pdf": 7.840312983320164}, "bundle": {"ConstitutionPetitionNo21OF2007.pdf": 5.355406333532164, "H.R.C.19of1996[AsgharKhanCase]DetailedReasons.pdf": 5.355406333532164, "c.p._2933_2019.pdf": 5.355406333532164, "Const.P.77of2010_dt_27-8-2013.pdf": 16.06621900059649, "c.a._446_2021.pdf": 5.355406333532164, "const.p._2_2022_14102022.pdf": 58.9094696688538, "I.C.A._01_2007.pdf": 5.355406333532164, "j.p._637_2016.pdf": 16.06621900059649, "c.a._154_l_2018.pdf": 5.355406333532164, "crl.a._366_2010.pdf": 26.77703166766082, "crl.a._185_2006.pdf": 5.355406333532164, "c.p._1824_2019.pdf": 5.355406333532164}, "bunch": {"CPs.10-18of2011.pdf": 10.40251130740981, "Const.P.12of2010.pdf": 15.603766961114715, "C.A._861_2007.pdf": 5.201255653704905, "c.a._73_2020.pdf": 5.201255653704905, "c.a._502_2017.pdf": 5.201255653704905, "c.p._1874_2022.pdf": 10.40251130740981, "c.a._982_2018_19022024.pdf": 5.201255653704905, "C.A._1509_2016.pdf": 10.40251130740981, "c.a._1011_2020.pdf": 5.201255653704905, "c.a._982_2018_19022024_2.pdf": 5.201255653704905, "c.p._231_k_2020.pdf": 5.201255653704905, "c.p._2270_2019.pdf": 5.201255653704905, "const.p._5_2023_detailed_reasons.pdf": 5.201255653704905, "c.p._84_p_2020.pdf": 5.201255653704905}, "bungalow": {"Crl.A._479_2015.pdf": 4.749270529961848, "crl.a._400_2019.pdf": 4.749270529961848, "Const.P_6of2011.pdf": 9.498541059923696, "C.A._1129_2013.pdf": 4.749270529961848, "CMA_1145-K_2013_in_SMC_16-2011_08-03-2013.pdf": 28.495623179771087, "C.R.P._125_2014.pdf": 4.749270529961848, "smc.18_2010_final.pdf": 18.99708211984739, "crl.a._599_2020_26032021.pdf": 4.749270529961848, "c.a._601_2019.pdf": 4.749270529961848, "const.p._9_2010_27122021.pdf": 4.749270529961848, "c.p._211_q_2017.pdf": 9.498541059923696, "H.R.C._69229_P_2018.pdf": 4.749270529961848, "C.P._1598_2016.pdf": 37.99416423969478, "const.p.115_2011.pdf": 4.749270529961848, "const.p._9_2010.pdf": 4.749270529961848, "C.R.P.193of2013.pdf": 4.749270529961848, "c.p._47_2016.pdf": 4.749270529961848, "Crl.A._35_K_2016.pdf": 4.749270529961848, "Crl.P._488_2015.pdf": 4.749270529961848, "const.p._9_2010_28122021.pdf": 4.749270529961848, "c.p._3989_2022.pdf": 4.749270529961848, "c.a._10_q_2021.pdf": 4.749270529961848}, "bundesrechnungshof": {"Const.P.105-2012-eng-urd.PDF": 7.840312983320164}, "bunder": {"Const.P_6of2011.pdf": 23.52093894996049}, "bunke": {"smc.18_2010_final.pdf": 7.840312983320164}, "bund": {"Const.P.NO.62OF2010_orderdt06062011.pdf": 356.86465733143444, "const.p.115_2011.pdf": 6.048553514092109, "C.M.A._376-K_2014.pdf": 6.048553514092109, "SMCNo25of2009.pdf": 6.048553514092109, "S.M.C.16of2011dt-22-3-2013.pdf": 6.048553514092109, "c.a._1421_2015.pdf": 12.097107028184219}, "bundar": {"Const.P.NO.62OF2010_orderdt06062011.pdf": 7.840312983320164}, "bunir": {"Crl.P._623_2016.pdf": 6.741700694652055, "c.a._759_2020.pdf": 6.741700694652055, "const.p.37_2012_final.pdf": 6.741700694652055}, "bunk": {"C.A._427_2009.pdf": 7.840312983320164}, "bunche": {"const.p.1_ 2012_etc.pdf": 7.840312983320164}, "bunne": {"const.p._17_2020_dissenting_note_hj11.pdf": 7.840312983320164}, "buner": {"const.p.37_2012_final.pdf": 23.04348576656131, "c.a._42_p_2016.pdf": 11.521742883280655, "c.p._989_2015.pdf": 17.282614324920985, "c.a._202_2021.pdf": 5.760871441640328, "c.a._491_2012.pdf": 5.760871441640328, "c.a._52_k_2022.pdf": 5.760871441640328, "c.a._1684_2021.pdf": 11.521742883280655, "C.A.1122of2011.pdf": 5.760871441640328}, "bunker": {"crl.p._203_2021.pdf": 7.1471658027602185, "C.P._661_K_2015.pdf": 14.294331605520437}, "bun": {"Const.P.No.33and34of2005-dt-27-6-2013.pdf": 7.840312983320164}, "bungash": {"c.m.a._4821_2018_14012022.pdf": 7.840312983320164}, "bundubast": {"c.a._1522_2013.pdf": 7.840312983320164}, "bunni": {"c.a._722_2012.pdf": 7.840312983320164}, "bungle": {"c.p._342_k_2020.pdf": 7.840312983320164}}