{"buzz": {"H.R.C.19of1996[AsgharKhanCase]DetailedReasonsUrduTranslation.pdf": 7.1471658027602185, "crl.a._95_2019.pdf": 7.1471658027602185}, "buzdar": {"crl.a._528_2019.pdf": 12.097107028184219, "C.A._704_2017.pdf": 6.048553514092109, "Const.P77-2010-17.07.2013.pdf": 6.048553514092109, "c.p._78_q_2016.pdf": 6.048553514092109, "Const.P.77of2010-dt-20-7-2013.pdf": 6.048553514092109, "c.a._1300_2019.pdf": 6.048553514092109}}