{"bv": {"c.p._3286_2017.pdf": 6.230875070886063, "c.a._290_2022.pdf": 6.230875070886063, "Crl.P._634_2015.pdf": 6.230875070886063, "c.p.1795_2022.pdf": 6.230875070886063, "c.a._1547_2019.pdf": 6.230875070886063}}