{"bvert": {"CPs.10-18of2011.pdf": 7.840312983320164}, "bverfge": {"const.p._2_2022_14102022.pdf": 7.840312983320164}}