{"bvi": {"C.R.P._297_2017_Reserved.pdf": 12.461750141772127, "Const.P._29_2016_28072016.pdf": 12.461750141772127, "Const.P._29_2016.pdf": 143.31012663037947, "Const.P._36_2016_dt_15_12_2017.pdf": 37.38525042531638, "c.a._190_2015.pdf": 6.230875070886063}, "bvie": {"C.A._137-K_1976.pdf": 7.840312983320164}}