{"byco": {"Const.P.33and34of2005.pdf": 7.1471658027602185, "C.A._1171_2017.pdf": 7.1471658027602185}}