{"bylaw": {"c.m.a.4343_2014_etc_with_urdu_translation.pdf": 11.28617681196789, "H.R.C._32642_2018.pdf": 22.57235362393578, "c.a._639_2014.pdf": 22.57235362393578, "SMC.13-2009.pdf": 5.643088405983945, "c.a._634_2014.pdf": 5.643088405983945, "C.A.269_ETC_OF_2011.pdf": 5.643088405983945, "C.A._800_2011.pdf": 16.929265217951833, "Const.P._35_2016_dt_15_12_2017.pdf": 11.28617681196789, "ICA3,4,6TO11of2011dt2011.04.pdf": 16.929265217951833}}