{"bypass": {"C.R.P._297_2017_Reserved.pdf": 3.286436091719623, "C.R.P._49_2016.pdf": 16.432180458598115, "Const.P._29_2016_28072016.pdf": 3.286436091719623, "C.A._3_2018_dt-14-9-2018.pdf": 6.572872183439246, "c.a._1496_2019.pdf": 3.286436091719623, "Const.P.12of2010.pdf": 3.286436091719623, "Const.P._29_2016.pdf": 3.286436091719623, "C.R.P._125_2014.pdf": 9.85930827515887, "Const.P.77of2012[DetailedOrderFinal].pdf": 3.286436091719623, "C.A._3_2018.pdf": 6.572872183439246, "crl.p._907_2020.pdf": 6.572872183439246, "Ref.01_2012_addl.note_HJ.ejaz_afzal_khan.pdf": 6.572872183439246, "Crl.O.P.89of2011.pdf": 16.432180458598115, "Const.P_3_2014.pdf": 13.145744366878493, "c.p._2256_l_2015.pdf": 3.286436091719623, "c.p._1134_l_2018.pdf": 3.286436091719623, "C.A._1072_2005.pdf": 6.572872183439246, "C.M.A._3221_2012.pdf": 6.572872183439246, "S.M.C._19_2016.pdf": 6.572872183439246, "c.a._73_2020.pdf": 3.286436091719623, "C.A._1600_2006.pdf": 3.286436091719623, "Const.P.77of2010_dt_27-8-2013.pdf": 3.286436091719623, "JR_Detailed_Judgment_in_Graduation_Qualification_Case.pdf": 3.286436091719623, "c.p._3506_2020.pdf": 6.572872183439246, "c.r.p._296_2020_04022022.pdf": 3.286436091719623, "C.P._549-P_2015.pdf": 3.286436091719623, "crl.p._230_2019.pdf": 6.572872183439246, "C.P._781_2016.pdf": 3.286436091719623, "Const.P._24_2012.pdf": 3.286436091719623, "c.p._490_k_2020.pdf": 3.286436091719623, "const.p._17_2020_dissenting_note_hj11.pdf": 3.286436091719623, "c.p._3282_l_2022.pdf": 3.286436091719623, "C.P._1195_2019.pdf": 3.286436091719623, "const.p.115_2011.pdf": 3.286436091719623, "Crl.A._149_L_2017.pdf": 6.572872183439246, "c.p._2477_l_2015.pdf": 3.286436091719623, "C.A._1428_2016.pdf": 6.572872183439246, "c.p._1542_2017.pdf": 3.286436091719623, "c.a._909_2020.pdf": 3.286436091719623, "C.R.P.193of2013.pdf": 9.85930827515887, "h.r.c_11827_s_2018.pdf": 3.286436091719623, "c.p._3203_2017.pdf": 6.572872183439246, "c.r.p._292_2021_detailed.pdf": 3.286436091719623, "c.p._2916_2019.pdf": 3.286436091719623, "const.p._17_2019_detailed_reasoning.pdf": 6.572872183439246, "s.m.c._1_2023_27032023.pdf": 9.85930827515887, "c.p._5620_2021.pdf": 3.286436091719623, "c.a._914_l_2013.pdf": 3.286436091719623, "c.m.a._10945_2022.pdf": 3.286436091719623, "c.a._414_2021.pdf": 3.286436091719623, "c.a._350_2020.pdf": 3.286436091719623, "c.a._1113_2017_dissenting_note.pdf": 3.286436091719623, "C.P._80-Q_2010.pdf": 3.286436091719623, "c.a._617_2020.pdf": 3.286436091719623, "const.p._24_2023_f.pdf": 3.286436091719623, "reference_1_2020.pdf": 6.572872183439246, "c.p._3813_2019.pdf": 3.286436091719623, "c.a._1498_2018.pdf": 3.286436091719623, "c.p._349_l_2017.pdf": 13.145744366878493, "c.p._3215_2021.pdf": 6.572872183439246, "const.p._17_2020_dissenting_note_hj4.pdf": 3.286436091719623, "C.A._204-L_2015.pdf": 3.286436091719623, "I.C.A._4_2017.pdf": 6.572872183439246, "C.A.404of2011.pdf": 3.286436091719623, "C.M.A._376-K_2014.pdf": 6.572872183439246, "c.p._1028_2019.pdf": 3.286436091719623, "c.p._5718_2021.pdf": 6.572872183439246, "c.a._1113_2017.pdf": 3.286436091719623, "c.a._329_2022.pdf": 3.286436091719623, "C.P._548-P_2013.pdf": 3.286436091719623, "crl.p._801_2021.pdf": 3.286436091719623, "s.m.c._1_2023_07042023.pdf": 3.286436091719623, "Const.P._35_2016_dt_15_12_2017.pdf": 3.286436091719623, "crl.p._53_q_2020.pdf": 3.286436091719623, "C.P._529_2015.pdf": 3.286436091719623, "c.a._2440_2016.pdf": 3.286436091719623, "c.a._23_q_2017.pdf": 3.286436091719623, "SMCNo25of2009.pdf": 13.145744366878493, "c.m.a._3932_2023.pdf": 3.286436091719623, "C.P._2812_2017.pdf": 3.286436091719623, "C.A._588_2017.pdf": 3.286436091719623, "C.A._1023_2016.pdf": 3.286436091719623, "c.a._1684_2021.pdf": 3.286436091719623, "C.A.876-879of2005.pdf": 3.286436091719623, "C.A._1049_2011.pdf": 13.145744366878493, "c.m.a._490_2021_20022021.pdf": 3.286436091719623, "c.p._32_q_2019.pdf": 13.145744366878493, "c.p._3797_2020.pdf": 6.572872183439246, "H.R.C._3654_2018.pdf": 6.572872183439246, "C.P._2167_2014.pdf": 3.286436091719623, "CJD_Pakistan_Steel_Mills_Case.pdf": 6.572872183439246, "C.R.P._309_2013.pdf": 3.286436091719623, "c.a._247_2021.pdf": 3.286436091719623, "c.p._2270_2023.pdf": 3.286436091719623, "crl.a.264_2006.pdf": 3.286436091719623}, "byproduct": {"SMC15OF2009.pdf": 5.643088405983945, "crl.a._95_2019.pdf": 16.929265217951833, "c.p._1057_2019.pdf": 11.28617681196789, "c.p._5646_2021.pdf": 5.643088405983945, "crl.m.a._365_l_2020.pdf": 11.28617681196789, "crl.m.a._1581_2021.pdf": 5.643088405983945, "C.A._69_2015.pdf": 11.28617681196789, "c.a._1113_2017.pdf": 11.28617681196789, "c.p._4657_2022.pdf": 5.643088405983945}, "bypas": {"SMCNo25of2009.pdf": 7.840312983320164}}