{"bystander": {"Const.P._29_2016.pdf": 6.454018622200273, "crl.a._95_2019.pdf": 6.454018622200273, "Const.P.40of2012-DetailJudgment-dt-3.7.2012.pdf": 6.454018622200273, "h.r.c_11827_s_2018.pdf": 6.454018622200273}}