{"byte": {"smc_1_2014.pdf": 7.1471658027602185, "c.p._3317_2018.pdf": 7.1471658027602185}}