{"bzu": {"Const.P._134_2012.pdf": 20.225102083956166, "C.P.No.1017-Lof2011.pdf": 6.741700694652055, "Const.P._134_2012_21012019.pdf": 20.225102083956166}}