{"ca": {"c.r.p._292_2021_sacked_employees.pdf": 2.2796313523046363, "c.a._837_2011.pdf": 2.2796313523046363, "c.r.p._446_2022.pdf": 2.2796313523046363, "C.R.P._49_2016.pdf": 86.62599138757618, "c.a._1079_2015.pdf": 25.075944875351, "H.R.C._18877_2018_03072019.pdf": 2.2796313523046363, "c.p._1331_l_2017.pdf": 2.2796313523046363, "NRO_Judgment.pdf": 2.2796313523046363, "c.a._53_2015.pdf": 29.635207579960273, "C.A._1515_2013.pdf": 2.2796313523046363, "C.R.P._125_2014.pdf": 9.118525409218545, "Const.P._36_2016_dt_15_12_2017.pdf": 2.2796313523046363, "c.a._756_2021.pdf": 4.559262704609273, "C.A._2109_2016.pdf": 84.34636003527154, "c.a.149-150_2010.pdf": 13.677788113827818, "C.M.A.No.1535and1536of2013.pdf": 15.957419466132453, "H.R.C.19of1996[AsgharKhanCase]DetailedReasonsUrduTranslation.pdf": 2.2796313523046363, "C.A._1256_2008.pdf": 11.398156761523182, "C.A._760_2016.pdf": 2.2796313523046363, "ca.a_239_2020.pdf": 52.43152110300664, "c.a._601_2019.pdf": 4.559262704609273, "c.a._240_2020.pdf": 6.838894056913909, "C.R.P.167of2012-dt-30-8-2012.pdf": 6.838894056913909, "c.a._108_2015.pdf": 27.355576227655636, "c.a._71_p_2014.pdf": 9.118525409218545, "c.a._700_2016.pdf": 2.2796313523046363, "Crl.O.P.89of2011.pdf": 47.87225839839736, "C.A._137-K_1976.pdf": 9.118525409218545, "c.a._71_p_2014_urdu.pdf": 6.838894056913909, "c.r.p._292_2021.pdf": 2.2796313523046363, "C.A._1406_2016.pdf": 13.677788113827818, "C.A._704_2017.pdf": 13.677788113827818, "c.a._1474_2021.pdf": 36.47410163687418, "c.a._960_2017.pdf": 9.118525409218545, "C.A.669-L_2013.pdf": 86.62599138757618, "C.A._427_2009.pdf": 4.559262704609273, "c.a._8_l_2009.pdf": 2.2796313523046363, "c.a._176_2016.pdf": 9.118525409218545, "C.P._2093_2015.pdf": 2.2796313523046363, "C.A._353_2015.pdf": 13.677788113827818, "C.A._521_2015.pdf": 25.075944875351, "C.A._718_2007.pdf": 9.118525409218545, "c.a._731_2016.pdf": 20.516682170741728, "c.a._431_2021_07072023.pdf": 4.559262704609273, "C.A._56_L_2018.pdf": 31.914838932264907, "C.A._992_2013.pdf": 18.23705081843709, "C.A._77_2015.pdf": 4.559262704609273, "c.a._1355_2006.pdf": 9.118525409218545, "c.a._228_2020.pdf": 9.118525409218545, "C.A._176_2015.pdf": 2.2796313523046363, "c.a._357_2020.pdf": 4.559262704609273, "C.A._493_2011.pdf": 20.516682170741728, "c.a._1076_2019.pdf": 31.914838932264907, "C.A._1348_2006.pdf": 22.796313523046365, "c.a._675_2019.pdf": 715.8042446236558, "c.a._1767_2019.pdf": 18.23705081843709, "C.A.212and213OF2011.pdf": 4.559262704609273, "c.a._1618_2019.pdf": 11.398156761523182, "c.a._1241_2013.pdf": 13.677788113827818, "c.a._10_k_2019.pdf": 2.2796313523046363, "c.a._502_2017.pdf": 9.118525409218545, "c.a._2150_2019.pdf": 2.2796313523046363, "c.a._446_2021.pdf": 11.398156761523182, "c.a._538_2022.pdf": 2.2796313523046363, "c.a._497_2020.pdf": 2.2796313523046363, "c.a._875_2017.pdf": 11.398156761523182, "C.A._1208_2011.pdf": 15.957419466132453, "c.a._17_l_2019.pdf": 2.2796313523046363, "C.A._633_2007.pdf": 13.677788113827818, "c.a._754_2020.pdf": 4.559262704609273, "c.a._455_2012.pdf": 9.118525409218545, "c.a._353_2010.pdf": 13.677788113827818, "C.A._308_2008.pdf": 20.516682170741728, "c.a._383_2013.pdf": 18.23705081843709, "C.A._26_2009.pdf": 9.118525409218545, "c.a._249_2020.pdf": 75.227834626053, "C.A._359_2013.pdf": 13.677788113827818, "c.a._248_2020.pdf": 43.31299569378809, "c.a._981_2018.pdf": 6.838894056913909, "c.a._23_2017.pdf": 15.957419466132453, "C.A._616_2014.pdf": 43.31299569378809, "C.A._1359_2014.pdf": 20.516682170741728, "c.a._342_2014.pdf": 4.559262704609273, "c.a._565_2011.pdf": 63.82967786452981, "c.a._232_2020.pdf": 47.87225839839736, "c.a._45_l_2018.pdf": 13.677788113827818, "c.a._902_2020.pdf": 9.118525409218545, "c.a._1219_2015.pdf": 36.47410163687418, "c.a._3090_2022.pdf": 13.677788113827818, "C.A._6_2016.pdf": 9.118525409218545, "c.a._759_2020.pdf": 2.2796313523046363, "ca411to414of2013.pdf": 9.118525409218545, "c.a._444_2017.pdf": 6.838894056913909, "C.A._774_2013.pdf": 15.957419466132453, "c.a._909_2020.pdf": 15.957419466132453, "C.R.P._94_2014.pdf": 2.2796313523046363, "C.R.P.193of2013.pdf": 9.118525409218545, "c.a._982_2018_19022024.pdf": 20.516682170741728, "C.A._94_2012.pdf": 29.635207579960273, "c.a._647_2018.pdf": 15.957419466132453, "c.a._421_2018.pdf": 31.914838932264907, "c.a._936_2020.pdf": 4.559262704609273, "c.r.p._292_2021_detailed.pdf": 2.2796313523046363, "C.A._1540_2006.pdf": 9.118525409218545, "c.a._346_2020.pdf": 11.398156761523182, "c.a._21_2021.pdf": 6.838894056913909, "c.a._8_q_2017.pdf": 9.118525409218545, "C.A._139_2013.pdf": 9.118525409218545, "C.A._616_2006.pdf": 13.677788113827818, "const.p._21_2023_11082023.pdf": 2.2796313523046363, "c.a._1032_2018.pdf": 13.677788113827818, "c.a._469_2021.pdf": 20.516682170741728, "CRP.229_2006_in_CA.802_2006.pdf": 15.957419466132453, "c.a._2016_2022.pdf": 2.2796313523046363, "c.a._1011_2020.pdf": 271.27613092425173, "c.a._1292_2021.pdf": 2.2796313523046363, "c.a.1540-1599_2013.pdf": 170.97235142284774, "C.A._2133_2006.pdf": 11.398156761523182, "C.A._110_L_2013.pdf": 4.559262704609273, "C.A._467_2015.pdf": 2.2796313523046363, "c.a._1363_2018.pdf": 18.23705081843709, "cas_727-730_777_778_2014_etc.pdf": 41.033364341483455, "c.a._547_2012.pdf": 18.23705081843709, "c.a._263_2014.pdf": 9.118525409218545, "c.a._2092_2019.pdf": 11.398156761523182, "C.A._125_K_2016_JPMC_Dissenting_Note.pdf": 75.227834626053, "C.A._654_2010.pdf": 9.118525409218545, "c.p._1084_2011.pdf": 41.033364341483455, "C.A._334_2004.pdf": 27.355576227655636, "c.a._125_k_2016.pdf": 11.398156761523182, "c.a._1009_2010.pdf": 13.677788113827818, "C.A._194_2015.pdf": 45.59262704609273, "c.a._489_2013l.pdf": 25.075944875351, "J.P.No.56of2005.pdf": 2.2796313523046363, "c.a._634_2014.pdf": 22.796313523046365, "c.a._1460_2013.pdf": 9.118525409218545, "c.a._414_2021.pdf": 4.559262704609273, "C.A.800Lof2013etc.pdf": 6.838894056913909, "C.A._158_2006.pdf": 9.118525409218545, "C.A._167-Q_2005.pdf": 18.23705081843709, "c.a._350_2020.pdf": 18.23705081843709, "C.A._654_2007.pdf": 11.398156761523182, "c.a._140_l_2015.pdf": 6.838894056913909, "c.a._513_2014.pdf": 52.43152110300664, "c.a._1476_2018.pdf": 13.677788113827818, "C.A._26_K_2018.pdf": 9.118525409218545, "C.A.269_ETC_OF_2011.pdf": 22.796313523046365, "H.R.C._18877_2018.pdf": 2.2796313523046363, "c.a._188_2020.pdf": 22.796313523046365, "c.a._1481_2015.pdf": 47.87225839839736, "c.a._174_2012.pdf": 11.398156761523182, "C.A._1011_2006.pdf": 25.075944875351, "C.A._767_2014.pdf": 4.559262704609273, "c.a._171_2019.pdf": 15.957419466132453, "c.a._1113_2017_dissenting_note.pdf": 4.559262704609273, "c.a._232_p_2014.pdf": 9.118525409218545, "c.a._617_2020.pdf": 13.677788113827818, "CAs.149-150of2010.pdf": 4.559262704609273, "c.a._290_2022.pdf": 15.957419466132453, "c.a._1314_2014.pdf": 2.2796313523046363, "c.a._1499_2019.pdf": 4.559262704609273, "CMA2745of2009etc.pdf": 4.559262704609273, "C.A._1242_2013.pdf": 6.838894056913909, "c.a._1498_2018.pdf": 34.19447028456955, "c.a._323_2018.pdf": 2.2796313523046363, "C.A._322_2018.pdf": 25.075944875351, "c.a._649_2019.pdf": 18.23705081843709, "C.A._1525_2016.pdf": 9.118525409218545, "c.a._433_2020.pdf": 25.075944875351, "c.a._1521_2018.pdf": 27.355576227655636, "c.a._550_2020.pdf": 9.118525409218545, "C.A._204-L_2015.pdf": 6.838894056913909, "C.A.404of2011.pdf": 18.23705081843709, "JR_Varan_Case.pdf": 9.118525409218545, "c.a._3_k_2021.pdf": 6.838894056913909, "C.A.No.427of2013.pdf": 2.2796313523046363, "C.A._800_2011.pdf": 15.957419466132453, "c.a._1280_2019.pdf": 11.398156761523182, "c.a._1113_2017.pdf": 109.42230491062254, "c.a._329_2022.pdf": 45.59262704609273, "c.a._1621_2017.pdf": 4.559262704609273, "c.p._323_l_2014.pdf": 2.2796313523046363, "C.A._843_2012.pdf": 4.559262704609273, "C.A.2234and2235of2005-dt-31-8-2013.pdf": 34.19447028456955, "c.a._2186_2017.pdf": 36.47410163687418, "c.a._26_2015l.pdf": 4.559262704609273, "c.a._25_q_2018_dt_25_01_2024.pdf": 18.23705081843709, "C.A._1255_2012.pdf": 4.559262704609273,