{"cache": {"crl.a._154_2020.pdf": 9.591581091193483, "Const.P._29_2016.pdf": 4.795790545596741, "H.R.C.19of1996[AsgharKhanCase]DetailedReasonsUrduTranslation.pdf": 4.795790545596741, "c.a._371_2020.pdf": 4.795790545596741, "H.R.C.19of1996[AsgharKhanCase]DetailedReasons.pdf": 4.795790545596741, "j.p._83_2021.pdf": 4.795790545596741, "crl.a._231_2020.pdf": 4.795790545596741, "crl.p._520_2020.pdf": 4.795790545596741, "crl.p._762_2018.pdf": 9.591581091193483, "crl.p._1088_2021.pdf": 14.387371636790224, "crl.a._125_2020.pdf": 9.591581091193483, "crl.p._114_2018.pdf": 4.795790545596741, "c.p._958_2020.pdf": 4.795790545596741, "crl.a._630_2019.pdf": 9.591581091193483, "Crl.A._22_P_2014.pdf": 9.591581091193483, "crl.p._1806_l_2017.pdf": 9.591581091193483, "C.P._3912_2016.pdf": 47.95790545596741, "crl.p._18_2019.pdf": 9.591581091193483, "crl.a._366_2010.pdf": 9.591581091193483, "j.p._348_2019.pdf": 4.795790545596741, "crl.p._30_p_2012.pdf": 4.795790545596741}, "cacophony": {"const.p._2_2022_14102022.pdf": 7.1471658027602185, "c.p._2459_2017.pdf": 7.1471658027602185}, "cach": {"c.a._1295_2019.pdf": 7.1471658027602185, "c.a._17_2020.pdf": 7.1471658027602185}}