{"caeser": {"h.r.c_11827_s_2018.pdf": 6.741700694652055, "Const.P.59of2011.pdf": 6.741700694652055, "crl.a.264_2006.pdf": 6.741700694652055}}