{"cafeteria": {"H.R.C._10_K_2007.pdf": 7.1471658027602185, "Const.P._134_2012_21012019.pdf": 7.1471658027602185}, "caf\u00e9": {"Const.P_6of2011.pdf": 6.230875070886063, "crl.a._599_2020_26032021.pdf": 6.230875070886063, "c.p._3795_2021.pdf": 6.230875070886063, "C.P._892_2015.pdf": 81.00137592151883, "CJD_Constitution_Petition_No_36_of_2005.pdf": 6.230875070886063}, "cafictiel": {"H.R.C.19of1996[AsgharKhanCase]DetailedReasons.pdf": 7.840312983320164}, "cafe": {"const.p._9_2010_27122021.pdf": 6.741700694652055, "const.p._9_2010.pdf": 6.741700694652055, "const.p._9_2010_28122021.pdf": 6.741700694652055}, "cafr": {"c.a._999_2017.pdf": 7.1471658027602185, "c.p._819_2017.pdf": 7.1471658027602185}, "caf\u00e9s": {"C.P._892_2015.pdf": 7.840312983320164}}