{"caging": {"ConstitutionPetitionNo21OF2007.pdf": 7.840312983320164}, "cage": {"ConstitutionPetitionNo21OF2007.pdf": 12.461750141772127, "Const.P.12of2010.pdf": 6.230875070886063, "CMA_1145-K_2013_in_SMC_16-2011_08-03-2013.pdf": 18.69262521265819, "C.M.A._8215_2016.pdf": 12.461750141772127, "c.p._570_p_2013.pdf": 12.461750141772127}}