{"cahrge": {"HRC7734-G_1003-GOF2009[UrduTranslation].pdf": 7.840312983320164}, "cahndio": {"crl.p._230_2019.pdf": 7.840312983320164}, "cahoot": {"c.a._1731_2021.pdf": 7.840312983320164}}