{"cairo": {"NRO_Judgment.pdf": 5.760871441640328, "crl.p._883_l_2022_urdu.pdf": 5.760871441640328, "S.M.C.24of2010[urdu-version].pdf": 5.760871441640328, "c.p._1289_2020.pdf": 5.760871441640328, "crl.p._1359_2023.pdf": 5.760871441640328, "c.a._71_p_2014.pdf": 5.760871441640328, "c.a._71_p_2014_urdu.pdf": 5.760871441640328, "crl.p._883_l_2022.pdf": 5.760871441640328}, "cairns": {"Const.PetitionNo.77of2010_12.10.2012.pdf": 7.1471658027602185, "C.A._1406_2016.pdf": 7.1471658027602185}, "caiden": {"CJD_Reference by_the_President_of_Pakistan_under_Article_186.pdf": 7.840312983320164}, "cailletea": {"reference._2_2022.pdf": 15.680625966640328}}