{"caos": {"const.p._39_16122019.pdf": 28.588663211040874, "const.p._39_2019.pdf": 28.588663211040874}}