{"cavil": {"c.p._1676_l_2011.pdf": 2.9058390501894724, "C.A._1171_2013.pdf": 2.9058390501894724, "Const.P.127of2012.pdf": 17.435034301136835, "ConstitutionPetitionNo21OF2007.pdf": 5.811678100378945, "C.A._503_2006.pdf": 2.9058390501894724, "H.R.C._18877_2018_03072019.pdf": 2.9058390501894724, "c.p._620_2021.pdf": 2.9058390501894724, "Crl.A._39_L_2015.pdf": 2.9058390501894724, "Crl.O.P_57_2015.pdf": 2.9058390501894724, "NRO_Judgment.pdf": 5.811678100378945, "C.M.A.64of2013dt-12-3-2013.pdf": 2.9058390501894724, "Const.P.12of2010.pdf": 8.717517150568417, "Const.P.33_2013.pdf": 2.9058390501894724, "Const.P._29_2016.pdf": 2.9058390501894724, "Const.P.77of2012[DetailedOrderFinal].pdf": 2.9058390501894724, "c.a._1498_2016.pdf": 2.9058390501894724, "Const.P._36_2016_dt_15_12_2017.pdf": 2.9058390501894724, "s.m.c._1_2022_detailed.pdf": 2.9058390501894724, "SMC16of2011_detailed_judgment.pdf": 11.62335620075789, "Const.P.40of2012-DetailJudgment-dt-3.7.2012.pdf": 8.717517150568417, "smc.11_2011.pdf": 2.9058390501894724, "Const.P.77-78-79 [Memogate]DetailedOrder.pdf": 2.9058390501894724, "CJD_Reference by_the_President_of_Pakistan_under_Article_186.pdf": 2.9058390501894724, "C.P.No.1017-Lof2011.pdf": 2.9058390501894724, "const.p._21_2022_15092023.pdf": 2.9058390501894724, "Crl.O.P.89of2011.pdf": 2.9058390501894724, "Crl.A._589_2006.pdf": 2.9058390501894724, "c.p._2144_l_2011.pdf": 2.9058390501894724, "c.a._730_2015.pdf": 2.9058390501894724, "c.a._1474_2021.pdf": 2.9058390501894724, "HRC7734-G_1003-GOF2009[AllegedCorruptionInRentalPowerPlants].pdf": 5.811678100378945, "c.p._1134_l_2018.pdf": 2.9058390501894724, "C.M.A._3221_2012.pdf": 2.9058390501894724, "C.R.P._383_2005.pdf": 2.9058390501894724, "C.A._1519_2013.pdf": 2.9058390501894724, "c.a._130_2021.pdf": 2.9058390501894724, "c.a._357_2020.pdf": 2.9058390501894724, "c.p._805_l_2019.pdf": 2.9058390501894724, "JR_Detailed_Judgment_in_Graduation_Qualification_Case.pdf": 2.9058390501894724, "crl.p._705_2023.pdf": 2.9058390501894724, "c.r.p._296_2020_29012022.pdf": 2.9058390501894724, "c.r.p._296_2020_04022022.pdf": 5.811678100378945, "c.a._10_k_2019.pdf": 2.9058390501894724, "const.p.30of2013_dt_22.05.2013.pdf": 2.9058390501894724, "c.p._2178_l_2022.pdf": 2.9058390501894724, "HRC-4668of2006.pdf": 8.717517150568417, "j.p._36_2016.pdf": 2.9058390501894724, "C.R.P._100_2016.pdf": 5.811678100378945, "crl.p._91_k_2020.pdf": 2.9058390501894724, "c.a._1080_2013.pdf": 2.9058390501894724, "C.A._633_2007.pdf": 5.811678100378945, "C.A._1171_2017.pdf": 5.811678100378945, "c.a._201_2020.pdf": 2.9058390501894724, "Const.P._24_2012.pdf": 5.811678100378945, "Const.P.87of2011.pdf": 5.811678100378945, "c.a._353_2010.pdf": 5.811678100378945, "c.m.a.no20&21of2009.pdf": 2.9058390501894724, "C.A._1149_2015.pdf": 2.9058390501894724, "c.p._398_l_2018.pdf": 2.9058390501894724, "crl.p._209_2018.pdf": 2.9058390501894724, "C.A._1428_2016.pdf": 2.9058390501894724, "c.a._1389_2014.pdf": 2.9058390501894724, "j.p._496_2019.pdf": 2.9058390501894724, "c.a._982_2018_19022024.pdf": 2.9058390501894724, "crl.p._105_k_2020.pdf": 5.811678100378945, "Const.P._2_2011.pdf": 5.811678100378945, "c.a._421_2018.pdf": 2.9058390501894724, "c.a._1095_2018_13092019.pdf": 5.811678100378945, "c.r.p._292_2021_detailed.pdf": 2.9058390501894724, "C.A._1419_2009.pdf": 2.9058390501894724, "const.p._17_2019_detailed_reasoning.pdf": 5.811678100378945, "Crl.M.A._200_2019.pdf": 2.9058390501894724, "const.p._21_2023_11082023.pdf": 2.9058390501894724, "SMC.13-2009.pdf": 2.9058390501894724, "c.a._937_2018.pdf": 2.9058390501894724, "c.a._420_2020.pdf": 2.9058390501894724, "Const.P.No.33and34of2005-dt-27-6-2013.pdf": 2.9058390501894724, "c.a._1683_2014.pdf": 2.9058390501894724, "Const.P._29_2017.pdf": 2.9058390501894724, "c.a._1772_2008.pdf": 2.9058390501894724, "c.a._1476_2018.pdf": 2.9058390501894724, "c.a._579_2021.pdf": 2.9058390501894724, "c.p._1077_2018.pdf": 2.9058390501894724, "crl.p._1298_2017.pdf": 2.9058390501894724, "c.p._3958_2019.pdf": 2.9058390501894724, "C.A._1011_2006.pdf": 2.9058390501894724, "Crl.A._274_2006.pdf": 2.9058390501894724, "crl_r_p.8-l_2013.pdf": 2.9058390501894724, "c.a._166_2021.pdf": 2.9058390501894724, "c.a._10_2021.pdf": 2.9058390501894724, "c.a._630_2010.pdf": 2.9058390501894724, "reference_1_2020.pdf": 2.9058390501894724, "c.a._982_2018_19022024_2.pdf": 2.9058390501894724, "const.p._17_2020_dissenting_note_hj4.pdf": 2.9058390501894724, "I.C.A._4_2017.pdf": 2.9058390501894724, "JR_Varan_Case.pdf": 5.811678100378945, "Const.P.22of2013.pdf": 2.9058390501894724, "CJD_Constitution_Petition_No_36_of_2005.pdf": 8.717517150568417, "c.a._2121_2017.pdf": 2.9058390501894724, "crl.a._437_2020.pdf": 2.9058390501894724, "crl.p._801_2021.pdf": 2.9058390501894724, "JR_The_State_through_NAB_VS_Haji_Nasim-ur-Rehman.pdf": 2.9058390501894724, "SMC24-2010.pdf": 5.811678100378945, "ICA3,4,6TO11of2011dt2011.04.pdf": 8.717517150568417, "c.m.a._1243_2021.pdf": 2.9058390501894724, "const.p._48_2019.pdf": 2.9058390501894724, "Crl.A.126of2012.pdf": 2.9058390501894724, "c.a._491_2012.pdf": 5.811678100378945, "c.a._661_2018.pdf": 2.9058390501894724, "SMCNo25of2009.pdf": 2.9058390501894724, "cp_1545_2009.pdf": 2.9058390501894724, "c.p._183_2024_20032024.pdf": 2.9058390501894724, "ConstP.No.53of2007andConst.P.83of2012.pdf": 2.9058390501894724, "c.a._130_2016.pdf": 2.9058390501894724, "c.a._1522_2013.pdf": 2.9058390501894724, "C.A._845_2010.pdf": 2.9058390501894724, "C.A._552_2015.pdf": 2.9058390501894724, "c.a._506_2011.pdf": 2.9058390501894724, "c.a._722_2012.pdf": 2.9058390501894724, "Crl.P._751_2017.pdf": 2.9058390501894724, "c.r.p._432_k_2022.pdf": 2.9058390501894724, "CJD_Section 2-A_Case_as_on_26_06_2006.pdf": 2.9058390501894724, "C.P._661_K_2015.pdf": 2.9058390501894724, "c.a._1191_2016.pdf": 2.9058390501894724, "H.R.C._10842_P_2018.pdf": 5.811678100378945, "c.p._4570_2019.pdf": 2.9058390501894724, "CJD_Pakistan_Steel_Mills_Case.pdf": 8.717517150568417, "HR8340OF2010.pdf": 2.9058390501894724, "C.R.P._412_2014.pdf": 2.9058390501894724, "C.A._1475_2007.PDF": 5.811678100378945, "JR_Fecto_Belarus_Tractor_Limited_Case.pdf": 2.9058390501894724, "CPs987-989OF2011-DT19.10.2011.pdf": 5.811678100378945, "c.a._2063_2019.pdf": 2.9058390501894724, "c.a._498_2020.pdf": 2.9058390501894724, "C.A._450_2010.pdf": 2.9058390501894724, "C.P._632_2018.pdf": 2.9058390501894724, "C.A._2755_2006.pdf": 2.9058390501894724, "crl.a.264_2006.pdf": 5.811678100378945, "c.p._2341_l_2016.pdf": 2.9058390501894724}, "caveat": {"ConstitutionPetitionNo21OF2007.pdf": 4.22939507067594, "c.p._852_2020.pdf": 16.91758028270376, "Const.P.105-2012-eng-urd.PDF": 4.22939507067594, "c.a._1520_2016.pdf": 8.45879014135188, "Const.P._50_2018.pdf": 8.45879014135188, "Const.P.12of2010.pdf": 8.45879014135188, "Const.P.NO.62OF2010_orderdt06062011.pdf": 4.22939507067594, "C.A._80_L_2014.pdf": 4.22939507067594, "Const.P.1of2012Dt-10.02.2012[ProductionOfDetenus].pdf": 4.22939507067594, "c.p._1057_2019.pdf": 4.22939507067594, "Crl.A._301_L_2017.pdf": 4.22939507067594, "c.p._2547_2019.pdf": 4.22939507067594, "c.a._228_2020.pdf": 8.45879014135188, "c.p._490_k_2020.pdf": 4.22939507067594, "c.a._1295_2019.pdf": 4.22939507067594, "crl.p._1294_2023.pdf": 4.22939507067594, "c.a._982_2018_19022024.pdf": 4.22939507067594, "C.P.756-Lof2013-dt-10-5-2013.pdf": 4.22939507067594, "c.p._1743_2020_03032023.pdf": 4.22939507067594, "c.a._1009_2010.pdf": 4.22939507067594, "c.a._1476_2018.pdf": 8.45879014135188, "c.p._1133_l_2016.pdf": 21.146975353379702, "const.p._24_2023_f.pdf": 4.22939507067594, "CMA2745of2009etc.pdf": 29.60576549473158, "c.p._280_k_2019.pdf": 4.22939507067594, "Crl.A._37_L_2016.pdf": 4.22939507067594, "c.m.a._3492_2022.pdf": 4.22939507067594, "c.a._354_2020.pdf": 4.22939507067594, "c.p._2832_2018.pdf": 4.22939507067594, "c.a._1280_2019.pdf": 4.22939507067594, "c.p._4599_2021.pdf": 4.22939507067594, "c.a._1237_2020.pdf": 4.22939507067594, "C.P._130_2015.pdf": 4.22939507067594, "c.p._3134_2022.pdf": 4.22939507067594,