{"cayman": {"Const.P._36_2016_dt_15_12_2017.pdf": 21.441497408280654, "suo_motu_in_court.pdf": 7.1471658027602185}, "cay": {"c.a._324_2020.pdf": 7.840312983320164}}