{"cba": {"Order-DNC-nd-note.pdf": 5.132262782217954, "c.a._803_2016.pdf": 15.396788346653864, "Const.P._38_2016.pdf": 5.132262782217954, "SMC15OF2009.pdf": 5.132262782217954, "Const.P._29_2016.pdf": 15.396788346653864, "Const.P.46of2013-dt-27-12-2013.pdf": 5.132262782217954, "C.P._160-K_2016.pdf": 5.132262782217954, "Const.Petition.24_2011_dt02062011.pdf": 5.132262782217954, "Const.P._35_2016_dt_15_12_2017.pdf": 5.132262782217954, "ConstP.No.53of2007andConst.P.83of2012.pdf": 5.132262782217954, "H.R.C._17599_2018.pdf": 10.264525564435909, "C.A._1049_2011.pdf": 5.132262782217954, "CJD_Pakistan_Steel_Mills_Case.pdf": 10.264525564435909, "C.A.83and84of2006.pdf": 35.92583947552568, "C.A._85_K_2015.pdf": 10.264525564435909}, "cbas": {"C.A._85_K_2015.pdf": 7.840312983320164}}