{"cbi": {"Const.P._29_2016.pdf": 5.8944028342648505, "smc.18_2010_final.pdf": 23.577611337059402, "S.M.C.24of2010[urdu-version].pdf": 23.577611337059402, "S.M.C.18OF2010.pdf": 17.68320850279455, "Const.P.77-78-79 [Memogate]DetailedOrder.pdf": 53.049625508383656, "C.A.800Lof2013etc.pdf": 23.577611337059402, "SMC24-2010.pdf": 23.577611337059402}}