{"cbr": {"ConstitutionPetitionNo21OF2007.pdf": 5.067724261080383, "Const.P.33_2013.pdf": 5.067724261080383, "C.R.P._100_2016.pdf": 5.067724261080383, "C.A._633_2007.pdf": 5.067724261080383, "C.A._1171_2017.pdf": 5.067724261080383, "C.A._651_2012.pdf": 5.067724261080383, "const.p._17_2020_dissenting_note_hj4.pdf": 5.067724261080383, "c.a._1089_2015.pdf": 20.270897044321533, "Const.P._35_2016_dt_15_12_2017.pdf": 10.135448522160766, "C.A._134-P_2013.pdf": 5.067724261080383, "c.a._24_q_2014.pdf": 5.067724261080383, "c.a._570_2011.pdf": 5.067724261080383, "C.A._1475_2007.PDF": 10.135448522160766, "JR_Fecto_Belarus_Tractor_Limited_Case.pdf": 131.76083078808998, "C.A._2755_2006.pdf": 5.067724261080383, "Const.P.5and15-HRC14144-DetailedReasons.pdf": 5.067724261080383}}