{"cca": {"const.p.5_2011.pdf": 15.680625966640328}, "ccase": {"c.a._799_2007.pdf": 7.840312983320164}}