{"ccc": {"c.p._1331_l_2017.pdf": 7.1471658027602185, "c.p._181_q_2021.pdf": 7.1471658027602185}}