{"cce": {"c.p._1417_2022.pdf": 6.741700694652055, "c.a._458_2017.pdf": 6.741700694652055, "c.p._2045_2019.pdf": 6.741700694652055}}