{"cci": {"C.A._3_2018_dt-14-9-2018.pdf": 153.44817798814398, "Const.P.12of2010.pdf": 9.899882450847999, "C.A._3_2018.pdf": 153.44817798814398, "Const.P.30of2013.pdf": 4.949941225423999, "const.p._21_2022_15092023.pdf": 9.899882450847999, "const.p.30of2013_dt_22.05.2013.pdf": 4.949941225423999, "C.R.P._142_2015.pdf": 4.949941225423999, "const.p_32_2023_dt_23-10-23.pdf": 44.549471028815994, "c.a._421_2018.pdf": 168.29800166441598, "c.a.1540-1599_2013.pdf": 9.899882450847999, "ca_407_2013.pdf": 4.949941225423999, "const.p._32_2023_03nov2023.pdf": 29.699647352543998, "c.a._1113_2017_dissenting_note.pdf": 4.949941225423999, "c.a._1113_2017.pdf": 4.949941225423999, "c.m.a._6762_2020_13032021.pdf": 39.599529803391995, "H.R.C._17599_2018.pdf": 14.849823676271999, "CJD_Pakistan_Steel_Mills_Case.pdf": 336.59600332883196, "c.m.a._6762_2020.pdf": 49.49941225423999}, "ccic": {"Const.P.5and15-HRC14144-DetailedReasons.pdf": 15.680625966640328}}