{"ccr": {"c.p._280_k_2019.pdf": 15.680625966640328}, "ccrc": {"crl.p._978_2021.pdf": 7.840312983320164}}