{"cd": {"c.a._1476_2018_urdu.pdf": 4.949941225423999, "Crl.O.P._09_2018.pdf": 34.649588577968, "Const.P._38_2016.pdf": 19.799764901695998, "cma_2774_2014_in_const.p.51_2010_dt_22.05.14.pdf": 9.899882450847999, "crl.a._599_2020_26032021.pdf": 4.949941225423999, "j.p._147_2016.pdf": 4.949941225423999, "SMC16of2011_detailed_judgment.pdf": 9.899882450847999, "I.C.A._7_2018.pdf": 4.949941225423999, "c.a._1736_2019.pdf": 9.899882450847999, "Const.P.77to85,89and92of2011[dt12.6.2012].pdf": 14.849823676271999, "Const.P.77of2010_dt_27-8-2013.pdf": 4.949941225423999, "c.a.32_k_2018.pdf": 9.899882450847999, "C.A._794_2006.pdf": 4.949941225423999, "crl.o.p._148_2022_02112022.pdf": 9.899882450847999, "c.a._2440_2016.pdf": 4.949941225423999, "c.a._324_2020.pdf": 9.899882450847999, "c.p._1600_2021_dt_25_01_2024.pdf": 24.749706127119996, "C.P._1247_2016.pdf": 4.949941225423999}}