{"cdc": {"C.A._104-L_2015.pdf": 13.48340138930411, "C.A._139_2013.pdf": 6.741700694652055, "c.p._560_k_2019.pdf": 101.12551041978082}, "cdci": {"C.A._461_2014.pdf": 15.680625966640328}}