{"cdr": {"crl.p._1267_2022.pdf": 5.537727890326118, "crl.p._317_l_2023.pdf": 11.075455780652236, "const.p._17_2020_dissenting_note_hj11.pdf": 5.537727890326118, "crl.p._982_l_2022.pdf": 22.150911561304472, "crl.p._149_k_2020.pdf": 5.537727890326118, "crl.p._203_2021.pdf": 5.537727890326118, "crl.a._239_2020.pdf": 11.075455780652236, "S.M.C.16of2011dt-22-3-2013.pdf": 5.537727890326118, "crl.p._852_2021.pdf": 16.613183670978355, "crl.p._52_k_2023.pdf": 5.537727890326118}}