{"cease": {"C.A._1171_2013.pdf": 2.507594190054795, "Const.P.127of2012.pdf": 27.583536090602745, "ConstitutionPetitionNo21OF2007.pdf": 5.01518838010959, "Order-DNC-nd-note.pdf": 25.075941900547953, "C.A._93_2015.pdf": 5.01518838010959, "C.R.P._297_2017_Reserved.pdf": 5.01518838010959, "C.P.796of2007-UrduTranslation-dt-10-5-2013.pdf": 2.507594190054795, "C.Sh.A._1_2013.pdf": 2.507594190054795, "C.R.P._49_2016.pdf": 2.507594190054795, "c.a._803_2016.pdf": 30.09113028065754, "URDU_CONST.P.05-2012-20.09.12.pdf": 5.01518838010959, "Const.P._29_2016_28072016.pdf": 5.01518838010959, "NRO_Judgment.pdf": 7.522782570164385, "c.a._53_2015.pdf": 2.507594190054795, "c.p._2537_2020.pdf": 2.507594190054795, "c.p._2063_2020.pdf": 2.507594190054795, "Const.P.40of2012-DetailJudgment[UrduTranslation]-dt-3.7.2012.pdf": 2.507594190054795, "C.A._3_2018_dt-14-9-2018.pdf": 20.06075352043836, "Const.P._50_2018.pdf": 30.09113028065754, "Const.P.12of2010.pdf": 52.659477991150695, "S.M.C._20_2016.pdf": 5.01518838010959, "C.A._2215_2006.pdf": 17.553159330383565, "Const.P.33_2013.pdf": 2.507594190054795, "Const.P._29_2016.pdf": 47.64428961104111, "C.R.P._125_2014.pdf": 5.01518838010959, "Const.P.77of2012[DetailedOrderFinal].pdf": 15.04556514032877, "C.A._3_2018.pdf": 20.06075352043836, "Const.P._36_2016_dt_15_12_2017.pdf": 15.04556514032877, "C.A._233_2015.pdf": 20.06075352043836, "Const.P.30of2013.pdf": 2.507594190054795, "C.A._2109_2016.pdf": 2.507594190054795, "Ref.01_2012_addl.note_HJ.ejaz_afzal_khan.pdf": 2.507594190054795, "H.R.C.19of1996[AsgharKhanCase]DetailedReasonsUrduTranslation.pdf": 5.01518838010959, "C.A._861_2007.pdf": 2.507594190054795, "s.m.c._1_2022_detailed.pdf": 12.537970950273976, "C.A._870_2014.pdf": 5.01518838010959, "SMC16of2011_detailed_judgment.pdf": 5.01518838010959, "Crl.A._94_2019.pdf": 2.507594190054795, "REVIEW_P_46&47_2011_full.pdf": 2.507594190054795, "crl.p._1667_2021.pdf": 2.507594190054795, "CP778-779.pdf": 5.01518838010959, "smc.24_2010.pdf": 2.507594190054795, "Const.P.40of2012-DetailJudgment-dt-3.7.2012.pdf": 20.06075352043836, "H.R.C.19of1996[AsgharKhanCase]DetailedReasons.pdf": 17.553159330383565, "C.A._03_2017.pdf": 2.507594190054795, "Const.P.77-78-79 [Memogate]DetailedOrder.pdf": 5.01518838010959, "C.P.796of2007-dt-10-5-2013.pdf": 20.06075352043836, "JR_Judgment_on_17th_Amendmend_and_Presidents_Uniform_Case.pdf": 5.01518838010959, "crp.328-329_2013.pdf": 22.568347710493157, "const.p._21_2022_15092023.pdf": 2.507594190054795, "Crl.O.P.89of2011.pdf": 5.01518838010959, "C.A._137-K_1976.pdf": 15.04556514032877, "Const.P.5of2013.pdf": 5.01518838010959, "Crl.P.163_to_171_S.M.C.5_2005.pdf": 2.507594190054795, "c.a._797_2017.pdf": 5.01518838010959, "c.p._1057_2019.pdf": 7.522782570164385, "C.A.669-L_2013.pdf": 7.522782570164385, "C.P.No.240and241-Kof2013.pdf": 7.522782570164385, "C.P._2093_2015.pdf": 2.507594190054795, "C.A._1703_2013.pdf": 2.507594190054795, "c.r.p._218_2013.pdf": 2.507594190054795, "C.A._718_2007.pdf": 2.507594190054795, "C.R.P._383_2005.pdf": 2.507594190054795, "C.A._56_L_2018.pdf": 2.507594190054795, "c.a._515_2015.pdf": 7.522782570164385, "C.A._417-L_2009.pdf": 5.01518838010959, "C.A._176_2015.pdf": 7.522782570164385, "CMA No.5144of2011.pdf": 7.522782570164385, "JR_Detailed_Judgment_in_Graduation_Qualification_Case.pdf": 2.507594190054795, "c.r.p._296_2020_04022022.pdf": 2.507594190054795, "c.p._2_2022_dissenting_note2.pdf": 7.522782570164385, "c.a._446_2021.pdf": 2.507594190054795, "JR_Detailed_Judgment_in_Referendum_Case.pdf": 37.613912850821926, "S.M.C._ 26_2007_30062018.pdf": 2.507594190054795, "c.a._18_k_2021.pdf": 2.507594190054795, "const.p._2_2022_14102022.pdf": 15.04556514032877, "C.A._1171_2017.pdf": 5.01518838010959, "c.p._43_l_2021.pdf": 2.507594190054795, "Const.P.87of2011.pdf": 2.507594190054795, "c.a._668_2022.pdf": 2.507594190054795, "C.A._508_2017.pdf": 2.507594190054795, "C.P._3345_2016.pdf": 7.522782570164385, "C.A._359_2013.pdf": 7.522782570164385, "c.a._248_2020.pdf": 2.507594190054795, "JR_Constitution_Petition_No._15_17-24_and_512_of_2002.pdf": 17.553159330383565, "const.p._17_2020_dissenting_note_hj11.pdf": 2.507594190054795, "C.A._1359_2014.pdf": 2.507594190054795, "c.m.a.no20&21of2009.pdf": 5.01518838010959, "H.R.C._69229_P_2018.pdf": 5.01518838010959, "C.P._2532_2015.pdf": 2.507594190054795, "C.A._300_2017.pdf": 2.507594190054795, "c.a._1219_2015.pdf": 5.01518838010959, "C.A._6_2016.pdf": 2.507594190054795, "c.a._444_2017.pdf": 2.507594190054795, "refernece_1_2022.pdf": 2.507594190054795, "C.P._2669_2016.pdf": 5.01518838010959, "C.A._280-L_2009.pdf": 2.507594190054795, "C.R.P.193of2013.pdf": 5.01518838010959, "crl.a.19of2012.pdf": 5.01518838010959, "c.a._421_2018.pdf": 2.507594190054795, "c.m.a.145_q_2022_dt_02_01_23.pdf": 10.03037676021918, "c.a._1095_2018_13092019.pdf": 2.507594190054795, "c.r.p._292_2021_detailed.pdf": 2.507594190054795, "c.r.p._421_2020.pdf": 2.507594190054795, "Const.P.46and47of2010.pdf": 7.522782570164385, "const.p._18_2019.pdf": 2.507594190054795, "c.p._479_k_2020.pdf": 12.537970950273976, "C.A._585_2018.pdf": 2.507594190054795, "CONST.P.9OF2009.pdf": 20.06075352043836, "const.p._17_2019_detailed_reasoning.pdf": 7.522782570164385, "C.A._139_2013.pdf": 2.507594190054795, "c.a._377_2014.pdf": 5.01518838010959, "C.A._616_2006.pdf": 5.01518838010959, "Crl.M.A._200_2019.pdf": 7.522782570164385, "Crl.A._322_2018.pdf": 12.537970950273976, "C.P._565_2014.pdf": 5.01518838010959, "Const.Petition.24_2011_dt02062011.pdf": 15.04556514032877, "c.p._2658_2019.pdf": 5.01518838010959, "C.A._1890_2002.pdf": 2.507594190054795, "C.A._110_L_2013.pdf": 2.507594190054795, "cas_727-730_777_778_2014_etc.pdf": 2.507594190054795, "C.A._125_K_2016_JPMC_Dissenting_Note.pdf": 25.075941900547953, "Const.P.No.33and34of2005-dt-27-6-2013.pdf": 22.568347710493157, "C.A._1352_2013.pdf": 2.507594190054795, "C.A._1095_2018.pdf": 2.507594190054795, "c.a._513_2014.pdf": 2.507594190054795, "c.a._458_2017.pdf": 2.507594190054795, "C.P._3186_2015.pdf": 2.507594190054795, "c.p._509_p_2012.pdf": 2.507594190054795, "const.p._ 22_2022_26072022.pdf": 2.507594190054795, "C.P._842_2016.pdf": 2.507594190054795, "const.p._5_2023_04apr2023.pdf": 2.507594190054795, "c.a._1481_2015.pdf": 5.01518838010959, "S.M.C._3_2018.pdf": 15.04556514032877, "const.p._32_2023_03nov2023.pdf": 2.507594190054795, "c.p._2_2022_dissenting_note.pdf": 5.01518838010959, "c.a._616_2020.pdf": 2.507594190054795, "c.a._617_2020.pdf": 2.507594190054795, "c.p._2242_2022.pdf": 2.507594190054795, "C.P._4876_2018.pdf": 2.507594190054795, "const.p._24_2023_f.pdf": 27.583536090602745, "S.M.C._8_2018.pdf": 35.10631866076713, "c.p._1647_2018.pdf": 2.507594190054795, "crl.a._633_2019_15092023.pdf": 2.507594190054795, "s.m.c._1_2023_12062023.pdf": 2.507594190054795, "reference_1_2020.pdf": 2.507594190054795, "Const.P.50-69of2011.pdf": 2.507594190054795, "CMA2745of2009etc.pdf": 7.522782570164385, "c.a._1498_2018.pdf": 5.01518838010959, "Const.P.40of2012-ShortOrder[19.06.2012].pdf": 2.507594190054795, "c.p._3215_2021.pdf": 5.01518838010959, "c.a._317_2022.pdf": 7.522782570164385, "C.R.P._87_2015.pdf": 2.507594190054795, "const.p._22_2022.pdf": 2.507594190054795, "c.a._1280_2019.pdf": 12.537970950273976, "c.a._1113_2017.pdf": 5.01518838010959, "c.a._329_2022.pdf": 2.507594190054795, "ConstitutionPetitionNo39of2009.pdf": 7.522782570164385, "c.p._3209_2019.pdf": 2.507594190054795, "c.a._188_2019.pdf": 5.01518838010959, "SMC24-2010.pdf": 2.507594190054795, "s.m.c._1_2023_07042023.pdf": 2.507594190054795, "Const.P._35_2016_dt_15_12_2017.pdf": 5.01518838010959, "ICA3,4,6TO11of2011dt2011.04.pdf": 80.24301408175344, "c.a._491_2012.pdf": 2.507594190054795, "C.A._134-P_2013.pdf": 2.507594190054795, "c.a._51_2011.pdf": 2.507594190054795, "c.a._52_k_2022.pdf": 2.507594190054795, "c.a._607_2021.pdf": 7.522782570164385, "ConstP.No.53of2007andConst.P.83of2012.pdf": 2.507594190054795, "C.A._1169_2014.pdf": 2.507594190054795, "hrc_20107-G_2013.pdf": 2.507594190054795,