{"cec": {"s.m.c._1_2022_detailed.pdf": 6.454018622200273, "c.p._479_k_2020.pdf": 103.26429795520437, "s.m.c._1_2022_07042022.pdf": 6.454018622200273, "c.p._3988_2022.pdf": 32.270093111001366}, "cecil": {"Const.P.77-78-79 [Memogate]DetailedOrder.pdf": 7.1471658027602185, "crl.p._230_2019.pdf": 7.1471658027602185}, "ceccreergereed": {"c.a._731_2016.pdf": 7.840312983320164}}