{"cemetery": {"c.a._1476_2018_urdu.pdf": 6.741700694652055, "smc_1_2014.pdf": 6.741700694652055, "C.M.A._376-K_2014.pdf": 6.741700694652055}, "cements": {"CPs.10-18of2011.pdf": 6.454018622200273, "C.P._371_P_2016.pdf": 6.454018622200273, "CMA.3470of2013etc.pdf": 6.454018622200273, "ICA3,4,6TO11of2011dt2011.04.pdf": 6.454018622200273}, "cement": {"Order-DNC-nd-note.pdf": 3.4836041566305727, "C.R.P._49_2016.pdf": 17.418020783152862, "Const.P._38_2016.pdf": 3.4836041566305727, "Crl.O.P_57_2015.pdf": 3.4836041566305727, "NRO_Judgment.pdf": 3.4836041566305727, "Const.P.12of2010.pdf": 3.4836041566305727, "Const.P.77of2012[DetailedOrderFinal].pdf": 10.450812469891718, "H.R.C.19of1996[AsgharKhanCase]DetailedReasons.pdf": 3.4836041566305727, "JR_Judgment_on_17th_Amendmend_and_Presidents_Uniform_Case.pdf": 3.4836041566305727, "const.p.23of2012.pdf": 3.4836041566305727, "c.a._2434_2016.pdf": 6.967208313261145, "c.p._167_q_2023.pdf": 13.93441662652229, "c.p._1057_2019.pdf": 27.86883325304458, "c.p._1882_2016.pdf": 27.86883325304458, "C.A._427_2009.pdf": 156.76218704837578, "C.A._1084_2008.pdf": 3.4836041566305727, "C.R.P._315_2013_DT_19_03_2015.pdf": 10.450812469891718, "c.p._175_k_2022.pdf": 10.450812469891718, "C.A._493_2011.pdf": 6.967208313261145, "c.a._1660_2014.pdf": 3.4836041566305727, "C.A._1291_2005.pdf": 118.44254132543946, "c.r.p._296_2020_29012022.pdf": 10.450812469891718, "const.p._6_2023_07032024.pdf": 3.4836041566305727, "S.M.C._ 26_2007_30062018.pdf": 10.450812469891718, "c.a._17_l_2019.pdf": 3.4836041566305727, "C.A._633_2007.pdf": 3.4836041566305727, "C.A._1171_2017.pdf": 3.4836041566305727, "Const.P.87of2011.pdf": 6.967208313261145, "S.M.C._26_2007_04072018.pdf": 10.450812469891718, "C.P._3345_2016.pdf": 3.4836041566305727, "c.p._1290_l_2019.pdf": 170.69660367489806, "c.a._24_2015.pdf": 3.4836041566305727, "C.A._1563_2014.pdf": 3.4836041566305727, "C.A._300_2017.pdf": 10.450812469891718, "C.P._371_P_2016.pdf": 59.22127066271973, "c.p._398_l_2018.pdf": 3.4836041566305727, "c.p._3347_2021.pdf": 3.4836041566305727, "Const.P._2_2011.pdf": 6.967208313261145, "c.a._1095_2018_13092019.pdf": 3.4836041566305727, "c.p._1691_l_2018.pdf": 3.4836041566305727, "c.r.p._421_2020.pdf": 20.901624939783435, "c.a._914_l_2013.pdf": 3.4836041566305727, "c.a._1011_2020.pdf": 3.4836041566305727, "c.a._1363_2018.pdf": 3.4836041566305727, "c.p._414_2021.pdf": 6.967208313261145, "c.a._2092_2019.pdf": 52.25406234945859, "C.A._158_2006.pdf": 3.4836041566305727, "C.A._1264_2006.pdf": 3.4836041566305727, "const.p._6_2023_dt_05_01_2023.pdf": 6.967208313261145, "crl.a._120_2019.pdf": 3.4836041566305727, "C.P._1707_2018.pdf": 3.4836041566305727, "C.P._1983_2012.pdf": 34.836041566305724, "crl.p._527_2017.pdf": 6.967208313261145, "hrc.14392of2013-01.07.2013.pdf": 3.4836041566305727, "c.a._1003_2019.pdf": 20.901624939783435, "I.C.A._4_2017.pdf": 3.4836041566305727, "S.M.C._26_2007_02082018.pdf": 10.450812469891718, "c.a._1113_2017.pdf": 6.967208313261145, "c.a._329_2022.pdf": 3.4836041566305727, "C.R.P._315_2013_DT_18_03_2015.pdf": 3.4836041566305727, "c.p._1554_l_2020.pdf": 3.4836041566305727, "C.A._1086_2009.pdf": 6.967208313261145, "c.a._1422_2019.pdf": 41.80324987956687, "c.p._409_l_2021.pdf": 3.4836041566305727, "C.A._2148_2016_dt_4-4-2018.pdf": 6.967208313261145, "ConstP.No.53of2007andConst.P.83of2012.pdf": 3.4836041566305727, "c.a._1167_2020.pdf": 6.967208313261145, "C.A.876-879of2005.pdf": 3.4836041566305727, "c.a._24_q_2014.pdf": 3.4836041566305727, "C.A._1049_2011.pdf": 27.86883325304458, "c.a._722_2012.pdf": 6.967208313261145, "C.A._150_2006.pdf": 90.5737080723949, "CJD_Section 2-A_Case_as_on_26_06_2006.pdf": 10.450812469891718, "c.p._2447_l_2022.pdf": 6.967208313261145, "CJD_Pakistan_Steel_Mills_Case.pdf": 6.967208313261145, "C.A._622 _2008.pdf": 3.4836041566305727, "JR_Fecto_Belarus_Tractor_Limited_Case.pdf": 17.418020783152862, "CPs987-989OF2011-DT19.10.2011.pdf": 3.4836041566305727}, "cemb": {"Const.P.46of2013-dt-27-12-2013.pdf": 7.840312983320164}, "cementation": {"c.p._740_2021.pdf": 15.680625966640328}}