{"ceylon": {"CPs.10-18of2011.pdf": 19.583496016614895, "Crl.P._9-P_2016.pdf": 4.895874004153724, "C.P.796of2007-UrduTranslation-dt-10-5-2013.pdf": 4.895874004153724, "C.P._272_2016.pdf": 4.895874004153724, "Crl.A._609_2014.pdf": 4.895874004153724, "NRO_Judgment.pdf": 4.895874004153724, "C.P._1800_2015.pdf": 9.791748008307447, "cng_prices_order_21-12-12-alongwith_translation.pdf": 4.895874004153724, "Const.P.87of2011[UrduVersion].pdf": 39.16699203322979, "AdditionalNoteConst.P.77of2012.pdf": 9.791748008307447, "cma_2774_2014_in_const.p.51_2010_dt_22.05.14.pdf": 4.895874004153724, "Const.P.12of2010Urdu.pdf": 19.583496016614895, "Crl.P._623_2016.pdf": 34.271118029076064, "Const.P.77-78-79 [Memogate]DetailedOrder.pdf": 4.895874004153724, "C.P.796of2007-dt-10-5-2013.pdf": 4.895874004153724, "C.P._1515_2016.pdf": 4.895874004153724, "Const.P.5of2013.pdf": 14.687622012461171, "Const.P._29_2017.pdf": 4.895874004153724, "c.a._196_p_2014_13062023.pdf": 4.895874004153724}, "ceylan": {"CONST.P.77OF2010-DT-05.04.12[URDU].pdf": 6.048553514092109, "C.P._1800_2015.pdf": 12.097107028184219, "Const.P.87of2011[UrduVersion].pdf": 18.145660542276328, "Const.P.12of2010Urdu.pdf": 6.048553514092109, "REVIEW_P_46&47_2011_full.pdf": 6.048553514092109, "Crl.P._623_2016.pdf": 6.048553514092109}}