{"cf": {"Const.P.12of2010.pdf": 5.442417710521793, "Const.P.77of2012[DetailedOrderFinal].pdf": 5.442417710521793, "const.p._9_2010_27122021.pdf": 10.884835421043586, "const.p._9_2010.pdf": 10.884835421043586, "H.R.C._4729_2011.pdf": 5.442417710521793, "const.p.5_2011.pdf": 5.442417710521793, "c.p._890_k_2023.pdf": 5.442417710521793, "CMA2745of2009etc.pdf": 5.442417710521793, "const.p._9_2010_28122021.pdf": 10.884835421043586, "c.p._323_l_2014.pdf": 5.442417710521793, "c.a._284_2017.pdf": 5.442417710521793}}