{"cfo": {"S.M.C._20_2016.pdf": 6.741700694652055, "HRC7734-G_1003-GOF2009[UrduTranslation].pdf": 6.741700694652055, "HRC7734-G_1003-GOF2009[AllegedCorruptionInRentalPowerPlants].pdf": 6.741700694652055}}