{"cg": {"h.r.c._12726_b_2020.pdf": 20.225102083956166, "C.A._654_2007.pdf": 6.741700694652055, "c.a._764_2021.pdf": 6.741700694652055}}