{"cga": {"S.M.C._20_2016.pdf": 13.48340138930411, "c.p._1775_2022.pdf": 40.45020416791233, "c.a._597_2020.pdf": 6.741700694652055}}