{"chjv": {"C.P.796of2007-UrduTranslation-dt-10-5-2013.pdf": 7.1471658027602185, "C.P.796of2007-dt-10-5-2013.pdf": 14.294331605520437}, "chjeva": {"CPLA_796_2007_ETC_SHORT_ORDER_REKO_DIQ_CASE.pdf": 7.840312983320164}}