{"chronological": {"c.m.a.4343_2014_etc_with_urdu_translation.pdf": 24.222903548830867, "Const.P.127of2012.pdf": 4.8445807097661735, "crl.s.m.r.p._84_2018.pdf": 4.8445807097661735, "C.A._90_2011_UrduVersion.pdf": 4.8445807097661735, "Const.P._29_2016.pdf": 4.8445807097661735, "c.a._864_2017.pdf": 4.8445807097661735, "c.p._2243_l_2019.pdf": 4.8445807097661735, "c.a._730_2015.pdf": 4.8445807097661735, "Crl.P.163_to_171_S.M.C.5_2005.pdf": 4.8445807097661735, "crl.p._230_2019.pdf": 4.8445807097661735, "Const.P._2_2011.pdf": 4.8445807097661735, "Crl.A._322_2018.pdf": 4.8445807097661735, "crl_r_p.8-l_2013.pdf": 4.8445807097661735, "c.a._630_2010.pdf": 4.8445807097661735, "c.p._42_2024_25012024.pdf": 4.8445807097661735, "c.p._280_k_2019.pdf": 4.8445807097661735, "c.p._2913_2021.pdf": 4.8445807097661735, "c.p._3057_2019.pdf": 4.8445807097661735, "c.p._1600_2021_dt_25_01_2024.pdf": 4.8445807097661735, "c.p._1066_2022.pdf": 4.8445807097661735}, "christian": {"ConstitutionPetitionNo21OF2007.pdf": 4.795790545596741, "Crl.A._39_L_2015.pdf": 110.30318254872505, "Const.P.12of2010.pdf": 4.795790545596741, "Const.P.12of2010Urdu.pdf": 4.795790545596741, "crl.a._95_2019.pdf": 9.591581091193483, "smc.24_2010.pdf": 4.795790545596741, "smc_1_2014.pdf": 71.93685818395112, "crl.p._1359_2023.pdf": 4.795790545596741, "Crl.A._39_L_2015_Urdu.pdf": 71.93685818395112, "Crl.A._382_2011.pdf": 4.795790545596741, "H.R.C._32642_2018.pdf": 167.85266909588594, "Const.P.No.10 of2013-Dt-25-3-2013.pdf": 9.591581091193483, "Crl.A._210_2015.pdf": 4.795790545596741, "crl.a._270_l_2012.pdf": 4.795790545596741, "c.p._677_k_2019.pdf": 9.591581091193483, "c.m.a._4821_2018_14012022.pdf": 4.795790545596741, "H.R.C._20171_B_2018.pdf": 9.591581091193483, "c.a._284_2017.pdf": 4.795790545596741, "c.p._2459_2017.pdf": 4.795790545596741, "c.p._2000_l_2020.pdf": 4.795790545596741, "smc_1_2014_dt_27.02.2014.pdf": 9.591581091193483}, "chronic": {"crl.s.m.r.p._84_2018.pdf": 5.537727890326118, "c.p._2129_2020.pdf": 5.537727890326118, "C.A._6_2016.pdf": 5.537727890326118, "Crl.A.13-14-15and16of2004and53of2011.pdf": 5.537727890326118, "c.p._3855_2019.pdf": 5.537727890326118, "c.p._2916_2019.pdf": 5.537727890326118, "crl.p._1228_2020.pdf": 5.537727890326118, "c.r.p._420_2016.pdf": 5.537727890326118, "c.a._1684_2021.pdf": 11.075455780652236, "C.M.A._8215_2016.pdf": 5.537727890326118}, "christians": {"Crl.A._39_L_2015.pdf": 36.92754538101039, "NRO_Judgment.pdf": 5.275363625858628, "Const.P.12of2010.pdf": 5.275363625858628, "crl.p._883_l_2022_urdu.pdf": 10.550727251717255, "SMC16of2011_detailed_judgment.pdf": 5.275363625858628, "smc_1_2014.pdf": 36.92754538101039, "Const.P.77-78-79 [Memogate]DetailedOrder.pdf": 5.275363625858628, "Crl.A._39_L_2015_Urdu.pdf": 26.376818129293138, "H.R.C._32642_2018.pdf": 52.753636258586276, "crl.p._883_l_2022.pdf": 5.275363625858628, "Const.P.No.10 of2013-Dt-25-3-2013.pdf": 10.550727251717255, "Crl.A._210_2015.pdf": 10.550727251717255, "c.p._2045_2019.pdf": 5.275363625858628}, "christianity": {"Crl.A._39_L_2015.pdf": 6.454018622200273, "crl.p._883_l_2022_urdu.pdf": 19.36205586660082, "Crl.A._39_L_2015_Urdu.pdf": 12.908037244400546, "crl.p._883_l_2022.pdf": 19.36205586660082}, "christ": {"Crl.A._39_L_2015.pdf": 13.48340138930411, "crl.p._883_l_2022_urdu.pdf": 6.741700694652055, "Crl.A._39_L_2015_Urdu.pdf": 6.741700694652055}, "chronicile": {"NRO_Judgment.pdf": 7.840312983320164}, "chris": {"c.p._3436_l_2022.pdf": 7.1471658027602185, "Const.P._29_2016.pdf": 7.1471658027602185}, "chronology": {"Const.P.12of2010.pdf": 5.275363625858628, "crl.a._599_2020_26032021.pdf": 5.275363625858628, "s.m.c._1_2022_detailed.pdf": 5.275363625858628, "C.A._90_2011_EnglishVersion.pdf": 5.275363625858628, "c.a._18_k_2021.pdf": 5.275363625858628, "crl.a._67_l_2020.pdf": 5.275363625858628, "const.p._17_2019_detailed_reasoning.pdf": 5.275363625858628, "c.a._202_2021.pdf": 5.275363625858628, "c.p._1133_l_2016.pdf": 5.275363625858628, "s.m.c._1_2023_12062023.pdf": 10.550727251717255, "crl.a._120_2019.pdf": 5.275363625858628, "C.P._529_2015.pdf": 5.275363625858628, "c.p._2341_l_2016.pdf": 5.275363625858628}, "chrick": {"Const.P.87of2011[UrduVersion].pdf": 7.1471658027602185, "Const.P.87of2011.pdf": 7.1471658027602185}, "christopher": {"Const.P._29_2016.pdf": 12.097107028184219, "const.p.6_2023.pdf": 6.048553514092109, "c.p._446_l_2019.pdf": 12.097107028184219, "c.p._1290_l_2019.pdf": 6.048553514092109, "c.a._444_2017.pdf": 12.097107028184219, "c.p._140_l_2015.pdf": 6.048553514092109}, "chrome": {"Const.P._36_2016_dt_15_12_2017.pdf": 6.454018622200273, "c.a._1113_2017_dissenting_note.pdf": 6.454018622200273, "c.a._1113_2017.pdf": 19.36205586660082, "C.A._1049_2011.pdf": 19.36205586660082}, "christy": {"smc_1_2014.pdf": 15.680625966640328}, "christie": {"C.P._2093_2015.pdf": 7.840312983320164}, "chronicle": {"crl.p._290_l_2015.pdf": 5.275363625858628, "c.a._446_2021.pdf": 5.275363625858628, "c.p._657_2020.pdf": 5.275363625858628, "c.p._2608_2019.pdf": 5.275363625858628, "c.p._1496_k_2021.pdf": 5.275363625858628, "c.p._349_l_2017.pdf": 5.275363625858628, "c.p._6406_2021.pdf": 5.275363625858628, "c.p._803_2019.pdf": 5.275363625858628, "c.p._1451_2020.pdf": 5.275363625858628, "c.a._52_k_2022.pdf": 5.275363625858628, "c.a._1275_2009.pdf": 5.275363625858628, "c.p._3122_2020.pdf": 5.275363625858628, "c.p._342_k_2020.pdf": 10.550727251717255}, "christle": {"Crl.M.A_183_2019.pdf": 7.840312983320164}, "chronologically": {"s.m.c._4_2021_26082021.pdf": 6.741700694652055, "const.p._10_2019.pdf": 6.741700694652055, "c.a._1191_2014.pdf": 6.741700694652055}}