{"chughtai": {"ConstitutionPetitionNo21OF2007.pdf": 4.544476117315835, "c.a._1729_2019.pdf": 9.08895223463167, "c.a._1520_2016.pdf": 4.544476117315835, "C.A._2109_2016.pdf": 9.08895223463167, "S.M.C._01_2010.pdf": 4.544476117315835, "s.m.c._1_2023_01032023.pdf": 4.544476117315835, "Crl.O.P._59_2015.pdf": 9.08895223463167, "C.A._176_2015.pdf": 9.08895223463167, "C.P._928-L_2015.pdf": 4.544476117315835, "c.p._3506_2020.pdf": 4.544476117315835, "S.M.C._ 26_2007_30062018.pdf": 4.544476117315835, "S.M.C._26_2007_04072018.pdf": 4.544476117315835, "C.A._300_2017.pdf": 4.544476117315835, "c.m.a._4821_2018_14012022.pdf": 4.544476117315835, "c.a._414_2021.pdf": 4.544476117315835, "c.p._1345_l_2021.pdf": 4.544476117315835, "S.M.C._8_2018.pdf": 4.544476117315835, "s.m.c._1_2023_12062023.pdf": 4.544476117315835, "reference_1_2020.pdf": 13.633428351947504, "c.a._1003_2019.pdf": 4.544476117315835, "Const.P.22of2013.pdf": 4.544476117315835, "c.a._1237_2020.pdf": 4.544476117315835, "Crl.A._122_L_2017.pdf": 4.544476117315835, "reference._1_2020.pdf": 4.544476117315835, "CJD_Section 2-A_Case_as_on_26_06_2006.pdf": 22.722380586579174, "C.M.A._8215_2016.pdf": 31.811332821210843, "const_petition_26_2013_17.03.pdf": 4.544476117315835}, "church": {"C.A._93_2015.pdf": 4.895874004153724, "crl.a._400_2019.pdf": 9.791748008307447, "Crl.A._39_L_2015.pdf": 19.583496016614895, "Const.P.12of2010.pdf": 4.895874004153724, "Const.P.77of2012[DetailedOrderFinal].pdf": 4.895874004153724, "SMC16of2011_detailed_judgment.pdf": 9.791748008307447, "crl.a._95_2019.pdf": 29.375244024922342, "smc_1_2014.pdf": 107.70922809138192, "Crl.A._39_L_2015_Urdu.pdf": 9.791748008307447, "H.R.C._32642_2018.pdf": 127.29272410799682, "Crl.A._104_2010.pdf": 4.895874004153724, "const.p.37_2012_final.pdf": 4.895874004153724, "S.M.C._03_2017.pdf": 4.895874004153724, "c.a._21_2021.pdf": 9.791748008307447, "C.A._1352_2013.pdf": 14.687622012461171, "Const.P.50-69of2011.pdf": 4.895874004153724, "H.R.C._20171_B_2018.pdf": 9.791748008307447, "smc_1_2014_dt_27.02.2014.pdf": 9.791748008307447, "C.M.A._8215_2016.pdf": 19.583496016614895}, "chuhanwala": {"crl.s.m.r.p._84_2018.pdf": 7.840312983320164}, "churris": {"crl.s.m.r.p._84_2018.pdf": 7.840312983320164}, "chundrigar": {"Const.P._38_2016.pdf": 6.230875070886063, "Const.P.12of2010.pdf": 6.230875070886063, "C.A._2215_2006.pdf": 6.230875070886063, "C.A._725_2008.pdf": 6.230875070886063, "C.A._157_K_2016.pdf": 6.230875070886063}, "chunk": {"Crl.O.P_57_2015.pdf": 10.264525564435909, "c.a._1520_2016.pdf": 5.132262782217954, "Const.P.12of2010.pdf": 5.132262782217954, "C.A._2215_2006.pdf": 5.132262782217954, "c.a._1095_2018_13092019.pdf": 5.132262782217954, "crl.p._26_p_2020.pdf": 5.132262782217954, "c.a._396_2018.pdf": 5.132262782217954, "C.A._1095_2018.pdf": 5.132262782217954, "c.p._819_2017.pdf": 5.132262782217954, "c.p._1530_2019.pdf": 5.132262782217954, "smc_16_23.06.2014.pdf": 5.132262782217954, "C.A._204-L_2015.pdf": 5.132262782217954, "Const.P.20of2013-dt-28-6-2013.pdf": 5.132262782217954, "Const.P._35_2016_dt_15_12_2017.pdf": 10.264525564435909, "CPs987-989OF2011-DT19.10.2011.pdf": 5.132262782217954}, "churchill": {"Const.P.30of2013.pdf": 6.454018622200273, "JR_Detailed_Judgment_in_Graduation_Qualification_Case.pdf": 6.454018622200273, "const.p.39_90_2011.pdf": 6.454018622200273, "C.A._1646_2000.pdf": 6.454018622200273}, "churri": {"j.p._147_2016.pdf": 38.09692397365255, "crl.a._40_2020.pdf": 10.884835421043586, "crl.p._1619_2022.pdf": 10.884835421043586, "crl.a._181_2012.pdf": 21.769670842087173, "Crl.A._11_P_2017.pdf": 5.442417710521793, "j.p._403_2018.pdf": 27.212088552608968, "j.p._249_2018.pdf": 10.884835421043586, "j.p._450_2015.pdf": 16.327253131565378, "j.p._355_2018.pdf": 5.442417710521793, "crl.m.a._130_k_2019.pdf": 5.442417710521793, "crl.p._35_q_2017.pdf": 5.442417710521793}, "chund": {"H.R.C.19of1996[AsgharKhanCase]DetailedReasons.pdf": 7.840312983320164}, "chula": {"Const.P.5of2013.pdf": 7.840312983320164}, "chunilal": {"c.p._34_q_2019.pdf": 7.1471658027602185, "c.a._23_q_2017.pdf": 7.1471658027602185}, "chunian": {"c.p._1057_2019.pdf": 6.230875070886063, "const.p._24_2017.pdf": 6.230875070886063, "crl.p._540_l_2021.pdf": 6.230875070886063, "ConstitutionPetitionNo39of2009.pdf": 6.230875070886063, "crl.p._476_l_2018.pdf": 6.230875070886063}, "chute": {"C.M.A._3221_2012.pdf": 15.680625966640328}, "chumb": {"C.A._718_2007.pdf": 7.840312983320164}, "chullung": {"C.A._718_2007.pdf": 7.840312983320164}, "chutan": {"HRC-4668of2006.pdf": 7.840312983320164}, "chung": {"crl.p._528_l_2023.pdf": 14.294331605520437, "crl.a._446_2020.pdf": 7.1471658027602185}, "churn": {"C.A._305_2008.pdf": 6.741700694652055, "c.a._1095_2018_13092019.pdf": 6.741700694652055, "C.A._1095_2018.pdf": 6.741700694652055}, "chun": {"crl.p._1371_2016.pdf": 7.840312983320164}, "chuen": {"crl.p._1371_2016.pdf": 7.1471658027602185, "C.A._157_K_2016.pdf": 7.1471658027602185}, "chunder": {"Crl.M.A._200_2019.pdf": 6.741700694652055, "c.p._1133_l_2016.pdf": 6.741700694652055, "c.p._3249_2015.pdf": 6.741700694652055}, "chul": {"c.p._2148_2020.pdf": 7.840312983320164}, "chuhan": {"c.a._1476_2018.pdf": 15.680625966640328}, "chunnian": {"C.M.A._6250_2018.PDF": 47.04187789992098}, "chuha": {"C.M.A._376-K_2014.pdf": 7.840312983320164}, "chuhar": {"C.M.A._376-K_2014.pdf": 7.840312983320164}, "chugtai": {"Const.P.22of2013.pdf": 15.680625966640328}, "chudhry": {"Crl.P.No.426of2009&Crl.A.No.pdf": 7.1471658027602185, "CJD_Section 2-A_Case_as_on_26_06_2006.pdf": 14.294331605520437}, "churrie": {"crl.p._53_q_2020.pdf": 14.294331605520437, "j.p._355_2018.pdf": 14.294331605520437}, "chunsheng": {"c.p._2459_2017.pdf": 7.840312983320164}, "chughtaai": {"Const.P.67of2011-dt-10.6.2013.pdf": 7.840312983320164}, "chuburji": {"C.M.A._8215_2016.pdf": 23.52093894996049}, "churrri": {"crl.p._35_q_2017.pdf": 7.840312983320164}}