{"ci": {"Const.P._38_2016.pdf": 12.908037244400546, "Const.P.33_2013.pdf": 6.454018622200273, "c.a._1474_2015.pdf": 6.454018622200273, "CJD_Pakistan_Steel_Mills_Case.pdf": 6.454018622200273}}