{"cib": {"c.a._937_2018.pdf": 15.680625966640328}, "ciba": {"C.A._622 _2008.pdf": 31.361251933280656}}