{"cicero": {"c.a.149-150_2010.pdf": 21.441497408280654, "SMC16of2011_detailed_judgment.pdf": 7.1471658027602185}, "cic": {"c.a._616_2020.pdf": 7.840312983320164}}