{"cigarette": {"c.a._1660_2014.pdf": 5.760871441640328, "Crl.A._178-L_2009.pdf": 5.760871441640328, "c.a._444_2017.pdf": 11.521742883280655, "C.A._158_2006.pdf": 5.760871441640328, "c.a._458_2017.pdf": 46.08697153312262, "c.a._1077_2011.pdf": 5.760871441640328, "c.a._243_2011.pdf": 5.760871441640328, "C.A._1475_2007.PDF": 51.84784297476295}, "cigar": {"c.a._458_2017.pdf": 31.361251933280656}}