{"cim": {"Const.P._134_2012.pdf": 7.1471658027602185, "Const.P._134_2012_21012019.pdf": 7.1471658027602185}, "cimite": {"Const.P._36_2016_dt_15_12_2017.pdf": 7.840312983320164}}