{"cinema": {"SMC16of2011_detailed_judgment.pdf": 5.537727890326118, "c.p._no.3846-2019.pdf": 11.075455780652236, "HRC-4668of2006.pdf": 38.76409523228283, "Const.P._2_2011.pdf": 16.613183670978355, "c.p._3739_2019.pdf": 5.537727890326118, "c.p._3203_2017.pdf": 5.537727890326118, "c.a._2444_2016.pdf": 5.537727890326118, "C.M.A._376-K_2014.pdf": 5.537727890326118, "C.A._622 _2008.pdf": 38.76409523228283, "c.m.a._8758_2018.pdf": 5.537727890326118}, "cincinnati": {"CJD_Reference by_the_President_of_Pakistan_under_Article_186.pdf": 7.1471658027602185, "const.p._6_2023_dt_05_01_2023.pdf": 7.1471658027602185}, "cincinnativ": {"C.P._2093_2015.pdf": 7.840312983320164}, "cinematograph": {"c.a._1095_2018_13092019.pdf": 6.454018622200273, "C.A._1242_2013.pdf": 6.454018622200273, "JR_Varan_Case.pdf": 12.908037244400546, "c.a._94_2008.pdf": 58.08616759980246}, "cinc": {"const.p._17_2019_detailed_reasoning.pdf": 7.840312983320164}, "cinematographic": {"JR_Varan_Case.pdf": 7.840312983320164}, "cine": {"c.m.a._8758_2018.pdf": 7.840312983320164}}