{"cipher": {"s.m.c._1_2022_detailed.pdf": 57.17732642208175, "H.R.C.19of1996[AsgharKhanCase]DetailedReasons.pdf": 7.1471658027602185}, "ciperunat": {"c.a._654_2021.pdf": 7.840312983320164}}