{"ciu": {"c.p._2148_2020.pdf": 7.840312983320164}, "ciul": {"c.p._715_2018.pdf": 7.1471658027602185, "c.a._359_2020.pdf": 7.1471658027602185}}