{"cjp": {"ConstitutionPetitionNo21OF2007.pdf": 1133.6318860852846, "CPs.10-18of2011.pdf": 4.8445807097661735, "Const.P.77of2012[DetailedOrderFinal].pdf": 4.8445807097661735, "crp.328-329_2013.pdf": 14.53374212929852, "Supreme_Judicial_Council_242_2015.pdf": 4.8445807097661735, "s.m.c._1_2022.pdf": 4.8445807097661735, "s.m.c._1_2023.pdf": 14.53374212929852, "c.r.p._296_2020_29012022.pdf": 4.8445807097661735, "c.r.p._296_2020_04022022.pdf": 9.689161419532347, "const.p._17_2020_dissenting_note_hj11.pdf": 24.222903548830867, "C.A._1515_2016.pdf": 4.8445807097661735, "CONST.P.9OF2009.pdf": 9.689161419532347, "const.p._17_2019_detailed_reasoning.pdf": 106.58077561485581, "s.m.c._1_2023_27032023.pdf": 9.689161419532347, "s.m.c._1_2023_12062023.pdf": 9.689161419532347, "const.p._17_2020_dissenting_note_hj4.pdf": 9.689161419532347, "ICA3,4,6TO11of2011dt2011.04.pdf": 4.8445807097661735, "c.p._3988_2022.pdf": 9.689161419532347, "c.m.a._1243_2021_04042022.pdf": 9.689161419532347, "s.m.c._1_2023_23022023.pdf": 9.689161419532347}}