{"cjs": {"ConstitutionPetitionNo21OF2007.pdf": 6.454018622200273, "C.P._3186_2015.pdf": 6.454018622200273, "s.m.c._4_2021_26082021.pdf": 90.35626071080382, "c.m.a._3932_2023.pdf": 25.816074488801092}}