{"cl": {"NRO_Judgment.pdf": 34.271118029076064, "Const.P.12of2010.pdf": 9.791748008307447, "JR_Judgment_on_17th_Amendmend_and_Presidents_Uniform_Case.pdf": 4.895874004153724, "C.P._84-Q_2011.pdf": 9.791748008307447, "c.a._1660_2014.pdf": 29.375244024922342, "c.a._1241_2013.pdf": 4.895874004153724, "c.a._446_2021.pdf": 4.895874004153724, "C.A._1428_2016.pdf": 4.895874004153724, "c.p._3286_2017.pdf": 29.375244024922342, "c.a._458_2017.pdf": 14.687622012461171, "const.p._24_2023_f.pdf": 9.791748008307447, "JR_Varan_Case.pdf": 4.895874004153724, "c.a._94_2008.pdf": 19.583496016614895, "c.p._1554_l_2020.pdf": 4.895874004153724, "c.a._1422_2019.pdf": 4.895874004153724, "ca679-lof2012.pdf": 4.895874004153724, "c.p._3148_2020.pdf": 4.895874004153724, "C.A._1475_2007.PDF": 4.895874004153724, "JR_Fecto_Belarus_Tractor_Limited_Case.pdf": 4.895874004153724}}