{"clc": {"c.p._1676_l_2011.pdf": 5.754936706120514, "Const.P.127of2012.pdf": 2.877468353060257, "c.a._1476_2018_urdu.pdf": 5.754936706120514, "ConstitutionPetitionNo21OF2007.pdf": 2.877468353060257, "Order-DNC-nd-note.pdf": 2.877468353060257, "C.A._503_2006.pdf": 2.877468353060257, "C.P.796of2007-UrduTranslation-dt-10-5-2013.pdf": 11.509873412241028, "C.R.P._49_2016.pdf": 48.91696200202437, "NRO_Judgment.pdf": 2.877468353060257, "Const.P.40of2012-DetailJudgment[UrduTranslation]-dt-3.7.2012.pdf": 5.754936706120514, "Const.P.12of2010.pdf": 5.754936706120514, "Const.P.87of2011[UrduVersion].pdf": 2.877468353060257, "Const.P._29_2016.pdf": 28.77468353060257, "Const.P.77of2012[DetailedOrderFinal].pdf": 5.754936706120514, "c.a._1498_2016.pdf": 2.877468353060257, "crl.p._907_2020.pdf": 2.877468353060257, "Const.P._36_2016_dt_15_12_2017.pdf": 8.63240505918077, "C.A._233_2015.pdf": 2.877468353060257, "c.a.149-150_2010.pdf": 2.877468353060257, "c.p._1665_2020.pdf": 5.754936706120514, "C.A._861_2007.pdf": 2.877468353060257, "c.a._371_2020.pdf": 5.754936706120514, "C.A._532_2015.pdf": 2.877468353060257, "CP778-779.pdf": 8.63240505918077, "Const.P.40of2012-DetailJudgment-dt-3.7.2012.pdf": 8.63240505918077, "C.A._03_2017.pdf": 2.877468353060257, "C.P.796of2007-dt-10-5-2013.pdf": 40.284556942843594, "JR_Judgment_on_17th_Amendmend_and_Presidents_Uniform_Case.pdf": 2.877468353060257, "C.P._45_2015.pdf": 2.877468353060257, "CJD_Reference by_the_President_of_Pakistan_under_Article_186.pdf": 5.754936706120514, "Crl.O.P.89of2011.pdf": 2.877468353060257, "c.a._730_2015.pdf": 5.754936706120514, "C.A.540_L_2009_dt_05_01_2017.pdf": 8.63240505918077, "c.a._797_2017.pdf": 5.754936706120514, "C.A._1703_2013.pdf": 2.877468353060257, "c.p._2547_2019.pdf": 8.63240505918077, "c.a._1355_2006.pdf": 2.877468353060257, "C.A._417-L_2009.pdf": 2.877468353060257, "C.A._1132_2007.pdf": 2.877468353060257, "CMA No.5144of2011.pdf": 2.877468353060257, "C.P._3068_2017.pdf": 5.754936706120514, "JR_Detailed_Judgment_in_Graduation_Qualification_Case.pdf": 5.754936706120514, "c.p._3506_2020.pdf": 2.877468353060257, "C.P._549-P_2015.pdf": 2.877468353060257, "c.a._446_2021.pdf": 2.877468353060257, "HRC-4668of2006.pdf": 2.877468353060257, "const.p._6_2023_07032024.pdf": 2.877468353060257, "C.P._3122_2017.pdf": 11.509873412241028, "c.p._150_2024_3012024.pdf": 2.877468353060257, "c.a._17_l_2019.pdf": 11.509873412241028, "C.P._1700_2011.pdf": 5.754936706120514, "Const.P.87of2011.pdf": 2.877468353060257, "c.p._3011_2021.pdf": 2.877468353060257, "C.A._1560_2008.pdf": 5.754936706120514, "C.P._3345_2016.pdf": 2.877468353060257, "C.A._616_2014.pdf": 2.877468353060257, "C.A._448_2014_DJ.pdf": 31.652151883662825, "H.R.C._69229_P_2018.pdf": 5.754936706120514, "C.A._1563_2014.pdf": 5.754936706120514, "C.A._300_2017.pdf": 8.63240505918077, "c.a._45_l_2018.pdf": 2.877468353060257, "c.p._174_q_2021.pdf": 2.877468353060257, "c.p._2477_l_2015.pdf": 5.754936706120514, "C.A._1178_2008.pdf": 2.877468353060257, "C.A._305_2008.pdf": 11.509873412241028, "c.p._1483_l_2018.pdf": 2.877468353060257, "c.p._5918_2021.pdf": 2.877468353060257, "C.R.P._94_2014.pdf": 2.877468353060257, "C.A._2564_2001.pdf": 2.877468353060257, "c.a._982_2018_19022024.pdf": 8.63240505918077, "c.p._593_2020.pdf": 2.877468353060257, "c.a._1095_2018_13092019.pdf": 8.63240505918077, "C.A._1184_2011.pdf": 2.877468353060257, "c.a._346_2020.pdf": 2.877468353060257, "c.p._479_k_2020.pdf": 5.754936706120514, "C.P._160-K_2016.pdf": 5.754936706120514, "C.A._616_2006.pdf": 8.63240505918077, "c.p._492_k_2023.pdf": 8.63240505918077, "c.a._170_2017.pdf": 2.877468353060257, "c.a.1540-1599_2013.pdf": 2.877468353060257, "cas_727-730_777_778_2014_etc.pdf": 2.877468353060257, "c.a._547_2012.pdf": 2.877468353060257, "C.A._1797_2005.pdf": 5.754936706120514, "Const.P.No.33and34of2005-dt-27-6-2013.pdf": 2.877468353060257, "c.p._1171_2021.pdf": 11.509873412241028, "C.A._194_2015.pdf": 2.877468353060257, "C.P._145_2015.pdf": 2.877468353060257, "C.A.800Lof2013etc.pdf": 5.754936706120514, "c.a._513_2014.pdf": 2.877468353060257, "c.p._1530_2019.pdf": 2.877468353060257, "c.a._1476_2018.pdf": 5.754936706120514, "C.P._842_2016.pdf": 2.877468353060257, "C.A._794_2006.pdf": 2.877468353060257, "c.a._ 870_2020.pdf": 2.877468353060257, "C.A._710_2014.pdf": 2.877468353060257, "c.p._3958_2019.pdf": 2.877468353060257, "c.p._611_l_2018.pdf": 5.754936706120514, "c.a._1044_2015.pdf": 2.877468353060257, "reference_1_2020.pdf": 2.877468353060257, "Const.P.50-69of2011.pdf": 2.877468353060257, "c.a._982_2018_19022024_2.pdf": 8.63240505918077, "CMA2745of2009etc.pdf": 14.387341765301285, "c.p._3573_2020.pdf": 2.877468353060257, "Const.P.40of2012-ShortOrder[19.06.2012].pdf": 2.877468353060257, "c.a._1731_2021.pdf": 2.877468353060257, "c.p._3215_2021.pdf": 5.754936706120514, "c.a._1113_2017.pdf": 2.877468353060257, "c.a._2121_2017.pdf": 2.877468353060257, "C.A.2234and2235of2005-dt-31-8-2013.pdf": 11.509873412241028, "C.P._80_2018.pdf": 2.877468353060257, "c.a._795_2017.pdf": 2.877468353060257, "c.p._3709_2022.pdf": 2.877468353060257, "C.R.P._420_2013.pdf": 2.877468353060257, "SMCNo25of2009.pdf": 2.877468353060257, "C.A._1169_2014.pdf": 2.877468353060257, "ca679-lof2012.pdf": 2.877468353060257, "c.a._91_k_2017.pdf": 2.877468353060257, "c.a._326_l_2020.pdf": 5.754936706120514, "c.p._2717_l_2015.pdf": 2.877468353060257, "C.A._446_2012.pdf": 2.877468353060257, "c.p._446_l_2014.pdf": 5.754936706120514, "c.p._607_2021.pdf": 2.877468353060257, "c.a._2015_2022.pdf": 2.877468353060257, "C.A._1049_2011.pdf": 14.387341765301285, "C.P._357_2016.pdf": 2.877468353060257, "c.p._1854_l_2022.pdf": 2.877468353060257, "CJD_Section 2-A_Case_as_on_26_06_2006.pdf": 2.877468353060257, "C.P._3181_2015.pdf": 2.877468353060257, "C.A._475-L_2010.pdf": 2.877468353060257, "c.p._3750_2020.pdf": 5.754936706120514, "C.A._510_2012.pdf": 17.26481011836154, "C.A._1475_2007.PDF": 2.877468353060257, "C.A._539_2003.pdf": 2.877468353060257, "c.a._248_2014.pdf": 2.877468353060257, "c.p._1276_2020.pdf": 2.877468353060257, "JR_Fecto_Belarus_Tractor_Limited_Case.pdf": 5.754936706120514, "CPs987-989OF2011-DT19.10.2011.pdf": 5.754936706120514, "C.A._1646_2000.pdf": 2.877468353060257, "c.a._142_2019.pdf": 2.877468353060257, "const.p._10_2019.pdf": 11.509873412241028, "c.p._1965_2019.pdf": 2.877468353060257, "c.a._404_2014.pdf": 2.877468353060257, "c.p._3718_2023.pdf": 2.877468353060257}}