{"cld": {"C.R.P._49_2016.pdf": 4.056123349401903, "c.p._3436_l_2022.pdf": 4.056123349401903, "C.A._104-L_2015.pdf": 4.056123349401903, "S.M.C._20_2016.pdf": 4.056123349401903, "c.a._371_2020.pdf": 8.112246698803807, "Const.P.77-78-79 [Memogate]DetailedOrder.pdf": 4.056123349401903, "Crl.P.163_to_171_S.M.C.5_2005.pdf": 4.056123349401903, "c.a._797_2017.pdf": 8.112246698803807, "C.A._417-L_2009.pdf": 4.056123349401903, "c.p._4296_2019.pdf": 8.112246698803807, "c.a._446_2021.pdf": 4.056123349401903, "HRC-4668of2006.pdf": 4.056123349401903, "crl.p._91_k_2020.pdf": 4.056123349401903, "C.A._1563_2014.pdf": 20.280616747009518, "c.a._45_l_2018.pdf": 4.056123349401903, "c.a._444_2017.pdf": 4.056123349401903, "c.p._1483_l_2018.pdf": 20.280616747009518, "c.p._2056_2022.pdf": 4.056123349401903, "C.A._280-L_2009.pdf": 8.112246698803807, "c.a._1172_2020.pdf": 4.056123349401903, "c.a._1095_2018_13092019.pdf": 4.056123349401903, "C.A._616_2006.pdf": 4.056123349401903, "const.p._21_2023_11082023.pdf": 4.056123349401903, "C.P._2066_2013.pdf": 20.280616747009518, "c.a._350_2020.pdf": 4.056123349401903, "c.a._ 870_2020.pdf": 24.336740096411418, "c.a._1521_2018.pdf": 4.056123349401903, "const.p._17_2020_dissenting_note_hj4.pdf": 4.056123349401903, "c.a._91_k_2017.pdf": 8.112246698803807, "crl.p._408_l_2021.pdf": 4.056123349401903, "C.A._157_K_2016.pdf": 12.168370048205709, "C.A._552_2015.pdf": 4.056123349401903, "c.a._57_k_2018.pdf": 4.056123349401903, "c.p._607_2021.pdf": 4.056123349401903, "C.P._661_K_2015.pdf": 4.056123349401903, "C.P._3729_2015.pdf": 12.168370048205709, "c.p._1165_2021.pdf": 4.056123349401903, "c.p._1948_l_2021.pdf": 4.056123349401903, "C.A._1475_2007.PDF": 12.168370048205709, "c.p._3200_l_2019.pdf": 4.056123349401903, "C.P._3195-L_2016.pdf": 16.224493397607613, "c.a._196_p_2014_13062023.pdf": 4.056123349401903, "c.a._1692_2021.pdf": 8.112246698803807, "c.p._820_2019.pdf": 4.056123349401903}}