{"clf": {"crl.p_1124_l_2015.pdf": 7.1471658027602185, "c.a._506_2011.pdf": 7.1471658027602185}}