{"clj": {"c.a._1729_2019.pdf": 7.1471658027602185, "CJD_Reference by_the_President_of_Pakistan_under_Article_186.pdf": 7.1471658027602185}, "cljerialian": {"c.a._108_2015.pdf": 7.840312983320164}}