{"clr": {"C.R.P._49_2016.pdf": 5.007099639263948, "NRO_Judgment.pdf": 30.042597835583685, "Const.P.12of2010.pdf": 5.007099639263948, "CP778-779.pdf": 10.014199278527895, "JR_Judgment_on_17th_Amendmend_and_Presidents_Uniform_Case.pdf": 5.007099639263948, "CJD_Reference by_the_President_of_Pakistan_under_Article_186.pdf": 5.007099639263948, "const.p._9_2010_27122021.pdf": 5.007099639263948, "C.A._1428_2016.pdf": 5.007099639263948, "const.p._9_2010.pdf": 5.007099639263948, "c.a.1540-1599_2013.pdf": 5.007099639263948, "c.a._547_2012.pdf": 5.007099639263948, "const.p._9_2010_28122021.pdf": 5.007099639263948, "const.p._32_2023_additional_note.pdf": 5.007099639263948, "s.m.c._4_2021_26082021.pdf": 20.02839855705579, "c.a._51_2011.pdf": 5.007099639263948, "CJD_Section 2-A_Case_as_on_26_06_2006.pdf": 5.007099639263948, "CPs987-989OF2011-DT19.10.2011.pdf": 5.007099639263948}}