{"cls": {"Const.P.12of2010.pdf": 14.294331605520437, "Const.P.77-78-79 [Memogate]DetailedOrder.pdf": 7.1471658027602185}}