{"clyde": {"c.p._3436_l_2022.pdf": 7.1471658027602185, "c.p._1007_2022.pdf": 7.1471658027602185}}