{"cmdr": {"ConstitutionPetitionNo.77of2010-dt-12-04-2012.pdf": 7.840312983320164}, "cmd": {"Crl.O.P.89of2011.pdf": 7.840312983320164}}