{"cmit": {"const.p.115_2011.pdf": 86.2434428165218}, "cminence": {"c.p._1171_2021.pdf": 7.840312983320164}, "cmite": {"C.M.A._376-K_2014.pdf": 7.840312983320164}}