{"cmla": {"c.a._513_2014.pdf": 7.1471658027602185, "const.p._32_2023_additional_note.pdf": 7.1471658027602185}, "cmlr": {"c.p._409_l_2021.pdf": 7.840312983320164}}