{"cmr": {"C.M.A.No.3685of2012-dt-17-1-2013.pdf": 6.230875070886063, "crl.p._907_2020.pdf": 12.461750141772127, "S.M.C.24of2010[urdu-version].pdf": 6.230875070886063, "Crl.A.126of2012.pdf": 6.230875070886063, "c.p._3747_2023.pdf": 6.230875070886063}}