{"cobweb": {"c.p._852_2020.pdf": 7.840312983320164}, "cobble": {"Const.P.12of2010.pdf": 7.840312983320164}, "cobb": {"Const.P.No.33and34of2005-dt-27-6-2013.pdf": 7.840312983320164}}