{"coelho": {"Const.P.127of2012.pdf": 6.741700694652055, "Const.P.12of2010.pdf": 175.28421806095344, "Const.P.77of2012[DetailedOrderFinal].pdf": 6.741700694652055}, "coerce": {"ConstitutionPetitionNo21OF2007.pdf": 18.819275069564057, "crl.a._400_2019.pdf": 9.409637534782028, "Const.P._50_2018.pdf": 4.704818767391014, "Const.P.12of2010.pdf": 4.704818767391014, "c.p._2243_l_2019.pdf": 4.704818767391014, "crl.a._95_2019.pdf": 51.75300644130115, "H.R.C.19of1996[AsgharKhanCase]DetailedReasons.pdf": 4.704818767391014, "smc_1_2014.pdf": 4.704818767391014, "Crl.P.163_to_171_S.M.C.5_2005.pdf": 4.704818767391014, "Crl.A._104_2010.pdf": 4.704818767391014, "Crl.A._1-K_2018.pdf": 4.704818767391014, "crl.p._461_2023.pdf": 4.704818767391014, "const.p._17_2020_dissenting_note_hj11.pdf": 4.704818767391014, "Crl.A._210_2015.pdf": 9.409637534782028, "crl.p._654_2020.pdf": 4.704818767391014, "crl.p._33_2021.pdf": 4.704818767391014, "crl.m.a._1581_2021.pdf": 4.704818767391014, "C.A._69_2015.pdf": 4.704818767391014, "JR_The_State_through_NAB_VS_Haji_Nasim-ur-Rehman.pdf": 14.114456302173043, "Crl.A._218_2015.pdf": 4.704818767391014, "C.A._539_2003.pdf": 4.704818767391014, "const.p._10_2019.pdf": 4.704818767391014, "crl.a.264_2006.pdf": 4.704818767391014}, "coercion": {"ConstitutionPetitionNo21OF2007.pdf": 11.391785146456842, "crl.a._400_2019.pdf": 11.391785146456842, "Crl.A._39_L_2015.pdf": 7.594523430971228, "C.M.A.64of2013dt-12-3-2013.pdf": 7.594523430971228, "Const.P.12of2010.pdf": 3.797261715485614, "Const.P.87of2011[UrduVersion].pdf": 7.594523430971228, "crl.p._1054_l_2023_urdu.pdf": 11.391785146456842, "Const.P.12of2010Urdu.pdf": 3.797261715485614, "Const.P._29_2016.pdf": 15.189046861942456, "Const.P.77of2012[DetailedOrderFinal].pdf": 3.797261715485614, "c.p._2243_l_2019.pdf": 3.797261715485614, "crl.a._599_2020_26032021.pdf": 7.594523430971228, "S.J.C_347_2018.PDF": 3.797261715485614, "C.A._233_2015.pdf": 3.797261715485614, "H.R.C.19of1996[AsgharKhanCase]DetailedReasonsUrduTranslation.pdf": 7.594523430971228, "s.m.c._1_2022_detailed.pdf": 3.797261715485614, "crl.a._95_2019.pdf": 7.594523430971228, "crl.a._528_2019.pdf": 3.797261715485614, "H.R.C.19of1996[AsgharKhanCase]DetailedReasons.pdf": 3.797261715485614, "Crl.A._39_L_2015_Urdu.pdf": 3.797261715485614, "C.P.796of2007-dt-10-5-2013.pdf": 3.797261715485614, "CJD_Reference by_the_President_of_Pakistan_under_Article_186.pdf": 3.797261715485614, "c.p._2144_l_2011.pdf": 3.797261715485614, "Crl.P.163_to_171_S.M.C.5_2005.pdf": 3.797261715485614, "c.p._1057_2019.pdf": 7.594523430971228, "Crl.A._301_L_2017.pdf": 3.797261715485614, "c.a._621_2019.pdf": 3.797261715485614, "crl.m.a._62_p_2018.pdf": 3.797261715485614, "C.P._3122_2017.pdf": 3.797261715485614, "c.r.p._255_2021.pdf": 3.797261715485614, "crl.p._1121_2023.pdf": 3.797261715485614, "Const.P.87of2011.pdf": 7.594523430971228, "const.p._17_2020_dissenting_note_hj11.pdf": 3.797261715485614, "J.P._298_2018.pdf": 7.594523430971228, "C.A._301_2014.pdf": 3.797261715485614, "const.p._17_2019_detailed_reasoning.pdf": 3.797261715485614, "const.p._21_2022_30102023.pdf": 3.797261715485614, "crl.p._33_2021.pdf": 3.797261715485614, "c.p._819_2017.pdf": 3.797261715485614, "crl.m.a._1581_2021.pdf": 3.797261715485614, "c.p._3958_2019.pdf": 3.797261715485614, "c.a._908_2015.pdf": 7.594523430971228, "c.a._166_2021.pdf": 3.797261715485614, "constp.p._47_2023.pdf": 7.594523430971228, "c.a._1877_2016_dt_24_01_2024.pdf": 3.797261715485614, "crl.p._1251_2022.pdf": 3.797261715485614, "Const.P._35_2016_dt_15_12_2017.pdf": 3.797261715485614, "const.p._76_2018.pdf": 3.797261715485614, "C.P._4682_2017.pdf": 3.797261715485614, "crl.p._594_2020.pdf": 3.797261715485614, "H.R.C._17599_2018.pdf": 3.797261715485614, "c.a._472_2013.pdf": 3.797261715485614, "c.p._1303_2020.pdf": 11.391785146456842, "C.A.83and84of2006.pdf": 3.797261715485614, "crl.a._82_2022.pdf": 3.797261715485614, "S.M.C._7_2017_06022019.pdf": 3.797261715485614, "c.a._248_2014.pdf": 3.797261715485614}, "coexist": {"c.a._803_2016.pdf": 8.5699298436615, "NRO_Judgment.pdf": 8.5699298436615, "Const.P._29_2016.pdf": 12.85489476549225, "Const.PetitionNo.77of2010_12.10.2012.pdf": 4.28496492183075, "Const.P.77of2012[DetailedOrderFinal].pdf": 4.28496492183075, "Urdu-Const.P-77-2010-12.10.2012.pdf": 4.28496492183075, "Const.P._36_2016_dt_15_12_2017.pdf": 4.28496492183075, "crl.a._95_2019.pdf": 4.28496492183075, "C.P.No.1017-Lof2011.pdf": 4.28496492183075, "c.a._2434_2016.pdf": 4.28496492183075, "c.p._3506_2020.pdf": 4.28496492183075, "Const.P.39of2007-dt-25-6-2013.pdf": 4.28496492183075, "c.p._1787_l_2022.pdf": 4.28496492183075, "C.P._3345_2016.pdf": 4.28496492183075, "const.p._17_2020_dissenting_note_hj11.pdf": 4.28496492183075, "C.P._60_K_2018.pdf": 4.28496492183075, "Crl.A._210_2015.pdf": 4.28496492183075, "Crl.A._115_2013.pdf": 4.28496492183075, "c.a._1095_2018_13092019.pdf": 4.28496492183075, "c.a._1498_2018_note.pdf": 4.28496492183075, "c.p._492_k_2023.pdf": 4.28496492183075, "C.P._3186_2015.pdf": 4.28496492183075, "c.a._171_2019.pdf": 4.28496492183075, "const.p._6_2023_dt_05_01_2023.pdf": 4.28496492183075, "c.a._648_2021.pdf": 4.28496492183075, "C.P._80_2018.pdf": 4.28496492183075, "Crl.A.126of2012.pdf": 4.28496492183075, "c.p._1278_k_2023.pdf": 8.5699298436615, "s.m.c._4_2021_26082021.pdf": 4.28496492183075, "C.A.876-879of2005.pdf": 4.28496492183075, "C.A._552_2015.pdf": 4.28496492183075, "c.p._4729_2019.pdf": 4.28496492183075, "c.p._2092_2019.pdf": 4.28496492183075, "c.p._1965_2019.pdf": 4.28496492183075, "c.a._10_q_2021.pdf": 4.28496492183075}, "coexistence": {"NRO_Judgment.pdf": 5.8944028342648505, "c.a._2434_2016.pdf": 5.8944028342648505, "JR_Detailed_Judgment_in_Graduation_Qualification_Case.pdf": 5.8944028342648505, "c.p._3506_2020.pdf": 5.8944028342648505, "C.P._3345_2016.pdf": 5.8944028342648505, "c.p._1290_l_2019.pdf": 5.8944028342648505, "c.a._1476_2018.pdf": 5.8944028342648505}, "coextensive": {"cng_prices_order_21-12-12-alongwith_translation.pdf": 4.8445807097661735, "Const.P.12of2010.pdf": 4.8445807097661735, "C.A._233_2015.pdf": 4.8445807097661735, "c.r.p._421_2020_dissenting_notes.pdf": 4.8445807097661735, "crl.p._230_2019.pdf": 4.8445807097661735, "C.P._3345_2016.pdf": 4.8445807097661735, "c.a.32_k_2018.pdf": 4.8445807097661735, "c.a._39_k_2021.pdf": 4.8445807097661735, "c.a._421_2018.pdf": 4.8445807097661735, "c.r.p._421_2020.pdf": 4.8445807097661735, "Const.Petition.24_2011_dt02062011.pdf": 4.8445807097661735, "crl.p._1050_l_2020.pdf": 4.8445807097661735, "c.p._329_k_2022.pdf": 4.8445807097661735, "s.m.c._1_2023_12062023.pdf": 4.8445807097661735, "C.A._157_K_2016.pdf": 14.53374212929852, "C.A._700_2017.pdf": 4.8445807097661735, "crl.a._363_2021.pdf": 4.8445807097661735, "c.a._196_p_2014_13062023.pdf": 4.8445807097661735, "crl.a._39_k_2022.pdf": 4.8445807097661735, "c.p._1965_2019.pdf": 4.8445807097661735}, "coercive": {"Const.P.12of2010.pdf": 8.878231203316018, "C.R.P._125_2014.pdf": 22.195578008290045, "Const.P.NO.62OF2010_orderdt06062011.pdf": 4.439115601658009, "S.M.C.18OF2010.pdf": 4.439115601658009, "smc.11_2011.pdf": 4.439115601658009, "Crl.O.P.89of2011.pdf": 4.439115601658009, "C.M.A._230_2019.pdf": 4.439115601658009, "c.p._1057_2019.pdf": 4.439115601658009, "c.p._175_k_2022.pdf": 4.439115601658009, "Const.P.39of2007-dt-25-6-2013.pdf": 4.439115601658009, "Crl.P._888_2015.pdf": 4.439115601658009, "Crl.P._105_2017.pdf": 4.439115601658009, "const.p._2_2022_14102022.pdf": 4.439115601658009, "C.A._448_2014_DJ.pdf": 4.439115601658009, "C.R.P.193of2013.pdf": 22.195578008290045, "C.A._301_2014.pdf": 4.439115601658009, "crl.p._445_l_2020.pdf": 4.439115601658009, "C.A._167-Q_2005.pdf": 4.439115601658009, "c.a._1476_2018.pdf": 8.878231203316018, "s.m.c._4_2021_29012024_r.pdf": 4.439115601658009, "const.p._24_2023_f.pdf": 4.439115601658009, "const.p._32_2023_additional_note.pdf": 8.878231203316018, "C.A._908_2012.pdf": 4.439115601658009, "c.m.a._3932_2023.pdf": 4.439115601658009, "c.p._797_2021.pdf": 4.439115601658009,