{"coffee": {"C.R.P._49_2016.pdf": 6.454018622200273, "Const.P.12of2010.pdf": 6.454018622200273, "CJD_Constitution_Petition_No_36_of_2005.pdf": 6.454018622200273, "CPs987-989OF2011-DT19.10.2011.pdf": 12.908037244400546}, "coffer": {"NRO_Judgment.pdf": 5.537727890326118, "Const.P._29_2016.pdf": 5.537727890326118, "HRC7734-G_1003-GOF2009[UrduTranslation].pdf": 5.537727890326118, "HRC7734-G_1003-GOF2009[AllegedCorruptionInRentalPowerPlants].pdf": 5.537727890326118, "s.m.c._1_2020_19052020.pdf": 5.537727890326118, "c.p.549-k_2019.pdf": 5.537727890326118, "C.A._139_2013.pdf": 11.075455780652236, "C.P._1616_2018.pdf": 5.537727890326118, "C.M.A._376-K_2014.pdf": 5.537727890326118, "Const.P._35_2016_dt_15_12_2017.pdf": 5.537727890326118}, "cofe": {"c.p._3795_2021.pdf": 7.840312983320164}, "coffin": {"crl.p._1806_l_2017.pdf": 7.840312983320164}}