{"coke": {"SMC15OF2009.pdf": 26.006278268524525, "NRO_Judgment.pdf": 5.201255653704905, "Const.P.12of2010.pdf": 41.61004522963924, "Const.P.77of2012[DetailedOrderFinal].pdf": 15.603766961114715, "crl.p._461_2023.pdf": 5.201255653704905, "const.p._17_2020_dissenting_note_hj11.pdf": 10.40251130740981, "const.p._21_2023_11082023.pdf": 15.603766961114715, "const.p._39_16122019.pdf": 5.201255653704905, "const.p._76_2018.pdf": 10.40251130740981, "c.p._803_2019.pdf": 5.201255653704905, "c.p._446_l_2014.pdf": 5.201255653704905, "C.A.876-879of2005.pdf": 5.201255653704905, "const.p._39_2019.pdf": 5.201255653704905, "CJD_Pakistan_Steel_Mills_Case.pdf": 15.603766961114715}, "coking": {"Const.P.12of2010.pdf": 23.52093894996049}}