{"cotton": {"c.r.p._292_2021_sacked_employees.pdf": 3.591817741270805, "Const.P.127of2012.pdf": 7.18363548254161, "CPs.10-18of2011.pdf": 3.591817741270805, "Crl.A._479_2015.pdf": 7.18363548254161, "NRO_Judgment.pdf": 10.775453223812415, "Const.P._29_2016.pdf": 3.591817741270805, "Const.P.77of2012[DetailedOrderFinal].pdf": 14.36727096508322, "j.p._147_2016.pdf": 3.591817741270805, "C.A._532_2015.pdf": 14.36727096508322, "HRC7734-G_1003-GOF2009[UrduTranslation].pdf": 7.18363548254161, "JR_Judgment_on_17th_Amendmend_and_Presidents_Uniform_Case.pdf": 3.591817741270805, "CJD_Reference by_the_President_of_Pakistan_under_Article_186.pdf": 3.591817741270805, "Crl.O.P.89of2011.pdf": 25.142724188895635, "C.A._137-K_1976.pdf": 14.36727096508322, "HRC7734-G_1003-GOF2009[AllegedCorruptionInRentalPowerPlants].pdf": 7.18363548254161, "C.A._1084_2008.pdf": 10.775453223812415, "C.P._2093_2015.pdf": 3.591817741270805, "const.p._24_2017.pdf": 3.591817741270805, "c.p._1857_2022.pdf": 3.591817741270805, "C.R.P._383_2005.pdf": 10.775453223812415, "Crl.A._465_2015.pdf": 7.18363548254161, "c.r.p._296_2020_29012022.pdf": 3.591817741270805, "C.A._185_2015.pdf": 25.142724188895635, "const.p._6_2023_07032024.pdf": 3.591817741270805, "C.A._1171_2017.pdf": 14.36727096508322, "c.p._490_k_2020.pdf": 10.775453223812415, "C.A._26_2009.pdf": 7.18363548254161, "C.A._1428_2016.pdf": 3.591817741270805, "C.R.P._94_2014.pdf": 7.18363548254161, "c.a._982_2018_19022024.pdf": 7.18363548254161, "c.a._1095_2018_13092019.pdf": 7.18363548254161, "c.r.p._421_2020.pdf": 17.959088706354024, "const.p._21_2022_30102023.pdf": 7.18363548254161, "c.a.1540-1599_2013.pdf": 25.142724188895635, "Const.P.No.33and34of2005-dt-27-6-2013.pdf": 3.591817741270805, "C.R.P._335_2014.pdf": 3.591817741270805, "Const.P._29_2017.pdf": 3.591817741270805, "c.a._513_2014.pdf": 10.775453223812415, "C.P._842_2016.pdf": 3.591817741270805, "const.p._6_2023_dt_05_01_2023.pdf": 7.18363548254161, "c.a._1113_2017_dissenting_note.pdf": 10.775453223812415, "c.a._630_2010.pdf": 32.326359671437245, "c.a._982_2018_19022024_2.pdf": 7.18363548254161, "CMA2745of2009etc.pdf": 14.36727096508322, "C.A._1242_2013.pdf": 269.38633059531037, "j.p._553_2017.pdf": 7.18363548254161, "const.p._17_2020_dissenting_note_hj4.pdf": 3.591817741270805, "JR_Varan_Case.pdf": 7.18363548254161, "ref._2_2022_13092023_2.pdf": 3.591817741270805, "c.a._1113_2017.pdf": 39.509995153978856, "c.a._26_2015l.pdf": 3.591817741270805, "c.m.appeal._47_2020.pdf": 3.591817741270805, "C.P._3364_2016.pdf": 3.591817741270805, "C.A._2148_2016_dt_4-4-2018.pdf": 3.591817741270805, "C.A._1050_2009.pdf": 14.36727096508322, "Crl.A._176_2012.pdf": 3.591817741270805, "c.a._570_2011.pdf": 3.591817741270805, "C.A._1049_2011.pdf": 25.142724188895635, "c.a._722_2012.pdf": 3.591817741270805, "CJD_Section 2-A_Case_as_on_26_06_2006.pdf": 10.775453223812415, "c.p._2447_l_2022.pdf": 7.18363548254161, "j.p._190_2017.pdf": 10.775453223812415, "CJD_Pakistan_Steel_Mills_Case.pdf": 10.775453223812415, "C.A._682_2008.pdf": 7.18363548254161, "C.A.83and84of2006.pdf": 10.775453223812415, "C.A._622 _2008.pdf": 17.959088706354024, "JR_Fecto_Belarus_Tractor_Limited_Case.pdf": 14.36727096508322, "CPs987-989OF2011-DT19.10.2011.pdf": 7.18363548254161, "c.a._799_2007.pdf": 3.591817741270805, "Const.P.5and15-HRC14144-DetailedReasons.pdf": 3.591817741270805}, "cot": {"hrc_42389-P_2013.pdf": 5.8944028342648505, "Crl.A._39_L_2015.pdf": 5.8944028342648505, "crl.sh.a._16_2017.pdf": 5.8944028342648505, "j.p._34_2020.pdf": 5.8944028342648505, "const.p.37_2012_final.pdf": 5.8944028342648505, "Crl.A._115_2013.pdf": 11.788805668529701, "crl.p._457_l_2016.pdf": 23.577611337059402}, "coterie": {"const.p.42of2011.pdf": 6.454018622200273, "Const.P.NO.62OF2010_orderdt06062011.pdf": 6.454018622200273, "S.M.C._19_2016.pdf": 6.454018622200273, "JR_Detailed_Judgment_in_Graduation_Qualification_Case.pdf": 6.454018622200273}, "cotex": {"Const.P.33_2013.pdf": 6.048553514092109, "const.p.115_2011.pdf": 6.048553514092109, "c.a._647_2018.pdf": 60.485535140921094, "Const.P.33of2013_09.07.13.pdf": 6.048553514092109, "C.P._3364_2016.pdf": 6.048553514092109, "C.A._682_2008.pdf": 6.048553514092109}, "cote": {"Const.P.33_2013.pdf": 7.840312983320164}, "cotal": {"c.a._371_2020.pdf": 7.840312983320164}, "cotter": {"H.R.C.19of1996[AsgharKhanCase]DetailedReasons.pdf": 7.1471658027602185, "c.p._140_l_2015.pdf": 7.1471658027602185}, "cottage": {"smc_1_2014.pdf": 7.1471658027602185, "C.M.A._376-K_2014.pdf": 7.1471658027602185}, "coterminous": {"C.P._3345_2016.pdf": 13.48340138930411, "C.A._1428_2016.pdf": 13.48340138930411, "s.m.c._1_2023_07042023.pdf": 6.741700694652055}, "cott": {"c.a._82_2016.pdf": 7.840312983320164}, "cottons": {"c.a._1095_2018_13092019.pdf": 14.294331605520437, "c.r.p._421_2020.pdf": 7.1471658027602185}, "cotecna": {"Crl.M.A.No.486of2010-dt-26-6-2013.pdf": 28.588663211040874, "Crl.O.P.6of2012.pdf": 7.1471658027602185}, "cottenham": {"c.m.a._3932_2023.pdf": 15.680625966640328}}