{"cowasjee": {"Const.P.127of2012.pdf": 12.035014760493207, "Const.P._134_2012.pdf": 4.011671586831069, "NRO_Judgment.pdf": 4.011671586831069, "c.p._2537_2020.pdf": 8.023343173662138, "j.p._587_2016.pdf": 8.023343173662138, "Const.P.12of2010.pdf": 8.023343173662138, "S.M.C._20_2016.pdf": 4.011671586831069, "Const.P._29_2016.pdf": 36.10504428147962, "Const.P.77of2012[DetailedOrderFinal].pdf": 12.035014760493207, "Const.P.NO.62OF2010_orderdt06062011.pdf": 4.011671586831069, "I.C.A._7_2018.pdf": 4.011671586831069, "CP778-779.pdf": 4.011671586831069, "JR_Judgment_on_17th_Amendmend_and_Presidents_Uniform_Case.pdf": 4.011671586831069, "Const.P.5of2013.pdf": 4.011671586831069, "const.p._9_2010_27122021.pdf": 4.011671586831069, "C.P._2093_2015.pdf": 4.011671586831069, "const.p._24_2017.pdf": 4.011671586831069, "C.A._353_2015.pdf": 4.011671586831069, "Crl.M.A_693_2018.pdf": 24.070029520986413, "c.r.p._421_2020_dissenting_notes.pdf": 8.023343173662138, "HRC-4668of2006.pdf": 4.011671586831069, "Const.P.No.77of2012[ShortOrder2.8.2012].pdf": 4.011671586831069, "c.a._17_l_2019.pdf": 4.011671586831069, "C.P._1700_2011.pdf": 4.011671586831069, "const.p._2_2022_14102022.pdf": 4.011671586831069, "c.p._490_k_2020.pdf": 4.011671586831069, "const.p._9_2010.pdf": 4.011671586831069, "c.p._2231_2020.pdf": 4.011671586831069, "c.p._5918_2021.pdf": 4.011671586831069, "c.p._3203_2017.pdf": 4.011671586831069, "c.r.p._421_2020.pdf": 8.023343173662138, "C.A._699_2017.pdf": 8.023343173662138, "C.A._654_2010.pdf": 4.011671586831069, "I.C.A._01_2007.pdf": 4.011671586831069, "c.a._1476_2018.pdf": 4.011671586831069, "const.p._6_2023_dt_05_01_2023.pdf": 4.011671586831069, "crl.a._633_2019_15092023.pdf": 4.011671586831069, "const.p._9_2010_28122021.pdf": 4.011671586831069, "c.a._1113_2017.pdf": 4.011671586831069, "CJD_Constitution_Petition_No_36_of_2005.pdf": 4.011671586831069, "Crl.A.126of2012.pdf": 8.023343173662138, "Const.P._134_2012_21012019.pdf": 4.011671586831069, "C.A._620_2006.pdf": 4.011671586831069, "CJD_Pakistan_Steel_Mills_Case.pdf": 12.035014760493207, "JR_Fecto_Belarus_Tractor_Limited_Case.pdf": 4.011671586831069, "CPs987-989OF2011-DT19.10.2011.pdf": 4.011671586831069}, "coward": {"crl.a._599_2020_26032021.pdf": 7.1471658027602185, "smc_1_2014.pdf": 7.1471658027602185}, "cowan": {"smc_1_2014.pdf": 7.840312983320164}, "cowardly": {"smc_1_2014.pdf": 7.840312983320164}, "cowel": {"C.P._2093_2015.pdf": 7.840312983320164}, "cowp": {"C.P._2093_2015.pdf": 7.840312983320164}, "cow": {"cma.3685-3686_of_2012_in_hrc.7734-g_of_2009_dt_31.01.2013.pdf": 6.230875070886063, "C.A._307-L_2015.pdf": 12.461750141772127, "Const.P._29_2017.pdf": 6.230875070886063, "c.a._ 870_2020.pdf": 6.230875070886063, "const.p._76_2018.pdf": 6.230875070886063}, "cowardice": {"C.A._1122_2013.pdf": 7.1471658027602185, "cp_1472_2013_03.03.2014.pdf": 7.1471658027602185}, "cower": {"const.p._21_2023_11082023.pdf": 15.680625966640328}, "cowen": {"s.m.c._4_2021_26082021.pdf": 7.840312983320164}, "cowl": {"C.P._3195-L_2016.pdf": 7.840312983320164}}