{"cox": {"c.p._3059_2021.pdf": 6.454018622200273, "const.p._17_2019_detailed_reasoning.pdf": 6.454018622200273, "c.r.p._526_2020.pdf": 6.454018622200273, "Const.P._35_2016_dt_15_12_2017.pdf": 6.454018622200273}}