{"cpec": {"Crl.O.P._09_2018.pdf": 26.96680277860822, "I.C.A._7_2018.pdf": 6.741700694652055, "h.r.c._13316_p_2018.pdf": 6.741700694652055}}