{"cpi": {"smc.18_2010_final.pdf": 14.294331605520437, "c.a._1134_2020.pdf": 7.1471658027602185}}