{"crminal": {"c.a._10_q_2021.pdf": 7.840312983320164}, "crmunal": {"c.a._10_q_2021.pdf": 7.840312983320164}}