{"crystal": {"ConstitutionPetitionNo21OF2007.pdf": 13.123731241561313, "C.R.P._297_2017_Reserved.pdf": 4.374577080520438, "S.M.C._28_2018.pdf": 4.374577080520438, "crl.a._400_2019.pdf": 4.374577080520438, "NRO_Judgment.pdf": 4.374577080520438, "Const.P.12of2010.pdf": 30.622039563643064, "Const.P.77of2012[DetailedOrderFinal].pdf": 4.374577080520438, "REVIEW_P_46&47_2011_full.pdf": 4.374577080520438, "Const.P.40of2012-DetailJudgment-dt-3.7.2012.pdf": 4.374577080520438, "smc.11_2011.pdf": 52.49492496624525, "c.r.p_537_2019.pdf": 4.374577080520438, "C.R.P._383_2005.pdf": 4.374577080520438, "Crl.A._1-K_2018.pdf": 4.374577080520438, "JR_Detailed_Judgment_in_Graduation_Qualification_Case.pdf": 4.374577080520438, "c.a._17_l_2019.pdf": 4.374577080520438, "C.P._3345_2016.pdf": 4.374577080520438, "ca411to414of2013.pdf": 4.374577080520438, "crl.a.19of2012.pdf": 4.374577080520438, "Crl.A.13-14-15and16of2004and53of2011.pdf": 4.374577080520438, "crl.p._994_2022.pdf": 4.374577080520438, "c.a._1011_2020.pdf": 4.374577080520438, "CMA.3470of2013etc.pdf": 4.374577080520438, "c.p._1092_2018.pdf": 4.374577080520438, "const.p.6_2011_final.pdf": 4.374577080520438, "c.a._1521_2018.pdf": 4.374577080520438, "c.a._550_2020.pdf": 4.374577080520438, "crl.p._163_2020.pdf": 4.374577080520438, "CJD_Constitution_Petition_No_36_of_2005.pdf": 4.374577080520438, "crl.m.a._459_2020.pdf": 4.374577080520438, "C.P._3228_2015.pdf": 4.374577080520438, "C.A._1085_2017.pdf": 4.374577080520438, "JR_Fecto_Belarus_Tractor_Limited_Case.pdf": 8.749154161040876}, "crystallize": {"C.R.P._297_2017_Reserved.pdf": 5.067724261080383, "Const.P._29_2016_28072016.pdf": 5.067724261080383, "Const.P.12of2010.pdf": 10.135448522160766, "Const.P._29_2016.pdf": 10.135448522160766, "S.M.C._18_2016.pdf": 5.067724261080383, "C.R.P._383_2005.pdf": 20.270897044321533, "Const.P._39_2016.pdf": 5.067724261080383, "c.p._596_2021.pdf": 5.067724261080383, "c.a._26_k_2021.pdf": 5.067724261080383, "s.m.c._4_2021_26082021.pdf": 10.135448522160766, "C.A._1262_2018.pdf": 10.135448522160766, "C.A.876-879of2005.pdf": 5.067724261080383, "c.p.1795_2022.pdf": 5.067724261080383, "CJD_Section 2-A_Case_as_on_26_06_2006.pdf": 5.067724261080383, "c.a._508_2020.pdf": 5.067724261080383, "c.p._2447_l_2022.pdf": 5.067724261080383}, "cry": {"crl.s.m.r.p._84_2018.pdf": 3.832979798087693, "HRC19526of2013.pdf": 7.665959596175386, "C.M.A.No.3685of2012-dt-17-1-2013.pdf": 3.832979798087693, "Const.P.40of2012-DetailJudgment[UrduTranslation]-dt-3.7.2012.pdf": 3.832979798087693, "Const.P.12of2010.pdf": 11.498939394263079, "Const.P.87of2011[UrduVersion].pdf": 3.832979798087693, "Const.P.12of2010Urdu.pdf": 3.832979798087693, "j.p._405_2021.pdf": 3.832979798087693, "Const.P._29_2016.pdf": 7.665959596175386, "Const.PetitionNo.77of2010_12.10.2012.pdf": 3.832979798087693, "smc.18_2010_final.pdf": 3.832979798087693, "SMC16of2011_detailed_judgment.pdf": 3.832979798087693, "crl.a._95_2019.pdf": 3.832979798087693, "C.P._45_2015.pdf": 3.832979798087693, "Crl.P.163_to_171_S.M.C.5_2005.pdf": 7.665959596175386, "crl.p._574_2019.pdf": 3.832979798087693, "c.r.p._296_2020_29012022.pdf": 3.832979798087693, "j.p._403_2018.pdf": 3.832979798087693, "j.p._557_2016.pdf": 3.832979798087693, "crl.p._167_k_2022.pdf": 15.331919192350773, "Crl.A._178-L_2009.pdf": 3.832979798087693, "j.p._324_2015.pdf": 3.832979798087693, "Const.P._2_2011.pdf": 3.832979798087693, "j.p._943_2017.pdf": 7.665959596175386, "H.R.C._14158_G_2016_dt_28_07_2016.pdf": 3.832979798087693, "c.a._396_2018.pdf": 3.832979798087693, "c.p._1125_2018.pdf": 3.832979798087693, "J.P.No.56of2005.pdf": 3.832979798087693, "c.p._1530_2019.pdf": 3.832979798087693, "Const.P.77of2010[dt-06-02-2012].pdf": 3.832979798087693, "crl.m.a._1581_2021.pdf": 19.164898990438466, "Crl.A._466_2017.pdf": 11.498939394263079, "c.r.p._296_2020_hj10.pdf": 3.832979798087693, "J.P._217_2017.pdf": 3.832979798087693, "j.p._883_2017.pdf": 3.832979798087693, "j.p._553_2017.pdf": 7.665959596175386, "Crl.A._37_L_2016.pdf": 3.832979798087693, "crl.p._75_q_2021.pdf": 3.832979798087693, "crl.p._263_l_2015.pdf": 3.832979798087693, "C.A._843_2012.pdf": 3.832979798087693, "crl.a._437_2020.pdf": 3.832979798087693, "SMC24-2010.pdf": 3.832979798087693, "crl.a._75_l_2021.pdf": 3.832979798087693, "Crl.O.P.6of2012.pdf": 3.832979798087693, "Crl.A._496_2009.pdf": 3.832979798087693, "j.p._24_2016.pdf": 3.832979798087693, "Const.P.73of2011.pdf": 3.832979798087693, "s.m.c._1_2020_25062020.pdf": 3.832979798087693, "crl.p._1001_2016.pdf": 3.832979798087693, "crl.p._1329_2023.pdf": 3.832979798087693, "j.p._794_2017.pdf": 3.832979798087693, "crl.p._52_k_2023.pdf": 3.832979798087693, "j.p._190_2017.pdf": 3.832979798087693, "C.M.A._8215_2016.pdf": 3.832979798087693, "clr.a._250_2020.pdf": 3.832979798087693}, "crystallization": {"Const.P.12of2010.pdf": 6.454018622200273, "Const.P._39_2016.pdf": 6.454018622200273, "Const.P.87of2011.pdf": 6.454018622200273, "s.m.c._4_2021_26082021.pdf": 6.454018622200273}, "cryo": {"CMA_1145-K_2013_in_SMC_16-2011_08-03-2013.pdf": 7.840312983320164}, "crystallise": {"s.m.c._1_2022_detailed.pdf": 15.680625966640328}, "crystoplast": {"s.m.c._1_2020.pdf": 6.741700694652055, "c.a._513_2014.pdf": 6.741700694652055, "s.m.c._1_2020_25062020.pdf": 6.741700694652055}, "crystalize": {"c.a._982_2018_19022024.pdf": 7.1471658027602185, "c.a._84_k_2023.pdf": 7.1471658027602185}, "cryptic": {"Crl.A._115_2013.pdf": 6.741700694652055, "Crl.A._496_2009.pdf": 6.741700694652055, "Const.P.5and15-HRC14144-DetailedReasons.pdf": 6.741700694652055}, "crypto": {"c.p._722_p_2021.pdf": 7.840312983320164}, "crystalline": {"c.p._1842_l_2022.pdf": 7.840312983320164}, "cryptocurrency": {"c.p._278_2023.pdf": 125.44500773312262}}