{"cs": {"c.p._1567_l_2019.pdf": 6.867187472111822, "Order-DNC-nd-note.pdf": 3.433593736055911, "S.M.C._28_2018.pdf": 3.433593736055911, "C.R.P._49_2016.pdf": 41.20312483267093, "c.a._803_2016.pdf": 3.433593736055911, "URDU_CONST.P.05-2012-20.09.12.pdf": 3.433593736055911, "Const.P.40of2012-DetailJudgment[UrduTranslation]-dt-3.7.2012.pdf": 3.433593736055911, "c.a._1496_2019.pdf": 6.867187472111822, "Const.P.12of2010.pdf": 3.433593736055911, "C.A._104-L_2015.pdf": 3.433593736055911, "S.M.C._20_2016.pdf": 6.867187472111822, "Const.P._29_2016.pdf": 3.433593736055911, "C.R.P._125_2014.pdf": 30.9023436245032, "CONST.P.77OF2010-DT-06.04.12[URDU].pdf": 3.433593736055911, "S.M.C.24of2010[urdu-version].pdf": 10.300781208167733, "C.A._2109_2016.pdf": 6.867187472111822, "Ref.01_2012_addl.note_HJ.ejaz_afzal_khan.pdf": 3.433593736055911, "H.R.C.19of1996[AsgharKhanCase]DetailedReasonsUrduTranslation.pdf": 6.867187472111822, "S.M.C.18OF2010.pdf": 3.433593736055911, "Const.P._97_2014.pdf": 3.433593736055911, "Const.P.40of2012-DetailJudgment-dt-3.7.2012.pdf": 3.433593736055911, "H.R.C.19of1996[AsgharKhanCase]DetailedReasons.pdf": 3.433593736055911, "CJD_Reference by_the_President_of_Pakistan_under_Article_186.pdf": 6.867187472111822, "Crl.O.P.89of2011.pdf": 34.33593736055911, "const.p.23of2012.pdf": 10.300781208167733, "Const.P_3_2014.pdf": 3.433593736055911, "c.a._749_2021.pdf": 3.433593736055911, "C.P._3460_2015.pdf": 3.433593736055911, "c.p._167_p_2022.pdf": 6.867187472111822, "c.a._731_2016.pdf": 3.433593736055911, "c.a._1518_2013.pdf": 3.433593736055911, "C.A._1519_2013.pdf": 17.167968680279554, "c.p._419_2019.pdf": 3.433593736055911, "c.p._173_q_2023.pdf": 3.433593736055911, "c.a._10_k_2019.pdf": 3.433593736055911, "c.a._201_2020.pdf": 3.433593736055911, "c.p._1942_2022.pdf": 3.433593736055911, "c.a.32_k_2018.pdf": 3.433593736055911, "c.a._82_2016.pdf": 3.433593736055911, "C.A._1515_2016.pdf": 3.433593736055911, "C.A._2564_2001.pdf": 17.167968680279554, "C.R.P.193of2013.pdf": 30.9023436245032, "C.A._1184_2011.pdf": 3.433593736055911, "C.A._1213_2015.pdf": 6.867187472111822, "c.a._469_2021.pdf": 3.433593736055911, "c.p._2148_2020.pdf": 3.433593736055911, "C.A._654_2010.pdf": 6.867187472111822, "c.p._517_l_2016.pdf": 6.867187472111822, "c.p._3855_2022.pdf": 30.9023436245032, "c.a._1476_2018.pdf": 13.734374944223644, "C.A._26_K_2018.pdf": 6.867187472111822, "C.A.269_ETC_OF_2011.pdf": 10.300781208167733, "c.p._1441_2021.pdf": 3.433593736055911, "Const.P.91of2011Dt-23-8-2012.pdf": 3.433593736055911, "c.a._654_2021.pdf": 3.433593736055911, "c.a._4862_2018.pdf": 3.433593736055911, "smc.16of2011.pdf": 3.433593736055911, "CMA2745of2009etc.pdf": 3.433593736055911, "C.A.39_2010.pdf": 24.035156152391377, "c.p._3287_2019.pdf": 6.867187472111822, "C.P._1958_2016.pdf": 3.433593736055911, "C.A.404of2011.pdf": 13.734374944223644, "c.a._1113_2017.pdf": 3.433593736055911, "SMC24-2010.pdf": 3.433593736055911, "c.p._1554_l_2020.pdf": 3.433593736055911, "SMC16-2011_ord_dt_30-8-13.pdf": 3.433593736055911, "c.a._491_2012.pdf": 3.433593736055911, "c.a._735_2016.pdf": 10.300781208167733, "S.M.C.16of2011dt-22-3-2013.pdf": 3.433593736055911, "ConstP.No.53of2007andConst.P.83of2012.pdf": 10.300781208167733, "c.a._326_l_2020.pdf": 3.433593736055911, "c.p._2717_l_2015.pdf": 10.300781208167733, "c.p._3041_2020.pdf": 3.433593736055911, "ConstP5of2012_dt_20092012.pdf": 3.433593736055911, "c.a._451_2017.pdf": 3.433593736055911, "CJD_Section 2-A_Case_as_on_26_06_2006.pdf": 24.035156152391377, "c.p._4729_2019.pdf": 3.433593736055911, "c.p._2892_2020.pdf": 3.433593736055911, "c.p._4570_2019.pdf": 10.300781208167733, "CJD_Pakistan_Steel_Mills_Case.pdf": 3.433593736055911, "HR8340OF2010.pdf": 10.300781208167733, "c.p._4806_2019.pdf": 6.867187472111822}}