{"csa": {"c.a._10_k_2019.pdf": 5.8944028342648505, "Const.P.22of2013.pdf": 29.472014171324254, "c.a._491_2012.pdf": 35.3664170055891, "c.a._1685_2021.pdf": 11.788805668529701, "CJD_Section 2-A_Case_as_on_26_06_2006.pdf": 194.51529353074005, "c.a._508_2020.pdf": 17.68320850279455, "HR8340OF2010.pdf": 88.41604251397276}}