{"csb": {"C.A._2109_2016.pdf": 193.5537124509475, "c.a._497_2020.pdf": 6.048553514092109, "C.P.41_66_2015.pdf": 54.43698162682898, "c.a._1226_2016.pdf": 18.145660542276328, "c.a._21_2021.pdf": 181.4566054227633, "Const.P.22of2013.pdf": 405.25308544417135}, "csbs": {"C.A._2109_2016.pdf": 6.454018622200273, "C.P.41_66_2015.pdf": 12.908037244400546, "c.a._21_2021.pdf": 25.816074488801092, "Const.P.22of2013.pdf": 25.816074488801092}}