{"cscec": {"Const.P.33_2013.pdf": 54.88219088324115}, "csce": {"Const.P.33_2013.pdf": 7.840312983320164}, "csc": {"c.p._560_k_2019.pdf": 117.60469474980246}}