{"csd": {"c.a._515_2015.pdf": 564.6260984180573, "c.a._1476_2018.pdf": 7.1471658027602185}}