{"csr": {"Const.P.127of2012.pdf": 52.87590934602021, "crl.a._251_2020.pdf": 8.812651557670035, "c.a._1496_2019.pdf": 39.65693200951516, "Const.P.46of2013-dt-27-12-2013.pdf": 8.812651557670035, "C.A._1072_2005.pdf": 118.97079602854548, "Crl.A._160_L_2017.pdf": 4.406325778835018, "c.a._31_2020.pdf": 30.844280451845123, "crl.a._20_2018.pdf": 4.406325778835018, "crl.p._1001_l_2017.pdf": 4.406325778835018, "const.p.115_2011.pdf": 8.812651557670035, "Crl.A._149_L_2017.pdf": 4.406325778835018, "Crl.A._195_L_2017.pdf": 4.406325778835018, "crl.a._291_2020.pdf": 4.406325778835018, "c.p._677_k_2019.pdf": 4.406325778835018, "c.p._517_l_2016.pdf": 35.25060623068014, "Crl.A._76_L_2017.pdf": 4.406325778835018, "Crl.A._67_L_2017.pdf": 4.406325778835018, "C.P._2515_2015.pdf": 4.406325778835018, "Const.P._46_2013.pdf": 4.406325778835018, "c.p._1554_l_2020.pdf": 8.812651557670035, "c.a._661_2018.pdf": 4.406325778835018, "Crl.A._496_2009.pdf": 4.406325778835018, "Crl.A._122_L_2017.pdf": 4.406325778835018, "Crl.A._133_L_2017.pdf": 4.406325778835018, "H.R.C._17599_2018.pdf": 4.406325778835018, "c.p._231_k_2020.pdf": 30.844280451845123, "c.a._1546_2019.pdf": 17.62530311534007, "Crl.A._154_L_2017.pdf": 4.406325778835018, "HR8340OF2010.pdf": 4.406325778835018, "ref._2_2022_13092023.pdf": 8.812651557670035, "crl.a._92_l_2017.pdf": 4.406325778835018}}