{"css": {"C.P._2350_2015.pdf": 25.66131391108977, "const.p.42of2011(UrduVersion).pdf": 5.132262782217954, "const.p.42of2011.pdf": 10.264525564435909, "C.R.P._125_2014.pdf": 20.529051128871817, "smc_1_2014.pdf": 10.264525564435909, "S.M.C._18_2016.pdf": 5.132262782217954, "c.p._419_2019.pdf": 15.396788346653864, "C.P._1700_2011.pdf": 5.132262782217954, "c.a._1219_2015.pdf": 20.529051128871817, "C.R.P.193of2013.pdf": 20.529051128871817, "c.a._1481_2015.pdf": 15.396788346653864, "Crl.O.P._47_2016.pdf": 5.132262782217954, "C.A._322_2018.pdf": 10.264525564435909, "S.M.C14 of 2009.pdf": 5.132262782217954, "c.p._1303_2020.pdf": 5.132262782217954}}