{"cst": {"crl.a._67_l_2020.pdf": 7.1471658027602185, "c.p._1920_2022.pdf": 7.1471658027602185}}