{"ctc": {"c.p._3923_2016.pdf": 6.230875070886063, "c.a._1295_2019.pdf": 6.230875070886063, "c.m.a._4821_2018_14012022.pdf": 6.230875070886063, "c.p._349_l_2017.pdf": 6.230875070886063, "c.p._323_l_2014.pdf": 6.230875070886063}}