{"ctd": {"Crl.P._1188_2016.pdf": 12.461750141772127, "j.p._169_2021.pdf": 31.154375354430318, "crl.p._520_2020.pdf": 18.69262521265819, "I.C.A._4_2017.pdf": 6.230875070886063, "crl.p._29_k_2022.pdf": 12.461750141772127}}