{"cto": {"C.R.P._49_2016.pdf": 7.1471658027602185, "c.p._446_l_2019.pdf": 7.1471658027602185}}