{"ctv": {"S.M.C._28_2018.pdf": 7.1471658027602185, "c.p._3506_2020.pdf": 7.1471658027602185}}