{"cuase": {"const.p._9_2010_27122021.pdf": 7.1471658027602185, "const.p._9_2010_28122021.pdf": 7.1471658027602185}, "cual": {"c.a._359_2020.pdf": 7.840312983320164}}