{"cue": {"crl.s.m.r.p._84_2018.pdf": 6.230875070886063, "crl.a._599_2020_26032021.pdf": 6.230875070886063, "smc_1_2014.pdf": 6.230875070886063, "c.a._431_2021_07072023.pdf": 6.230875070886063, "reference_1_2020.pdf": 6.230875070886063}}