{"cuit": {"C.P._2350_2015.pdf": 7.840312983320164}, "cuisine": {"HRC-4668of2006.pdf": 57.17732642208175, "SMC.13-2009.pdf": 7.1471658027602185}, "cui": {"Const.P._29_2017.pdf": 7.840312983320164}, "cuil": {"c.a._1602_2014.pdf": 7.840312983320164}}