{"cut": {"C.P._2350_2015.pdf": 3.1674841488582577, "ConstitutionPetitionNo21OF2007.pdf": 6.334968297716515, "c.p._852_2020.pdf": 3.1674841488582577, "C.R.P._49_2016.pdf": 3.1674841488582577, "c.p._1331_l_2017.pdf": 3.1674841488582577, "c.a._803_2016.pdf": 3.1674841488582577, "c.r.p._513_2014.pdf": 3.1674841488582577, "Crl.O.P_57_2015.pdf": 6.334968297716515, "NRO_Judgment.pdf": 6.334968297716515, "c.p._2537_2020.pdf": 3.1674841488582577, "Const.P.12of2010.pdf": 22.172389042007804, "Crl.A._523_2017.pdf": 3.1674841488582577, "crl.a._241_2020.pdf": 3.1674841488582577, "Const.P.87of2011[UrduVersion].pdf": 3.1674841488582577, "Const.P.12of2010Urdu.pdf": 3.1674841488582577, "const.p.42of2011.pdf": 3.1674841488582577, "Const.P.33_2013.pdf": 6.334968297716515, "Const.P._29_2016.pdf": 9.502452446574774, "C.R.P._125_2014.pdf": 9.502452446574774, "c.a._864_2017.pdf": 6.334968297716515, "Const.P.77of2012[DetailedOrderFinal].pdf": 3.1674841488582577, "S.J.C_347_2018.PDF": 6.334968297716515, "Const.P.NO.62OF2010_orderdt06062011.pdf": 9.502452446574774, "j.p._147_2016.pdf": 3.1674841488582577, "SMC16of2011_detailed_judgment.pdf": 6.334968297716515, "Const.P.40of2012-DetailJudgment-dt-3.7.2012.pdf": 3.1674841488582577, "smc.11_2011.pdf": 6.334968297716515, "smc_1_2014.pdf": 12.66993659543303, "s.m.c.12_2015.pdf": 3.1674841488582577, "C.P.No.1017-Lof2011.pdf": 3.1674841488582577, "C.A._1406_2016.pdf": 3.1674841488582577, "C.M.A._3221_2012.pdf": 15.837420744291288, "const.p._14_2023.pdf": 3.1674841488582577, "C.R.P._383_2005.pdf": 3.1674841488582577, "C.A._992_2013.pdf": 3.1674841488582577, "c.a._1660_2014.pdf": 3.1674841488582577, "Crl.A._465_2015.pdf": 6.334968297716515, "JR_Detailed_Judgment_in_Graduation_Qualification_Case.pdf": 6.334968297716515, "c.a._230_2016.pdf": 3.1674841488582577, "Crl.A._155_2018.pdf": 6.334968297716515, "JR_Detailed_Judgment_in_Referendum_Case.pdf": 3.1674841488582577, "const.p._2_2022_14102022.pdf": 3.1674841488582577, "c.p._1874_2022.pdf": 3.1674841488582577, "c.a._249_2020.pdf": 3.1674841488582577, "C.P._1598_2016.pdf": 3.1674841488582577, "C.A._1428_2016.pdf": 3.1674841488582577, "C.R.P._94_2014.pdf": 3.1674841488582577, "C.R.P.193of2013.pdf": 9.502452446574774, "crl.p._1212_l_2022.pdf": 6.334968297716515, "Crl.P.200of2009.pdf": 3.1674841488582577, "crl.p._1371_2016.pdf": 3.1674841488582577, "c.a._1095_2018_13092019.pdf": 3.1674841488582577, "c.p._2916_2019.pdf": 3.1674841488582577, "C.A._1184_2011.pdf": 3.1674841488582577, "Const.Petition.24_2011_dt02062011.pdf": 3.1674841488582577, "C.P._3551_2015.pdf": 6.334968297716515, "c.p._4500_2017.pdf": 3.1674841488582577, "c.a._471_l_2012.pdf": 3.1674841488582577, "c.a._185_l_2015.pdf": 3.1674841488582577, "C.A.800Lof2013etc.pdf": 9.502452446574774, "c.a._1602_2014.pdf": 3.1674841488582577, "crl.a_413-414_2013_18.02.2014.pdf": 3.1674841488582577, "const.p._6_2023_dt_05_01_2023.pdf": 3.1674841488582577, "Crl.O.P._57_2015_Additional_Note.pdf": 3.1674841488582577, "const.p.6_2011_final.pdf": 3.1674841488582577, "c.a._908_2015.pdf": 3.1674841488582577, "Const.P.33of2013_09.07.13.pdf": 3.1674841488582577, "crl.p._1603_l_2021.pdf": 3.1674841488582577, "j.p._450_2015.pdf": 3.1674841488582577, "crl.a._560_2020.pdf": 3.1674841488582577, "CMA2745of2009etc.pdf": 3.1674841488582577, "C.A._1242_2013.pdf": 3.1674841488582577, "C.P._2117_2016.pdf": 3.1674841488582577, "H.R.C._39216_G_2018.pdf": 3.1674841488582577, "const.p._5_2024_04032024.pdf": 9.502452446574774, "C.A.404of2011.pdf": 6.334968297716515, "Crl.P.No.426of2009&Crl.A.No.pdf": 3.1674841488582577, "c.a._329_2022.pdf": 3.1674841488582577, "c.p._323_l_2014.pdf": 3.1674841488582577, "ConstitutionPetitionNo39of2009.pdf": 3.1674841488582577, "crl.p._577_2021.pdf": 6.334968297716515, "c.a._1089_2015.pdf": 3.1674841488582577, "Const.P._35_2016_dt_15_12_2017.pdf": 3.1674841488582577, "ICA3,4,6TO11of2011dt2011.04.pdf": 3.1674841488582577, "C.A._605_2015.pdf": 3.1674841488582577, "SMCNo25of2009.pdf": 15.837420744291288, "c.p._183_2024_20032024.pdf": 3.1674841488582577, "C.P._2812_2017.pdf": 3.1674841488582577, "S.M.C.16of2011dt-22-3-2013.pdf": 3.1674841488582577, "ConstP.No.53of2007andConst.P.83of2012.pdf": 3.1674841488582577, "Crl.A._582_2018.pdf": 3.1674841488582577, "C.A._552_2015.pdf": 3.1674841488582577, "H.R.C._17599_2018.pdf": 3.1674841488582577, "C.A._545_K_2010.pdf": 3.1674841488582577, "crl.p._440_2022 .pdf": 3.1674841488582577, "c.m.a._1243_2021_04042022.pdf": 3.1674841488582577, "c.p.3531_2021.pdf": 9.502452446574774, "H.R.C.39216_G_2018.pdf": 3.1674841488582577, "H.R.C._3654_2018.pdf": 3.1674841488582577, "crl.p._566_2021.pdf": 3.1674841488582577, "c.a._65_k_2019.pdf": 3.1674841488582577, "C.A._622 _2008.pdf": 3.1674841488582577, "S.M.C._7_2017_06022019.pdf": 6.334968297716515, "C.M.A._8215_2016.pdf": 60.182198828306895, "const.p._5_2024.pdf": 19.004904893149547, "Crl.O.P._57_2015_DN.pdf": 3.1674841488582577, "Const.P.5and15-HRC14144-DetailedReasons.pdf": 3.1674841488582577}, "cutting": {"ConstitutionPetitionNo21OF2007.pdf": 3.9901653816101055, "crl.a._400_2019.pdf": 3.9901653816101055, "Const.P.31of2011etc.pdf": 3.9901653816101055, "Crl.O.P_57_2015.pdf": 3.9901653816101055, "Const.P.12of2010.pdf": 3.9901653816101055, "CMA_1145-K_2013_in_SMC_16-2011_08-03-2013.pdf": 3.9901653816101055, "Const.P.33_2013.pdf": 3.9901653816101055, "Const.P._29_2016.pdf": 3.9901653816101055, "Const.P.77of2012[DetailedOrderFinal].pdf": 7.980330763220211, "j.p._147_2016.pdf": 3.9901653816101055, "SMC16of2011_detailed_judgment.pdf": 15.960661526440422, "H.R.C.19of1996[AsgharKhanCase]DetailedReasons.pdf": 3.9901653816101055, "Crl.A._382_2011.pdf": 3.9901653816101055, "C.A._340_2002.pdf": 3.9901653816101055, "crl.a._128_2020.pdf": 3.9901653816101055, "const.p._9_2010_27122021.pdf": 11.970496144830317, "C.M.A._3221_2012.pdf": 43.89181919771116, "Crl.A._465_2015.pdf": 3.9901653816101055, "crl.p._705_2023.pdf": 3.9901653816101055, "c.a._1295_2019.pdf": 3.9901653816101055, "crl.p._1023_2020.pdf": 3.9901653816101055, "crl.p._209_2018.pdf": 3.9901653816101055, "const.p.115_2011.pdf": 3.9901653816101055, "const.p._9_2010.pdf": 11.970496144830317, "J.P.No.56of2005.pdf": 3.9901653816101055, "c.a._458_2017.pdf": 3.9901653816101055, "crl.a_413-414_2013_18.02.2014.pdf": 15.960661526440422, "Crl.O.P._57_2015_Additional_Note.pdf": 11.970496144830317, "CMA2745of2009etc.pdf": 3.9901653816101055, "const.p._9_2010_28122021.pdf": 11.970496144830317, "c.p._6482_2021.pdf": 3.9901653816101055, "c.p._800_p_2019.pdf": 3.9901653816101055, "c.a._154_l_2018.pdf": 7.980330763220211, "Const.P.20of2013-dt-28-6-2013.pdf": 7.980330763220211, "c.a._329_2022.pdf": 3.9901653816101055, "SMCNo25of2009.pdf": 31.921323052880844, "Crl.A._582_2018.pdf": 11.970496144830317, "crl.p._440_2022 .pdf": 3.9901653816101055, "Crl.A._218_2015.pdf": 3.9901653816101055, "Crl.A_6_P_2010.pdf": 3.9901653816101055, "c.a._1547_2019.pdf": 3.9901653816101055, "crl.p._566_2021.pdf": 3.9901653816101055, "C.A._622 _2008.pdf": 3.9901653816101055, "const.p._5_2024.pdf": 3.9901653816101055, "const.p._10_2019.pdf": 3.9901653816101055, "C.A._946_2014.pdf": 7.980330763220211, "Crl.O.P._57_2015_DN.pdf": 3.9901653816101055}, "cutoff": {"c.a._465_2021.pdf": 4.079112867626602, "c.p._852_2020.pdf": 8.158225735253204, "C.R.P._49_2016.pdf": 4.079112867626602, "Const.P._38_2016.pdf": 4.079112867626602, "NRO_Judgment.pdf": 4.079112867626602, "c.p._2537_2020.pdf": 4.079112867626602, "C.R.P._125_2014.pdf": 12.237338602879806, "c.a._864_2017.pdf": 4.079112867626602, "ca.a_239_2020.pdf": 4.079112867626602, "c.a._108_2015.pdf": 4.079112867626602, "c.p._1026_l_2019.pdf": 20.39556433813301, "c.a._730_2015.pdf": 16.316451470506408, "c.a._389_2015.pdf": 8.158225735253204, "c.p.614_p_2022.pdf": 4.079112867626602, "c.a._230_2016.pdf": 36.71201580863942, "C.A._1291_2005.pdf": 20.39556433813301, "c.a._249_2020.pdf": 8.158225735253204, "c.a._759_2020.pdf": 24.474677205759612, "c.p._3157_2022.pdf": 8.158225735253204,