{"cv": {"const.p.42of2011(UrduVersion).pdf": 23.577611337059402, "const.p.42of2011.pdf": 23.577611337059402, "h.r.c_11827_s_2018.pdf": 23.577611337059402, "Const.P.91of2011Dt-23-8-2012.pdf": 11.788805668529701, "Const.P.73of2011.pdf": 5.8944028342648505, "c.p._1165_2021.pdf": 5.8944028342648505, "H.R.C._3654_2018.pdf": 11.788805668529701}}