{"cvc": {"const.p.42of2011.pdf": 21.441497408280654, "Crl.O.P.6of2012.pdf": 7.1471658027602185}, "cvcn": {"c.p._1972_l_2017.pdf": 7.840312983320164}}