{"cvs": {"const.p.42of2011.pdf": 12.461750141772127, "C.A._77_2015.pdf": 6.230875070886063, "h.r.c_11827_s_2018.pdf": 18.69262521265819, "Const.P.59of2011.pdf": 43.61612549620244, "crl.a.264_2006.pdf": 24.923500283544254}}