{"cvt": {"c.p._3224_2019.pdf": 154.89644693280655, "c.r.p._421_2020_dissenting_notes.pdf": 12.908037244400546, "c.r.p._421_2020.pdf": 12.908037244400546, "C.R.P._412_2014.pdf": 6.454018622200273}}