{"cw": {"crl.s.m.r.p._84_2018.pdf": 5.201255653704905, "Crl.A._39_L_2015.pdf": 31.20753392222943, "C.R.P._125_2014.pdf": 67.61632349816377, "Crl.A._39_L_2015_Urdu.pdf": 10.40251130740981, "c.p._132_p_2021.pdf": 5.201255653704905, "crl.p._499_2019.pdf": 5.201255653704905, "const.p.115_2011.pdf": 15.603766961114715, "c.a._759_2020.pdf": 10.40251130740981, "j.p._34_2020.pdf": 5.201255653704905, "C.R.P.193of2013.pdf": 67.61632349816377, "C.A._1213_2015.pdf": 5.201255653704905, "Crl.A._75_L_2017.pdf": 5.201255653704905, "c.a._597_2020.pdf": 5.201255653704905, "c.p._5718_2021.pdf": 10.40251130740981}}