{"cws": {"crl.p._1710_l_2017.pdf": 6.048553514092109, "j.p._557_2016.pdf": 6.048553514092109, "crl.p._1802_l_2017.pdf": 6.048553514092109, "j.p._943_2017.pdf": 6.048553514092109, "j.p._355_2018.pdf": 6.048553514092109, "crl.p._1152_2020.pdf": 6.048553514092109}}