{"cxccption": {"c.a._1295_2019.pdf": 7.840312983320164}, "cxcess": {"c.a._433_2015.pdf": 7.840312983320164}}