{"cxi": {"c.p._2243_l_2019.pdf": 19.36205586660082, "Crl.A.140of2005.pdf": 25.816074488801092, "Const.Petition.24_2011_dt02062011.pdf": 12.908037244400546, "crl.a.264_2006.pdf": 6.454018622200273}, "cxiste": {"c.a._799_2021.pdf": 7.840312983320164}, "cxiii": {"crl.p._35_q_2017.pdf": 15.680625966640328}}