{"cyanide": {"Const.P._29_2016.pdf": 7.840312983320164}, "cyan": {"h.r.c_11827_s_2018.pdf": 258.73032844956543}, "cyanamid": {"Const.P.No.33and34of2005-dt-27-6-2013.pdf": 7.840312983320164}}