{"cycle": {"c.p._303_2019.pdf": 4.749270529961848, "Const.P.31of2011etc.pdf": 28.495623179771087, "const.p.42of2011.pdf": 4.749270529961848, "SMC16of2011_detailed_judgment.pdf": 14.247811589885544, "Crl.O.P.96_12_Altaf_Hussain _1.pdf": 9.498541059923696, "c.p._943_k_2022.pdf": 4.749270529961848, "const.p._2_2022_14102022.pdf": 42.74343476965663, "c.p._1290_l_2019.pdf": 9.498541059923696, "const.p.115_2011.pdf": 4.749270529961848, "c.p._2916_2019.pdf": 4.749270529961848, "c.a._171_2019.pdf": 4.749270529961848, "s.m.c._1_2023_12062023.pdf": 14.247811589885544, "s.m.c._1_2020_08062020.pdf": 4.749270529961848, "Const.P.50-69of2011.pdf": 9.498541059923696, "C.A._1242_2013.pdf": 4.749270529961848, "C.M.A._376-K_2014.pdf": 4.749270529961848, "c.a._329_2022.pdf": 4.749270529961848, "C.P._423_K_2015.pdf": 18.99708211984739, "S.M.C.16of2011dt-22-3-2013.pdf": 4.749270529961848, "Const.P._134_2012_21012019.pdf": 4.749270529961848, "C.P._423-K_2015.pdf": 18.99708211984739, "c.p._1965_2019.pdf": 4.749270529961848}, "cycling": {"crl.a._251_2020.pdf": 7.1471658027602185, "C.A.368TO370OF2011.pdf": 7.1471658027602185}, "cyclopedia": {"Const.P._36_2016_dt_15_12_2017.pdf": 7.840312983320164}, "cyclist": {"SMC16of2011_detailed_judgment.pdf": 6.741700694652055, "C.M.A._3221_2012.pdf": 13.48340138930411, "SMCNo25of2009.pdf": 6.741700694652055}, "cyclopaedic": {"crl.a._528_2019.pdf": 7.840312983320164}, "cyclical": {"const.p._2_2022_14102022.pdf": 23.52093894996049}, "cyclic": {"const.p._2_2022_14102022.pdf": 7.1471658027602185, "C.M.A._8215_2016.pdf": 7.1471658027602185}, "cyclostyled": {"const.p.37_2012_final.pdf": 7.1471658027602185, "c.a._179_2016.pdf": 7.1471658027602185}, "cyclically": {"C.P._145_2015.pdf": 7.840312983320164}, "cyclostyle": {"c.a._30_l_2018.pdf": 7.840312983320164}, "cyclone": {"const.p._42_2022_07032024.pdf": 7.840312983320164}}