{"cyprus": {"ConstitutionPetitionNo21OF2007.pdf": 6.454018622200273, "Const.P.12of2010.pdf": 12.908037244400546, "s.m.c._1_2022_detailed.pdf": 12.908037244400546, "Const.P.87of2011.pdf": 12.908037244400546}, "cypriot": {"Const.P.87of2011[UrduVersion].pdf": 7.840312983320164}, "cypher": {"s.m.c._1_2022_detailed.pdf": 219.43663315480927, "c.m.appeal._44_2022.pdf": 19.36205586660082, "crl.p._1276_2023.pdf": 12.908037244400546, "s.m.c._1_2022_note_hj4.pdf": 12.908037244400546}}