{"czech": {"Const.P.12of2010.pdf": 7.1471658027602185, "Const.P._29_2016.pdf": 7.1471658027602185}}