{"da": {"c.a._1476_2018_urdu.pdf": 4.8445807097661735, "c.p._1193_2020.pdf": 4.8445807097661735, "crl.a._251_2020.pdf": 4.8445807097661735, "c.a._803_2016.pdf": 4.8445807097661735, "S.M.C.16of2011dt.4.4.2013.pdf": 4.8445807097661735, "Const.PetitionNo.77of2010_12.10.2012.pdf": 4.8445807097661735, "Crl.A._39_L_2015_Urdu.pdf": 4.8445807097661735, "c.a._431_2021_07072023.pdf": 9.689161419532347, "Const.P.77of2010_dt_27-8-2013.pdf": 4.8445807097661735, "j.p._262_2015.pdf": 9.689161419532347, "crl.a._531_2019.pdf": 4.8445807097661735, "c.a._1010_2020.pdf": 19.378322839064694, "SMC16of2011-dt.5.4.2013.pdf": 4.8445807097661735, "J.P._217_2017.pdf": 4.8445807097661735, "smc.16of2011.pdf": 4.8445807097661735, "C.A._843_2012.pdf": 4.8445807097661735, "SMC16-2011_ord_dt_30-8-13.pdf": 4.8445807097661735, "c.a._661_2018.pdf": 9.689161419532347, "S.M.C.16of2011dt-22-3-2013.pdf": 4.8445807097661735, "clr.a._250_2020.pdf": 4.8445807097661735}}