{"daak": {"Const.P_6of2011.pdf": 15.680625966640328}, "daang": {"Crl.A.13-14-15and16of2004and53of2011.pdf": 7.840312983320164}}