{"dabble": {"Const.P.12of2010.pdf": 7.1471658027602185, "ref._2_2022_13092023_2.pdf": 7.1471658027602185}, "dable": {"HRC7734-G_1003-GOF2009[AllegedCorruptionInRentalPowerPlants].pdf": 7.840312983320164}}