{"dacca": {"Const.P.127of2012.pdf": 7.856579955784036, "ConstitutionPetitionNo21OF2007.pdf": 7.856579955784036, "Const.P.40of2012-DetailJudgment[UrduTranslation]-dt-3.7.2012.pdf": 3.928289977892018, "Const.P.12of2010.pdf": 11.784869933676054, "Const.P._29_2016.pdf": 3.928289977892018, "c.p._2824_2019.pdf": 3.928289977892018, "SMC16of2011_detailed_judgment.pdf": 3.928289977892018, "c.p._1517_2022.pdf": 3.928289977892018, "CJD_Reference by_the_President_of_Pakistan_under_Article_186.pdf": 11.784869933676054, "c.p._2144_l_2011.pdf": 7.856579955784036, "C.P._3460_2015.pdf": 7.856579955784036, "JR_Detailed_Judgment_in_Graduation_Qualification_Case.pdf": 3.928289977892018, "c.r.p._296_2020_29012022.pdf": 11.784869933676054, "c.r.p._296_2020_04022022.pdf": 3.928289977892018, "JR_Detailed_Judgment_in_Referendum_Case.pdf": 15.713159911568072, "C.A._1171_2017.pdf": 7.856579955784036, "Crl.M.A_183_2019.pdf": 3.928289977892018, "c.m.a.no20&21of2009.pdf": 3.928289977892018, "c.p._2682_2022.pdf": 3.928289977892018, "crl.a._270_l_2012.pdf": 3.928289977892018, "C.A._2564_2001.pdf": 11.784869933676054, "c.a._1095_2018_13092019.pdf": 3.928289977892018, "const.p._21_2022_30102023.pdf": 11.784869933676054, "c.a._2433_2016.pdf": 3.928289977892018, "C.A._1890_2002.pdf": 3.928289977892018, "c.p._5620_2021.pdf": 3.928289977892018, "Const.P._29_2017.pdf": 11.784869933676054, "C.A._1264_2006.pdf": 7.856579955784036, "c.r.p._420_2016.pdf": 3.928289977892018, "C.P._4876_2018.pdf": 7.856579955784036, "const.p._24_2023_f.pdf": 11.784869933676054, "S.M.C._8_2018.pdf": 3.928289977892018, "CMA2745of2009etc.pdf": 7.856579955784036, "c.p._4294_2019.pdf": 3.928289977892018, "const.p._17_2020_dissenting_note_hj4.pdf": 3.928289977892018, "C.A._204-L_2015.pdf": 3.928289977892018, "JR_Varan_Case.pdf": 3.928289977892018, "c.a._1113_2017.pdf": 3.928289977892018, "Crl.O.P.6of2012.pdf": 7.856579955784036, "ca679-lof2012.pdf": 3.928289977892018, "c.a._326_l_2020.pdf": 7.856579955784036, "c.p._3587_2020.pdf": 3.928289977892018, "C.A._1049_2011.pdf": 3.928289977892018, "crl.a._154_l_2013.pdf": 3.928289977892018, "C.A._150_2006.pdf": 15.713159911568072, "c.p._3747_2023.pdf": 3.928289977892018, "c.p._1854_l_2022.pdf": 3.928289977892018, "CJD_Section 2-A_Case_as_on_26_06_2006.pdf": 7.856579955784036, "C.A._622 _2008.pdf": 7.856579955784036, "JR_Fecto_Belarus_Tractor_Limited_Case.pdf": 15.713159911568072}, "dacoit": {"Crl.A._190_2016.pdf": 10.550727251717255, "SMC16of2011_detailed_judgment.pdf": 10.550727251717255, "crl.a._95_2019.pdf": 10.550727251717255, "Crl.A._126_2010.pdf": 5.275363625858628, "crl.p._982_l_2022.pdf": 5.275363625858628, "crl.p._910_2022 .pdf": 5.275363625858628, "crl.p._622_2020.pdf": 5.275363625858628, "Crl.A._466_2017.pdf": 5.275363625858628, "smc.16of2011.pdf": 5.275363625858628, "Crl.A._37_L_2016.pdf": 10.550727251717255, "I.C.A._4_2017.pdf": 5.275363625858628, "S.M.C.16of2011dt-22-3-2013.pdf": 5.275363625858628, "crl.a._363_2021.pdf": 58.0289998844449}, "dacoity": {"NRO_Judgment.pdf": 4.795790545596741, "j.p._405_2021.pdf": 139.0779258223055, "Const.PetitionNo.77of2010_12.10.2012.pdf": 4.795790545596741, "S.J.C_347_2018.PDF": 4.795790545596741, "SMC16of2011_detailed_judgment.pdf": 9.591581091193483, "crl.a._95_2019.pdf": 9.591581091193483, "crl.p._188_p_2023.pdf": 9.591581091193483, "JR_Detailed_Judgment_in_Graduation_Qualification_Case.pdf": 4.795790545596741, "j.p._403_2018.pdf": 4.795790545596741, "crl.p._994_2022.pdf": 4.795790545596741, "crl.p._910_2022 .pdf": 19.183162182386965, "crl.p._879_2021.pdf": 4.795790545596741, "c.a._1772_2008.pdf": 14.387371636790224, "Crl.A._466_2017.pdf": 4.795790545596741, "c.a._648_2021.pdf": 14.387371636790224, "j.p._417_2019.pdf": 9.591581091193483, "Crl.P.No.426of2009&Crl.A.No.pdf": 23.978952727983707, "j.p._24_2016.pdf": 4.795790545596741, "c.p._287_p_2016.pdf": 9.591581091193483, "Crl.A._128_2010.pdf": 14.387371636790224, "crl.a._363_2021.pdf": 110.30318254872505}, "daca": {"c.a._53_2015.pdf": 7.840312983320164}, "dac": {"Const.P.33_2013.pdf": 23.52093894996049}}