{"daeera": {"ConstitutionPetitionNo21OF2007.pdf": 7.840312983320164}, "dae": {"c.p._132_p_2021.pdf": 18.145660542276328, "c.p._271_2021.pdf": 181.4566054227633, "C.A._1184_2011.pdf": 6.048553514092109, "C.P._2066_2013.pdf": 6.048553514092109, "ICA3,4,6TO11of2011dt2011.04.pdf": 6.048553514092109, "c.p._4806_2019.pdf": 54.43698162682898}, "daewoo": {"C.A._493_2011.pdf": 23.577611337059402, "c.p._3282_l_2022.pdf": 11.788805668529701, "C.A._616_2006.pdf": 5.8944028342648505, "const.p._21_2023_11082023.pdf": 5.8944028342648505, "C.A._158_2006.pdf": 5.8944028342648505, "C.A._767_2014.pdf": 5.8944028342648505, "c.a._1003_2019.pdf": 5.8944028342648505}, "daes": {"c.p._271_2021.pdf": 15.680625966640328}, "daesh": {"crl.p._29_k_2022.pdf": 47.04187789992098}}