{"daly": {"crl.a._251_2020.pdf": 6.230875070886063, "c.p._3637_2019.pdf": 6.230875070886063, "crl.p._916_l_2021.pdf": 6.230875070886063, "c.p._1347_2019.pdf": 6.230875070886063, "ICA3,4,6TO11of2011dt2011.04.pdf": 6.230875070886063}, "dal": {"C.M.A._3854_2014_dt_17-04-2015.pdf": 12.461750141772127, "Const.P._29_2016.pdf": 18.69262521265819, "CJD_Reference by_the_President_of_Pakistan_under_Article_186.pdf": 12.461750141772127, "S.M.C.16of2011dt-22-3-2013.pdf": 12.461750141772127, "crl.p._742_l_2019.pdf": 6.230875070886063}, "dalton": {"C.A._104-L_2015.pdf": 7.840312983320164}, "dalmia": {"Const.P.77-78-79 [Memogate]DetailedOrder.pdf": 7.1471658027602185, "c.p._677_k_2019.pdf": 7.1471658027602185}, "dalat": {"s.m.c.12_2015.pdf": 7.840312983320164}, "dalda": {"c.p._5599_2021.pdf": 7.1471658027602185, "c.a._1692_2021.pdf": 7.1471658027602185}, "dalip": {"c.a._446_2021.pdf": 7.840312983320164}, "dale": {"c.a.32_k_2018.pdf": 7.840312983320164}, "dalsukhram": {"c.a._1772_2008.pdf": 7.840312983320164}, "dalco": {"reference_1_2020.pdf": 7.840312983320164}, "dall": {"h.r.c._20883_2018.pdf": 7.840312983320164}, "dalbandin": {"crl.m.appeal._30_2022.pdf": 14.294331605520437, "C.A._1023_2016.pdf": 14.294331605520437}, "dallah": {"c.a._1547_2019.pdf": 7.840312983320164}, "daluram": {"c.a._1547_2019.pdf": 7.840312983320164}, "dalit": {"c.p._4570_2019.pdf": 7.840312983320164}}