{"damage": {"Crl.A._24_2010.pdf": 2.3892745297544637, "c.m.a.4343_2014_etc_with_urdu_translation.pdf": 2.3892745297544637, "Const.P.127of2012.pdf": 2.3892745297544637, "ConstitutionPetitionNo21OF2007.pdf": 4.7785490595089275, "CPs.10-18of2011.pdf": 2.3892745297544637, "Crl.P._9-P_2016.pdf": 2.3892745297544637, "crl.p._149_l_2022.pdf": 2.3892745297544637, "Crl.P._1188_2016.pdf": 2.3892745297544637, "S.M.C._28_2018.pdf": 4.7785490595089275, "const.p.42of2011(UrduVersion).pdf": 2.3892745297544637, "C.R.P._49_2016.pdf": 2.3892745297544637, "crl.a._400_2019.pdf": 11.946372648772318, "H.R.C._18877_2018_03072019.pdf": 2.3892745297544637, "c.p._1331_l_2017.pdf": 2.3892745297544637, "Const.P._38_2016.pdf": 7.167823589263391, "C.A._90_2011_UrduVersion.pdf": 2.3892745297544637, "Crl.A._609_2014.pdf": 2.3892745297544637, "SMC15OF2009.pdf": 2.3892745297544637, "Crl.A._39_L_2015.pdf": 2.3892745297544637, "Crl.O.P_57_2015.pdf": 4.7785490595089275, "NRO_Judgment.pdf": 11.946372648772318, "c.p._2537_2020.pdf": 2.3892745297544637, "Const.P.40of2012-DetailJudgment[UrduTranslation]-dt-3.7.2012.pdf": 2.3892745297544637, "c.p._3436_l_2022.pdf": 4.7785490595089275, "Const.P.12of2010.pdf": 52.564039654598204, "C.A._104-L_2015.pdf": 2.3892745297544637, "Const.P.33_2013.pdf": 4.7785490595089275, "Const.P._29_2016.pdf": 7.167823589263391, "C.R.P._125_2014.pdf": 4.7785490595089275, "smc.18_2010_final.pdf": 2.3892745297544637, "Const.P.77of2012[DetailedOrderFinal].pdf": 2.3892745297544637, "C.A._697_2008.pdf": 2.3892745297544637, "Urdu-Const.P-77-2010-12.10.2012.pdf": 2.3892745297544637, "crl.p._907_2020.pdf": 2.3892745297544637, "crl.a._599_2020_26032021.pdf": 2.3892745297544637, "Const.P._36_2016_dt_15_12_2017.pdf": 2.3892745297544637, "S.J.C_347_2018.PDF": 2.3892745297544637, "C.A._233_2015.pdf": 2.3892745297544637, "const.p._19_2022_01062022.pdf": 11.946372648772318, "crl.p._883_l_2022_urdu.pdf": 2.3892745297544637, "S.M.C.24of2010[urdu-version].pdf": 4.7785490595089275, "CPLA_796_2007_ETC_SHORT_ORDER_REKO_DIQ_CASE.pdf": 2.3892745297544637, "Const.P.NO.62OF2010_orderdt06062011.pdf": 93.18170666042408, "H.R.C.19of1996[AsgharKhanCase]DetailedReasonsUrduTranslation.pdf": 7.167823589263391, "const.p._24_to_26_of_2023_04072023.pdf": 2.3892745297544637, "c.a._371_2020.pdf": 172.02776614232138, "crl.p._916_l_2021.pdf": 7.167823589263391, "SMC16of2011_detailed_judgment.pdf": 9.557098119017855, "crl.a._95_2019.pdf": 33.449843416562494, "c.a._601_2019.pdf": 2.3892745297544637, "CP778-779.pdf": 2.3892745297544637, "smc.11_2011.pdf": 9.557098119017855, "c.a._108_2015.pdf": 2.3892745297544637, "H.R.C.19of1996[AsgharKhanCase]DetailedReasons.pdf": 4.7785490595089275, "Const.P.46of2013-dt-27-12-2013.pdf": 9.557098119017855, "Const.P.77-78-79 [Memogate]DetailedOrder.pdf": 11.946372648772318, "C.P.796of2007-dt-10-5-2013.pdf": 9.557098119017855, "crl.a._03_p_2017.pdf": 2.3892745297544637, "Lal-masjid-04.12.2012.pdf": 4.7785490595089275, "CJD_Reference by_the_President_of_Pakistan_under_Article_186.pdf": 7.167823589263391, "Const.P.56_2003_U_dt_8-9-2015.pdf": 4.7785490595089275, "Crl.O.P.89of2011.pdf": 4.7785490595089275, "Const.P.5of2013.pdf": 2.3892745297544637, "crl.p._883_l_2022.pdf": 2.3892745297544637, "Crl.P.163_to_171_S.M.C.5_2005.pdf": 2.3892745297544637, "C.A._1406_2016.pdf": 2.3892745297544637, "c.a._797_2017.pdf": 11.946372648772318, "c.p._1057_2019.pdf": 11.946372648772318, "C.M.A._3221_2012.pdf": 2.3892745297544637, "crl.p._493_2021.pdf": 2.3892745297544637, "Supreme_Judicial_Council_242_2015.pdf": 2.3892745297544637, "c.a._929_2017.pdf": 26.282019827299102, "C.P._2093_2015.pdf": 28.671294357053565, "const.p._24_2017.pdf": 2.3892745297544637, "c.p._2580_2020.pdf": 74.06751042238838, "c.a._1494_2017.pdf": 9.557098119017855, "Crl.A._104_2010.pdf": 14.335647178526782, "const.p.1_ 2012_etc.pdf": 7.167823589263391, "c.u.o._18_2024_dt_21_02_2024.pdf": 2.3892745297544637, "c.p._419_2020.pdf": 4.7785490595089275, "c.a._315_2022.pdf": 2.3892745297544637, "c.a._1355_2006.pdf": 4.7785490595089275, "C.A._1519_2013.pdf": 2.3892745297544637, "Const.P.No.10 of2013-Dt-25-3-2013.pdf": 2.3892745297544637, "Const.P.77of2010_dt_27-8-2013.pdf": 4.7785490595089275, "C.A._493_2011.pdf": 2.3892745297544637, "c.p._609_2020.pdf": 2.3892745297544637, "c.a._251_2015.pdf": 2.3892745297544637, "h.r.c._13316_p_2018.pdf": 2.3892745297544637, "JR_Detailed_Judgment_in_Graduation_Qualification_Case.pdf": 4.7785490595089275, "crl.p._54_p_2012.pdf": 2.3892745297544637, "c.p._3506_2020.pdf": 2.3892745297544637, "const.p.6_2023.pdf": 2.3892745297544637, "c.r.p._296_2020_29012022.pdf": 9.557098119017855, "C.A._2105_2008.pdf": 14.335647178526782, "Const.P.39of2007-dt-25-6-2013.pdf": 2.3892745297544637, "c.a._10_k_2019.pdf": 2.3892745297544637, "c.p._1123_2020.pdf": 7.167823589263391, "c.a._2150_2019.pdf": 14.335647178526782, "crl.p._230_2019.pdf": 2.3892745297544637, "c.p._2_2022_dissenting_note2.pdf": 2.3892745297544637, "c.p._223_p_2012.pdf": 2.3892745297544637, "c.p._943_k_2022.pdf": 23.892745297544636, "HRC-4668of2006.pdf": 2.3892745297544637, "c.a._538_2022.pdf": 4.7785490595089275, "C.A._185_2015.pdf": 2.3892745297544637, "const.p._2_2022_14102022.pdf": 4.7785490595089275, "c.a._18_k_2020.pdf": 28.671294357053565, "C.A._27_2009.pdf": 7.167823589263391, "C.A._26_2009.pdf": 19.11419623803571, "c.p._3447_2022.pdf": 2.3892745297544637, "c.p._1290_l_2019.pdf": 4.7785490595089275, "C.A._300_2017.pdf": 4.7785490595089275, "c.a._232_2020.pdf": 2.3892745297544637, "c.a._45_l_2018.pdf": 9.557098119017855, "const.p.115_2011.pdf": 69.28896136287945, "c.a._1833_2019.pdf": 7.167823589263391, "c.a._444_2017.pdf": 11.946372648772318, "c.m.a._4821_2018.pdf": 2.3892745297544637, "i.c.a._1_2024_15032024.pdf": 2.3892745297544637, "c.p._1483_l_2018.pdf": 2.3892745297544637, "c.p._2056_2022.pdf": 2.3892745297544637, "C.A._2564_2001.pdf": 2.3892745297544637, "C.R.P.193of2013.pdf": 4.7785490595089275, "crl.a.19of2012.pdf": 2.3892745297544637, "c.p._593_2020.pdf": 19.11419623803571, "c.p._3203_2017.pdf": 4.7785490595089275, "const.p.37_2012_final.pdf": 19.11419623803571, "h.r.c._8157_p_2023.pdf": 2.3892745297544637, "crl.sh.a._23_2017.pdf": 2.3892745297544637, "crl.p._763_l_2016.pdf": 2.3892745297544637, "Const.P.46and47of2010.pdf": 11.946372648772318, "const.p._17_2019_detailed_reasoning.pdf": 4.7785490595089275, "C.A._616_2006.pdf": 4.7785490595089275, "C.A._307-L_2015.pdf": 2.3892745297544637, "s.m.c._1_2023_27032023.pdf": 7.167823589263391, "c.p._3795_2021.pdf": 2.3892745297544637, "c.p._1444_2019.pdf": 4.7785490595089275, "c.p._4500_2017.pdf": 2.3892745297544637, "c.a._547_2012.pdf": 21.503470767790173, "C.A._654_2010.pdf": 4.7785490595089275, "Crl.A._103_2010.pdf": 2.3892745297544637, "c.p._2314_2022_dn.pdf": 2.3892745297544637, "J.P.No.56of2005.pdf": 2.3892745297544637, "reference._2_2022.pdf": 2.3892745297544637, "C.P._1191_2017.pdf": 9.557098119017855, "c.a._140_l_2015.pdf": 9.557098119017855, "i.c.a._1_2024_1502024_an.pdf": 2.3892745297544637, "cr.p.no.197_k_2019.pdf": 2.3892745297544637, "c.a._ 870_2020.pdf": 2.3892745297544637, "crl.a._597_2018_dt_25_01_2024.pdf": 7.167823589263391, "const.p._32_2023_03nov2023.pdf": 2.3892745297544637, "c.p._2045_2019.pdf": 2.3892745297544637, "Const.P.91of2011Dt-23-8-2012.pdf": 2.3892745297544637, "const.p._42_2022_07032024.pdf": 19.11419623803571, "Crl.A._274_2006.pdf": 2.3892745297544637, "c.p._5632_2021.pdf": 7.167823589263391, "crl.a._633_2019_15092023.pdf": 4.7785490595089275, "Const.P._72_2015.pdf": 2.3892745297544637, "reference_1_2020.pdf": 4.7785490595089275, "CMA2745of2009etc.pdf": 2.3892745297544637, "C.A.39_2010.pdf": 9.557098119017855, "c.p._280_k_2019.pdf": 2.3892745297544637, "c.p._5796_2021.pdf": 2.3892745297544637, "H.R.C._39216_G_2018.pdf": 2.3892745297544637, "C.P._3186_2017.pdf": 23.892745297544636, "c.p._3209_2020.pdf": 4.7785490595089275, "c.p._800_p_2019.pdf": 2.3892745297544637, "const.p._32_2023_additional_note.pdf": 100.34953024968748,