{"daze": {"C.M.A._376-K_2014.pdf": 7.840312983320164}, "dazzle": {"C.M.A._376-K_2014.pdf": 7.1471658027602185, "c.m.a._1243_2021.pdf": 7.1471658027602185}}