{"db": {"c.p._620_2021.pdf": 4.406325778835018, "Crl.A._39_L_2015.pdf": 4.406325778835018, "S.J.C_347_2018.PDF": 4.406325778835018, "j.p._147_2016.pdf": 13.218977336505052, "smc.11_2011.pdf": 4.406325778835018, "Crl.A._39_L_2015_Urdu.pdf": 4.406325778835018, "c.p._2144_l_2011.pdf": 4.406325778835018, "crl.a._297_2020.pdf": 4.406325778835018, "c.p._3506_2020.pdf": 4.406325778835018, "const.p._6_2023_07032024.pdf": 13.218977336505052, "c.a._17_l_2019.pdf": 35.25060623068014, "C.A._1560_2008.pdf": 4.406325778835018, "c.p._5918_2021.pdf": 4.406325778835018, "c.a._982_2018_19022024.pdf": 4.406325778835018, "c.a._1095_2018_13092019.pdf": 8.812651557670035, "const.p._21_2022_30102023.pdf": 4.406325778835018, "SMC.13-2009.pdf": 4.406325778835018, "c.p._1159_2019.pdf": 8.812651557670035, "c.p._1171_2021.pdf": 13.218977336505052, "c.p._1496_k_2021.pdf": 4.406325778835018, "J.P._217_2017.pdf": 4.406325778835018, "c.a._982_2018_19022024_2.pdf": 4.406325778835018, "crl.a._239_2020.pdf": 4.406325778835018, "c.a._1011_2016.pdf": 8.812651557670035, "c.p._409_l_2021.pdf": 8.812651557670035, "c.p._2000_l_2020.pdf": 8.812651557670035, "j.p._300_2022.pdf": 4.406325778835018, "c.a._722_2012.pdf": 4.406325778835018, "crl.p._742_l_2019.pdf": 17.62530311534007, "const.p._5_2023_detailed_reasons.pdf": 8.812651557670035, "c.p._3249_2015.pdf": 4.406325778835018}}