{"dba": {"C.P.796of2007-UrduTranslation-dt-10-5-2013.pdf": 11.28617681196789, "C.P.796of2007-dt-10-5-2013.pdf": 11.28617681196789, "const.p._24_2023_an_10012024_r.pdf": 101.57559130771101, "const.p._6_2023_07032024.pdf": 5.643088405983945, "Const.P.115-2012etc.pdf": 5.643088405983945, "const.p.20_2013.pdf": 5.643088405983945, "const.p._24_2023_f.pdf": 101.57559130771101, "reference_1_2020.pdf": 5.643088405983945, "Const.P.20of2013-dt-28-6-2013.pdf": 5.643088405983945}}