{"dc": {"Const.P._38_2016.pdf": 4.544476117315835, "Crl.A._39_L_2015.pdf": 4.544476117315835, "Const.P.87of2011[UrduVersion].pdf": 4.544476117315835, "C.A._2215_2006.pdf": 9.08895223463167, "Urdu-Const.P-77-2010-12.10.2012.pdf": 9.08895223463167, "Const.P._36_2016_dt_15_12_2017.pdf": 4.544476117315835, "Crl.A._39_L_2015_Urdu.pdf": 4.544476117315835, "C.P.796of2007-dt-10-5-2013.pdf": 4.544476117315835, "const.p._9_2010_27122021.pdf": 4.544476117315835, "s.m.c._1_2020.pdf": 4.544476117315835, "Const.P.87of2011.pdf": 4.544476117315835, "s.m.c._01_2020_04052020.pdf": 4.544476117315835, "c.p._3282_l_2022.pdf": 4.544476117315835, "H.R.C._69229_P_2018.pdf": 4.544476117315835, "const.p._9_2010.pdf": 9.08895223463167, "s.m.c._1_2020_20042020.pdf": 9.08895223463167, "crl.p._513_2020.pdf": 4.544476117315835, "crl.a._475_2019.pdf": 4.544476117315835, "smc.16of2011.pdf": 13.633428351947504, "crl.p._225_2023.pdf": 9.08895223463167, "C.M.A._376-K_2014.pdf": 9.08895223463167, "S.M.C.16of2011dt-22-3-2013.pdf": 9.08895223463167, "s.m.c._1_2020_25062020.pdf": 4.544476117315835, "c.p._3797_2020.pdf": 4.544476117315835, "c.p._6_l_2023.pdf": 4.544476117315835, "c.a._248_2014.pdf": 4.544476117315835, "C.P._1476_2016.pdf": 18.17790446926334}}