{"dccrce": {"c.a._1295_2019.pdf": 7.840312983320164}, "dcclaration": {"c.a._1295_2019.pdf": 7.840312983320164}, "dccd": {"c.a._1295_2019.pdf": 23.52093894996049}, "dcc": {"c.a._1474_2015.pdf": 15.680625966640328}}