{"dcf": {"CJD_Pakistan_Steel_Mills_Case.pdf": 50.03016061932153, "Const.P.5and15-HRC14144-DetailedReasons.pdf": 21.441497408280654}}