{"dcit": {"c.p._283_l_2018.pdf": 38.72411173320164, "c.p._1417_2022.pdf": 6.454018622200273, "C.A.876-879of2005.pdf": 6.454018622200273, "C.A._150_2006.pdf": 45.17813035540191}, "dcir": {"c.p._398_l_2018.pdf": 13.48340138930411, "C.A._1509_2016.pdf": 33.70850347326027, "c.r.p._432_k_2022.pdf": 20.225102083956166}}