{"ddo": {"crl.p._490_2019.pdf": 6.454018622200273, "const.p.37_2012_final.pdf": 12.908037244400546, "c.a._346_2020.pdf": 83.90224208860354, "c.p._469_l_2023.pdf": 6.454018622200273}}