{"debate": {"c.r.p._292_2021_sacked_employees.pdf": 25.118660940221982, "crl.p.240_2012.pdf": 6.279665235055496, "Const.P.127of2012.pdf": 3.139832617527748, "c.a._1476_2018_urdu.pdf": 3.139832617527748, "c.p._1193_2020.pdf": 3.139832617527748, "ConstitutionPetitionNo21OF2007.pdf": 9.419497852583243, "CPs.10-18of2011.pdf": 43.95765664538847, "Order-DNC-nd-note.pdf": 3.139832617527748, "JR_Judgment_on_Legal_Framework_Order_2002.pdf": 6.279665235055496, "S.M.C._28_2018.pdf": 6.279665235055496, "Const.P.31of2011etc.pdf": 3.139832617527748, "c.p._1331_l_2017.pdf": 3.139832617527748, "c.r.p._513_2014.pdf": 6.279665235055496, "NRO_Judgment.pdf": 6.279665235055496, "Const.P.40of2012-DetailJudgment[UrduTranslation]-dt-3.7.2012.pdf": 12.559330470110991, "C.A._3_2018_dt-14-9-2018.pdf": 3.139832617527748, "Const.P._50_2018.pdf": 3.139832617527748, "Const.P.12of2010.pdf": 175.83062658155387, "Const.P.87of2011[UrduVersion].pdf": 12.559330470110991, "AdditionalNoteConst.P.77of2012.pdf": 3.139832617527748, "Const.P.12of2010Urdu.pdf": 62.79665235055496, "Const.P._29_2016.pdf": 12.559330470110991, "Const.P.77of2012[DetailedOrderFinal].pdf": 21.978828322694234, "C.A._3_2018.pdf": 3.139832617527748, "S.J.C_347_2018.PDF": 3.139832617527748, "Const.P.30of2013.pdf": 6.279665235055496, "CPLA_796_2007_ETC_SHORT_ORDER_REKO_DIQ_CASE.pdf": 3.139832617527748, "Ref.01_2012_addl.note_HJ.ejaz_afzal_khan.pdf": 9.419497852583243, "Const.P.NO.62OF2010_orderdt06062011.pdf": 9.419497852583243, "H.R.C.19of1996[AsgharKhanCase]DetailedReasonsUrduTranslation.pdf": 6.279665235055496, "Const.P._97_2014.pdf": 3.139832617527748, "s.m.c._1_2022_detailed.pdf": 18.838995705166486, "SMC16of2011_detailed_judgment.pdf": 3.139832617527748, "crl.a._95_2019.pdf": 3.139832617527748, "REVIEW_P_46&47_2011_full.pdf": 15.69916308763874, "Const.Petition No.77of2010-08-12-2012.pdf": 3.139832617527748, "Const.P.40of2012-DetailJudgment-dt-3.7.2012.pdf": 3.139832617527748, "H.R.C.19of1996[AsgharKhanCase]DetailedReasons.pdf": 3.139832617527748, "smc_1_2014.pdf": 3.139832617527748, "JR_Judgment_on_17th_Amendmend_and_Presidents_Uniform_Case.pdf": 3.139832617527748, "C.P._45_2015.pdf": 3.139832617527748, "crp.328-329_2013.pdf": 3.139832617527748, "const.p._21_2022_15092023.pdf": 3.139832617527748, "Crl.O.P.89of2011.pdf": 12.559330470110991, "const.p.23of2012.pdf": 6.279665235055496, "Const.P_3_2014.pdf": 6.279665235055496, "s.m.c._4_2022_30mar2023.pdf": 3.139832617527748, "Crl.A._104_2010.pdf": 6.279665235055496, "C.R.P._561_2015_dt_04-02-2016.pdf": 3.139832617527748, "C.A._1042_2018.pdf": 3.139832617527748, "c.p._3923_2016.pdf": 3.139832617527748, "JR_Detailed_Judgment_in_Graduation_Qualification_Case.pdf": 3.139832617527748, "c.p._3506_2020.pdf": 3.139832617527748, "c.r.p._296_2020_29012022.pdf": 6.279665235055496, "crl.s.a.07_2011.pdf": 3.139832617527748, "const.p._6_2023_08052023.pdf": 3.139832617527748, "c.r.p._296_2020_04022022.pdf": 3.139832617527748, "c.p._2_2022_dissenting_note2.pdf": 3.139832617527748, "JR_Detailed_Judgment_in_Referendum_Case.pdf": 3.139832617527748, "Const.P.No.77of2012[ShortOrder2.8.2012].pdf": 3.139832617527748, "const.p._2_2022_14102022.pdf": 12.559330470110991, "c.r.p._255_2021.pdf": 18.838995705166486, "Const.P.87of2011.pdf": 9.419497852583243, "C.A._508_2017.pdf": 3.139832617527748, "Crl.A_04-K_2012.pdf": 3.139832617527748, "const.p.9_2014_detail_reasons.pdf": 3.139832617527748, "const.p._17_2020_dissenting_note_hj11.pdf": 3.139832617527748, "C.P._60_K_2018.pdf": 3.139832617527748, "c.a._45_l_2018.pdf": 3.139832617527748, "Crl.A._210_2015.pdf": 6.279665235055496, "Crl.A.140of2005.pdf": 3.139832617527748, "S.M.C._03_2017.pdf": 3.139832617527748, "c.a._1095_2018_13092019.pdf": 6.279665235055496, "c.r.p._292_2021_detailed.pdf": 6.279665235055496, "const.p._17_2019_detailed_reasoning.pdf": 12.559330470110991, "const.p._21_2022_30102023.pdf": 3.139832617527748, "const.p._21_2023_11082023.pdf": 6.279665235055496, "const.p._39_16122019.pdf": 12.559330470110991, "const.p_21_2022_dn.pdf": 3.139832617527748, "C.A.800Lof2013etc.pdf": 3.139832617527748, "c.a._513_2014.pdf": 3.139832617527748, "c.a._1476_2018.pdf": 3.139832617527748, "const.p.20_2013.pdf": 6.279665235055496, "const.p._6_2023_dt_05_01_2023.pdf": 6.279665235055496, "c.a._1113_2017_dissenting_note.pdf": 3.139832617527748, "c.r.p._420_2016.pdf": 3.139832617527748, "reference_1_2020.pdf": 3.139832617527748, "C.A.39_2010.pdf": 3.139832617527748, "c.p._42_2024_25012024.pdf": 3.139832617527748, "S.M.C14 of 2009.pdf": 3.139832617527748, "crl.p_1124_l_2015.pdf": 3.139832617527748, "const.p._32_2023_additional_note.pdf": 3.139832617527748, "Crl.P.No.426of2009&Crl.A.No.pdf": 3.139832617527748, "c.a._1113_2017.pdf": 3.139832617527748, "s.m.c._1_2023_07042023.pdf": 9.419497852583243, "s.m.c._4_2021_26082021.pdf": 3.139832617527748, "SMCNo25of2009.pdf": 6.279665235055496, "c.a._49_2022.pdf": 3.139832617527748, "Crl.A._496_2009.pdf": 3.139832617527748, "Const.P.73of2011.pdf": 3.139832617527748, "c.a._24_q_2014.pdf": 3.139832617527748, "H.R.C._17599_2018.pdf": 3.139832617527748, "const.p._39_2019.pdf": 12.559330470110991, "C.A._1049_2011.pdf": 3.139832617527748, "C.P._41_2008.pdf": 3.139832617527748, "C.P.784of2014.pdf": 3.139832617527748, "CJD_Section 2-A_Case_as_on_26_06_2006.pdf": 12.559330470110991, "C.A._622 _2008.pdf": 12.559330470110991, "CPs987-989OF2011-DT19.10.2011.pdf": 3.139832617527748, "crl.a.264_2006.pdf": 3.139832617527748}, "debenture": {"c.a._837_2011.pdf": 24.923500283544254, "Const.P._29_2016.pdf": 6.230875070886063, "c.p._4296_2019.pdf": 6.230875070886063, "C.A._441_2010.pdf": 6.230875070886063, "c.p._6117_2021.pdf": 6.230875070886063}, "debt": {"c.a._837_2011.pdf": 6.8917276572954504, "c.a._1476_2018_urdu.pdf": 6.8917276572954504, "C.R.P._297_2017_Reserved.pdf": 3.4458638286477252, "C.M.A.No.3685of2012-dt-17-1-2013.pdf": 13.783455314590901, "Const.P._29_2016_28072016.pdf": 3.4458638286477252, "Const.P._50_2018.pdf": 10.337591485943175, "Const.P.12of2010.pdf": 3.4458638286477252, "C.A._104-L_2015.pdf": 31.012774457829526, "Const.P.12of2010Urdu.pdf": 3.4458638286477252, "Const.P._29_2016.pdf": 24.121046800534078, "Const.P.77of2012[DetailedOrderFinal].pdf": 3.4458638286477252, "Const.P._36_2016_dt_15_12_2017.pdf": 3.4458638286477252, "C.M.A.No.1535and1536of2013.pdf": 6.8917276572954504, "Const.P.NO.62OF2010_orderdt06062011.pdf": 3.4458638286477252, "HRC7734-G_1003-GOF2009[UrduTranslation].pdf": 3.4458638286477252, "c.p._3236_2019.pdf": 44.796229772420425, "C.P.796of2007-dt-10-5-2013.pdf": 10.337591485943175, "Crl.A._382_2011.pdf": 3.4458638286477252, "c.a._2434_2016.pdf": 6.8917276572954504, "C.A._1406_2016.pdf": 17.229319143238627, "HRC7734-G_1003-GOF2009[AllegedCorruptionInRentalPowerPlants].pdf": 10.337591485943175, "c.p._1057_2019.pdf": 86.14659571619313, "c.p._381_k_2019.pdf": 6.8917276572954504, "C.A._1189_2014.pdf": 3.4458638286477252, "c.a._339_2016.pdf": 3.4458638286477252, "c.p._4296_2019.pdf": 3.4458638286477252, "c.a._502_2017.pdf": 3.4458638286477252, "c.p._1123_2020.pdf": 3.4458638286477252, "JR_Detailed_Judgment_in_Referendum_Case.pdf": 3.4458638286477252, "c.p._490_k_2020.pdf": 10.337591485943175, "C.A._27_2009.pdf": 6.8917276572954504, "c.a._23_2017.pdf": 3.4458638286477252, "C.A._1563_2014.pdf": 3.4458638286477252, "c.a.32_k_2018.pdf": 6.8917276572954504, "C.P._2669_2016.pdf": 3.4458638286477252, "c.p._2056_2022.pdf": 6.8917276572954504, "h.r.c_11827_s_2018.pdf": 6.8917276572954504, "C.A._145_2010.pdf": 3.4458638286477252, "C.A._725_2008.pdf": 17.229319143238627, "c.m.a.145_q_2022_dt_02_01_23.pdf": 10.337591485943175, "c.p._3203_2017.pdf": 3.4458638286477252, "Crl.A.140of2005.pdf": 6.8917276572954504, "S.M.C._03_2017.pdf": 6.8917276572954504, "c.p._2658_2019.pdf": 6.8917276572954504, "C.P._3551_2015.pdf": 3.4458638286477252, "C.P._816_2009.pdf": 13.783455314590901, "C.A._2133_2006.pdf": 3.4458638286477252, "c.p._329_k_2022.pdf": 6.8917276572954504, "c.a._414_2021.pdf": 3.4458638286477252,