{"degree": {"REFERENCE-1-2011[OrderDt-17.01.2012].pdf": 2.3188520654579174, "C.A._219-L_2015.pdf": 4.637704130915835, "Const.P.127of2012.pdf": 2.3188520654579174, "c.a._1476_2018_urdu.pdf": 2.3188520654579174, "ConstitutionPetitionNo21OF2007.pdf": 11.594260327289588, "CPs.10-18of2011.pdf": 2.3188520654579174, "Order-DNC-nd-note.pdf": 4.637704130915835, "Crl.P._1188_2016.pdf": 2.3188520654579174, "S.M.C._28_2018.pdf": 2.3188520654579174, "crl.a._251_2020.pdf": 2.3188520654579174, "const.p.42of2011(UrduVersion).pdf": 6.956556196373752, "Const.P._134_2012.pdf": 16.23196445820542, "Const.P_6of2011.pdf": 2.3188520654579174, "C.A._634_L_2012.pdf": 4.637704130915835, "Crl.A._39_L_2015.pdf": 2.3188520654579174, "NRO_Judgment.pdf": 6.956556196373752, "C.M.A.64of2013dt-12-3-2013.pdf": 2.3188520654579174, "c.a._53_2015.pdf": 4.637704130915835, "C.A._3_2018_dt-14-9-2018.pdf": 2.3188520654579174, "C.P._1800_2015.pdf": 4.637704130915835, "Const.P._50_2018.pdf": 2.3188520654579174, "Const.P.12of2010.pdf": 41.739337178242515, "const.p.42of2011.pdf": 11.594260327289588, "Const.P.33_2013.pdf": 2.3188520654579174, "Const.P._29_2016.pdf": 11.594260327289588, "smc.18_2010_final.pdf": 4.637704130915835, "Const.P.77of2012[DetailedOrderFinal].pdf": 2.3188520654579174, "C.A._3_2018.pdf": 2.3188520654579174, "crl.a._599_2020_26032021.pdf": 2.3188520654579174, "Const.P._36_2016_dt_15_12_2017.pdf": 2.3188520654579174, "S.J.C_347_2018.PDF": 2.3188520654579174, "C.A._233_2015.pdf": 6.956556196373752, "C.P._380_2014_Urdu.pdf": 2.3188520654579174, "C.M.A.No.1535and1536of2013.pdf": 6.956556196373752, "c.p._1665_2020.pdf": 4.637704130915835, "s.m.c._1_2022_detailed.pdf": 4.637704130915835, "crl.p._916_l_2021.pdf": 2.3188520654579174, "SMC16of2011_detailed_judgment.pdf": 2.3188520654579174, "Crl.A._94_2019.pdf": 2.3188520654579174, "REVIEW_P_46&47_2011_full.pdf": 2.3188520654579174, "CP778-779.pdf": 2.3188520654579174, "c.p._2119_2018.pdf": 4.637704130915835, "H.R.C.19of1996[AsgharKhanCase]DetailedReasons.pdf": 2.3188520654579174, "C.P._2280_2015.pdf": 16.23196445820542, "Crl.A._39_L_2015_Urdu.pdf": 4.637704130915835, "JR_Judgment_on_17th_Amendmend_and_Presidents_Uniform_Case.pdf": 2.3188520654579174, "s.m.c._4_2022.pdf": 4.637704130915835, "C.P._45_2015.pdf": 2.3188520654579174, "CJD_Reference by_the_President_of_Pakistan_under_Article_186.pdf": 11.594260327289588, "C.P.No.1017-Lof2011.pdf": 4.637704130915835, "Crl.O.P.89of2011.pdf": 6.956556196373752, "crl.p._1617_2022.pdf": 2.3188520654579174, "c.a._71_p_2014_urdu.pdf": 2.3188520654579174, "Const.P_3_2014.pdf": 16.23196445820542, "c.p._2256_l_2015.pdf": 13.913112392747504, "Crl.P.163_to_171_S.M.C.5_2005.pdf": 2.3188520654579174, "C.A._704_2017.pdf": 25.507372720037093, "CMA3470OF2013_08.07.2013.pdf": 62.60900576736377, "C.A.669-L_2013.pdf": 67.2467098982796, "C.A._461_2014.pdf": 62.60900576736377, "S.M.C._19_2016.pdf": 2.3188520654579174, "c.a._73_2020.pdf": 4.637704130915835, "c.p._225_p_2023.pdf": 2.3188520654579174, "const.p._24_2017.pdf": 2.3188520654579174, "Crl.M.A_693_2018.pdf": 2.3188520654579174, "s.m.c._4_2022_30mar2023.pdf": 9.27540826183167, "C.R.P._561_2015_dt_04-02-2016.pdf": 2.3188520654579174, "c.r.p._218_2013.pdf": 2.3188520654579174, "S.M.C.18_2016_dt_06_01_2017.pdf": 2.3188520654579174, "c.p._2420_2015.pdf": 2.3188520654579174, "c.a._130_2021.pdf": 2.3188520654579174, "cma.3685-3686_of_2012_in_hrc.7734-g_of_2009_dt_31.01.2013.pdf": 2.3188520654579174, "c.p._5877_2021.pdf": 2.3188520654579174, "c.a._178_2020.pdf": 2.3188520654579174, "S.M.C._13_2016_dt_31-03-2017.pdf": 16.23196445820542, "CMA No.5144of2011.pdf": 2.3188520654579174, "c.m.a._5777_2021.pdf": 4.637704130915835, "Crl.A._465_2015.pdf": 2.3188520654579174, "JR_Detailed_Judgment_in_Graduation_Qualification_Case.pdf": 18.55081652366334, "c.p._3506_2020.pdf": 2.3188520654579174, "C.P._78_K_2015.pdf": 46.37704130915835, "const.p.6_2023.pdf": 4.637704130915835, "C.A.212and213OF2011.pdf": 4.637704130915835, "c.r.p._296_2020_29012022.pdf": 2.3188520654579174, "crl.s.a.07_2011.pdf": 2.3188520654579174, "c.a._2150_2019.pdf": 2.3188520654579174, "c.p._2693_2018.pdf": 9.27540826183167, "HRC-4668of2006.pdf": 2.3188520654579174, "JR_Detailed_Judgment_in_Referendum_Case.pdf": 6.956556196373752, "c.p._4185_2019.pdf": 2.3188520654579174, "C.A._394_2014.pdf": 2.3188520654579174, "c.a._18_k_2021.pdf": 2.3188520654579174, "const.p._2_2022_14102022.pdf": 2.3188520654579174, "crl.p._1121_2023.pdf": 2.3188520654579174, "j.p._206_2019.pdf": 2.3188520654579174, "Const.P.87of2011.pdf": 2.3188520654579174, "c.a._353_2010.pdf": 13.913112392747504, "C.P._3345_2016.pdf": 2.3188520654579174, "C.A._359_2013.pdf": 13.913112392747504, "const.p.9_2014_detail_reasons.pdf": 2.3188520654579174, "c.a._981_2018.pdf": 6.956556196373752, "crl.p._1710_l_2017.pdf": 2.3188520654579174, "c.a._64_2022.pdf": 23.188520654579175, "const.p._17_2020_dissenting_note_hj11.pdf": 2.3188520654579174, "c.p._2129_2020.pdf": 2.3188520654579174, "c.p._4424_2021.pdf": 2.3188520654579174, "Crl.A._210_2015.pdf": 2.3188520654579174, "c.p._271_2021.pdf": 11.594260327289588, "c.a._759_2020.pdf": 2.3188520654579174, "ca411to414of2013.pdf": 20.869668589121257, "crl.a._270_l_2012.pdf": 2.3188520654579174, "c.a._1833_2019.pdf": 25.507372720037093, "crl.p._540_l_2021.pdf": 2.3188520654579174, "s.m.c._4_2022_04apr2023.pdf": 4.637704130915835, "C.A._774_2013.pdf": 2.3188520654579174, "c.a._1226_2016.pdf": 2.3188520654579174, "C.A._2564_2001.pdf": 2.3188520654579174, "h.r.c_11827_s_2018.pdf": 20.869668589121257, "Crl.A.13-14-15and16of2004and53of2011.pdf": 6.956556196373752, "crl.p._513_2021.pdf": 2.3188520654579174, "Crl.A.140of2005.pdf": 2.3188520654579174, "const.p.37_2012_final.pdf": 4.637704130915835, "crl.p._513_2020.pdf": 2.3188520654579174, "crl.a._139_2022.pdf": 2.3188520654579174, "c.a._1095_2018_13092019.pdf": 2.3188520654579174, "c.p._2916_2019.pdf": 4.637704130915835, "C.P._216-Q_2017.pdf": 41.739337178242515, "const.p._17_2019_detailed_reasoning.pdf": 6.956556196373752, "C.A._1213_2015.pdf": 4.637704130915835, "Crl.M.A._200_2019.pdf": 9.27540826183167, "const.p._21_2022_30102023.pdf": 2.3188520654579174, "const.p._21_2023_11082023.pdf": 6.956556196373752, "C.A._307-L_2015.pdf": 23.188520654579175, "C.A._2133_2006.pdf": 2.3188520654579174, "c.p._1925_2020.pdf": 44.05818924370043, "crl.p._335_2020.pdf": 2.3188520654579174, "crl.p._126_p_2011.pdf": 2.3188520654579174, "c.p._1862_l_2021.pdf": 6.956556196373752, "C.A._125_K_2016_JPMC_Dissenting_Note.pdf": 23.188520654579175, "c.p._1354_2020.pdf": 2.3188520654579174, "c.p._4459_2018.pdf": 2.3188520654579174, "Crl.A._137_L_2010.pdf": 2.3188520654579174, "crl.a._291_2020.pdf": 2.3188520654579174, "Const.P.No.33and34of2005-dt-27-6-2013.pdf": 2.3188520654579174, "c.p._1171_2021.pdf": 20.869668589121257, "c.p._2314_2022_dn.pdf": 2.3188520654579174, "C.P._145_2015.pdf": 2.3188520654579174, "c.a._414_2021.pdf": 11.594260327289588, "c.p._3855_2022.pdf": 9.27540826183167, "C.A.800Lof2013etc.pdf": 4.637704130915835, "Const.P._29_2017.pdf": 4.637704130915835, "c.p._648_l_2021_detailed.pdf": 2.3188520654579174, "c.a._513_2014.pdf": 2.3188520654579174, "c.a._1476_2018.pdf": 2.3188520654579174, "CMA3470of2013_10.07.2013.pdf": 9.27540826183167, "c.a._188_2020.pdf": 64.92785783282169, "c.p._1077_2018.pdf": 2.3188520654579174, "c.p._240_2021.pdf": 2.3188520654579174, "c.a._84_k_2023.pdf": 25.507372720037093, "crl.a_413-414_2013_18.02.2014.pdf": 4.637704130915835, "crl.a._597_2018_dt_25_01_2024.pdf": 2.3188520654579174, "C.A._767_2014.pdf": 6.956556196373752, "c.p._2_2022_dissenting_note.pdf": 2.3188520654579174, "CMA.3470of2013etc.pdf": 51.014745440074186, "c.p._4618_2019.pdf": 6.956556196373752, "const.p._6_2023_dt_05_01_2023.pdf": 2.3188520654579174, "c.a._1113_2017_dissenting_note.pdf": 2.3188520654579174, "c.r.p._420_2016.pdf": 11.594260327289588, "C.P._4876_2018.pdf": 2.3188520654579174, "Crl.A._274_2006.pdf": 2.3188520654579174, "cma.4581_2013.pdf": 9.27540826183167,