{"dehli": {"ConstitutionPetitionNo21OF2007.pdf": 6.230875070886063, "Const.P.12of2010.pdf": 6.230875070886063, "C.A._2215_2006.pdf": 6.230875070886063, "crl.a.19of2012.pdf": 6.230875070886063, "C.A._616_2006.pdf": 6.230875070886063}, "dehumanise": {"crl.s.m.r.p._84_2018.pdf": 15.680625966640328}, "deheh": {"Crl.O.P_57_2015.pdf": 7.840312983320164}, "deh": {"Crl.O.P_57_2015.pdf": 4.5081084731449605, "S.M.C.16of2011dt.4.4.2013.pdf": 13.52432541943488, "C.A._2215_2006.pdf": 22.540542365724804, "smc.18_2010_final.pdf": 9.016216946289921, "S.M.C.18OF2010.pdf": 4.5081084731449605, "c.a._8_l_2009.pdf": 4.5081084731449605, "C.P._339_K_2017.pdf": 81.14595251660928, "smc_16_2011_order_dt_26.02.14.pdf": 4.5081084731449605, "c.a._1295_2019.pdf": 31.556759312014723, "H.R.C._69229_P_2018.pdf": 72.12973557031937, "c.a._1296_2013.pdf": 9.016216946289921, "crl.m.a._1581_2021.pdf": 9.016216946289921, "c.a._1044_2015.pdf": 49.589193204594565, "crl.a._560_2020.pdf": 9.016216946289921, "smc.16of2011.pdf": 4.5081084731449605, "smc_16_23.06.2014.pdf": 4.5081084731449605, "S.M.C14 of 2009.pdf": 9.016216946289921, "C.M.A._376-K_2014.pdf": 54.09730167773952, "c.a._2186_2017.pdf": 4.5081084731449605, "c.a._188_2019.pdf": 22.540542365724804, "C.A._42_K_2016.pdf": 4.5081084731449605, "S.M.C.16of2011dt-22-3-2013.pdf": 18.032433892579842, "C.A._620_2006.pdf": 4.5081084731449605, "c.m.a._8758_2018_23nov2023.pdf": 4.5081084731449605, "c.a._180_2015.pdf": 18.032433892579842, "smc.9_2011.pdf": 4.5081084731449605, "Crl.O.P._57_2015_DN.pdf": 9.016216946289921, "c.m.a._8758_2018.pdf": 27.04865083886976}, "dehs": {"S.M.C.16of2011dt.4.4.2013.pdf": 12.461750141772127, "C.P._339_K_2017.pdf": 6.230875070886063, "C.M.A._376-K_2014.pdf": 243.00412776455647, "S.M.C.16of2011dt-22-3-2013.pdf": 12.461750141772127, "c.m.a._8758_2018.pdf": 6.230875070886063}, "dehpal": {"C.R.P._125_2014.pdf": 14.294331605520437, "C.R.P.193of2013.pdf": 14.294331605520437}, "dehri": {"HRC7734-G_1003-GOF2009[UrduTranslation].pdf": 7.840312983320164}, "dehor": {"smc.11_2011.pdf": 6.741700694652055, "c.a._538_2022.pdf": 6.741700694652055, "SMC.13-2009.pdf": 6.741700694652055}, "dehat": {"Crl.A._39_L_2015_Urdu.pdf": 15.680625966640328}, "dehati": {"c.p._3760_2019.pdf": 15.680625966640328}}