{"deity": {"Crl.A._39_L_2015.pdf": 7.1471658027602185, "Crl.P.No.426of2009&Crl.A.No.pdf": 7.1471658027602185}, "deira": {"Const.P._29_2016.pdf": 7.840312983320164}, "deign": {"c.p._593_l_2021.pdf": 7.1471658027602185, "c.m.a._490_2021_20022021.pdf": 7.1471658027602185}}