{"deokinandan": {"Const.P.127of2012.pdf": 7.840312983320164}, "deorajin": {"C.R.P._49_2016.pdf": 7.840312983320164}, "deo": {"Const.P.12of2010.pdf": 31.20753392222943, "Const.P.77of2012[DetailedOrderFinal].pdf": 15.603766961114715, "c.a._929_2017.pdf": 5.201255653704905, "c.p._490_k_2020.pdf": 5.201255653704905, "c.p._903_2023.pdf": 10.40251130740981, "c.a._759_2020.pdf": 5.201255653704905, "c.a._664_k_2017.pdf": 15.603766961114715, "const.p.37_2012_final.pdf": 130.0313913426226, "C.P._3186_2015.pdf": 5.201255653704905, "c.p._596_2021.pdf": 41.61004522963924, "CMA2745of2009etc.pdf": 5.201255653704905, "C.A._843_2012.pdf": 5.201255653704905, "c.p._448_p_2017.pdf": 5.201255653704905, "C.A._622 _2008.pdf": 10.40251130740981}, "deoxyribonucleic": {"crl.p._1121_2023.pdf": 6.454018622200273, "crl.p._513_2020.pdf": 6.454018622200273, "c.p._1125_2018.pdf": 6.454018622200273, "C.P._4876_2018.pdf": 6.454018622200273}, "deokali": {"C.P._4876_2018.pdf": 31.361251933280656}, "deorao": {"c.a._849_2015.pdf": 7.1471658027602185, "c.a._139_p_2013.pdf": 7.1471658027602185}, "deoman": {"crl.p_1124_l_2015.pdf": 7.1471658027602185, "Crl.A._135_2013.pdf": 7.1471658027602185}, "deohri": {"crl.a._154_l_2013.pdf": 7.840312983320164}}