{"deutche": {"Const.P._29_2016.pdf": 7.840312983320164}, "deutsche": {"smc.18_2010_final.pdf": 31.361251933280656}, "deu": {"c.a._1286_2018.pdf": 7.840312983320164}}