{"dexterity": {"Const.P.12of2010.pdf": 6.741700694652055, "Const.P._29_2016.pdf": 6.741700694652055, "Crl.A._178-L_2009.pdf": 6.741700694652055}, "dextroz": {"S.M.C._ 26_2007_30062018.pdf": 6.741700694652055, "S.M.C._26_2007_04072018.pdf": 6.741700694652055, "S.M.C._26_2007_02082018.pdf": 6.741700694652055}, "dextrase": {"S.M.C._ 26_2007_30062018.pdf": 7.840312983320164}, "dextrose": {"S.M.C._ 26_2007_30062018.pdf": 6.230875070886063, "c.r.p._421_2020.pdf": 6.230875070886063, "c.a.1540-1599_2013.pdf": 6.230875070886063, "C.R.P._335_2014.pdf": 6.230875070886063, "c.a._1113_2017.pdf": 6.230875070886063}, "dexterously": {"C.A._911_2015.pdf": 7.1471658027602185, "c.m.a._490_2021_20022021.pdf": 7.1471658027602185}, "dexa": {"C.P._3912_2016.pdf": 15.680625966640328}}