{"dey": {"crl.m.a._62_p_2018.pdf": 7.1471658027602185, "c.p._819_2017.pdf": 7.1471658027602185}, "deyar": {"c.a._675_2019.pdf": 7.840312983320164}, "deynootweg": {"c.a._94_2008.pdf": 7.840312983320164}}