{"dfo": {"C.M.A._3854_2014_dt_31-3-2015.pdf": 6.454018622200273, "H.R.C._4729_2011.pdf": 6.454018622200273, "smc_16._2011_24.06.2014.pdf": 6.454018622200273, "C.P._2982_2016.pdf": 12.908037244400546}}