{"dgfia": {"S.M.C.24of2010[urdu-version].pdf": 42.88299481656131, "c.m.a._4821_2018_14012022.pdf": 7.1471658027602185}, "dgfi": {"S.M.C.24of2010[urdu-version].pdf": 7.840312983320164}}