{"dgpc": {"Const.P.46of2013-dt-27-12-2013.pdf": 7.1471658027602185, "Const.P._46_2013.pdf": 35.735829013801094}}