{"dheri": {"Crl.A._479_2015.pdf": 7.1471658027602185, "C.P._289_P_2015.pdf": 7.1471658027602185}, "dhedi": {"cma_2774_2014_in_const.p.51_2010_dt_22.05.14.pdf": 62.72250386656131}, "dhedhi": {"cma_2774_2014_in_const.p.51_2010_dt_22.05.14.pdf": 7.1471658027602185, "c.p._490_k_2020.pdf": 14.294331605520437}, "dherna": {"Const.PetitionNo.77of2010_12.10.2012.pdf": 7.840312983320164}, "dhevji": {"c.p._329_k_2022.pdf": 15.680625966640328}}