{"dhillon": {"Const.P.12of2010.pdf": 7.1471658027602185, "c.a._102_l_2017.pdf": 7.1471658027602185}, "dhiani": {"CONST.P.77OF2010-DT-06.04.12[URDU].pdf": 7.840312983320164}, "dhi": {"S.J.C_347_2018.PDF": 7.840312983320164}, "dhikr": {"Crl.A._39_L_2015_Urdu.pdf": 7.1471658027602185, "c.a._982_2018_19022024.pdf": 7.1471658027602185}, "dhirendrasinh": {"cas_727-730_777_778_2014_etc.pdf": 7.840312983320164}, "dhing": {"C.M.A._6250_2018.PDF": 7.840312983320164}, "dhirajlal": {"crl.p_1124_l_2015.pdf": 7.840312983320164}, "dhirendra": {"C.A.2234and2235of2005-dt-31-8-2013.pdf": 7.840312983320164}, "dhippha": {"C.A._1169_2014.pdf": 15.680625966640328}}