{"dhoraji": {"C.R.P._49_2016.pdf": 7.840312983320164}, "dhora": {"Const.P_6of2011.pdf": 7.840312983320164}, "dhobi": {"crl.p._907_2020.pdf": 7.840312983320164}, "dhok": {"j.p._147_2016.pdf": 7.840312983320164}, "dhooraji": {"const.p._9_2010_27122021.pdf": 6.741700694652055, "const.p._9_2010.pdf": 6.741700694652055, "const.p._9_2010_28122021.pdf": 6.741700694652055}, "dhoke": {"crl.a._297_2020.pdf": 12.097107028184219, "Crl.P._105_2017.pdf": 6.048553514092109, "const.p.37_2012_final.pdf": 6.048553514092109, "Crl.A._135_2013.pdf": 6.048553514092109, "Crl.A._218_2015.pdf": 6.048553514092109, "crl.a._363_2021.pdf": 6.048553514092109}, "dhore": {"c.a._13_q_2020.pdf": 7.840312983320164}, "dho": {"c.a._248_2020.pdf": 20.225102083956166, "c.a._232_2020.pdf": 6.741700694652055, "c.m.a._1824_2021.pdf": 6.741700694652055}, "dhorri": {"C.A._1219_2014.pdf": 7.840312983320164}, "dhool": {"crl.p._1802_l_2017.pdf": 15.680625966640328}, "dhola": {"const.p.37_2012_final.pdf": 7.840312983320164}, "dhol": {"c.p._1336_l_2021.pdf": 7.840312983320164}, "dhoom": {"const.p.105-12_hamid_mir_case_20-12-12.pdf": 7.1471658027602185, "ca679-lof2012.pdf": 7.1471658027602185}, "dhow": {"CJD_Constitution_Petition_No_36_of_2005.pdf": 7.840312983320164}, "dhondiba": {"C.A._510_2012.pdf": 7.840312983320164}}