{"dhq": {"H.R.C._14158_G_2016_dt_12_08_2016.pdf": 10.264525564435909, "H.R.C._14158-G_2016_[19082016].pdf": 5.132262782217954, "crl.p._290_l_2015.pdf": 5.132262782217954, "j.p._262_2015.pdf": 5.132262782217954, "crl.p._513_2020.pdf": 5.132262782217954, "crl.p._335_2020.pdf": 5.132262782217954, "crl.p._124_2022.pdf": 5.132262782217954, "j.p._883_2017.pdf": 10.264525564435909, "crl.p._577_2021.pdf": 10.264525564435909, "c.p._138_p_2015.pdf": 5.132262782217954, "crl.p._742_l_2019.pdf": 10.264525564435909, "C.P._606_2018.pdf": 5.132262782217954, "crl.a._82_2022.pdf": 15.396788346653864, "j.p._282_2017.pdf": 10.264525564435909, "clr.a._250_2020.pdf": 5.132262782217954}, "dhqhs": {"H.R.C._17599_2018.pdf": 7.840312983320164}}