{"dhuddi": {"crl.p._611_l_2023.pdf": 7.840312983320164}, "dhurnal": {"crl.a._297_2020.pdf": 15.680625966640328}, "dhukar": {"crl.p._17_l_2018.pdf": 7.840312983320164}, "dhulla": {"Crl.A._178-L_2009.pdf": 15.680625966640328}, "dhukhan": {"C.P._842_2016.pdf": 7.840312983320164}, "dhum": {"c.a._1877_2016_dt_24_01_2024.pdf": 7.840312983320164}, "dhuman": {"c.p._715_2018.pdf": 7.840312983320164}, "dhund": {"H.R.C._3654_2018.pdf": 7.840312983320164}, "dhurna": {"S.M.C._7_2017_06022019.pdf": 7.840312983320164}, "dhudial": {"crl.a._363_2021.pdf": 7.840312983320164}}