{"diary": {"hrc_42389-P_2013.pdf": 8.405453647187556, "Crl.P._1188_2016.pdf": 4.202726823593778, "HRC19526of2013.pdf": 8.405453647187556, "H.R.C.19of1996[AsgharKhanCase]DetailedReasonsUrduTranslation.pdf": 8.405453647187556, "C.R.P.167of2012-dt-30-8-2012.pdf": 4.202726823593778, "H.R.C.19of1996[AsgharKhanCase]DetailedReasons.pdf": 12.608180470781335, "Const.P.77-78-79 [Memogate]DetailedOrder.pdf": 8.405453647187556, "c.p.2132_2014_with_urdu_translation.pdf": 33.621814588750226, "C.M.A.3325_of_2012_dt_31-1-2013_ENG_URDU.pdf.pdf": 8.405453647187556, "crl.p._143_k_2020.pdf": 4.202726823593778, "c.a._1018_2016.pdf": 4.202726823593778, "crl.p._952_2021.pdf": 16.810907294375113, "crl.p._458_2021.pdf": 4.202726823593778, "c.p._2231_2020.pdf": 4.202726823593778, "C.A._774_2013.pdf": 8.405453647187556, "c.a._1095_2018_13092019.pdf": 4.202726823593778, "crl.p._438_2021.pdf": 4.202726823593778, "C.P._842_2016.pdf": 4.202726823593778, "c.p._152_2022.pdf": 4.202726823593778, "crl.p._166_l_2020.pdf": 4.202726823593778, "crl.p_1124_l_2015.pdf": 4.202726823593778, "NRO_REVIEW_CRP_129_DT18042011.pdf": 4.202726823593778, "crl.p._207_2023.pdf": 4.202726823593778, "crl.a._48_2021.pdf": 8.405453647187556, "c.a._154_l_2018.pdf": 4.202726823593778, "crl.p._475_2022.pdf": 4.202726823593778, "crl.p._519_2023_detailed_order.pdf": 12.608180470781335, "c.a._152_l_2010.pdf": 4.202726823593778, "c.p._659_2019.pdf": 8.405453647187556, "c.p._3148_2020.pdf": 12.608180470781335, "crl.p._277_2020.pdf": 4.202726823593778, "crl.m.a._130_k_2019.pdf": 4.202726823593778, "crl.p._742_l_2019.pdf": 54.63544870671912, "Crl.A._218_2015.pdf": 4.202726823593778, "H.R.C._10842_P_2018.pdf": 8.405453647187556, "C.M.A._3986_2017.pdf": 8.405453647187556, "c.p._1824_2019.pdf": 4.202726823593778, "C.P._662_2017.pdf": 4.202726823593778}, "diagnostic": {"C.A._93_2015.pdf": 26.96680277860822, "hrc_4925-g_2014.pdf": 13.48340138930411, "c.r.p._420_2016.pdf": 13.48340138930411}, "diagnosis": {"crl.a._251_2020.pdf": 6.230875070886063, "C.A._125_K_2016_JPMC_Dissenting_Note.pdf": 6.230875070886063, "H.R.C._14158_G_2016_dt_28_07_2016.pdf": 6.230875070886063, "c.r.p._420_2016.pdf": 12.461750141772127, "crl.p._1004_2019.pdf": 6.230875070886063}, "diamond": {"C.R.P._49_2016.pdf": 5.537727890326118, "c.a._446_2021.pdf": 5.537727890326118, "C.A._1171_2017.pdf": 5.537727890326118, "C.A._1563_2014.pdf": 11.075455780652236, "c.r.p._421_2020.pdf": 11.075455780652236, "c.a.1540-1599_2013.pdf": 5.537727890326118, "C.R.P._335_2014.pdf": 5.537727890326118, "C.A._1264_2006.pdf": 11.075455780652236, "C.A._1049_2011.pdf": 5.537727890326118, "CJD_Pakistan_Steel_Mills_Case.pdf": 5.537727890326118}, "diabolical": {"crl.a._400_2019.pdf": 7.1471658027602185, "crl.a._95_2019.pdf": 7.1471658027602185}, "diametrically": {"c.a._240_p_2014.pdf": 4.749270529961848, "Const.P.12of2010.pdf": 14.247811589885544, "c.a._73_2016.pdf": 4.749270529961848, "j.p._684_2016.pdf": 4.749270529961848, "c.p._2420_2015.pdf": 4.749270529961848, "crl.p._1225_2021.pdf": 4.749270529961848, "crl.a._541_2020.pdf": 4.749270529961848, "j.p._501_2018.pdf": 4.749270529961848, "crl.a._324_2021.pdf": 4.749270529961848, "const.p._2_2022_14102022.pdf": 4.749270529961848, "c.a._353_2010.pdf": 4.749270529961848, "Crl.A._107_L_2017.pdf": 4.749270529961848, "crl.sh.a._16_2017.pdf": 4.749270529961848, "crl.p._93_p_2015.pdf": 4.749270529961848, "c.a._489_2013l.pdf": 4.749270529961848, "crl.p._258_2020.pdf": 4.749270529961848, "c.p._958_2020.pdf": 4.749270529961848, "crl.a._518_2010.pdf": 4.749270529961848, "c.p._159_2024.pdf": 4.749270529961848, "c.a._429_2020.pdf": 4.749270529961848, "crl.p._1268_l_2021.pdf": 4.749270529961848, "crl.p._851_l_2016.pdf": 4.749270529961848}, "diarrhea": {"Const.P._38_2016.pdf": 7.1471658027602185, "Crl.A._274_2006.pdf": 7.1471658027602185}, "diamer": {"Const.P._50_2018.pdf": 6.230875070886063, "C.M.A._6155_2018.pdf": 37.38525042531638, "C.M.A.6309_2018_14072018.pdf": 6.230875070886063, "H.R.C._17599_2018.pdf": 6.230875070886063, "Const.P.57 _2016.pdf": 6.230875070886063}, "dia": {"Const.P.12of2010.pdf": 6.741700694652055, "c.a._371_2020.pdf": 6.741700694652055, "C.M.A._8215_2016.pdf": 6.741700694652055}, "dialogue": {"Const.P.12of2010.pdf": 5.067724261080383, "Const.PetitionNo.77of2010_12.10.2012.pdf": 30.4063455664823, "Urdu-Const.P-77-2010-12.10.2012.pdf": 30.4063455664823, "S.J.C_347_2018.PDF": 5.067724261080383, "H.R.C.19of1996[AsgharKhanCase]DetailedReasons.pdf": 5.067724261080383, "Const.P.77-78-79 [Memogate]DetailedOrder.pdf": 20.270897044321533, "const.p._9_2023_20042023.pdf": 25.338621305401915, "c.p._3506_2020.pdf": 5.067724261080383, "const.p._21_2022_30102023.pdf": 5.067724261080383, "s.m.c._1_2023_27032023.pdf": 15.20317278324115, "const.p._9_2023_19042023.pdf": 15.20317278324115, "s.m.c._1_2023_07042023.pdf": 20.270897044321533, "H.R.C._17599_2018.pdf": 5.067724261080383, "crl.a._154_l_2013.pdf": 10.135448522160766, "C.A._622 _2008.pdf": 5.067724261080383, "const.p._10_2019.pdf": 20.270897044321533}, "dialectic": {"Const.P.12of2010.pdf": 7.840312983320164}, "diameter": {"Const.P.87of2011[UrduVersion].pdf": 7.1471658027602185, "C.M.A._8215_2016.pdf": 57.17732642208175}, "diamir": {"Const.P.NO.62OF2010_orderdt06062011.pdf": 7.840312983320164}, "diagram": {"HRC7734-G_1003-GOF2009[UrduTranslation].pdf": 6.741700694652055, "C.P._2066_2013.pdf": 6.741700694652055, "c.a._94_2008.pdf": 6.741700694652055}, "diagnose": {"C.P._1515_2016.pdf": 5.8944028342648505, "CJD_Reference by_the_President_of_Pakistan_under_Article_186.pdf": 5.8944028342648505, "c.p._2129_2020.pdf": 5.8944028342648505, "hrc_4925-g_2014.pdf": 5.8944028342648505, "crl.p._290_2020.pdf": 11.788805668529701, "C.A._125_K_2016_JPMC_Dissenting_Note.pdf": 5.8944028342648505, "c.r.p._420_2016.pdf": 23.577611337059402}, "diametrical": {"Crl.A._80_L_2017.pdf": 6.230875070886063, "crl.p._763_l_2016.pdf": 6.230875070886063, "Crl.A._13_P_2015.pdf": 6.230875070886063, "crl.p._457_l_2016.pdf": 6.230875070886063, "const.p._6_2023_dt_05_01_2023.pdf": 6.230875070886063}, "diamen": {"Const.P35of2013-dt-20-7-2013.pdf": 15.680625966640328}, "diabolic": {"const.p.1_ 2012_etc.pdf": 7.840312983320164}, "diabetes": {"c.p._2129_2020.pdf": 13.48340138930411, "c.a._350_2020.pdf": 13.48340138930411, "C.P._639_2019.pdf": 6.741700694652055}, "dianship": {"c.a.32_k_2018.pdf": 7.840312983320164}, "diaconicola": {"c.a._444_2017.pdf": 15.680625966640328}, "dialect": {"Crl.A._115_2013.pdf": 6.741700694652055, "c.p._1077_2018.pdf": 6.741700694652055, "const.p._10_2019.pdf": 6.741700694652055}, "dialup": {"C.A._1509_2016.pdf": 7.1471658027602185, "c.p._3317_2018.pdf": 7.1471658027602185}, "diabetic": {"C.A._1797_2005.pdf": 7.840312983320164}, "diaspora": {"S.M.C._3_2018.pdf": 7.840312983320164}, "dial": {"const.p._24_2023_f.pdf": 14.294331605520437, "C.M.A._6155_2018.pdf": 7.1471658027602185}, "diagrammatic": {"SMCNo25of2009.pdf": 7.840312983320164}, "diaphragm": {"crl.a._92_l_2017.pdf": 7.840312983320164}, "diayt": {"crl.p._35_q_2017.pdf": 7.840312983320164}}