{"didactic": {"Const.P.12of2010.pdf": 7.840312983320164}, "didar": {"c.p._1017_2021.pdf": 7.840312983320164}, "didolkar": {"c.a._179_2016.pdf": 7.840312983320164}}