{"dij": {"Urdu-Const.P-77-2010-12.10.2012.pdf": 7.840312983320164}, "dijkot": {"H.R.C._10842_P_2018.pdf": 7.840312983320164}}