{"diminish": {"ConstitutionPetitionNo5of2012[UrduTranslation].pdf": 3.591817741270805, "c.a._803_2016.pdf": 3.591817741270805, "Crl.O.P_57_2015.pdf": 3.591817741270805, "Const.P.12of2010.pdf": 35.91817741270805, "Const.P.87of2011[UrduVersion].pdf": 3.591817741270805, "Const.P.12of2010Urdu.pdf": 7.18363548254161, "Const.P.77of2012[DetailedOrderFinal].pdf": 3.591817741270805, "crl.a._635_2019.pdf": 3.591817741270805, "crl.a._599_2020_26032021.pdf": 3.591817741270805, "const.p._19_2022_01062022.pdf": 3.591817741270805, "crl.p._883_l_2022_urdu.pdf": 3.591817741270805, "Ref.01_2012_addl.note_HJ.ejaz_afzal_khan.pdf": 3.591817741270805, "H.R.C.19of1996[AsgharKhanCase]DetailedReasonsUrduTranslation.pdf": 3.591817741270805, "j.p._147_2016.pdf": 3.591817741270805, "I.C.A._7_2018.pdf": 7.18363548254161, "crl.a._95_2019.pdf": 3.591817741270805, "Crl.A._94_2019.pdf": 3.591817741270805, "smc_1_2014.pdf": 3.591817741270805, "Const.P.77-78-79 [Memogate]DetailedOrder.pdf": 3.591817741270805, "c.p._154_2019.pdf": 3.591817741270805, "Const.P.56_2003_U_dt_8-9-2015.pdf": 3.591817741270805, "Crl.O.P.89of2011.pdf": 3.591817741270805, "i.c.a._1_2024_dn_20032024.pdf": 3.591817741270805, "C.P._78_K_2015.pdf": 3.591817741270805, "const.p.6_2023.pdf": 3.591817741270805, "c.r.p._296_2020_29012022.pdf": 7.18363548254161, "crl.s.a.07_2011.pdf": 3.591817741270805, "c.r.p._296_2020_04022022.pdf": 3.591817741270805, "const.p.39_90_2011.pdf": 3.591817741270805, "c.a._353_2010.pdf": 3.591817741270805, "crl.a._531_2019.pdf": 3.591817741270805, "Crl.A._210_2015.pdf": 3.591817741270805, "C.A._1428_2016.pdf": 3.591817741270805, "S.M.C._10_2018.pdf": 7.18363548254161, "j.p._34_2020.pdf": 7.18363548254161, "c.a._647_2018.pdf": 7.18363548254161, "crl.p._1371_2016.pdf": 3.591817741270805, "const.p._17_2019_detailed_reasoning.pdf": 10.775453223812415, "const.p._21_2022_30102023.pdf": 3.591817741270805, "const.p._21_2023_11082023.pdf": 10.775453223812415, "Const.Petition.24_2011_dt02062011.pdf": 3.591817741270805, "C.P._3551_2015.pdf": 3.591817741270805, "crl.m.a._365_l_2020.pdf": 7.18363548254161, "c.a._2444_2016.pdf": 3.591817741270805, "const.p._32_2023_03nov2023.pdf": 7.18363548254161, "const.p._6_2023_dt_05_01_2023.pdf": 3.591817741270805, "c.a._1113_2017_dissenting_note.pdf": 3.591817741270805, "c.r.p._296_2020_hj10.pdf": 3.591817741270805, "c.p._1496_k_2021.pdf": 3.591817741270805, "crl.sh.a._12_2017.pdf": 3.591817741270805, "crl.a._296_l_2020.pdf": 3.591817741270805, "const.p._6_2023_dn.pdf": 3.591817741270805, "const.p._24_2023_23062023.pdf": 3.591817741270805, "crl.p_1124_l_2015.pdf": 3.591817741270805, "crl.a._239_2020.pdf": 3.591817741270805, "crl.p._601_l_2021.pdf": 7.18363548254161, "c.a._1113_2017.pdf": 3.591817741270805, "C.P._3364_2016.pdf": 10.775453223812415, "Crl.A.126of2012.pdf": 3.591817741270805, "Crl.O.P.6of2012.pdf": 3.591817741270805, "Crl.A._496_2009.pdf": 7.18363548254161, "c.p._3455_2020.pdf": 3.591817741270805, "crl.p._18_2019.pdf": 3.591817741270805, "C.A._79_P_2013.pdf": 7.18363548254161, "c.p._962_2016 .pdf": 3.591817741270805, "const.p._5_2023_detailed_reasons.pdf": 3.591817741270805, "c.p._3632_2018.pdf": 3.591817741270805, "const.p.34_2022.pdf": 3.591817741270805, "c.m.a._3577_2019_15112023.pdf": 3.591817741270805, "Const.P.5and15-HRC14144-DetailedReasons.pdf": 3.591817741270805}, "dimension": {"c.r.p._292_2021_sacked_employees.pdf": 3.85132893675589, "Const.P.127of2012.pdf": 3.85132893675589, "Const.P.105-2012-eng-urd.PDF": 3.85132893675589, "Const.P.12of2010.pdf": 19.25664468377945, "Const.P._29_2016.pdf": 15.40531574702356, "Const.P.NO.62OF2010_orderdt06062011.pdf": 15.40531574702356, "H.R.C.19of1996[AsgharKhanCase]DetailedReasonsUrduTranslation.pdf": 3.85132893675589, "C.P._45_2015.pdf": 3.85132893675589, "crl.p._509_2021.pdf": 7.70265787351178, "C.P._2093_2015.pdf": 3.85132893675589, "const.p._24_2017.pdf": 7.70265787351178, "JR_Detailed_Judgment_in_Graduation_Qualification_Case.pdf": 3.85132893675589, "crl.p._324_2020.pdf": 7.70265787351178, "c.p._943_k_2022.pdf": 3.85132893675589, "j.p._262_2015.pdf": 3.85132893675589, "const.p._2_2022_14102022.pdf": 3.85132893675589, "c.p._1290_l_2019.pdf": 3.85132893675589, "c.r.p._758_2019.pdf": 3.85132893675589, "const.p.115_2011.pdf": 7.70265787351178, "c.p._271_2021.pdf": 3.85132893675589, "c.a._647_2018.pdf": 3.85132893675589, "C.P._330_P_2013.pdf": 3.85132893675589, "Crl.A._137_L_2010.pdf": 3.85132893675589, "Const.P.No.33and34of2005-dt-27-6-2013.pdf": 3.85132893675589, "C.P._145_2015.pdf": 3.85132893675589, "j.p._461_2013.pdf": 3.85132893675589, "crl.a._208_2022.pdf": 7.70265787351178, "c.a._1113_2017_dissenting_note.pdf": 7.70265787351178, "ca.297_2014.pdf": 3.85132893675589, "C.A.39_2010.pdf": 3.85132893675589, "H.R.C._39216_G_2018.pdf": 3.85132893675589, "c.p._1336_l_2021.pdf": 3.85132893675589, "const.p._32_2023_additional_note.pdf": 7.70265787351178, "crl.p._475_2022.pdf": 7.70265787351178, "c.a._1113_2017.pdf": 7.70265787351178, "c.a._329_2022.pdf": 3.85132893675589, "C.A._843_2012.pdf": 3.85132893675589, "C.A.2234and2235of2005-dt-31-8-2013.pdf": 3.85132893675589, "C.P._3364_2016.pdf": 3.85132893675589, "c.a._1011_2016.pdf": 3.85132893675589, "Const.P._35_2016_dt_15_12_2017.pdf": 3.85132893675589, "ICA3,4,6TO11of2011dt2011.04.pdf": 3.85132893675589, "SMCNo25of2009.pdf": 15.40531574702356, "Const.P.73of2011.pdf": 3.85132893675589, "Const.P._134_2012_21012019.pdf": 3.85132893675589, "c.p._3797_2020.pdf": 3.85132893675589, "crl.p._742_l_2019.pdf": 3.85132893675589, "c.p._140_l_2015.pdf": 3.85132893675589, "H.R.C.39216_G_2018.pdf": 3.85132893675589, "CMA3258of2013inCP65of09DetailOrder.pdf": 3.85132893675589, "cma.6882-13.pdf": 3.85132893675589, "c.a._65_k_2019.pdf": 7.70265787351178, "Crl.A._148_L_2017.pdf": 3.85132893675589, "Const.P.5and15-HRC14144-DetailedReasons.pdf": 3.85132893675589}, "diminution": {"Const.P.12of2010.pdf": 5.643088405983945, "c.a._2150_2019.pdf": 5.643088405983945, "c.a._1095_2018_13092019.pdf": 28.215442029919725, "c.a._561_2020.pdf": 5.643088405983945, "C.A._1095_2018.pdf": 28.215442029919725, "c.a._140_l_2015.pdf": 5.643088405983945, "JR_Varan_Case.pdf": 5.643088405983945, "c.a._364_p_2019.pdf": 5.643088405983945, "SMCNo25of2009.pdf": 5.643088405983945}, "dimensionality": {"Urdu-Const.P-77-2010-12.10.2012.pdf": 7.840312983320164}, "dimensional": {"C.P.No.1017-Lof2011.pdf": 6.454018622200273, "HRC-4668of2006.pdf": 6.454018622200273, "C.A._1563_2014.pdf": 6.454018622200273, "c.a._508_2020.pdf": 6.454018622200273}, "diman": {"Const.P.35of2013_28.08.2013.pdf": 31.361251933280656}, "dimashq": {"crl.p._883_l_2022.pdf": 7.840312983320164}, "dim": {"const.p._2_2022_14102022.pdf": 7.1471658027602185, "c.a._914_l_2013.pdf": 7.1471658027602185}, "dimmy": {"C.A._467_2015.pdf": 7.840312983320164}, "dimes": {"c.m.a._3932_2023.pdf": 7.840312983320164}, "diminutive": {"c.p._3750_2020.pdf": 7.840312983320164}}