{"diploma": {"Const.P._56_2003_E_dt_3-9-15.pdf": 4.8445807097661735, "C.R.P._125_2014.pdf": 4.8445807097661735, "Const.P.56_2003_U_dt_8-9-2015.pdf": 4.8445807097661735, "C.A._704_2017.pdf": 14.53374212929852, "C.A._461_2014.pdf": 38.75664567812939, "c.p._225_p_2023.pdf": 4.8445807097661735, "c.a._178_2020.pdf": 82.35787206602495, "S.M.C._13_2016_dt_31-03-2017.pdf": 4.8445807097661735, "C.P._78_K_2015.pdf": 92.0470334855573, "c.a._64_2022.pdf": 19.378322839064694, "c.p._271_2021.pdf": 19.378322839064694, "c.a._1833_2019.pdf": 14.53374212929852, "C.R.P.193of2013.pdf": 4.8445807097661735, "C.A._1213_2015.pdf": 4.8445807097661735, "C.A._307-L_2015.pdf": 14.53374212929852, "C.A._125_K_2016_JPMC_Dissenting_Note.pdf": 24.222903548830867, "c.a._84_k_2023.pdf": 33.91206496836321, "C.A._843_2012.pdf": 77.51329135625878, "c.p._3455_2020.pdf": 4.8445807097661735, "c.p._4806_2019.pdf": 4.8445807097661735}, "diplock": {"ConstitutionPetitionNo21OF2007.pdf": 5.537727890326118, "CPs.10-18of2011.pdf": 16.613183670978355, "S.M.C._28_2018.pdf": 11.075455780652236, "s.m.c._1_2022_detailed.pdf": 5.537727890326118, "C.P.796of2007-dt-10-5-2013.pdf": 5.537727890326118, "C.A._1406_2016.pdf": 5.537727890326118, "c.a._ 870_2020.pdf": 11.075455780652236, "crl.a._120_2019.pdf": 5.537727890326118, "C.A.39_2010.pdf": 5.537727890326118, "const.p._32_2023_additional_note.pdf": 5.537727890326118}, "dipalodi": {"C.P.796of2007-UrduTranslation-dt-10-5-2013.pdf": 7.1471658027602185, "C.P.796of2007-dt-10-5-2013.pdf": 7.1471658027602185}, "diplomatic": {"NRO_Judgment.pdf": 18.819275069564057, "Const.P.12of2010.pdf": 4.704818767391014, "Const.P._29_2016.pdf": 18.819275069564057, "s.m.c._1_2022_detailed.pdf": 9.409637534782028, "C.A._870_2014.pdf": 4.704818767391014, "SMC16of2011_detailed_judgment.pdf": 9.409637534782028, "smc.24_2010.pdf": 4.704818767391014, "crp.328-329_2013.pdf": 14.114456302173043, "const.p._21_2022_15092023.pdf": 4.704818767391014, "const.p.39_90_2011.pdf": 14.114456302173043, "C.P.2408-LOF2009.pdf": 4.704818767391014, "C.A._6_2016.pdf": 4.704818767391014, "Const.P.39and90of2011-dt-3-5-2013.pdf": 4.704818767391014, "s.m.c._3_2022_13022023.pdf": 4.704818767391014, "suo_motu_in_court.pdf": 4.704818767391014, "Const.P.33of2013_09.07.13.pdf": 4.704818767391014, "ConstitutionPetitionNo39of2009.pdf": 14.114456302173043, "Const.P._35_2016_dt_15_12_2017.pdf": 9.409637534782028, "Crl.O.P.6of2012.pdf": 23.52409383695507, "c.a._977_2018.pdf": 4.704818767391014, "Const.P.39and90of2011-dt-15-2-2013.pdf": 23.52409383695507, "c.p._1840_2016.pdf": 4.704818767391014, "c.p._3249_2015.pdf": 4.704818767391014}, "diplomat": {"Const.P._29_2016.pdf": 6.230875070886063, "s.m.c._1_2022_detailed.pdf": 31.154375354430318, "SMC16of2011_detailed_judgment.pdf": 6.230875070886063, "HRC-4668of2006.pdf": 6.230875070886063, "s.m.c._1_2022_note_hj4.pdf": 6.230875070886063}, "diplomacy": {"SMC16of2011_detailed_judgment.pdf": 15.680625966640328}, "diplo": {"smc_1_2014.pdf": 31.361251933280656}, "dip": {"C.A._176_2015.pdf": 14.294331605520437, "c.p._3598_2020.pdf": 7.1471658027602185}}