{"diq": {"Const.P._29_2016.pdf": 5.8944028342648505, "CPLA_796_2007_ETC_SHORT_ORDER_REKO_DIQ_CASE.pdf": 11.788805668529701, "C.P.796of2007-dt-10-5-2013.pdf": 1037.4148988306138, "C.A.800Lof2013etc.pdf": 5.8944028342648505, "reference._2_2022.pdf": 64.83843117691336, "s.m.c._1_2023_07042023.pdf": 5.8944028342648505, "ref._2_2022_13092023.pdf": 94.31044534823761}}