{"diwani": {"C.A._904_2013.pdf": 6.741700694652055, "s.m.c.12_2015.pdf": 6.741700694652055, "C.A._137-K_1976.pdf": 40.45020416791233}, "diwan": {"C.A._514_2008.pdf": 6.741700694652055, "c.p._490_k_2020.pdf": 13.48340138930411, "C.A._542-L_2012.pdf": 6.741700694652055}, "diwaya": {"c.a._875_2017.pdf": 7.1471658027602185, "c.p._3573_2020.pdf": 7.1471658027602185}, "diwalian": {"c.p._2602_2019.pdf": 7.840312983320164}, "diwayee": {"crl.a._75_l_2021.pdf": 7.840312983320164}, "diwali": {"smc_1_2014_dt_27.02.2014.pdf": 7.840312983320164}}