{"dj": {"c.p._852_2020.pdf": 5.442417710521793, "c.p._3923_2016.pdf": 5.442417710521793, "c.p._5646_2021.pdf": 5.442417710521793, "crl.p._209_2018.pdf": 5.442417710521793, "j.p._154_2016.pdf": 5.442417710521793, "c.p._3795_2021.pdf": 5.442417710521793, "crl.p._124_2022.pdf": 5.442417710521793, "c.a._190_2015.pdf": 5.442417710521793, "crl.a._239_2020.pdf": 5.442417710521793, "C.P._2982_2016.pdf": 5.442417710521793, "c.a._1385_2019.pdf": 5.442417710521793}}