{"dlr": {"Const.P.12of2010.pdf": 6.048553514092109, "const.p._21_2022_15092023.pdf": 6.048553514092109, "const.p.6_2023.pdf": 6.048553514092109, "const.p._2_2022_14102022.pdf": 6.048553514092109, "const.p._21_2022_30102023.pdf": 6.048553514092109, "const.p._24_2023_f.pdf": 6.048553514092109}}