{"dm": {"SMC15OF2009.pdf": 5.8944028342648505, "smc.18_2010_final.pdf": 11.788805668529701, "HRC7734-G_1003-GOF2009[UrduTranslation].pdf": 5.8944028342648505, "HRC7734-G_1003-GOF2009[AllegedCorruptionInRentalPowerPlants].pdf": 5.8944028342648505, "crl.p._1710_l_2017.pdf": 5.8944028342648505, "S.M.C._3_2018.pdf": 5.8944028342648505, "c.p._140_l_2015.pdf": 5.8944028342648505}}