{"dmcs": {"Const.P._38_2016.pdf": 62.72250386656131}, "dmc": {"Const.P._38_2016.pdf": 148.9659466830831}}