{"dmg": {"C.P._2350_2015.pdf": 12.097107028184219, "Crl.O.P.89of2011.pdf": 6.048553514092109, "c.p._1092_2018.pdf": 6.048553514092109, "S.M.C14 of 2009.pdf": 6.048553514092109, "Const.P.22of2013.pdf": 6.048553514092109, "HR8340OF2010.pdf": 18.145660542276328}}