{"dna": {"Crl.A._479_2015.pdf": 4.47301715333369, "hrc_42389-P_2013.pdf": 8.94603430666738, "crl.a._251_2020.pdf": 22.36508576666845, "C.A._90_2011_UrduVersion.pdf": 17.89206861333476, "crl.a._599_2020_26032021.pdf": 4.47301715333369, "Const.P.NO.62OF2010_orderdt06062011.pdf": 8.94603430666738, "C.A._90_2011_EnglishVersion.pdf": 17.89206861333476, "Crl.P.163_to_171_S.M.C.5_2005.pdf": 17.89206861333476, "crl.p._596_l_2022.pdf": 22.36508576666845, "crl.p._1267_2022.pdf": 8.94603430666738, "crl.r.p._15_2011.pdf": 4.47301715333369, "crl.p._1121_2023.pdf": 17.89206861333476, "j.p._73_2016.pdf": 71.56827445333904, "J.P._298_2018.pdf": 4.47301715333369, "crl.p._513_2020.pdf": 228.1238748200182, "c.p_.4178_2019.pdf": 8.94603430666738, "C.P._4876_2018.pdf": 62.622240146671665, "J.P._217_2017.pdf": 8.94603430666738, "j.p._712_2018.pdf": 8.94603430666738, "c.p._1692_l_2022.pdf": 8.94603430666738, "j.p._324_2019.pdf": 8.94603430666738, "Crl.A._617_2017.pdf": 4.47301715333369, "Crl.A._496_2009.pdf": 31.311120073335832, "c.a._324_2020.pdf": 13.419051460001072, "Crl.A._122_L_2017.pdf": 8.94603430666738, "j.p._300_2022.pdf": 4.47301715333369, "Cr.A._137_L_2017.pdf": 4.47301715333369, "c.p._4178_2019.pdf": 8.94603430666738, "c.p._2414_l_2015.pdf": 93.9333602200075}}