{"doaba": {"j.p._154_2016.pdf": 7.1471658027602185, "crl.p._103_p_2011.pdf": 7.1471658027602185}}