{"dobb": {"const.p._2_2022_14102022.pdf": 7.840312983320164}, "dob": {"h.r.c_11827_s_2018.pdf": 15.680625966640328}, "dobando": {"const.p.37_2012_final.pdf": 15.680625966640328}}