{"dod": {"c.a._803_2016.pdf": 7.840312983320164}, "dodge": {"Const.P.12of2010.pdf": 7.840312983320164}, "dodo": {"crl.a._177_2022.pdf": 14.294331605520437, "crl.p._172_2020.pdf": 7.1471658027602185}, "doda": {"crl.a._177_2022.pdf": 19.36205586660082, "crl.p._733_l_2018.pdf": 12.908037244400546, "j.p._657_2016.pdf": 19.36205586660082, "j.p._95_2017.pdf": 6.454018622200273}, "dodi": {"c.a._1772_2008.pdf": 7.840312983320164}}