{"doer": {"Crl.A._479_2015.pdf": 5.643088405983945, "Crl.A._39_L_2015_Urdu.pdf": 5.643088405983945, "c.p._2866_2015.pdf": 5.643088405983945, "ICA3,4,6TO11of2011dt2011.04.pdf": 5.643088405983945, "c.a._836_l_2013.pdf": 5.643088405983945, "c.p._1007_2022.pdf": 5.643088405983945, "C.A._1000_2006.pdf": 16.929265217951833, "c.p._342_k_2020.pdf": 11.28617681196789, "JR_Fecto_Belarus_Tractor_Limited_Case.pdf": 5.643088405983945}, "doe": {"S.M.C._28_2018.pdf": 6.741700694652055, "Const.P.12of2010.pdf": 6.741700694652055, "c.a._284_2017.pdf": 6.741700694652055}}