{"doharin": {"CMA_1145-K_2013_in_SMC_16-2011_08-03-2013.pdf": 7.840312983320164}, "doha": {"Const.P._29_2016.pdf": 33.70850347326027, "c.u.o._18_2024_dt_21_02_2024.pdf": 6.741700694652055, "c.p._3813_2019.pdf": 6.741700694652055}, "dohs": {"H.R.C._17599_2018.pdf": 7.840312983320164}, "doh": {"H.R.C._17599_2018.pdf": 70.56281684988147}, "dohar": {"c.p._1716_2022.pdf": 7.840312983320164}}