{"doth": {"Const.P.12of2010.pdf": 7.1471658027602185, "c.p._6117_2021.pdf": 7.1471658027602185}, "dot": {"c.p._4129_2019.pdf": 7.1471658027602185, "const.p._17_2020_dissenting_note_hj4.pdf": 7.1471658027602185}}