{"doxiadis": {"HRC-4668of2006.pdf": 7.1471658027602185, "CJD_Constitution_Petition_No_36_of_2005.pdf": 7.1471658027602185}}