{"dozen": {"Const.P.12of2010.pdf": 5.643088405983945, "Const.P._29_2016.pdf": 5.643088405983945, "H.R.C.19of1996[AsgharKhanCase]DetailedReasonsUrduTranslation.pdf": 11.28617681196789, "crl.a._95_2019.pdf": 11.28617681196789, "H.R.C.19of1996[AsgharKhanCase]DetailedReasons.pdf": 11.28617681196789, "const.p._2_2022_14102022.pdf": 5.643088405983945, "c.a._421_2018.pdf": 11.28617681196789, "const.p._24_2023_f.pdf": 5.643088405983945, "C.A._800_2011.pdf": 5.643088405983945}}