{"dp": {"C.R.P._49_2016.pdf": 6.741700694652055, "CONST.P.77OF2010-DT-05.04.12[URDU].pdf": 6.741700694652055, "Const.P.77of2010-DT-05-04-2012.pdf": 6.741700694652055}}