{"dpa": {"C.P._1616_2018.pdf": 7.840312983320164}, "dpac": {"c.p._1441_2021.pdf": 47.04187789992098}}