{"dpc": {"c.a._465_2021.pdf": 4.795790545596741, "S.M.C._13_2016_dt_31-03-2017.pdf": 4.795790545596741, "c.a._1000_2020.pdf": 33.570533819177186, "c.a._446_2021.pdf": 33.570533819177186, "c.p._18_p_2021.pdf": 38.36632436477393, "c.p._3157_2022.pdf": 4.795790545596741, "c.a._21_2021.pdf": 23.978952727983707, "c.p._1775_2022.pdf": 52.75369600156415, "c.a._40_2021.pdf": 91.12002036633808, "C.A.269_ETC_OF_2011.pdf": 4.795790545596741, "c.a._202_2021.pdf": 4.795790545596741, "C.A._322_2018.pdf": 9.591581091193483, "c.a._551_2020.pdf": 4.795790545596741, "c.a._550_2020.pdf": 19.183162182386965, "I.C.A._4_2017.pdf": 14.387371636790224, "C.P._529_2015.pdf": 4.795790545596741, "C.A._605_2015.pdf": 4.795790545596741, "c.a._52_k_2022.pdf": 95.91581091193483, "c.a._1167_2020.pdf": 4.795790545596741, "c.p._3455_2020.pdf": 28.774743273580448, "c.a._762_l_2012.pdf": 43.162114910370676}}