{"dpm": {"C.A._461_2014.pdf": 7.1471658027602185, "Crl.O.P.70_2012_dt_10-09-2013.pdf": 7.1471658027602185}}