{"drc": {"c.p._903_2023.pdf": 7.1471658027602185, "c.a._414_2021.pdf": 14.294331605520437}, "drce": {"c.p._323_l_2014.pdf": 7.840312983320164}}