{"dress": {"Crl.A._479_2015.pdf": 4.895874004153724, "c.p._852_2020.pdf": 4.895874004153724, "Crl.P._1188_2016.pdf": 4.895874004153724, "CONST.P.77OF2010-DT-05.04.12[URDU].pdf": 4.895874004153724, "c.p._1331_l_2017.pdf": 9.791748008307447, "Const.P.12of2010.pdf": 9.791748008307447, "Const.P._29_2016.pdf": 4.895874004153724, "crl.a._599_2020_26032021.pdf": 9.791748008307447, "crl.p._490_2019.pdf": 4.895874004153724, "c.p._1665_2020.pdf": 4.895874004153724, "Const.P.77of2010-DT-05-04-2012.pdf": 4.895874004153724, "crl.p._299_2020_01042020.pdf": 9.791748008307447, "c.a._1241_2013.pdf": 4.895874004153724, "Crl.A._235_2010.pdf": 4.895874004153724, "crl.p._518_2022.pdf": 4.895874004153724, "Crl.A.13-14-15and16of2004and53of2011.pdf": 4.895874004153724, "Crl.P.200of2009.pdf": 4.895874004153724, "c.p._1530_2019.pdf": 4.895874004153724, "crl.p._79_k_2019.pdf": 4.895874004153724}, "dread": {"crl.a._400_2019.pdf": 6.230875070886063, "crl.a._95_2019.pdf": 31.154375354430318, "Crl.A._104_2010.pdf": 6.230875070886063, "c.p._4129_2019.pdf": 6.230875070886063, "crl.m.a._365_l_2020.pdf": 6.230875070886063}, "dreaded": {"SMC15OF2009.pdf": 7.1471658027602185, "smc.18_2010_final.pdf": 7.1471658027602185}, "dream": {"Const.P.12of2010.pdf": 18.819275069564057, "Const.P.87of2011[UrduVersion].pdf": 4.704818767391014, "Const.P.12of2010Urdu.pdf": 18.819275069564057, "c.p._2243_l_2019.pdf": 9.409637534782028, "H.R.C.19of1996[AsgharKhanCase]DetailedReasonsUrduTranslation.pdf": 9.409637534782028, "crl.a._95_2019.pdf": 4.704818767391014, "H.R.C.19of1996[AsgharKhanCase]DetailedReasons.pdf": 9.409637534782028, "smc_1_2014.pdf": 9.409637534782028, "Crl.O.P.96_12_Altaf_Hussain _1.pdf": 9.409637534782028, "crp.328-329_2013.pdf": 4.704818767391014, "const.p.23of2012.pdf": 4.704818767391014, "Crl.P._105_2017.pdf": 4.704818767391014, "Const.P.87of2011.pdf": 4.704818767391014, "const.p._64_2013.pdf": 4.704818767391014, "H.R.C._39216_G_2018.pdf": 4.704818767391014, "C.M.A._376-K_2014.pdf": 4.704818767391014, "SMCNo25of2009.pdf": 4.704818767391014, "Crl.O.P.6of2012.pdf": 4.704818767391014, "ConstP.No.53of2007andConst.P.83of2012.pdf": 9.409637534782028, "c.p._3041_2020.pdf": 4.704818767391014, "H.R.C.39216_G_2018.pdf": 4.704818767391014, "Const.P.59of2011.pdf": 4.704818767391014, "C.M.A._8215_2016.pdf": 4.704818767391014}, "dreadful": {"Const.P.12of2010.pdf": 6.230875070886063, "crl.a._95_2019.pdf": 6.230875070886063, "Crl.M.A_693_2018.pdf": 6.230875070886063, "Crl.A._104_2010.pdf": 6.230875070886063, "Crl.A._218_2015.pdf": 6.230875070886063}, "dre": {"Const.P.77of2012[DetailedOrderFinal].pdf": 12.908037244400546, "smc_1_2014.pdf": 12.908037244400546, "c.p._2_2022_dissenting_note.pdf": 6.454018622200273, "const.p._76_2018.pdf": 6.454018622200273}, "drexel": {"Const.P.77of2012[DetailedOrderFinal].pdf": 7.1471658027602185, "c.p._42_2024_25012024.pdf": 7.1471658027602185}, "dreadfully": {"Const.P.NO.62OF2010_orderdt06062011.pdf": 7.840312983320164}, "dressing": {"C.A._861_2007.pdf": 13.48340138930411, "h.r.c_11827_s_2018.pdf": 6.741700694652055, "c.a._57_k_2018.pdf": 6.741700694652055}, "dredge": {"c.a._315_2022.pdf": 6.048553514092109, "c.p._3112_2020.pdf": 6.048553514092109, "C.A._305_2008.pdf": 6.048553514092109, "C.A._539_2003.pdf": 6.048553514092109, "c.p._570_p_2013.pdf": 6.048553514092109, "c.p._47_q_2016.pdf": 6.048553514092109}, "drench": {"const.p._17_2019_detailed_reasoning.pdf": 7.840312983320164}, "drex": {"C.P._3186_2017.pdf": 23.52093894996049}}