{"drop": {"ConstitutionPetitionNo21OF2007.pdf": 10.450812469891718, "CPs.10-18of2011.pdf": 13.93441662652229, "Order-DNC-nd-note.pdf": 13.93441662652229, "C.R.P._297_2017_Reserved.pdf": 6.967208313261145, "S.M.C._28_2018.pdf": 3.4836041566305727, "Const.P._38_2016.pdf": 17.418020783152862, "Const.P._29_2016_28072016.pdf": 3.4836041566305727, "NRO_Judgment.pdf": 6.967208313261145, "Const.P.12of2010.pdf": 6.967208313261145, "Const.P._29_2016.pdf": 17.418020783152862, "crl.a._599_2020_26032021.pdf": 62.70487481935031, "crl.p._849_2019.pdf": 3.4836041566305727, "Ref.01_2012_addl.note_HJ.ejaz_afzal_khan.pdf": 3.4836041566305727, "H.R.C.19of1996[AsgharKhanCase]DetailedReasonsUrduTranslation.pdf": 10.450812469891718, "Const.P._97_2014.pdf": 3.4836041566305727, "SMC16of2011_detailed_judgment.pdf": 6.967208313261145, "H.R.C.19of1996[AsgharKhanCase]DetailedReasons.pdf": 6.967208313261145, "smc_1_2014.pdf": 3.4836041566305727, "crl.p._1359_2023.pdf": 6.967208313261145, "Const.P.33and34of2005.pdf": 3.4836041566305727, "Crl.A._39_L_2015_Urdu.pdf": 3.4836041566305727, "c.p._3772_2019.pdf": 3.4836041566305727, "c.p._2256_l_2015.pdf": 3.4836041566305727, "c.a._608_2021.pdf": 3.4836041566305727, "Crl.P.163_to_171_S.M.C.5_2005.pdf": 6.967208313261145, "s.m.c._1_2023_01032023.pdf": 3.4836041566305727, "Supreme_Judicial_Council_242_2015.pdf": 3.4836041566305727, "s.m.c._1_2020.pdf": 3.4836041566305727, "Const.P.No.77of2012[ShortOrder2.8.2012].pdf": 6.967208313261145, "c.p._490_k_2020.pdf": 3.4836041566305727, "Crl.A._149_L_2017.pdf": 3.4836041566305727, "c.a._759_2020.pdf": 3.4836041566305727, "i.c.a._1_2024_15032024.pdf": 6.967208313261145, "c.a._982_2018_19022024.pdf": 3.4836041566305727, "Crl.A._158_L_2017.pdf": 3.4836041566305727, "Const.P._2_2011.pdf": 6.967208313261145, "const.p.37_2012_final.pdf": 6.967208313261145, "c.p._2916_2019.pdf": 3.4836041566305727, "C.P._51_2015.pdf": 3.4836041566305727, "C.A._139_2013.pdf": 6.967208313261145, "Crl.M.A._200_2019.pdf": 3.4836041566305727, "s.m.c._1_2023_27032023.pdf": 6.967208313261145, "c.p._1743_2020_03032023.pdf": 3.4836041566305727, "C.P._1885_2017.pdf": 6.967208313261145, "crl.a._291_2020.pdf": 3.4836041566305727, "c.a._1476_2018.pdf": 3.4836041566305727, "c.p._152_2022.pdf": 3.4836041566305727, "const.p.6_2011_final.pdf": 3.4836041566305727, "crl.a._633_2019_15092023.pdf": 3.4836041566305727, "s.m.c._1_2023_12062023.pdf": 3.4836041566305727, "Const.P.50-69of2011.pdf": 13.93441662652229, "c.a._982_2018_19022024_2.pdf": 3.4836041566305727, "c.p._1893_l_2021.pdf": 3.4836041566305727, "crl.a._120_2019.pdf": 6.967208313261145, "C.A._1242_2013.pdf": 6.967208313261145, "c.p._42_2024_25012024.pdf": 3.4836041566305727, "Crl.A._67_L_2017.pdf": 3.4836041566305727, "c.p._349_l_2017.pdf": 3.4836041566305727, "C.M.A._376-K_2014.pdf": 6.967208313261145, "c.p._448_p_2017.pdf": 10.450812469891718, "crl.p._371_2020l.pdf": 3.4836041566305727, "crl.p._519_2023_detailed_order.pdf": 6.967208313261145, "s.m.c._4_2021_26082021.pdf": 3.4836041566305727, "Crl.O.P.6of2012.pdf": 3.4836041566305727, "j.p._24_2016.pdf": 3.4836041566305727, "c.p._3413_2017.pdf": 10.450812469891718, "Crl.A._176_2012.pdf": 3.4836041566305727, "C.A._1000_2006.pdf": 3.4836041566305727, "Crl.A._122_L_2017.pdf": 3.4836041566305727, "crl.p._1329_2023.pdf": 3.4836041566305727, "C.A._1085_2017.pdf": 6.967208313261145, "ConstP5of2012_dt_20092012.pdf": 10.450812469891718, "crl.a._154_l_2013.pdf": 6.967208313261145, "c.p._2447_l_2022.pdf": 13.93441662652229, "CJD_Pakistan_Steel_Mills_Case.pdf": 24.385229096414008, "c.p._3122_2020.pdf": 3.4836041566305727, "C.M.A._8215_2016.pdf": 3.4836041566305727, "JR_Fecto_Belarus_Tractor_Limited_Case.pdf": 3.4836041566305727}, "drone": {"Order-DNC-nd-note.pdf": 6.230875070886063, "Const.PetitionNo.77of2010_12.10.2012.pdf": 6.230875070886063, "Urdu-Const.P-77-2010-12.10.2012.pdf": 6.230875070886063, "Const.P.77-78-79 [Memogate]DetailedOrder.pdf": 6.230875070886063, "C.M.A._8215_2016.pdf": 6.230875070886063}, "drown": {"H.R.C._18877_2018_03072019.pdf": 5.643088405983945, "Const.P.77of2012[DetailedOrderFinal].pdf": 5.643088405983945, "const.p._21_2022_15092023.pdf": 5.643088405983945, "const.p._24_2017.pdf": 5.643088405983945, "Const.P.No.33and34of2005-dt-27-6-2013.pdf": 5.643088405983945, "c.p._1077_2018.pdf": 5.643088405983945, "CMA2745of2009etc.pdf": 5.643088405983945, "ConstitutionPetitionNo39of2009.pdf": 5.643088405983945, "ConstP.No.53of2007andConst.P.83of2012.pdf": 5.643088405983945}, "drought": {"Crl.O.P_57_2015.pdf": 6.741700694652055, "c.p._419_2019.pdf": 6.741700694652055, "c.p._55_2020.pdf": 6.741700694652055}, "dros": {"Const.P.87of2011[UrduVersion].pdf": 20.225102083956166, "Const.P.87of2011.pdf": 20.225102083956166, "c.p._4365_2023_15122023.pdf": 33.70850347326027}, "droit": {"Const.P._29_2016.pdf": 7.1471658027602185, "c.p._3347_2021.pdf": 7.1471658027602185}, "drowning": {"Const.P.NO.62OF2010_orderdt06062011.pdf": 7.840312983320164}, "dross": {"smc.24_2010.pdf": 7.840312983320164}, "droppage": {"c.p._2119_2018.pdf": 6.741700694652055, "crl.a._291_2020.pdf": 6.741700694652055, "crl.p._1001_2016.pdf": 6.741700694652055}, "dro": {"C.P._3122_2017.pdf": 6.230875070886063, "C.A._307-L_2015.pdf": 31.154375354430318, "C.A._194_2015.pdf": 49.84700056708851, "c.p._4365_2023_15122023.pdf": 12.461750141772127, "C.A._946_2014.pdf": 6.230875070886063}, "dropouts": {"C.A._843_2012.pdf": 7.840312983320164}, "drove": {"c.m.a._1243_2021.pdf": 7.840312983320164}, "drowsy": {"clr.a._250_2020.pdf": 7.840312983320164}}