{"drug": {"H.R.C._14158_G_2016_dt_12_08_2016.pdf": 3.6506582412937387, "crl.a._184_2020.pdf": 43.807898895524865, "J.P._191_2018.pdf": 10.951974723881216, "C.R.P._49_2016.pdf": 3.6506582412937387, "j.p._587_2016.pdf": 3.6506582412937387, "Const.P._50_2018.pdf": 3.6506582412937387, "Crl.A._523_2017.pdf": 76.66382306716851, "crl.a._241_2020.pdf": 120.47172196269338, "c.p._2243_l_2019.pdf": 14.602632965174955, "Const.P.30of2013.pdf": 3.6506582412937387, "crl.p._849_2019.pdf": 65.7118483432873, "SMC16of2011_detailed_judgment.pdf": 58.41053186069982, "Crl.A._94_2019.pdf": 47.458557136818605, "s.m.c._1_2020.pdf": 3.6506582412937387, "C.A._1600_2006.pdf": 10.951974723881216, "crl.p._230_2019.pdf": 3.6506582412937387, "HRC-4668of2006.pdf": 3.6506582412937387, "C.P._781_2016.pdf": 3.6506582412937387, "c.a._24_2015.pdf": 3.6506582412937387, "const.p.115_2011.pdf": 10.951974723881216, "crl.a_01_l_2015.pdf": 3.6506582412937387, "c.a._1095_2018_13092019.pdf": 3.6506582412937387, "Crl.P._15_2015.pdf": 10.951974723881216, "crl.p._994_2022.pdf": 10.951974723881216, "C.P._2066_2013.pdf": 7.3013164825874775, "const.p._39_16122019.pdf": 3.6506582412937387, "H.R.C._14158_G_2016_dt_28_07_2016.pdf": 3.6506582412937387, "Const.P.No.33and34of2005-dt-27-6-2013.pdf": 3.6506582412937387, "crl.p._26_p_2020.pdf": 7.3013164825874775, "C.P._145_2015.pdf": 3.6506582412937387, "crl.a._15_q_2020.pdf": 3.6506582412937387, "crl.a._208_2022.pdf": 3.6506582412937387, "j.p._637_2016.pdf": 3.6506582412937387, "c.p._1692_l_2020.pdf": 76.66382306716851, "cp-733_of_2019_final.pdf": 3.6506582412937387, "Crl.A._35_K_2016.pdf": 14.602632965174955, "c.r.p._420_2016.pdf": 3.6506582412937387, "c.p._1893_l_2021.pdf": 14.602632965174955, "smc.16of2011.pdf": 3.6506582412937387, "C.P._1707_2018.pdf": 10.951974723881216, "crl.r.p._5_2020.pdf": 3.6506582412937387, "C.A._1242_2013.pdf": 3.6506582412937387, "Const.P.77of2010-dt-21-12-2012.pdf": 3.6506582412937387, "c.p._1336_l_2021.pdf": 7.3013164825874775, "crl.a._48_2021.pdf": 21.903949447762432, "crl.p._789_2023.pdf": 3.6506582412937387, "C.A.404of2011.pdf": 3.6506582412937387, "crl.a._239_2020.pdf": 3.6506582412937387, "JR_Varan_Case.pdf": 3.6506582412937387, "Crl.P.No.426of2009&Crl.A.No.pdf": 7.3013164825874775, "crl.p._1192_2023.pdf": 10.951974723881216, "crl.p._74_l_2018.pdf": 51.10921537811234, "Crl.A._90_L_2017.pdf": 21.903949447762432, "crl.p._1806_l_2017.pdf": 7.3013164825874775, "S.M.C.16of2011dt-22-3-2013.pdf": 3.6506582412937387, "crl.p._112_2020.pdf": 25.55460768905617, "crl.p._390_2021.pdf": 10.951974723881216, "s.m.c._1_2020_25062020.pdf": 54.75987361940608, "c.p._3041_2020.pdf": 7.3013164825874775, "H.R.C._17599_2018.pdf": 7.3013164825874775, "const.p._39_2019.pdf": 3.6506582412937387, "c.m.a._1243_2021_04042022.pdf": 3.6506582412937387, "C.A._622 _2008.pdf": 10.951974723881216, "j.p._95_2017.pdf": 10.951974723881216, "CPs987-989OF2011-DT19.10.2011.pdf": 36.50658241293739, "Crl.A._12-P_2011.pdf": 18.253291206468695}, "drudgery": {"Const.P.77-78-79 [Memogate]DetailedOrder.pdf": 6.741700694652055, "const.p.37_2012_final.pdf": 6.741700694652055, "C.M.A._8215_2016.pdf": 6.741700694652055}, "drum": {"c.a._1295_2019.pdf": 6.741700694652055, "c.p._2056_2022.pdf": 20.225102083956166, "c.p._32_q_2019.pdf": 6.741700694652055}, "drunk": {"c.a._1731_2021.pdf": 7.840312983320164}, "drunkenness": {"c.a._1731_2021.pdf": 7.840312983320164}, "drumbeat": {"C.M.A._376-K_2014.pdf": 7.840312983320164}}