{"dry": {"ConstitutionPetitionNo21OF2007.pdf": 4.582216445298682, "SMC5of2012[UrduVersion]dt16-6-2012.pdf": 4.582216445298682, "Const.P._38_2016.pdf": 4.582216445298682, "Crl.O.P_57_2015.pdf": 9.164432890597364, "Crl.A._523_2017.pdf": 4.582216445298682, "Const.P.33_2013.pdf": 4.582216445298682, "C.A._861_2007.pdf": 9.164432890597364, "CJD_Reference by_the_President_of_Pakistan_under_Article_186.pdf": 4.582216445298682, "C.A._992_2013.pdf": 4.582216445298682, "crl.a._177_2022.pdf": 9.164432890597364, "c.a._248_2020.pdf": 4.582216445298682, "c.p._1290_l_2019.pdf": 18.32886578119473, "j.p._557_2016.pdf": 4.582216445298682, "C.P._2066_2013.pdf": 4.582216445298682, "crl.p._733_l_2018.pdf": 9.164432890597364, "crl.p._252_2020.pdf": 4.582216445298682, "const.p._24_2023_f.pdf": 4.582216445298682, "crl_r_p.8-l_2013.pdf": 4.582216445298682, "CMA2745of2009etc.pdf": 4.582216445298682, "C.A._1242_2013.pdf": 9.164432890597364, "c.p._280_k_2019.pdf": 4.582216445298682, "j.p._657_2016.pdf": 9.164432890597364, "c.p._389_2022.pdf": 4.582216445298682, "Crl.A._582_2018.pdf": 4.582216445298682, "c.a._57_k_2018.pdf": 9.164432890597364, "c.a._17_2020.pdf": 4.582216445298682}, "dryden": {"S.M.C._03_2017.pdf": 7.840312983320164}, "drya": {"C.A._2148_2016_dt_4-4-2018.pdf": 15.680625966640328}}