{"ds": {"smc.18_2010_final.pdf": 5.132262782217954, "const.p._9_2010_27122021.pdf": 5.132262782217954, "c.m.a._5602_2021.pdf": 10.264525564435909, "h.r.c._13316_p_2018.pdf": 5.132262782217954, "c.a._10_k_2019.pdf": 10.264525564435909, "const.p._9_2010.pdf": 5.132262782217954, "const.p._34_2022.pdf": 5.132262782217954, "c.p._1896_l_2020.pdf": 5.132262782217954, "c.p._2314_2022.pdf": 5.132262782217954, "Const.PetitionNo.30of2013-dt-4-6-2013.pdf": 5.132262782217954, "H.R.C.No.14392of2013andH.R.C.No.790-Gof2009.pdf": 10.264525564435909, "c.a._1237_2020.pdf": 10.264525564435909, "C.M.A.5216OF2012.pdf": 5.132262782217954, "C.P._2108_2018.pdf": 5.132262782217954, "crl.a._145_l_2017.pdf": 5.132262782217954}}