{"dsif": {"C.A._307-L_2015.pdf": 7.840312983320164}, "dsi": {"CMA3470of2013_10.07.2013.pdf": 7.840312983320164}}