{"dsjs": {"c.a._446_2021.pdf": 28.588663211040874, "c.p._2314_2022_dn.pdf": 7.1471658027602185}}