{"du": {"Const.P._29_2016.pdf": 6.741700694652055, "smc.18_2010_final.pdf": 6.741700694652055, "c.a._722_2012.pdf": 6.741700694652055}}