{"dual": {"ConstitutionPetitionNo5of2012[UrduTranslation].pdf": 11.725462051787515, "Const.P.127of2012.pdf": 11.725462051787515, "CPs.10-18of2011.pdf": 3.908487350595838, "Order-DNC-nd-note.pdf": 183.6989054780044, "C.R.P._297_2017_Reserved.pdf": 3.908487350595838, "Const.P.31of2011etc.pdf": 7.816974701191676, "URDU_CONST.P.05-2012-20.09.12.pdf": 35.17638615536254, "Const.P._50_2018.pdf": 3.908487350595838, "Const.P.12of2010.pdf": 7.816974701191676, "Const.P.87of2011[UrduVersion].pdf": 3.908487350595838, "const.p.42of2011.pdf": 3.908487350595838, "Const.P._29_2016.pdf": 42.99336085655422, "SMC16of2011_detailed_judgment.pdf": 3.908487350595838, "HRC7734-G_1003-GOF2009[UrduTranslation].pdf": 3.908487350595838, "Const.P.40of2012-DetailJudgment-dt-3.7.2012.pdf": 3.908487350595838, "Const.P.77-78-79 [Memogate]DetailedOrder.pdf": 3.908487350595838, "C.P.796of2007-dt-10-5-2013.pdf": 3.908487350595838, "CJD_Reference by_the_President_of_Pakistan_under_Article_186.pdf": 3.908487350595838, "const.p.23of2012.pdf": 7.816974701191676, "Const.P.5of2013.pdf": 39.084873505958384, "HRC7734-G_1003-GOF2009[AllegedCorruptionInRentalPowerPlants].pdf": 3.908487350595838, "c.p._1134_l_2018.pdf": 3.908487350595838, "S.M.C._19_2016.pdf": 3.908487350595838, "C.P.No.240and241-Kof2013.pdf": 31.267898804766705, "c.p._405_2020.pdf": 27.359411454170868, "Const.P.5of2013-dt-13-2-2013.pdf": 3.908487350595838, "c.a._1295_2019.pdf": 3.908487350595838, "C.A._1560_2008.pdf": 3.908487350595838, "Crl.A._210_2015.pdf": 3.908487350595838, "C.A._1428_2016.pdf": 3.908487350595838, "C.R.P._94_2014.pdf": 3.908487350595838, "Const.P.5of2012dt.25.5.2012.pdf": 11.725462051787515, "c.p._2148_2020.pdf": 35.17638615536254, "C.A.800Lof2013etc.pdf": 3.908487350595838, "S.M.C._3_2018.pdf": 277.5026018923045, "c.a._171_2019.pdf": 3.908487350595838, "const.p._24_2023_f.pdf": 3.908487350595838, "S.M.C._8_2018.pdf": 78.16974701191677, "c.p._2743_2018.pdf": 3.908487350595838, "c.p._488_k_2023.pdf": 7.816974701191676, "c.a._188_2019.pdf": 3.908487350595838, "Const.P._35_2016_dt_15_12_2017.pdf": 27.359411454170868, "C.A._1000_2006.pdf": 7.816974701191676, "C.P._3912_2016.pdf": 3.908487350595838, "ConstP5of2012_dt_20092012.pdf": 39.084873505958384, "CJD_Section 2-A_Case_as_on_26_06_2006.pdf": 3.908487350595838, "C.P._661_K_2015.pdf": 3.908487350595838, "C.P._3181_2015.pdf": 15.633949402383353, "c.p._3632_2018.pdf": 7.816974701191676, "HR8340OF2010.pdf": 3.908487350595838, "C.M.A._8215_2016.pdf": 19.542436752979192}, "dua": {"c.p._1193_2020.pdf": 6.741700694652055, "c.a._108_2015.pdf": 6.741700694652055, "c.p._5601_2021.pdf": 20.225102083956166}, "duality": {"Const.P.33_2013.pdf": 12.908037244400546, "c.a._1400_2019.pdf": 6.454018622200273, "S.M.C._8_2018.pdf": 6.454018622200273, "c.p._258_2017.pdf": 6.454018622200273}, "dualization": {"c.p._2338_l_2017.pdf": 15.680625966640328}, "dualcarriageway": {"C.M.A._8215_2016.pdf": 31.361251933280656}}