{"dubious": {"C.A._219-L_2015.pdf": 4.256794044864054, "Const.P.127of2012.pdf": 8.513588089728108, "c.a._1476_2018_urdu.pdf": 4.256794044864054, "c.p._1567_l_2019.pdf": 4.256794044864054, "const.p.42of2011(UrduVersion).pdf": 4.256794044864054, "Const.P.12of2010.pdf": 12.770382134592161, "Const.P.12of2010Urdu.pdf": 8.513588089728108, "Const.P._29_2016.pdf": 8.513588089728108, "Const.P._36_2016_dt_15_12_2017.pdf": 8.513588089728108, "H.R.C.19of1996[AsgharKhanCase]DetailedReasonsUrduTranslation.pdf": 4.256794044864054, "SMC16of2011_detailed_judgment.pdf": 4.256794044864054, "REVIEW_P_46&47_2011_full.pdf": 8.513588089728108, "C.A._514_2008.pdf": 4.256794044864054, "Const.P.5of2013.pdf": 4.256794044864054, "C.M.A.3325_of_2012_dt_31-1-2013_ENG_URDU.pdf.pdf": 4.256794044864054, "Crl.P.163_to_171_S.M.C.5_2005.pdf": 4.256794044864054, "crl.p._596_l_2022.pdf": 4.256794044864054, "crl.s.a.07_2011.pdf": 4.256794044864054, "const.p._17_2020_dissenting_note_hj11.pdf": 8.513588089728108, "C.R.P._268_2015.pdf": 4.256794044864054, "c.p._2231_2020.pdf": 4.256794044864054, "c.m.a._6336_2023.pdf": 4.256794044864054, "h.r.c_11827_s_2018.pdf": 4.256794044864054, "Const.P._2_2011.pdf": 4.256794044864054, "C.A._1184_2011.pdf": 4.256794044864054, "c.p._957_2020.pdf": 4.256794044864054, "C.A._307-L_2015.pdf": 4.256794044864054, "c.p._1862_l_2021.pdf": 4.256794044864054, "c.p._2314_2022_dn.pdf": 4.256794044864054, "c.p._1530_2019.pdf": 4.256794044864054, "c.p._1077_2018.pdf": 4.256794044864054, "c.a._202_2021.pdf": 4.256794044864054, "c.p._2314_2022.pdf": 4.256794044864054, "Const.P._35_2016_dt_15_12_2017.pdf": 4.256794044864054, "C.P.784of2014.pdf": 4.256794044864054, "Crl.A._128_2010.pdf": 4.256794044864054}, "dubai": {"C.R.P._297_2017_Reserved.pdf": 28.228912604346085, "S.M.C._28_2018.pdf": 4.704818767391014, "Const.P._29_2016_28072016.pdf": 14.114456302173043, "Const.P._29_2016.pdf": 588.1023459238768, "smc.18_2010_final.pdf": 14.114456302173043, "S.M.C.18OF2010.pdf": 4.704818767391014, "C.P._809_P_2018.pdf": 4.704818767391014, "Const.P._2_2011.pdf": 4.704818767391014, "Crl.P.200of2009.pdf": 9.409637534782028, "Const.P.No.1_2013_order_dated_10.01.2013.pdf": 4.704818767391014, "c.a._170_2017.pdf": 14.114456302173043, "C.A._467_2015.pdf": 4.704818767391014, "C.P._1069_K_2018.pdf": 18.819275069564057, "s.m.c._3_2022_13022023.pdf": 4.704818767391014, "ConstitutionPetitionNo39of2009.pdf": 4.704818767391014, "Const.P._35_2016_dt_15_12_2017.pdf": 28.228912604346085, "c.p._3989_2022.pdf": 4.704818767391014, "crl.p._1117_l_2021.pdf": 4.704818767391014, "c.a._284_2017.pdf": 4.704818767391014, "c.p._2902_2018.pdf": 14.114456302173043, "C.A._552_2015.pdf": 28.228912604346085, "c.m.a._8758_2018_23nov2023.pdf": 23.52409383695507, "smc.9_2011.pdf": 4.704818767391014}, "dubeer": {"Const.P_6of2011.pdf": 7.840312983320164}, "dub": {"crl.p._632_2021.pdf": 4.749270529961848, "Const.P.12of2010.pdf": 4.749270529961848, "C.A._104-L_2015.pdf": 4.749270529961848, "c.p._2243_l_2019.pdf": 4.749270529961848, "crp.328-329_2013.pdf": 4.749270529961848, "c.p._4428_2019.pdf": 4.749270529961848, "crl.p._1267_2022.pdf": 4.749270529961848, "crl.p._150_l_2023.pdf": 4.749270529961848, "Crl.A._126_2010.pdf": 4.749270529961848, "C.A._2564_2001.pdf": 4.749270529961848, "Crl.P.200of2009.pdf": 4.749270529961848, "crl.p._982_l_2022.pdf": 4.749270529961848, "crl.p._124_2022.pdf": 4.749270529961848, "crl.a._208_2022.pdf": 4.749270529961848, "c.a._271_2015.pdf": 4.749270529961848, "CMA2745of2009etc.pdf": 9.498541059923696, "c.p._3209_2019.pdf": 4.749270529961848, "c.p._2459_2017.pdf": 4.749270529961848, "crl.p._852_2021.pdf": 4.749270529961848, "crl.a._363_2021.pdf": 4.749270529961848, "crl.a._39_k_2022.pdf": 4.749270529961848, "Const.P.5and15-HRC14144-DetailedReasons.pdf": 4.749270529961848}, "dubion": {"smc.18_2010_final.pdf": 7.840312983320164}, "dubiously": {"c.a._389_2015.pdf": 7.1471658027602185, "c.p._2231_2020.pdf": 7.1471658027602185}, "dubio": {"c.p._1290_l_2019.pdf": 39.201564916600816}, "dubgari": {"s.m.c._01_2020_04052020.pdf": 15.680625966640328}, "dubey": {"Crl.M.A._200_2019.pdf": 7.1471658027602185, "c.p.1795_2022.pdf": 7.1471658027602185}, "dubair": {"J.P.No.56of2005.pdf": 7.840312983320164}}