{"duke": {"c.a._1476_2018_urdu.pdf": 5.8944028342648505, "Const.P._29_2016.pdf": 5.8944028342648505, "Const.P._29_2017.pdf": 5.8944028342648505, "c.a._1476_2018.pdf": 5.8944028342648505, "SMCNo25of2009.pdf": 5.8944028342648505, "c.p._803_2019.pdf": 5.8944028342648505, "c.a._317_l_2011.pdf": 5.8944028342648505}, "dukhayn": {"CJD_Reference by_the_President_of_Pakistan_under_Article_186.pdf": 7.840312983320164}, "duki": {"const.p.37_2012_final.pdf": 33.70850347326027, "C.P._80_2018.pdf": 20.225102083956166, "C.A._1023_2016.pdf": 13.48340138930411}, "dukha": {"C.A._450_2010.pdf": 7.840312983320164}}