{"dust": {"c.a._1476_2018_urdu.pdf": 5.355406333532164, "crl.a._251_2020.pdf": 5.355406333532164, "Const.P.12of2010.pdf": 5.355406333532164, "smc.18_2010_final.pdf": 5.355406333532164, "C.P._45_2015.pdf": 5.355406333532164, "c.p._1290_l_2019.pdf": 5.355406333532164, "c.a._1476_2018.pdf": 5.355406333532164, "const.p.6_2011_final.pdf": 5.355406333532164, "SMCNo25of2009.pdf": 10.710812667064328, "Crl.A._218_2015.pdf": 5.355406333532164, "C.M.A._8215_2016.pdf": 37.487844334725146, "crl.a.264_2006.pdf": 5.355406333532164}, "dustbin": {"c.p._1331_l_2017.pdf": 7.840312983320164}, "dusangh": {"S.M.C._20_2016.pdf": 7.840312983320164}, "dusumro": {"S.M.C.24of2010[urdu-version].pdf": 7.840312983320164}, "duster": {"const.p.37_2012_final.pdf": 7.1471658027602185, "crl.p._577_2021.pdf": 7.1471658027602185}, "dusty": {"C.A._800_2011.pdf": 7.840312983320164}, "dushyant": {"c.p._3718_2023.pdf": 7.840312983320164}}