{"dv": {"C.A._139_2013.pdf": 7.1471658027602185, "C.A._322_2018.pdf": 7.1471658027602185}}