{"dw": {"C.A._634_L_2012.pdf": 10.40251130740981, "c.a._431_2021_07072023.pdf": 5.201255653704905, "c.a._307_2017.pdf": 10.40251130740981, "c.a._1121_2018.pdf": 5.201255653704905, "j.p._36_2016.pdf": 5.201255653704905, "c.a._801_2021.pdf": 5.201255653704905, "c.a._1602_2014.pdf": 5.201255653704905, "crl.a._239_2020.pdf": 5.201255653704905, "c.p._3989_2022.pdf": 5.201255653704905, "c.a._152_l_2010.pdf": 15.603766961114715, "c.p._803_2019.pdf": 5.201255653704905, "C.A._833_2006.pdf": 5.201255653704905, "C.A._542-L_2012.pdf": 10.40251130740981, "c.a._10_q_2021.pdf": 5.201255653704905}}