{"dwarf": {"c.a._1476_2018_urdu.pdf": 6.741700694652055, "c.p._2243_l_2019.pdf": 6.741700694652055, "c.a._1476_2018.pdf": 6.741700694652055}, "dwari": {"c.p._1193_2020.pdf": 7.840312983320164}, "dwarkadas": {"c.a.149-150_2010.pdf": 7.1471658027602185, "c.a._1547_2019.pdf": 7.1471658027602185}, "dwarka": {"C.A._633_2007.pdf": 7.1471658027602185, "JR_Varan_Case.pdf": 7.1471658027602185}, "dwarfed": {"SMCNo25of2009.pdf": 7.840312983320164}}