{"dwelt": {"Const.P.127of2012.pdf": 6.454018622200273, "ConstitutionPetitionNo21OF2007.pdf": 6.454018622200273, "s.m.c._1_2022_detailed.pdf": 6.454018622200273, "J.P.No.56of2005.pdf": 6.454018622200273}, "dwelling": {"Crl.A._39_L_2015.pdf": 6.741700694652055, "SMC16of2011_detailed_judgment.pdf": 6.741700694652055, "CJD_Reference by_the_President_of_Pakistan_under_Article_186.pdf": 13.48340138930411}, "dwell": {"NRO_Judgment.pdf": 4.102643365036796, "Const.P.12of2010.pdf": 12.307930095110388, "Const.P._29_2016.pdf": 16.410573460147184, "C.R.P._125_2014.pdf": 4.102643365036796, "c.p._2243_l_2019.pdf": 4.102643365036796, "crl.a._599_2020_26032021.pdf": 8.205286730073592, "C.A._233_2015.pdf": 4.102643365036796, "c.a._73_2016.pdf": 8.205286730073592, "c.a._731_2016.pdf": 4.102643365036796, "C.R.P._383_2005.pdf": 4.102643365036796, "C.A._417-L_2009.pdf": 4.102643365036796, "c.a._17_l_2019.pdf": 4.102643365036796, "crl.p._1121_2023.pdf": 4.102643365036796, "C.A._1560_2008.pdf": 4.102643365036796, "crl.p._518_2022.pdf": 4.102643365036796, "C.R.P.193of2013.pdf": 4.102643365036796, "Crl.A.13-14-15and16of2004and53of2011.pdf": 4.102643365036796, "const.p._17_2019_detailed_reasoning.pdf": 4.102643365036796, "SMC.13-2009.pdf": 4.102643365036796, "crl.p._290_2020.pdf": 4.102643365036796, "j.p._499_2015.pdf": 8.205286730073592, "c.a._2444_2016.pdf": 4.102643365036796, "c.p._677_k_2019.pdf": 4.102643365036796, "crl.p._622_2020.pdf": 4.102643365036796, "c.a._458_2017.pdf": 4.102643365036796, "c.a._1476_2018.pdf": 4.102643365036796, "C.P._842_2016.pdf": 4.102643365036796, "const.p._6_2023_dt_05_01_2023.pdf": 4.102643365036796, "c.p._3380_l_2017.pdf": 4.102643365036796, "crl.p._263_l_2015.pdf": 4.102643365036796, "c.p._448_p_2017.pdf": 57.43700711051514, "C.P._1702_2015.pdf": 4.102643365036796, "s.m.c._4_2021_26082021.pdf": 4.102643365036796, "crl.p._92_k_2021.pdf": 8.205286730073592, "c.p._3455_2020.pdf": 4.102643365036796, "c.p._84_p_2020.pdf": 4.102643365036796, "c.p._3122_2020.pdf": 4.102643365036796, "c.p._342_k_2020.pdf": 4.102643365036796, "crl.p._464_2020.pdf": 4.102643365036796, "crl.p.183_p_2022_dt_25_01_2024.pdf": 4.102643365036796, "JR_Fecto_Belarus_Tractor_Limited_Case.pdf": 4.102643365036796, "c.p._47_q_2016.pdf": 4.102643365036796}, "dweller": {"const.p.42of2011.pdf": 6.230875070886063, "c.p._3347_2021.pdf": 6.230875070886063, "c.p._4737_2018.pdf": 12.461750141772127, "c.a._17_q_2021.pdf": 6.230875070886063, "c.a._221_2018.pdf": 6.230875070886063}}