{"dynamic": {"c.r.p._292_2021_sacked_employees.pdf": 3.635620363929198, "Const.P.127of2012.pdf": 18.178101819645992, "ConstitutionPetitionNo21OF2007.pdf": 10.906861091787594, "CPs.10-18of2011.pdf": 3.635620363929198, "C.P._272_2016.pdf": 7.271240727858396, "C.M.A.No.3685of2012-dt-17-1-2013.pdf": 18.178101819645992, "Const.P._134_2012.pdf": 3.635620363929198, "NRO_Judgment.pdf": 7.271240727858396, "Const.P._50_2018.pdf": 3.635620363929198, "Const.P.12of2010.pdf": 14.542481455716793, "crl.a._241_2020.pdf": 3.635620363929198, "Const.P._29_2016.pdf": 7.271240727858396, "smc.18_2010_final.pdf": 7.271240727858396, "S.M.C.24of2010[urdu-version].pdf": 7.271240727858396, "H.R.C.19of1996[AsgharKhanCase]DetailedReasonsUrduTranslation.pdf": 3.635620363929198, "S.M.C.18OF2010.pdf": 3.635620363929198, "s.m.c._1_2022_detailed.pdf": 7.271240727858396, "Crl.A._94_2019.pdf": 3.635620363929198, "REVIEW_P_46&47_2011_full.pdf": 3.635620363929198, "HRC7734-G_1003-GOF2009[UrduTranslation].pdf": 3.635620363929198, "H.R.C.19of1996[AsgharKhanCase]DetailedReasons.pdf": 10.906861091787594, "CJD_Reference by_the_President_of_Pakistan_under_Article_186.pdf": 10.906861091787594, "C.P.No.1017-Lof2011.pdf": 3.635620363929198, "Crl.O.P.89of2011.pdf": 3.635620363929198, "const.p._24_2017.pdf": 7.271240727858396, "i.c.a._1_2024_dn_20032024.pdf": 10.906861091787594, "c.a._315_2022.pdf": 3.635620363929198, "c.p._5599_2021.pdf": 3.635620363929198, "c.a._446_2021.pdf": 3.635620363929198, "JR_Detailed_Judgment_in_Referendum_Case.pdf": 3.635620363929198, "const.p._6_2023_07032024.pdf": 3.635620363929198, "const.p._2_2022_14102022.pdf": 25.449342547504386, "c.r.p._255_2021.pdf": 7.271240727858396, "c.p._55_2020.pdf": 3.635620363929198, "c.a._982_2018_19022024.pdf": 3.635620363929198, "h.r.c_11827_s_2018.pdf": 3.635620363929198, "c.a._1095_2018_13092019.pdf": 7.271240727858396, "c.p._479_k_2020.pdf": 7.271240727858396, "C.A._139_2013.pdf": 3.635620363929198, "const.p._21_2022_30102023.pdf": 7.271240727858396, "s.m.c._1_2023_27032023.pdf": 3.635620363929198, "c.p._414_2021.pdf": 3.635620363929198, "c.a._263_2014.pdf": 3.635620363929198, "c.p._1530_2019.pdf": 3.635620363929198, "c.a._1772_2008.pdf": 3.635620363929198, "c.a._ 870_2020.pdf": 3.635620363929198, "C.A._767_2014.pdf": 3.635620363929198, "c.p._2_2022_dissenting_note.pdf": 7.271240727858396, "const.p._42_2022_07032024.pdf": 3.635620363929198, "c.a._982_2018_19022024_2.pdf": 3.635620363929198, "C.M.A._376-K_2014.pdf": 3.635620363929198, "JR_Varan_Case.pdf": 7.271240727858396, "ConstitutionPetitionNo39of2009.pdf": 10.906861091787594, "c.p._2314_2022.pdf": 7.271240727858396, "crl.p._169_2020.pdf": 3.635620363929198, "crl.p._406_2017.pdf": 3.635620363929198, "SMC24-2010.pdf": 7.271240727858396, "s.m.c._4_2021_26082021.pdf": 3.635620363929198, "Const.P._134_2012_21012019.pdf": 3.635620363929198, "crl.p._408_l_2021.pdf": 3.635620363929198, "c.p._3041_2020.pdf": 3.635620363929198, "c.p.1795_2022.pdf": 3.635620363929198, "H.R.C._17599_2018.pdf": 3.635620363929198, "c.m.a._1243_2021_04042022.pdf": 25.449342547504386, "C.M.A._3986_2017.pdf": 3.635620363929198, "C.M.A._8215_2016.pdf": 14.542481455716793, "crl.p._1152_2020.pdf": 3.635620363929198}, "dynamism": {"c.a._1476_2018_urdu.pdf": 7.1471658027602185, "C.A.800Lof2013etc.pdf": 7.1471658027602185}, "dynamically": {"Const.P.12of2010.pdf": 11.28617681196789, "Ref.01_2012_addl.note_HJ.ejaz_afzal_khan.pdf": 5.643088405983945, "i.c.a._1_2024_dn_20032024.pdf": 5.643088405983945, "c.a._982_2018_19022024.pdf": 5.643088405983945, "c.p._479_k_2020.pdf": 5.643088405983945, "ca.297_2014.pdf": 5.643088405983945, "c.a._982_2018_19022024_2.pdf": 5.643088405983945, "j.p._24_2016.pdf": 5.643088405983945, "C.M.A._8215_2016.pdf": 5.643088405983945}, "dyne": {"Const.P.12of2010.pdf": 14.294331605520437, "const.p._76_2018.pdf": 7.1471658027602185}, "dynamite": {"crl.a._95_2019.pdf": 21.441497408280654, "C.A._69_2015.pdf": 7.1471658027602185}, "dynast": {"h.r.c._8157_p_2023.pdf": 7.840312983320164}, "dynasty": {"SMCNo25of2009.pdf": 7.840312983320164}}