{"ea": {"cng_prices_order_21-12-12-alongwith_translation.pdf": 12.461750141772127, "Const.P.12of2010.pdf": 6.230875070886063, "Const.P.NO.62OF2010_orderdt06062011.pdf": 6.230875070886063, "Const.P.33and34of2005.pdf": 12.461750141772127, "Const.P._29_2017.pdf": 6.230875070886063}}