{"eat": {"Const.P._56_2003_E_dt_3-9-15.pdf": 4.621437158451963, "c.p._1331_l_2017.pdf": 4.621437158451963, "SMC15OF2009.pdf": 9.242874316903926, "Const.P.12of2010.pdf": 9.242874316903926, "Const.PetitionNo.77of2010_12.10.2012.pdf": 4.621437158451963, "smc.18_2010_final.pdf": 13.864311475355889, "S.J.C_347_2018.PDF": 9.242874316903926, "H.R.C.19of1996[AsgharKhanCase]DetailedReasons.pdf": 4.621437158451963, "smc_1_2014.pdf": 9.242874316903926, "c.p._154_2019.pdf": 4.621437158451963, "CJD_Reference by_the_President_of_Pakistan_under_Article_186.pdf": 4.621437158451963, "Const.P.56_2003_U_dt_8-9-2015.pdf": 9.242874316903926, "const.p._21_2022_15092023.pdf": 4.621437158451963, "const.p._24_2017.pdf": 4.621437158451963, "const.p._2_2022_14102022.pdf": 4.621437158451963, "C.M.A._3325_2012_OrderDated_21-8-15.pdf": 4.621437158451963, "Crl.A._210_2015.pdf": 4.621437158451963, "Crl.M.A._200_2019.pdf": 4.621437158451963, "SMC.13-2009.pdf": 4.621437158451963, "c.p._4459_2018.pdf": 9.242874316903926, "CJD_Constitution_Petition_No_36_of_2005.pdf": 13.864311475355889, "SMCNo25of2009.pdf": 4.621437158451963, "Crl.O.P.6of2012.pdf": 4.621437158451963, "c.p._659_2019.pdf": 9.242874316903926, "c.p._962_2016 .pdf": 4.621437158451963}, "eaton": {"C.R.P._297_2017_Reserved.pdf": 14.294331605520437, "Const.P._29_2016_28072016.pdf": 14.294331605520437}, "eatery": {"Crl.A._158_L_2017.pdf": 7.840312983320164}, "eatable": {"CJD_Constitution_Petition_No_36_of_2005.pdf": 7.840312983320164}}