{"eavesdropping": {"JR_Detailed_Judgment_in_Graduation_Qualification_Case.pdf": 6.230875070886063, "JR_Detailed_Judgment_in_Referendum_Case.pdf": 6.230875070886063, "Crl.P.200of2009.pdf": 12.461750141772127, "const.p._17_2019_detailed_reasoning.pdf": 6.230875070886063, "const.p._17_2020_dissenting_note_hj4.pdf": 6.230875070886063}}