{"eazam": {"ConstitutionPetitionNo21OF2007.pdf": 6.230875070886063, "NRO_Judgment.pdf": 6.230875070886063, "Const.P.12of2010.pdf": 6.230875070886063, "const.p.37_2012_final.pdf": 6.230875070886063, "S.M.C._7_2017_06022019.pdf": 6.230875070886063}}