{"ebb": {"Const.P.127of2012.pdf": 6.454018622200273, "SMC15OF2009.pdf": 6.454018622200273, "Const.P.12of2010.pdf": 6.454018622200273, "C.A._1646_2000.pdf": 6.454018622200273}}