{"ebdo": {"c.p._2243_l_2019.pdf": 14.294331605520437, "Crl.A.140of2005.pdf": 35.735829013801094}}