{"eboi": {"C.R.P._125_2014.pdf": 7.1471658027602185, "C.R.P.193of2013.pdf": 7.1471658027602185}}