{"ecclesiastical": {"Const.P.105-2012-eng-urd.PDF": 6.454018622200273, "Const.P.12of2010Urdu.pdf": 6.454018622200273, "Const.P.56_2003_U_dt_8-9-2015.pdf": 6.454018622200273, "C.A._137-K_1976.pdf": 6.454018622200273}, "ecc": {"cng_prices_order_21-12-12-alongwith_translation.pdf": 5.067724261080383, "Const.P.NO.62OF2010_orderdt06062011.pdf": 15.20317278324115, "HRC7734-G_1003-GOF2009[UrduTranslation].pdf": 106.42220948268805, "Const.P.33and34of2005.pdf": 40.541794088643066, "HRC7734-G_1003-GOF2009[AllegedCorruptionInRentalPowerPlants].pdf": 136.82855504917035, "JR_Detailed_Judgment_in_Graduation_Qualification_Case.pdf": 5.067724261080383, "c.a._1011_2020.pdf": 5.067724261080383, "c.a._1113_2017_dissenting_note.pdf": 10.135448522160766, "c.p._349_l_2017.pdf": 10.135448522160766, "c.a._1113_2017.pdf": 10.135448522160766, "Const.P.67of2011-dt-10.6.2013.pdf": 10.135448522160766, "C.P._130_2015.pdf": 50.67724261080383, "C.A._1475_2007.PDF": 5.067724261080383, "JR_Fecto_Belarus_Tractor_Limited_Case.pdf": 10.135448522160766, "C.A._2755_2006.pdf": 25.338621305401915, "Const.P.5and15-HRC14144-DetailedReasons.pdf": 10.135448522160766}, "ecchinswell": {"Const.P._36_2016_dt_15_12_2017.pdf": 7.840312983320164}, "eccentric": {"const.p._2_2022_14102022.pdf": 7.1471658027602185, "C.P._4876_2018.pdf": 7.1471658027602185}, "eccentricity": {"c.p._1496_k_2021.pdf": 7.1471658027602185, "c.a._179_2016.pdf": 7.1471658027602185}, "ecchymose": {"crl.a._120_2019.pdf": 7.840312983320164}, "eccott": {"C.A._622 _2008.pdf": 7.840312983320164}}