{"eclipse": {"ConstitutionPetitionNo21OF2007.pdf": 4.8445807097661735, "C.R.P._49_2016.pdf": 4.8445807097661735, "C.A._233_2015.pdf": 4.8445807097661735, "c.p._154_2019.pdf": 4.8445807097661735, "crl.p._883_l_2022.pdf": 4.8445807097661735, "c.r.p._296_2020_29012022.pdf": 9.689161419532347, "JR_Detailed_Judgment_in_Referendum_Case.pdf": 4.8445807097661735, "const.p._17_2019_detailed_reasoning.pdf": 4.8445807097661735, "C.P._2066_2013.pdf": 4.8445807097661735, "C.A._125_K_2016_JPMC_Dissenting_Note.pdf": 4.8445807097661735, "c.a._1476_2018.pdf": 4.8445807097661735, "C.P._892_2015.pdf": 4.8445807097661735, "c.r.p._296_2020_hj10.pdf": 9.689161419532347, "const.p._6_2023_dn.pdf": 4.8445807097661735, "Crl.A.126of2012.pdf": 4.8445807097661735, "s.m.c._4_2021_26082021.pdf": 4.8445807097661735, "c.a._722_2012.pdf": 4.8445807097661735, "c.p._962_2016 .pdf": 4.8445807097661735, "C.M.A._8215_2016.pdf": 4.8445807097661735, "C.P._3195-L_2016.pdf": 4.8445807097661735}, "ecl": {"C.M.A.No.3685of2012-dt-17-1-2013.pdf": 4.749270529961848, "crl.a._400_2019.pdf": 4.749270529961848, "Const.P._29_2016.pdf": 9.498541059923696, "S.M.C.24of2010[urdu-version].pdf": 14.247811589885544, "C.A._870_2014.pdf": 61.74051688950402, "smc.24_2010.pdf": 9.498541059923696, "Const.P.77-78-79 [Memogate]DetailedOrder.pdf": 4.749270529961848, "crl.p._1109_2021.pdf": 4.749270529961848, "Crl.A._1-K_2018.pdf": 9.498541059923696, "Const.P.20to27-39&45.pdf": 4.749270529961848, "C.P._1340_2014.pdf": 4.749270529961848, "C.P._781_2016.pdf": 28.495623179771087, "C.M.A._3325_2012_OrderDated_21-8-15.pdf": 4.749270529961848, "s.m.c._2_2022_27052022.pdf": 14.247811589885544, "reference_1_2020.pdf": 4.749270529961848, "H.R.C._39216_G_2018.pdf": 37.99416423969478, "s.m.c._2_2022.pdf": 9.498541059923696, "ConstitutionPetitionNo39of2009.pdf": 4.749270529961848, "SMC24-2010.pdf": 14.247811589885544, "H.R.C.39216_G_2018.pdf": 4.749270529961848, "c.p._4387_2021.pdf": 4.749270529961848, "c.p._4387_2021_24012022.pdf": 4.749270529961848}, "eclectic": {"Const.P.12of2010.pdf": 7.1471658027602185, "H.R.C.19of1996[AsgharKhanCase]DetailedReasons.pdf": 7.1471658027602185}}