{"edger": {"cps_853-876_2014.pdf": 14.294331605520437, "C.P.784of2014.pdf": 14.294331605520437}, "edge": {"C.R.P._125_2014.pdf": 4.704818767391014, "Const.P.77of2012[DetailedOrderFinal].pdf": 9.409637534782028, "Ref.01_2012_addl.note_HJ.ejaz_afzal_khan.pdf": 4.704818767391014, "j.p._147_2016.pdf": 9.409637534782028, "C.M.A._3221_2012.pdf": 14.114456302173043, "Crl.A._91_L_2017.pdf": 4.704818767391014, "crl.p._705_2023.pdf": 4.704818767391014, "c.a._446_2021.pdf": 4.704818767391014, "Crl.A._11_P_2017.pdf": 4.704818767391014, "C.R.P.193of2013.pdf": 4.704818767391014, "c.a._1095_2018_13092019.pdf": 4.704818767391014, "C.A._1095_2018.pdf": 4.704818767391014, "c.a._1476_2018.pdf": 4.704818767391014, "crl.a_413-414_2013_18.02.2014.pdf": 9.409637534782028, "Crl.A._466_2017.pdf": 4.704818767391014, "j.p._450_2015.pdf": 4.704818767391014, "C.P._1983_2012.pdf": 4.704818767391014, "C.A._204-L_2015.pdf": 4.704818767391014, "c.p._2314_2022.pdf": 4.704818767391014, "SMCNo25of2009.pdf": 9.409637534782028, "crl.p._742_l_2019.pdf": 4.704818767391014, "c.a._508_2020.pdf": 4.704818767391014, "C.M.A._8215_2016.pdf": 61.16264397608319}, "edgware": {"SMC-16of2011-translation.pdf": 7.840312983320164}, "edgar": {"crl.p._230_2019.pdf": 7.1471658027602185, "CMA2745of2009etc.pdf": 7.1471658027602185}, "edg": {"c.r.p._421_2020.pdf": 7.1471658027602185, "c.a._1113_2017.pdf": 7.1471658027602185}}