{"edhi": {"SMC16of2011_detailed_judgment.pdf": 6.454018622200273, "s.m.c._1_2023_01032023.pdf": 6.454018622200273, "s.m.c._1_2023_12062023.pdf": 6.454018622200273, "C.M.A._376-K_2014.pdf": 6.454018622200273}}