{"edo": {"c.a._1257_2013.pdf": 10.884835421043586, "C.R.P._125_2014.pdf": 5.442417710521793, "Const.P.30of2013.pdf": 5.442417710521793, "Crl.O.P.89of2011.pdf": 5.442417710521793, "c.a._1444_2013.pdf": 5.442417710521793, "C.R.P.193of2013.pdf": 5.442417710521793, "c.a._346_2020.pdf": 10.884835421043586, "c.a._414_2021.pdf": 32.654506263130756, "C.A.404of2011.pdf": 5.442417710521793, "C.M.A._376-K_2014.pdf": 5.442417710521793, "C.A._843_2012.pdf": 38.09692397365255}}