{"eds": {"c.p._3286_2017.pdf": 6.048553514092109, "c.p._560_k_2019.pdf": 18.145660542276328, "C.A.800Lof2013etc.pdf": 12.097107028184219, "c.p._2314_2022.pdf": 6.048553514092109, "c.a._94_2008.pdf": 24.194214056368438, "c.p._5438_2021.pdf": 12.097107028184219}}