{"edward": {"Const.P.12of2010.pdf": 5.132262782217954, "Const.P._29_2016.pdf": 10.264525564435909, "Const.P.77of2012[DetailedOrderFinal].pdf": 10.264525564435909, "C.P._2093_2015.pdf": 5.132262782217954, "const.p._17_2020_dissenting_note_hj11.pdf": 20.529051128871817, "crl.p._513_2020.pdf": 5.132262782217954, "const.p._39_16122019.pdf": 5.132262782217954, "c.p._1354_2020.pdf": 5.132262782217954, "c.a._ 870_2020.pdf": 5.132262782217954, "C.A.2234and2235of2005-dt-31-8-2013.pdf": 35.92583947552568, "Crl.A.126of2012.pdf": 5.132262782217954, "c.a._326_l_2020.pdf": 5.132262782217954, "const.p._39_2019.pdf": 5.132262782217954, "c.p._3747_2023.pdf": 5.132262782217954, "c.a._196_p_2014_13062023.pdf": 5.132262782217954}, "edwards": {"Const.P._29_2016.pdf": 6.048553514092109, "c.p._1057_2019.pdf": 6.048553514092109, "const.p._2_2022_14102022.pdf": 30.242767570460547, "c.a._1113_2017_dissenting_note.pdf": 12.097107028184219, "ca.297_2014.pdf": 6.048553514092109, "c.a._1113_2017.pdf": 12.097107028184219}, "edw": {"const.p._76_2018.pdf": 7.840312983320164}, "edwina": {"C.A.876-879of2005.pdf": 7.840312983320164}}