{"efa": {"c.p._2056_2022.pdf": 6.454018622200273, "C.A._280-L_2009.pdf": 6.454018622200273, "c.p._5796_2021.pdf": 12.908037244400546, "C.P._1476_2016.pdf": 25.816074488801092}}