{"efg": {"smc.18_2010_final.pdf": 40.45020416791233, "Const.P._36_2016_dt_15_12_2017.pdf": 404.5020416791233, "S.M.C.18OF2010.pdf": 26.96680277860822}}