{"egg": {"ICA-1OF2012-UrduTranslation.pdf": 6.454018622200273, "C.P._2066_2013.pdf": 6.454018622200273, "Const.P.No.33and34of2005-dt-27-6-2013.pdf": 6.454018622200273, "c.a._57_k_2018.pdf": 12.908037244400546}, "eggar": {"Const.P._36_2016_dt_15_12_2017.pdf": 7.840312983320164}}