{"egos": {"CPs.10-18of2011.pdf": 6.454018622200273, "Const.P.40of2012-AdditionalNoteofJusticeJawwadSKhawaja.pdf": 12.908037244400546, "Const.P.40of2012-DetailJudgment-dt-3.7.2012.pdf": 6.454018622200273, "s.m.c._1_2023_07042023.pdf": 6.454018622200273}, "egoistic": {"crl.a._400_2019.pdf": 15.680625966640328}, "egocentric": {"crl.a._400_2019.pdf": 7.840312983320164}, "ego": {"Const.P._29_2016.pdf": 5.132262782217954, "Const.P.77of2012[DetailedOrderFinal].pdf": 15.396788346653864, "ICA-1OF2012-UrduTranslation.pdf": 5.132262782217954, "Const.P.40of2012-AdditionalNoteofJusticeJawwadSKhawaja.pdf": 10.264525564435909, "I.C.A._7_2018.pdf": 5.132262782217954, "CP778-779.pdf": 5.132262782217954, "c.p._5877_2021.pdf": 5.132262782217954, "const.p._9_2023_20042023.pdf": 5.132262782217954, "c.p._819_2017.pdf": 5.132262782217954, "C.A._767_2014.pdf": 5.132262782217954, "C.P._4876_2018.pdf": 5.132262782217954, "crl.a._633_2019_15092023.pdf": 5.132262782217954, "c.p._280_k_2019.pdf": 15.396788346653864, "c.a._1275_2009.pdf": 5.132262782217954, "c.m.a._3577_2019_15112023.pdf": 5.132262782217954}}