{"egregious": {"Const.P.12of2010.pdf": 17.282614324920985, "Const.P.77of2012[DetailedOrderFinal].pdf": 5.760871441640328, "C.R.P.167of2012-dt-30-8-2012.pdf": 5.760871441640328, "c.p._1057_2019.pdf": 5.760871441640328, "C.M.A._3854_2014_dt_31-3-2015.pdf": 5.760871441640328, "c.a._ 870_2020.pdf": 5.760871441640328, "const.p._32_2023_additional_note.pdf": 11.521742883280655, "hrc_20107-G_2013.pdf": 5.760871441640328}, "egregiously": {"smc.18_2010_final.pdf": 7.1471658027602185, "const.p._2_2022_14102022.pdf": 7.1471658027602185}, "egress": {"c.a._446_2021.pdf": 7.840312983320164}}