{"egypt": {"Crl.A._39_L_2015.pdf": 5.442417710521793, "NRO_Judgment.pdf": 5.442417710521793, "Const.P.12of2010Urdu.pdf": 5.442417710521793, "crl.p._1667_2021.pdf": 5.442417710521793, "Crl.A._39_L_2015_Urdu.pdf": 5.442417710521793, "CJD_Reference by_the_President_of_Pakistan_under_Article_186.pdf": 5.442417710521793, "const.p.23of2012.pdf": 10.884835421043586, "i.c.a._1_2024_dn_20032024.pdf": 5.442417710521793, "JR_Detailed_Judgment_in_Referendum_Case.pdf": 10.884835421043586, "S.M.C._3_2018.pdf": 5.442417710521793, "ConstP.No.53of2007andConst.P.83of2012.pdf": 5.442417710521793}}