{"ehpl": {"smc.9_2011.pdf": 54.88219088324115}, "ehp": {"smc.9_2011.pdf": 125.44500773312262}}