{"ei": {"Crl.O.P.89of2011.pdf": 7.1471658027602185, "c.a._81_k_2022.pdf": 7.1471658027602185}}