{"eid": {"hrc_42389-P_2013.pdf": 5.007099639263948, "Const.P.12of2010.pdf": 5.007099639263948, "SMC16of2011_detailed_judgment.pdf": 20.02839855705579, "CJD_Reference by_the_President_of_Pakistan_under_Article_186.pdf": 5.007099639263948, "crl.a._40_2020.pdf": 5.007099639263948, "crl.p._1001_l_2017.pdf": 5.007099639263948, "C.P._1195_2019.pdf": 5.007099639263948, "c.a._24_2015.pdf": 10.014199278527895, "c.a._2092_2019.pdf": 5.007099639263948, "J.P.No.56of2005.pdf": 35.04969747484763, "c.p._4725_2018.pdf": 10.014199278527895, "C.P._2117_2016.pdf": 10.014199278527895, "Crl.P.No.426of2009&Crl.A.No.pdf": 25.03549819631974, "const.p._9_2023.pdf": 5.007099639263948, "const.p._24_2023_27032023.pdf": 5.007099639263948, "crl.p._1329_2023.pdf": 5.007099639263948, "c.p._287_p_2016.pdf": 15.021298917791842}, "eidgah": {"SMC16of2011_detailed_judgment.pdf": 42.88299481656131, "CJD_Reference by_the_President_of_Pakistan_under_Article_186.pdf": 7.1471658027602185}, "eidain": {"CJD_Reference by_the_President_of_Pakistan_under_Article_186.pdf": 50.03016061932153, "Crl.P.No.426of2009&Crl.A.No.pdf": 7.1471658027602185}, "eideen": {"CJD_Reference by_the_President_of_Pakistan_under_Article_186.pdf": 7.840312983320164}}