{"eif": {"c.p._593_2020.pdf": 7.840312983320164}, "eiffel": {"c.m.a._8758_2018.pdf": 7.840312983320164}}