{"eire": {"Const.P.12of2010.pdf": 14.294331605520437, "ref._2_2022_13092023_2.pdf": 7.1471658027602185}}