{"ejectment": {"C.A._2215_2006.pdf": 9.324518305944437, "C.A._514_2008.pdf": 13.986777458916656, "c.p._1057_2019.pdf": 23.311295764861093, "c.p._805_l_2019.pdf": 37.29807322377775, "C.P._3068_2017.pdf": 4.662259152972219, "c.a._875_2017.pdf": 4.662259152972219, "c.a._999_2017.pdf": 4.662259152972219, "C.P._60_K_2018.pdf": 41.96033237674997, "c.a.32_k_2018.pdf": 4.662259152972219, "c.a._39_k_2021.pdf": 9.324518305944437, "SMC.13-2009.pdf": 4.662259152972219, "C.A._1890_2002.pdf": 9.324518305944437, "C.P._892_2015.pdf": 27.97355491783331, "C.A._794_2006.pdf": 4.662259152972219, "c.p._3958_2019.pdf": 4.662259152972219, "c.p._611_l_2018.pdf": 9.324518305944437, "c.p._2743_2018.pdf": 32.63581407080553, "c.a._822_2014.pdf": 4.662259152972219, "c.p._1028_2019.pdf": 9.324518305944437, "c.p._1278_k_2023.pdf": 4.662259152972219, "ca679-lof2012.pdf": 13.986777458916656, "c.p._2885_2022.pdf": 27.97355491783331, "C.R.P._147_2016.pdf": 13.986777458916656, "c.a._799_2007.pdf": 9.324518305944437}, "ejector": {"const.p._9_2010_27122021.pdf": 7.1471658027602185, "const.p._9_2010_28122021.pdf": 7.1471658027602185}, "eject": {"SMC.13-2009.pdf": 5.643088405983945, "Crl.A._195_L_2017.pdf": 5.643088405983945, "crl.p._73_p_2021.pdf": 5.643088405983945, "C.A._794_2006.pdf": 5.643088405983945, "c.p._1077_2018.pdf": 11.28617681196789, "S.M.C.16of2011dt-22-3-2013.pdf": 5.643088405983945, "Crl.A._582_2018.pdf": 5.643088405983945, "Crl.A._148_L_2017.pdf": 5.643088405983945, "j.p._462_2016.pdf": 11.28617681196789}, "ejection": {"Crl.A._582_2018.pdf": 7.840312983320164}}