{"ejusdem": {"c.a._837_2011.pdf": 18.48574863380785, "Const.P.127of2012.pdf": 13.864311475355889, "report_128_k_2021.pdf": 4.621437158451963, "ConstitutionPetitionNo21OF2007.pdf": 9.242874316903926, "C.R.P._125_2014.pdf": 4.621437158451963, "Const.P.77of2012[DetailedOrderFinal].pdf": 4.621437158451963, "CP778-779.pdf": 18.48574863380785, "CJD_Reference by_the_President_of_Pakistan_under_Article_186.pdf": 4.621437158451963, "c.p._6309_2021.pdf": 4.621437158451963, "C.A._992_2013.pdf": 4.621437158451963, "c.r.p._296_2020_29012022.pdf": 4.621437158451963, "C.R.P.193of2013.pdf": 4.621437158451963, "Crl.A.140of2005.pdf": 9.242874316903926, "C.A._1419_2009.pdf": 4.621437158451963, "const.p._17_2019_detailed_reasoning.pdf": 4.621437158451963, "const.p._21_2022_30102023.pdf": 4.621437158451963, "C.A._1509_2016.pdf": 4.621437158451963, "c.p._1591_l_2017.pdf": 9.242874316903926, "CMA2745of2009etc.pdf": 4.621437158451963, "c.a._527_2020.pdf": 4.621437158451963, "crl.p._1072_2021.pdf": 4.621437158451963, "C.A._150_2006.pdf": 9.242874316903926, "c.r.p._432_k_2022.pdf": 4.621437158451963, "CJD_Section 2-A_Case_as_on_26_06_2006.pdf": 4.621437158451963, "c.a._712_2020.pdf": 9.242874316903926}, "ejusdum": {"CP778-779.pdf": 7.840312983320164}}