{"eke": {"c.p._3203_2017.pdf": 7.1471658027602185, "c.a._1476_2018.pdf": 7.1471658027602185}}