{"ekhlaq": {"C.P._2066_2013.pdf": 7.840312983320164}, "ekhlik": {"C.P._2066_2013.pdf": 7.840312983320164}}