{"ekthor": {"c.p._1193_2020.pdf": 7.840312983320164}, "ekt": {"CMA_1145-K_2013_in_SMC_16-2011_08-03-2013.pdf": 7.840312983320164}, "ektaurin": {"C.A._2215_2006.pdf": 7.840312983320164}}