{"elbow": {"crl.a._599_2020_26032021.pdf": 5.643088405983945, "crl.a._181_2012.pdf": 5.643088405983945, "crl.p._1710_l_2017.pdf": 5.643088405983945, "Const.P._2_2011.pdf": 5.643088405983945, "crl.p._352_l_2022.pdf": 11.28617681196789, "j.p._148_2022.pdf": 5.643088405983945, "crl.p._1329_2023.pdf": 5.643088405983945, "crl.a._180_2020.pdf": 11.28617681196789, "crl.a._122_l_2012.pdf": 5.643088405983945}}