{"elkheiri": {"Crl.O.P._09_2018.pdf": 7.1471658027602185, "I.C.A._7_2018.pdf": 7.1471658027602185}}