{"elmer": {"Const.P.127of2012.pdf": 7.840312983320164}, "elmbridge": {"C.M.A._8215_2016.pdf": 7.840312983320164}}