{"elphinston": {"Const.P.12of2010.pdf": 7.840312983320164}, "elphinstone": {"CJD_Reference by_the_President_of_Pakistan_under_Article_186.pdf": 7.840312983320164}, "elpa": {"c.a._65_k_2019.pdf": 7.840312983320164}}