{"elr": {"C.A.800Lof2013etc.pdf": 7.1471658027602185, "c.a._ 870_2020.pdf": 7.1471658027602185}}