{"elt": {"c.p._1417_2022.pdf": 12.461750141772127, "Const.P.No.33and34of2005-dt-27-6-2013.pdf": 6.230875070886063, "C.A._767_2014.pdf": 6.230875070886063, "c.p._349_l_2017.pdf": 12.461750141772127, "c.p._1842_l_2022.pdf": 18.69262521265819}}