{"elucidation": {"Crl.A._24_2010.pdf": 4.8445807097661735, "c.p._303_2019.pdf": 4.8445807097661735, "ConstitutionPetitionNo21OF2007.pdf": 4.8445807097661735, "C.A._104-L_2015.pdf": 4.8445807097661735, "s.m.c._1_2022_detailed.pdf": 4.8445807097661735, "C.A._1084_2008.pdf": 4.8445807097661735, "c.p._3506_2020.pdf": 4.8445807097661735, "c.p._1877_l_2016.pdf": 4.8445807097661735, "C.A._359_2013.pdf": 4.8445807097661735, "C.A._95_2005.pdf": 4.8445807097661735, "C.A._1428_2016.pdf": 4.8445807097661735, "const.p._21_2023_11082023.pdf": 4.8445807097661735, "C.P._3186_2015.pdf": 4.8445807097661735, "c.p._1496_k_2021.pdf": 4.8445807097661735, "CMA2745of2009etc.pdf": 4.8445807097661735, "c.p._6406_2021.pdf": 4.8445807097661735, "H.R.C._17599_2018.pdf": 4.8445807097661735, "c.p._4700_2021.pdf": 4.8445807097661735, "c.a._1486_2017.pdf": 4.8445807097661735, "c.p._1824_2019.pdf": 4.8445807097661735}, "elucidate": {"Const.P.127of2012.pdf": 7.127293728608217, "ConstitutionPetitionNo21OF2007.pdf": 3.5636468643041086, "c.a._465_2021.pdf": 3.5636468643041086, "c.p._3637_2019.pdf": 3.5636468643041086, "Crl.A._39_L_2015.pdf": 3.5636468643041086, "Const.P.12of2010Urdu.pdf": 3.5636468643041086, "Const.P.77of2012[DetailedOrderFinal].pdf": 3.5636468643041086, "c.p._2243_l_2019.pdf": 3.5636468643041086, "Const.P.40of2012-DetailJudgment-dt-3.7.2012.pdf": 3.5636468643041086, "Crl.P.163_to_171_S.M.C.5_2005.pdf": 3.5636468643041086, "C.A._353_2015.pdf": 3.5636468643041086, "c.p._2628_2019.pdf": 3.5636468643041086, "C.R.P._561_2015_dt_04-02-2016.pdf": 3.5636468643041086, "const.p.1_ 2012_etc.pdf": 3.5636468643041086, "c.a._43_q_2018.pdf": 3.5636468643041086, "C.A._417-L_2009.pdf": 3.5636468643041086, "C.A._176_2015.pdf": 3.5636468643041086, "CMA No.5144of2011.pdf": 3.5636468643041086, "JR_Detailed_Judgment_in_Graduation_Qualification_Case.pdf": 3.5636468643041086, "c.a._446_2021.pdf": 3.5636468643041086, "C.A._1428_2016.pdf": 10.690940592912327, "c.p._3157_2022.pdf": 3.5636468643041086, "c.a._39_k_2021.pdf": 3.5636468643041086, "h.r.c_11827_s_2018.pdf": 3.5636468643041086, "const.p._21_2022_30102023.pdf": 3.5636468643041086, "const.p._21_2023_11082023.pdf": 3.5636468643041086, "c.a._469_2021.pdf": 3.5636468643041086, "C.A._1890_2002.pdf": 7.127293728608217, "c.p._1775_2022.pdf": 3.5636468643041086, "c.p._1862_l_2021.pdf": 3.5636468643041086, "Crl.A._137_L_2010.pdf": 3.5636468643041086, "Const.P.No.33and34of2005-dt-27-6-2013.pdf": 3.5636468643041086, "J.P.No.56of2005.pdf": 7.127293728608217, "C.A._158_2006.pdf": 3.5636468643041086, "c.a._17_q_2021.pdf": 3.5636468643041086, "c.p._2608_2019.pdf": 3.5636468643041086, "C.A._710_2014.pdf": 3.5636468643041086, "const.p._6_2023_dt_05_01_2023.pdf": 10.690940592912327, "c.p._152_2022.pdf": 3.5636468643041086, "c.p._2997_2021.pdf": 3.5636468643041086, "C.A._69_2015.pdf": 3.5636468643041086, "reference_1_2020.pdf": 3.5636468643041086, "CMA2745of2009etc.pdf": 3.5636468643041086, "C.A.39_2010.pdf": 3.5636468643041086, "c.p._349_l_2017.pdf": 3.5636468643041086, "crl.p._207_2023.pdf": 3.5636468643041086, "ref._2_2022_13092023_2.pdf": 7.127293728608217, "c.a._2121_2017.pdf": 3.5636468643041086, "c.m.appeal._47_2020.pdf": 3.5636468643041086, "c.p._2913_2021.pdf": 3.5636468643041086, "SMCNo25of2009.pdf": 3.5636468643041086, "c.p._1451_2020.pdf": 3.5636468643041086, "ConstP.No.53of2007andConst.P.83of2012.pdf": 3.5636468643041086, "C.A._1169_2014.pdf": 3.5636468643041086, "hrc_20107-G_2013.pdf": 3.5636468643041086, "ca679-lof2012.pdf": 10.690940592912327, "c.p._1007_2022.pdf": 3.5636468643041086, "const.p._6_2023_addl_n.pdf": 3.5636468643041086, "C.P._3912_2016.pdf": 3.5636468643041086, "H.R.C._17599_2018.pdf": 3.5636468643041086, "C.A._150_2006.pdf": 3.5636468643041086, "c.m.a._1243_2021_04042022.pdf": 3.5636468643041086, "c.p._962_2016 .pdf": 3.5636468643041086, "H.R.C._10842_P_2018.pdf": 3.5636468643041086, "c.a._317_l_2011.pdf": 3.5636468643041086, "C.A._1475_2007.PDF": 3.5636468643041086, "C.R.P._147_2016.pdf": 3.5636468643041086, "crl.p._476_l_2018.pdf": 3.5636468643041086, "c.p._2351_2019.pdf": 3.5636468643041086, "c.p._4700_2021.pdf": 7.127293728608217, "Crl.A._12-P_2011.pdf": 7.127293728608217, "c.a._1005_2009.pdf": 3.5636468643041086}, "elude": {"Const.P.127of2012.pdf": 4.795790545596741, "c.p._852_2020.pdf": 4.795790545596741, "Const.P.12of2010.pdf": 4.795790545596741, "c.p._2243_l_2019.pdf": 4.795790545596741, "c.a.149-150_2010.pdf": 4.795790545596741, "Const.P.40of2012-DetailJudgment-dt-3.7.2012.pdf": 4.795790545596741, "smc_1_2014.pdf": 4.795790545596741, "C.A._1406_2016.pdf": 4.795790545596741, "C.A._176_2015.pdf": 4.795790545596741, "c.a._19_2022.pdf": 4.795790545596741, "C.R.P._100_2016.pdf": 4.795790545596741, "C.A._633_2007.pdf": 4.795790545596741, "c.a._201_2020.pdf": 4.795790545596741, "C.A._359_2013.pdf": 4.795790545596741, "c.a._982_2018_19022024.pdf": 4.795790545596741, "c.a._420_2020.pdf": 4.795790545596741, "crl.p._713_l_2020.pdf": 4.795790545596741, "c.p._4703_2017.pdf": 4.795790545596741, "crl_r_p.8-l_2013.pdf": 4.795790545596741, "c.a._2063_2019.pdf": 4.795790545596741, "c.a._498_2020.pdf": 4.795790545596741}, "elusive": {"Const.P._29_2016.pdf": 14.294331605520437, "c.p._407_k_2019.pdf": 7.1471658027602185}}