{"eminent": {"Const.P.127of2012.pdf": 3.591817741270805, "ConstitutionPetitionNo21OF2007.pdf": 3.591817741270805, "CPs.10-18of2011.pdf": 3.591817741270805, "crl.s.m.r.p._84_2018.pdf": 3.591817741270805, "Crl.P._927_2016.pdf": 3.591817741270805, "const.p.42of2011(UrduVersion).pdf": 10.775453223812415, "C.A._786_2017.pdf": 3.591817741270805, "NRO_Judgment.pdf": 7.18363548254161, "C.M.A.64of2013dt-12-3-2013.pdf": 3.591817741270805, "cng_prices_order_21-12-12-alongwith_translation.pdf": 3.591817741270805, "Const.P.12of2010.pdf": 10.775453223812415, "Const.P.12of2010Urdu.pdf": 3.591817741270805, "const.p.42of2011.pdf": 10.775453223812415, "Crl.P._724_2016.pdf": 3.591817741270805, "Const.P._29_2016.pdf": 7.18363548254161, "c.p._2243_l_2019.pdf": 3.591817741270805, "C.A._785_2017.pdf": 3.591817741270805, "HRC7734-G_1003-GOF2009[UrduTranslation].pdf": 3.591817741270805, "Const.P.77-78-79 [Memogate]DetailedOrder.pdf": 10.775453223812415, "JR_Judgment_on_17th_Amendmend_and_Presidents_Uniform_Case.pdf": 7.18363548254161, "CJD_Reference by_the_President_of_Pakistan_under_Article_186.pdf": 10.775453223812415, "Const.P.56_2003_U_dt_8-9-2015.pdf": 3.591817741270805, "crp.328-329_2013.pdf": 3.591817741270805, "C.P.No.1017-Lof2011.pdf": 3.591817741270805, "C.A._137-K_1976.pdf": 3.591817741270805, "reference._1_2011_urdu.pdf": 3.591817741270805, "crl.p._883_l_2022.pdf": 3.591817741270805, "Const.P_3_2014.pdf": 3.591817741270805, "HRC7734-G_1003-GOF2009[AllegedCorruptionInRentalPowerPlants].pdf": 3.591817741270805, "c.p._1057_2019.pdf": 3.591817741270805, "C.P._3460_2015.pdf": 3.591817741270805, "S.M.C.18_2016_dt_06_01_2017.pdf": 10.775453223812415, "C.A._77_2015.pdf": 7.18363548254161, "s.m.c._1_2023.pdf": 7.18363548254161, "CMA No.5144of2011.pdf": 3.591817741270805, "c.m.a._7923_2019.pdf": 14.36727096508322, "c.p._446_l_2019.pdf": 3.591817741270805, "JR_Detailed_Judgment_in_Referendum_Case.pdf": 3.591817741270805, "C.A._1149_2015.pdf": 3.591817741270805, "c.a._421_2018.pdf": 3.591817741270805, "Crl.A.140of2005.pdf": 3.591817741270805, "const.p._17_2019_detailed_reasoning.pdf": 7.18363548254161, "Crl.M.A._200_2019.pdf": 14.36727096508322, "const.p._21_2023_11082023.pdf": 10.775453223812415, "s.m.c._1_2023_27032023.pdf": 7.18363548254161, "C.A._2133_2006.pdf": 3.591817741270805, "c.p._3286_2017.pdf": 3.591817741270805, "c.a._140_l_2015.pdf": 21.55090644762483, "c.a._1476_2018.pdf": 82.61180804922851, "c.p._1441_2021.pdf": 3.591817741270805, "C.A._1216_2015.pdf": 7.18363548254161, "C.P._4876_2018.pdf": 3.591817741270805, "s.m.c._1_2023_12062023.pdf": 3.591817741270805, "const.p._13_2023_09052023.pdf": 3.591817741270805, "ref._2_2022_13092023_2.pdf": 3.591817741270805, "reference_1_2011_06mar2024.pdf": 3.591817741270805, "C.A.2234and2235of2005-dt-31-8-2013.pdf": 3.591817741270805, "c.a._364_p_2019.pdf": 35.91817741270805, "c.p._3988_2022.pdf": 7.18363548254161, "SMCNo25of2009.pdf": 3.591817741270805, "c.m.a._3932_2023.pdf": 3.591817741270805, "ca679-lof2012.pdf": 3.591817741270805, "c.a._326_l_2020.pdf": 7.18363548254161, "Criminal_Original_P93to98.pdf": 3.591817741270805, "H.R.C._3654_2018.pdf": 17.959088706354024, "Const.P.59of2011.pdf": 3.591817741270805, "s.m.c._1_2023_23022023.pdf": 3.591817741270805, "c.p._1716_2022.pdf": 7.18363548254161, "C.A._1313_2014.pdf": 3.591817741270805, "crl.a.264_2006.pdf": 3.591817741270805}, "eminently": {"CPs.10-18of2011.pdf": 15.396788346653864, "Order-DNC-nd-note.pdf": 5.132262782217954, "SMC16of2011_detailed_judgment.pdf": 5.132262782217954, "Const.P.40of2012-DetailJudgment-dt-3.7.2012.pdf": 10.264525564435909, "JR_Judgment_on_17th_Amendmend_and_Presidents_Uniform_Case.pdf": 5.132262782217954, "crl.a._03_p_2017.pdf": 5.132262782217954, "C.R.P._561_2015_dt_04-02-2016.pdf": 5.132262782217954, "const.p._2_2022_14102022.pdf": 5.132262782217954, "C.A._280-L_2009.pdf": 5.132262782217954, "c.a._1476_2018.pdf": 5.132262782217954, "c.p._280_k_2019.pdf": 5.132262782217954, "c.a._354_2020.pdf": 5.132262782217954, "c.p._2832_2018.pdf": 5.132262782217954, "Const.P._35_2016_dt_15_12_2017.pdf": 5.132262782217954, "C.P._4682_2017.pdf": 5.132262782217954}, "emir": {"const.p.42of2011(UrduVersion).pdf": 6.741700694652055, "H.R.C.19of1996[AsgharKhanCase]DetailedReasonsUrduTranslation.pdf": 6.741700694652055, "crp.328-329_2013.pdf": 13.48340138930411}, "emirate": {"C.R.P._49_2016.pdf": 26.006278268524525, "c.a._803_2016.pdf": 5.201255653704905, "Const.P._29_2016_28072016.pdf": 5.201255653704905, "Const.P.77of2010dt-08.09.2012[UrduTranslation].pdf": 5.201255653704905, "Const.P._29_2016.pdf": 10.40251130740981, "C.P._45_2015.pdf": 15.603766961114715, "C.M.A.3325_of_2012_dt_31-1-2013_ENG_URDU.pdf.pdf": 15.603766961114715, "C.M.A.3325_of_2012_dt_11-2-2013.pdf": 5.201255653704905, "C.A._467_2015.pdf": 5.201255653704905, "C.P._145_2015.pdf": 20.80502261481962, "C.A._1793_2016.pdf": 41.61004522963924, "Const.P._35_2016_dt_15_12_2017.pdf": 5.201255653704905, "c.m.a._8758_2018_23nov2023.pdf": 36.408789575934335, "S.M.C._7_2017_06022019.pdf": 5.201255653704905}, "emirship": {"C.R.P._49_2016.pdf": 7.840312983320164}, "emission": {"Const.P._38_2016.pdf": 5.537727890326118, "C.M.A._3221_2012.pdf": 5.537727890326118, "c.p._1290_l_2019.pdf": 11.075455780652236, "c.p._3347_2021.pdf": 5.537727890326118, "const.p._42_2022_07032024.pdf": 5.537727890326118, "c.a._1113_2017.pdf": 5.537727890326118, "c.a._329_2022.pdf": 22.150911561304472, "SMCNo25of2009.pdf": 5.537727890326118, "c.p._389_2022.pdf": 33.22636734195671, "C.M.A._8215_2016.pdf": 5.537727890326118}, "emit": {"Const.P._38_2016.pdf": 5.643088405983945, "Const.P.77of2012[DetailedOrderFinal].pdf": 5.643088405983945, "I.C.A._7_2018.pdf": 5.643088405983945, "crl.p._1549_2021.pdf": 5.643088405983945, "c.p._1133_l_2016.pdf": 5.643088405983945, "C.A._800_2011.pdf": 5.643088405983945, "s.m.c._4_2021_26082021.pdf": 5.643088405983945, "c.p._389_2022.pdf": 5.643088405983945, "C.M.A._8215_2016.pdf": 5.643088405983945}, "emigration": {"Const.P._50_2018.pdf": 6.741700694652055, "Crl.R.P._47_2015.pdf": 20.225102083956166, "c.r.p._292_2021_detailed.pdf": 6.741700694652055}, "eminence": {"const.p._24_to_26_of_2023_04072023.pdf": 4.949941225423999, "crl.a._95_2019.pdf": 4.949941225423999, "S.M.C._18_2016.pdf": 4.949941225423999, "S.M.C.18_2016_dt_06_01_2017.pdf": 4.949941225423999, "c.p._3506_2020.pdf": 49.49941225423999, "C.P.41_66_2015.pdf": 4.949941225423999, "h.r.c_11827_s_2018.pdf": 14.849823676271999, "c.p._1171_2021.pdf": 9.899882450847999, "c.a._908_2015.pdf": 4.949941225423999, "CMA2745of2009etc.pdf": 4.949941225423999, "C.M.A._376-K_2014.pdf": 4.949941225423999, "ConstitutionPetitionNo39of2009.pdf": 4.949941225423999, "SMCNo25of2009.pdf": 4.949941225423999, "Const.P.73of2011.pdf": 4.949941225423999, "c.p._178_q_2023.pdf": 4.949941225423999, "Const.P.59of2011.pdf": 34.649588577968, "c.p._1716_2022.pdf": 34.649588577968, "crl.a.264_2006.pdf": 19.799764901695998}, "eminabad": {"HRC7734-G_1003-GOF2009[UrduTranslation].pdf": 35.735829013801094, "HRC7734-G_1003-GOF2009[AllegedCorruptionInRentalPowerPlants].pdf": 50.03016061932153}, "emily": {"c.p._1290_l_2019.pdf": 7.840312983320164}, "eminen": {"c.a._1476_2018.pdf": 7.840312983320164}, "emigrant": {"S.M.C._3_2018.pdf": 35.735829013801094, "c.p._448_p_2017.pdf": 7.1471658027602185}, "emigre": {"c.p._448_p_2017.pdf": 7.840312983320164}, "emilie": {"C.P._661_K_2015.pdf": 23.52093894996049}}