{"emmanuel": {"NRO_Judgment.pdf": 6.230875070886063, "c.a._1573_2017.pdf": 6.230875070886063, "s.m.c._1_2023_27032023.pdf": 6.230875070886063, "const.p._6_2023_dt_05_01_2023.pdf": 6.230875070886063, "c.r.p._432_k_2022.pdf": 6.230875070886063}, "emmer": {"Const.P.NO.62OF2010_orderdt06062011.pdf": 7.840312983320164}}