{"emolument": {"Const.P.127of2012.pdf": 20.63370458307928, "Order-DNC-nd-note.pdf": 4.126740916615856, "S.M.C._20_2016.pdf": 4.126740916615856, "Const.P._29_2016.pdf": 4.126740916615856, "SMC16of2011_detailed_judgment.pdf": 4.126740916615856, "C.A._80_L_2014.pdf": 12.380222749847569, "c.p._1347_2019.pdf": 4.126740916615856, "H.R.C.19of1996[AsgharKhanCase]DetailedReasons.pdf": 8.253481833231712, "C.A.669-L_2013.pdf": 4.126740916615856, "Const.P.77to85,89and92of2011[dt12.6.2012].pdf": 4.126740916615856, "S.M.C._18_2016.pdf": 4.126740916615856, "C.A._353_2015.pdf": 45.394150082774416, "C.P._264_2017.pdf": 4.126740916615856, "c.p._3506_2020.pdf": 4.126740916615856, "c.r.p._296_2020_04022022.pdf": 4.126740916615856, "c.a._248_2020.pdf": 4.126740916615856, "h.r.c_11827_s_2018.pdf": 4.126740916615856, "c.p._479_k_2020.pdf": 4.126740916615856, "const.p._17_2019_detailed_reasoning.pdf": 8.253481833231712, "hrc_17082013.pdf": 4.126740916615856, "C.A._654_2010.pdf": 4.126740916615856, "C.A._654_2007.pdf": 12.380222749847569, "C.A._26_K_2018.pdf": 4.126740916615856, "c.a._1477_2019.pdf": 12.380222749847569, "s.m.c._1_2020_08062020.pdf": 4.126740916615856, "c.p._4439_2017.pdf": 16.506963666463424, "c.a._661_2018.pdf": 57.774372832621985, "c.p._803_2019.pdf": 4.126740916615856, "Crl.P._1099_2016.pdf": 4.126740916615856, "C.A._1000_2006.pdf": 4.126740916615856, "c.a._429_2020.pdf": 8.253481833231712, "c.a._1684_2021.pdf": 4.126740916615856, "C.P._3228_2015.pdf": 4.126740916615856, "c.p._231_k_2020.pdf": 103.1685229153964, "ConstP5of2012_dt_20092012.pdf": 4.126740916615856, "c.p._1066_2022.pdf": 4.126740916615856, "c.a._1546_2019.pdf": 4.126740916615856, "c.p._84_p_2020.pdf": 12.380222749847569, "H.R.C._3654_2018.pdf": 8.253481833231712, "c.p._1716_2022.pdf": 4.126740916615856, "CPs987-989OF2011-DT19.10.2011.pdf": 4.126740916615856}, "emotion": {"cr.p_1054_l_2023.pdf": 4.949941225423999, "ConstitutionPetitionNo21OF2007.pdf": 4.949941225423999, "Const.P.12of2010.pdf": 14.849823676271999, "crl.p._1054_l_2023_urdu.pdf": 9.899882450847999, "Const.P._29_2016.pdf": 4.949941225423999, "j.p._147_2016.pdf": 9.899882450847999, "I.C.A._7_2018.pdf": 4.949941225423999, "c.p._3429_2021.pdf": 4.949941225423999, "s.m.c._4_2022.pdf": 4.949941225423999, "i.c.a._1_2024_dn_20032024.pdf": 4.949941225423999, "c.p._3506_2020.pdf": 9.899882450847999, "Crl.A._210_2015.pdf": 4.949941225423999, "c.a._982_2018_19022024.pdf": 4.949941225423999, "crl.p._713_l_2020.pdf": 4.949941225423999, "c.p._2_2022_dissenting_note.pdf": 4.949941225423999, "c.r.p._420_2016.pdf": 14.849823676271999, "c.p._3209_2019.pdf": 4.949941225423999, "C.R.P._412_2014.pdf": 4.949941225423999}, "emotionally": {"crl.a._251_2020.pdf": 6.048553514092109, "crl.p._251_2020.pdf": 6.048553514092109, "c.r.p._420_2016.pdf": 6.048553514092109, "crl.p._75_q_2021.pdf": 6.048553514092109, "c.p._140_l_2015.pdf": 6.048553514092109, "H.R.C._10842_P_2018.pdf": 6.048553514092109}, "emotive": {"Const.P.12of2010.pdf": 6.741700694652055, "c.a._982_2018_19022024.pdf": 6.741700694652055, "c.a._513_2014.pdf": 13.48340138930411}, "emotional": {"crl.a._95_2019.pdf": 5.275363625858628, "crl.p._345_2022.pdf": 5.275363625858628, "c.r.p._296_2020_04022022.pdf": 5.275363625858628, "c.p._240_2021.pdf": 10.550727251717255, "c.r.p._420_2016.pdf": 15.826090877575883, "c.a._908_2015.pdf": 21.10145450343451, "const.p._32_2023_additional_note.pdf": 5.275363625858628, "Const.P.22of2013.pdf": 10.550727251717255, "c.p._3209_2019.pdf": 10.550727251717255, "c.p._8_l_2023_r.pdf": 5.275363625858628, "SMCNo25of2009.pdf": 5.275363625858628, "Crl.A._7_P_2013.pdf": 5.275363625858628, "c.p._5601_2021.pdf": 5.275363625858628}, "emo": {"C.P.796of2007-dt-10-5-2013.pdf": 7.840312983320164}, "emotiveness": {"c.a._982_2018_19022024.pdf": 7.840312983320164}}