{"emulate": {"Const.P.12of2010.pdf": 5.643088405983945, "SMC16of2011_detailed_judgment.pdf": 5.643088405983945, "crl.p._1667_2021.pdf": 5.643088405983945, "crl.p._1359_2023.pdf": 22.57235362393578, "c.r.p._296_2020_04022022.pdf": 5.643088405983945, "c.p._4129_2019.pdf": 5.643088405983945, "c.a._1476_2018.pdf": 5.643088405983945, "C.M.A._376-K_2014.pdf": 5.643088405983945, "S.M.C._7_2017_06022019.pdf": 5.643088405983945}, "emulation": {"C.A._233_2015.pdf": 7.1471658027602185, "S.M.C._2_2018.pdf": 7.1471658027602185}}