{"en": {"c.a._465_2021.pdf": 4.5081084731449605, "const.p._21_2022_15092023.pdf": 4.5081084731449605, "C.A._137-K_1976.pdf": 4.5081084731449605, "Crl.A._80_L_2017.pdf": 4.5081084731449605, "crl.p._1271_2019.pdf": 4.5081084731449605, "JR_Detailed_Judgment_in_Referendum_Case.pdf": 4.5081084731449605, "crl.p._299_2020_07042020.pdf": 4.5081084731449605, "c.p._1128_2020.pdf": 4.5081084731449605, "j.p._324_2015.pdf": 4.5081084731449605, "c.r.p._292_2021_detailed.pdf": 4.5081084731449605, "crl.a._110_2020.pdf": 4.5081084731449605, "crl.p._335_2020.pdf": 4.5081084731449605, "Crl.A._103_2010.pdf": 4.5081084731449605, "c.a._202_2021.pdf": 4.5081084731449605, "c.p._3958_2019.pdf": 4.5081084731449605, "crl.p._371_2020l.pdf": 4.5081084731449605, "s.m.c._1_2023_07042023.pdf": 4.5081084731449605, "C.P._2226_2016.pdf": 4.5081084731449605, "j.p._430_2015.pdf": 4.5081084731449605, "s.m.c._4_2021_26082021.pdf": 4.5081084731449605, "c.p._1839_2018.pdf": 4.5081084731449605, "C.A._1050_2009.pdf": 9.016216946289921, "C.A.876-879of2005.pdf": 4.5081084731449605, "crl.p._138_q_2020.pdf": 4.5081084731449605, "c.p._1600_2021_dt_25_01_2024.pdf": 4.5081084731449605, "c.m.a._1243_2021_04042022.pdf": 4.5081084731449605, "c.p._84_p_2020.pdf": 4.5081084731449605, "c.p._2092_2019.pdf": 4.5081084731449605}}