{"energy": {"Const.P._56_2003_E_dt_3-9-15.pdf": 3.4458638286477252, "Const.P._38_2016.pdf": 6.8917276572954504, "C.A._786_2017.pdf": 3.4458638286477252, "Const.P._50_2018.pdf": 10.337591485943175, "const.p.42of2011.pdf": 10.337591485943175, "Const.P.33_2013.pdf": 10.337591485943175, "Const.P._29_2016.pdf": 6.8917276572954504, "C.R.P._125_2014.pdf": 6.8917276572954504, "Const.PetitionNo.77of2010_12.10.2012.pdf": 3.4458638286477252, "crl.p._907_2020.pdf": 3.4458638286477252, "C.A._233_2015.pdf": 3.4458638286477252, "c.a.149-150_2010.pdf": 20.67518297188635, "s.m.c._1_2022_detailed.pdf": 3.4458638286477252, "C.A._785_2017.pdf": 3.4458638286477252, "HRC7734-G_1003-GOF2009[UrduTranslation].pdf": 96.48418720213631, "smc.11_2011.pdf": 3.4458638286477252, "smc_1_2014.pdf": 6.8917276572954504, "Const.P.56_2003_U_dt_8-9-2015.pdf": 3.4458638286477252, "HRC7734-G_1003-GOF2009[AllegedCorruptionInRentalPowerPlants].pdf": 68.9172765729545, "C.A.669-L_2013.pdf": 3.4458638286477252, "S.M.C._19_2016.pdf": 48.242093601068156, "c.a._749_2021.pdf": 3.4458638286477252, "s.m.c._1_2020.pdf": 3.4458638286477252, "const.p._24_2017.pdf": 6.8917276572954504, "c.r.p._421_2020_dissenting_notes.pdf": 31.012774457829526, "C.A._992_2013.pdf": 6.8917276572954504, "c.p._2482_2020.pdf": 6.8917276572954504, "C.A._493_2011.pdf": 3.4458638286477252, "c.p._943_k_2022.pdf": 3.4458638286477252, "JR_Detailed_Judgment_in_Referendum_Case.pdf": 3.4458638286477252, "S.M.C._ 26_2007_30062018.pdf": 3.4458638286477252, "C.A._1171_2017.pdf": 3.4458638286477252, "C.P.41_66_2015.pdf": 3.4458638286477252, "S.M.C._26_2007_04072018.pdf": 3.4458638286477252, "c.p._1290_l_2019.pdf": 3.4458638286477252, "crl.p._1710_l_2017.pdf": 6.8917276572954504, "C.A._1515_2016.pdf": 10.337591485943175, "c.p._3347_2021.pdf": 17.229319143238627, "C.R.P.193of2013.pdf": 6.8917276572954504, "Const.P._2_2011.pdf": 3.4458638286477252, "const.p.37_2012_final.pdf": 3.4458638286477252, "c.r.p._292_2021_detailed.pdf": 3.4458638286477252, "c.r.p._421_2020.pdf": 55.133821258363604, "SMC.13-2009.pdf": 3.4458638286477252, "c.p._3136_2022.pdf": 3.4458638286477252, "c.a._1011_2020.pdf": 472.0833445247384, "c.a.1540-1599_2013.pdf": 58.57968508701133, "C.A._654_2010.pdf": 6.8917276572954504, "const.p.5_2011.pdf": 6.8917276572954504, "C.R.P._335_2014.pdf": 24.121046800534078, "C.A.800Lof2013etc.pdf": 6.8917276572954504, "reference._2_2022.pdf": 10.337591485943175, "c.a._513_2014.pdf": 6.8917276572954504, "Const.P.91of2011Dt-23-8-2012.pdf": 13.783455314590901, "c.a._1113_2017_dissenting_note.pdf": 79.25486805889769, "const.p._42_2022_07032024.pdf": 10.337591485943175, "CAs.149-150of2010.pdf": 6.8917276572954504, "Crl.A._106_L_2017.pdf": 3.4458638286477252, "c.p._280_k_2019.pdf": 10.337591485943175, "c.a._1731_2021.pdf": 3.4458638286477252, "hrc.14392of2013-01.07.2013.pdf": 3.4458638286477252, "S.M.C._26_2007_02082018.pdf": 3.4458638286477252, "c.a._1113_2017.pdf": 172.29319143238627, "h.r.c._20883_2018.pdf": 13.783455314590901, "Const.P._46_2013.pdf": 6.8917276572954504, "SMCNo25of2009.pdf": 3.4458638286477252, "c.p._389_2022.pdf": 27.566910629181802, "crl.m.a._459_2020.pdf": 3.4458638286477252, "C.P._3095_2017.pdf": 3.4458638286477252, "C.A.876-879of2005.pdf": 3.4458638286477252, "C.P._3912_2016.pdf": 3.4458638286477252, "H.R.C._17599_2018.pdf": 3.4458638286477252, "C.A._1049_2011.pdf": 3.4458638286477252, "CJD_Section 2-A_Case_as_on_26_06_2006.pdf": 13.783455314590901, "c.a._1547_2019.pdf": 20.67518297188635, "H.R.C._3654_2018.pdf": 6.8917276572954504, "CMA3258of2013inCP65of09DetailOrder.pdf": 3.4458638286477252, "ref._2_2022_13092023.pdf": 10.337591485943175, "C.A._682_2008.pdf": 3.4458638286477252, "C.M.A._8215_2016.pdf": 13.783455314590901, "c.p._1276_2020.pdf": 3.4458638286477252}, "enemy": {"ConstitutionPetitionNo5of2012[UrduTranslation].pdf": 4.343805421853684, "c.a._1476_2018_urdu.pdf": 4.343805421853684, "Order-DNC-nd-note.pdf": 4.343805421853684, "C.R.P._49_2016.pdf": 4.343805421853684, "SMC15OF2009.pdf": 4.343805421853684, "Crl.A._39_L_2015.pdf": 13.031416265561052, "NRO_Judgment.pdf": 13.031416265561052, "Const.P._50_2018.pdf": 13.031416265561052, "Const.P.12of2010.pdf": 152.03318976487895, "CMA_1145-K_2013_in_SMC_16-2011_08-03-2013.pdf": 13.031416265561052, "SMC16of2011_detailed_judgment.pdf": 13.031416265561052, "crl.a._95_2019.pdf": 17.375221687414736, "crl.p._1359_2023.pdf": 8.687610843707368, "Const.P.77-78-79 [Memogate]DetailedOrder.pdf": 8.687610843707368, "Crl.A._39_L_2015_Urdu.pdf": 13.031416265561052, "Crl.O.P.96_12_Altaf_Hussain _1.pdf": 8.687610843707368, "JR_Judgment_on_17th_Amendmend_and_Presidents_Uniform_Case.pdf": 4.343805421853684, "c.a._1474_2021.pdf": 4.343805421853684, "const.p.1_ 2012_etc.pdf": 4.343805421853684, "c.p._167_p_2022.pdf": 4.343805421853684, "C.P.2408-LOF2009.pdf": 4.343805421853684, "c.a._664_k_2017.pdf": 4.343805421853684, "Const.P.5of2012dt.25.5.2012.pdf": 4.343805421853684, "Crl.M.A._200_2019.pdf": 4.343805421853684, "const.p._21_2022_30102023.pdf": 4.343805421853684, "c.a._1476_2018.pdf": 8.687610843707368, "S.M.C._3_2018.pdf": 4.343805421853684, "S.M.C._8_2018.pdf": 4.343805421853684, "c.p._1097_l_2020.pdf": 4.343805421853684, "crl.p._225_2023.pdf": 4.343805421853684, "ICA3,4,6TO11of2011dt2011.04.pdf": 8.687610843707368, "HR8340OF2010.pdf": 4.343805421853684, "C.M.A._8215_2016.pdf": 4.343805421853684}, "enel": {"C.P.796of2007-UrduTranslation-dt-10-5-2013.pdf": 7.1471658027602185, "C.P.796of2007-dt-10-5-2013.pdf": 7.1471658027602185}, "energetic": {"Const.P._29_2016.pdf": 14.294331605520437, "Const.P.NO.62OF2010_orderdt06062011.pdf": 7.1471658027602185}, "energize": {"const.p.115_2011.pdf": 31.361251933280656}, "enervate": {"Crl.M.A._200_2019.pdf": 7.840312983320164}, "enem": {"c.a.1540-1599_2013.pdf": 7.1471658027602185, "C.R.P._335_2014.pdf": 7.1471658027602185}, "enercon": {"Const.PetitionNo.30of2013-dt-4-6-2013.pdf": 7.840312983320164}}