{"enhance": {"Const.P.127of2012.pdf": 2.6418159520543383, "C.A._503_2006.pdf": 2.6418159520543383, "crl.s.m.r.p._84_2018.pdf": 7.925447856163014, "Const.P._134_2012.pdf": 2.6418159520543383, "CONST.P.77OF2010-DT-05.04.12[URDU].pdf": 2.6418159520543383, "Const.P._38_2016.pdf": 5.283631904108677, "SMC15OF2009.pdf": 2.6418159520543383, "NRO_Judgment.pdf": 5.283631904108677, "C.M.A.64of2013dt-12-3-2013.pdf": 5.283631904108677, "Const.P.40of2012-DetailJudgment[UrduTranslation]-dt-3.7.2012.pdf": 2.6418159520543383, "c.p._3436_l_2022.pdf": 2.6418159520543383, "Const.P._50_2018.pdf": 13.209079760271692, "Const.P.12of2010.pdf": 23.776343568489043, "Const.P.87of2011[UrduVersion].pdf": 5.283631904108677, "S.M.C._20_2016.pdf": 2.6418159520543383, "Const.P.33_2013.pdf": 5.283631904108677, "Const.P.77of2012[DetailedOrderFinal].pdf": 5.283631904108677, "c.a.149-150_2010.pdf": 2.6418159520543383, "Const.P.NO.62OF2010_orderdt06062011.pdf": 7.925447856163014, "s.m.c._1_2022_detailed.pdf": 2.6418159520543383, "SMC16of2011_detailed_judgment.pdf": 10.567263808217353, "c.p._1347_2019.pdf": 10.567263808217353, "Const.P.46of2013-dt-27-12-2013.pdf": 2.6418159520543383, "Const.P.77-78-79 [Memogate]DetailedOrder.pdf": 5.283631904108677, "C.P.796of2007-dt-10-5-2013.pdf": 5.283631904108677, "c.a._1736_2019.pdf": 18.49271166438037, "const.p._21_2022_15092023.pdf": 5.283631904108677, "C.A._137-K_1976.pdf": 2.6418159520543383, "c.a._2434_2016.pdf": 2.6418159520543383, "c.p._167_q_2023.pdf": 2.6418159520543383, "c.a._1474_2021.pdf": 2.6418159520543383, "HRC7734-G_1003-GOF2009[AllegedCorruptionInRentalPowerPlants].pdf": 5.283631904108677, "c.a._1269_2013.pdf": 2.6418159520543383, "C.A._14_L_2013.pdf": 2.6418159520543383, "const.p._24_2017.pdf": 2.6418159520543383, "C.A._1189_2017.pdf": 7.925447856163014, "Crl.M.A_693_2018.pdf": 5.283631904108677, "c.p._4428_2019.pdf": 2.6418159520543383, "crl.sh.a._9_2017.pdf": 2.6418159520543383, "C.R.P._383_2005.pdf": 13.209079760271692, "c.a._130_2021.pdf": 5.283631904108677, "c.a._13_q_2020.pdf": 2.6418159520543383, "C.P._928-L_2015.pdf": 2.6418159520543383, "c.p._3950_2019.pdf": 2.6418159520543383, "JR_Detailed_Judgment_in_Graduation_Qualification_Case.pdf": 2.6418159520543383, "Crl.A._155_2018.pdf": 2.6418159520543383, "c.p._3506_2020.pdf": 7.925447856163014, "crl.p._894_l_2023.pdf": 2.6418159520543383, "c.r.p._296_2020_29012022.pdf": 2.6418159520543383, "c.r.p._296_2020_04022022.pdf": 7.925447856163014, "c.a._2150_2019.pdf": 7.925447856163014, "crl.p._230_2019.pdf": 5.283631904108677, "c.p._2_2022_dissenting_note2.pdf": 2.6418159520543383, "c.p._943_k_2022.pdf": 2.6418159520543383, "HRC-4668of2006.pdf": 2.6418159520543383, "JR_Detailed_Judgment_in_Referendum_Case.pdf": 2.6418159520543383, "c.a._538_2022.pdf": 2.6418159520543383, "s.m.c._01_2020.pdf": 2.6418159520543383, "C.P._1088_2016.pdf": 2.6418159520543383, "C.P._1340_2014.pdf": 2.6418159520543383, "c.p._1877_l_2016.pdf": 2.6418159520543383, "Const.P.87of2011.pdf": 26.418159520543384, "C.A._308_2008.pdf": 2.6418159520543383, "c.p._3447_2022.pdf": 2.6418159520543383, "c.p._1290_l_2019.pdf": 7.925447856163014, "crl.p._1710_l_2017.pdf": 2.6418159520543383, "c.p._3127_2020.pdf": 2.6418159520543383, "j.p._73_2016.pdf": 7.925447856163014, "c.p._2712_2020.pdf": 2.6418159520543383, "j.p._557_2016.pdf": 2.6418159520543383, "c.r.p._758_2019.pdf": 50.19450308903243, "C.A._1428_2016.pdf": 5.283631904108677, "C.A._1178_2008.pdf": 2.6418159520543383, "c.a._444_2017.pdf": 5.283631904108677, "Crl.P._169_2007.pdf": 15.850895712326029, "C.A._2564_2001.pdf": 2.6418159520543383, "Crl.A.13-14-15and16of2004and53of2011.pdf": 34.343607376706395, "crl.p._513_2021.pdf": 2.6418159520543383, "const.p.37_2012_final.pdf": 5.283631904108677, "c.a._1172_2020.pdf": 2.6418159520543383, "c.a._1095_2018_13092019.pdf": 2.6418159520543383, "const.p._17_2019_detailed_reasoning.pdf": 7.925447856163014, "const.p._21_2022_30102023.pdf": 2.6418159520543383, "const.p._21_2023_11082023.pdf": 39.627239280815076, "SMC.13-2009.pdf": 2.6418159520543383, "Crl.A._13_P_2014.pdf": 5.283631904108677, "j.p._154_2016.pdf": 2.6418159520543383, "c.p._1743_2020_03032023.pdf": 2.6418159520543383, "c.a._469_2021.pdf": 2.6418159520543383, "c.p._492_k_2023.pdf": 5.283631904108677, "CRP.229_2006_in_CA.802_2006.pdf": 36.98542332876074, "c.p._5620_2021.pdf": 2.6418159520543383, "c.a._914_l_2013.pdf": 5.283631904108677, "j.p._943_2017.pdf": 2.6418159520543383, "c.p._2009_2020.pdf": 2.6418159520543383, "c.a._471_l_2012.pdf": 2.6418159520543383, "c.p._920_p_2023.pdf": 2.6418159520543383, "c.a._185_l_2015.pdf": 2.6418159520543383, "Const.P.No.33and34of2005-dt-27-6-2013.pdf": 2.6418159520543383, "C.A._334_2004.pdf": 2.6418159520543383, "c.p._2314_2022_dn.pdf": 2.6418159520543383, "C.P._145_2015.pdf": 2.6418159520543383, "J.P.No.56of2005.pdf": 2.6418159520543383, "c.p._874_l_2020.pdf": 7.925447856163014, "Const.P77-2010-17.07.2013.pdf": 2.6418159520543383, "crl.p._994_2020.pdf": 2.6418159520543383, "c.a._140_l_2015.pdf": 18.49271166438037, "C.P._892_2015.pdf": 13.209079760271692, "smc_3_2014_10.03.2014.pdf": 2.6418159520543383, "crl.a_413-414_2013_18.02.2014.pdf": 2.6418159520543383, "c.p._205_l_2017.pdf": 2.6418159520543383, "c.p._2045_2019.pdf": 2.6418159520543383, "C.M.A._6250_2018.PDF": 2.6418159520543383, "C.A._1216_2015.pdf": 2.6418159520543383, "c.p._611_l_2018.pdf": 2.6418159520543383, "const.p._42_2022_07032024.pdf": 2.6418159520543383, "c.p._152_2022.pdf": 21.134527616434706, "Const.P.33of2013_09.07.13.pdf": 2.6418159520543383, "c.p._1496_k_2021.pdf": 2.6418159520543383, "Const.P.50-69of2011.pdf": 2.6418159520543383, "smc.16of2011.pdf": 2.6418159520543383, "crl.a._120_2019.pdf": 47.552687136978086, "CMA2745of2009etc.pdf": 7.925447856163014, "c.p._280_k_2019.pdf": 5.283631904108677, "c.p._5796_2021.pdf": 2.6418159520543383, "j.p._883_2017.pdf": 2.6418159520543383, "const.p._6_2023_dn.pdf": 2.6418159520543383, "c.a._410_2020.pdf": 5.283631904108677, "C.M.A._376-K_2014.pdf": 2.6418159520543383, "Crl.P._32_2017.pdf": 2.6418159520543383, "c.a._154_l_2018.pdf": 5.283631904108677, "CJD_Constitution_Petition_No_36_of_2005.pdf": 2.6418159520543383, "C.A._843_2012.pdf": 2.6418159520543383, "C.A.2234and2235of2005-dt-31-8-2013.pdf": 2.6418159520543383, "c.a._2186_2017.pdf": 2.6418159520543383, "c.a._26_2015l.pdf": 2.6418159520543383, "c.a._1089_2015.pdf": 2.6418159520543383, "c.a._2619_2016.pdf": 7.925447856163014, "c.a._364_p_2019.pdf": 2.6418159520543383, "c.m.a._1243_2021.pdf": 2.6418159520543383, "c.p._1554_l_2020.pdf": 2.6418159520543383, "C.A._1086_2009.pdf": 2.6418159520543383, "crl.a._3_q_2021.pdf": 5.283631904108677, "c.a._491_2012.pdf": 2.6418159520543383, "c.a._152_l_2010.pdf": 7.925447856163014, "c.p._8_l_2023_r.pdf": 7.925447856163014, "c.p._1278_k_2023.pdf": 5.283631904108677, "SMCNo25of2009.pdf": 2.6418159520543383, "c.a._512_2021.pdf": 2.6418159520543383, "cp_1545_2009.pdf": 5.283631904108677, "c.a._1286_2018.pdf": 2.6418159520543383, "c.a._700_2014.pdf": 5.283631904108677, "c.a._284_2017.pdf": 2.6418159520543383, "C.A._2148_2016_dt_4-4-2018.pdf": 2.6418159520543383, "c.p._4657_2022.pdf": 10.567263808217353, "Crl.A._199_2011.pdf": 7.925447856163014, "Const.P._134_2012_21012019.pdf": 5.283631904108677, "c.p._2717_l_2015.pdf": 5.283631904108677, "c.a._1474_2015.pdf": 2.6418159520543383, "c.p.1795_2022.pdf": 2.6418159520543383, "c.a._656_2011.pdf": 5.283631904108677, "C.A._1049_2011.pdf": 2.6418159520543383, "c.a._722_2012.pdf": 2.6418159520543383, "Const.P.77of2010-dt-20-7-2013.pdf": 2.6418159520543383, "CJD_Section 2-A_Case_as_on_26_06_2006.pdf": 2.6418159520543383, "Crl.A._218_2015.pdf": 2.6418159520543383, "c.a._477_2021.pdf": 10.567263808217353, "C.A._2352_2008.pdf": 2.6418159520543383, "C.P._2167_2014.pdf": 2.6418159520543383, "c.p._1303_2020.pdf": 5.283631904108677, "j.p._190_2017.pdf": 2.6418159520543383, "CJD_Pakistan_Steel_Mills_Case.pdf": 5.283631904108677, "C.A._682_2008.pdf": 2.6418159520543383,