{"enigma": {"ConstitutionPetitionNo21OF2007.pdf": 6.230875070886063, "Const.P._29_2016.pdf": 6.230875070886063, "CP778-779.pdf": 6.230875070886063, "crp.328-329_2013.pdf": 6.230875070886063, "c.a._675_2019.pdf": 6.230875070886063}, "enigmatic": {"ConstitutionPetitionNo21OF2007.pdf": 7.1471658027602185, "Const.P._29_2016.pdf": 7.1471658027602185}, "eni": {"Const.P.46of2013-dt-27-12-2013.pdf": 7.840312983320164}}