{"eo": {"Const.P_6of2011.pdf": 14.294331605520437, "HRC7734-G_1003-GOF2009[UrduTranslation].pdf": 7.1471658027602185}}