{"eol": {"c.a._357_2020.pdf": 11.521742883280655, "c.p._4683_2018.pdf": 17.282614324920985, "c.a._1618_2019.pdf": 23.04348576656131, "c.a._681_2020.pdf": 17.282614324920985, "const.p.5_2011.pdf": 5.760871441640328, "c.a._258_2020.pdf": 5.760871441640328, "c.a._648_2021.pdf": 5.760871441640328, "Const.P.5and15-HRC14144-DetailedReasons.pdf": 5.760871441640328}}