{"eom": {"Const.P.87of2011[UrduVersion].pdf": 7.1471658027602185, "Const.P.87of2011.pdf": 7.1471658027602185}}