{"ep": {"Const.P.46of2013-dt-27-12-2013.pdf": 293.03379791316894, "C.A._467_2015.pdf": 21.441497408280654}}