{"epa": {"Crl.O.P_57_2015.pdf": 15.826090877575883, "SMC16of2011_detailed_judgment.pdf": 5.275363625858628, "C.M.A._230_2019.pdf": 10.550727251717255, "C.M.A._3221_2012.pdf": 21.10145450343451, "c.p._1290_l_2019.pdf": 36.92754538101039, "c.p._55_2020.pdf": 21.10145450343451, "h.r.c._318_1993.pdf": 10.550727251717255, "Crl.O.P._57_2015_Additional_Note.pdf": 68.57972713616216, "const.p._5_2024_04032024.pdf": 5.275363625858628, "SMCNo25of2009.pdf": 42.20290900686902, "C.M.A._230_2019_09072019.pdf": 10.550727251717255, "const.p._5_2024.pdf": 10.550727251717255, "C.A._545_2015.pdf": 5.275363625858628}, "epas": {"C.M.A._230_2019.pdf": 7.840312983320164}}