{"epc": {"c.r.p._421_2020.pdf": 6.741700694652055, "c.a._1113_2017.pdf": 6.741700694652055, "Const.P.67of2011-dt-10.6.2013.pdf": 13.48340138930411}}