{"eponymously": {"const.p._21_2023_11082023.pdf": 6.454018622200273, "c.a._11_2022.pdf": 6.454018622200273, "c.a._1481_2015.pdf": 6.454018622200273, "const.p._24_2023_f.pdf": 6.454018622200273}, "eponymous": {"C.A._26_K_2018.pdf": 7.1471658027602185, "const.p._24_2023_f.pdf": 7.1471658027602185}}