{"er": {"Const.P.127of2012.pdf": 7.045649739567708, "ConstitutionPetitionNo21OF2007.pdf": 14.091299479135415, "CPs.10-18of2011.pdf": 3.522824869783854, "crl.s.m.r.p._84_2018.pdf": 3.522824869783854, "S.M.C._28_2018.pdf": 7.045649739567708, "CONST.P.77OF2010-DT-05.04.12[URDU].pdf": 3.522824869783854, "c.p._3436_l_2022.pdf": 14.091299479135415, "Const.P.87of2011[UrduVersion].pdf": 3.522824869783854, "C.A._104-L_2015.pdf": 3.522824869783854, "S.M.C._20_2016.pdf": 3.522824869783854, "Const.P._29_2016.pdf": 10.568474609351561, "Const.P._36_2016_dt_15_12_2017.pdf": 17.61412434891927, "H.R.C.19of1996[AsgharKhanCase]DetailedReasonsUrduTranslation.pdf": 3.522824869783854, "c.a._371_2020.pdf": 3.522824869783854, "HRC7734-G_1003-GOF2009[UrduTranslation].pdf": 3.522824869783854, "CP778-779.pdf": 14.091299479135415, "smc.11_2011.pdf": 3.522824869783854, "H.R.C.19of1996[AsgharKhanCase]DetailedReasons.pdf": 3.522824869783854, "CJD_Reference by_the_President_of_Pakistan_under_Article_186.pdf": 3.522824869783854, "crp.328-329_2013.pdf": 3.522824869783854, "C.A._137-K_1976.pdf": 10.568474609351561, "Crl.P.163_to_171_S.M.C.5_2005.pdf": 7.045649739567708, "HRC7734-G_1003-GOF2009[AllegedCorruptionInRentalPowerPlants].pdf": 7.045649739567708, "c.p._1057_2019.pdf": 7.045649739567708, "const.p.6_2023.pdf": 3.522824869783854, "c.r.p._296_2020_04022022.pdf": 3.522824869783854, "Const.P.87of2011.pdf": 3.522824869783854, "C.A._448_2014_DJ.pdf": 7.045649739567708, "crl.a._531_2019.pdf": 3.522824869783854, "c.a._45_l_2018.pdf": 7.045649739567708, "c.a._1219_2015.pdf": 3.522824869783854, "C.R.P._94_2014.pdf": 3.522824869783854, "C.A._301_2014.pdf": 7.045649739567708, "Crl.P.200of2009.pdf": 3.522824869783854, "crl.p._1371_2016.pdf": 3.522824869783854, "const.p._17_2019_detailed_reasoning.pdf": 17.61412434891927, "const.p._21_2022_30102023.pdf": 3.522824869783854, "SMC.13-2009.pdf": 3.522824869783854, "C.A._307-L_2015.pdf": 7.045649739567708, "c.p._1159_2019.pdf": 3.522824869783854, "c.p._1862_l_2021.pdf": 3.522824869783854, "c.a._350_2020.pdf": 3.522824869783854, "c.a._ 870_2020.pdf": 24.659774088486976, "const.p._6_2023_dt_05_01_2023.pdf": 3.522824869783854, "C.A._1033_2014.pdf": 7.045649739567708, "C.P._1707_2018.pdf": 3.522824869783854, "CMA2745of2009etc.pdf": 10.568474609351561, "const.p._32_2023_additional_note.pdf": 10.568474609351561, "const.p._17_2020_dissenting_note_hj4.pdf": 3.522824869783854, "ref._2_2022_13092023_2.pdf": 3.522824869783854, "c.a._1280_2019.pdf": 3.522824869783854, "c.p._448_p_2017.pdf": 3.522824869783854, "c.p._2913_2021.pdf": 3.522824869783854, "c.m.a._1243_2021.pdf": 3.522824869783854, "s.m.c._4_2021_26082021.pdf": 3.522824869783854, "c.m.a._3932_2023.pdf": 3.522824869783854, "c.a._52_k_2022.pdf": 3.522824869783854, "S.M.C.16of2011dt-22-3-2013.pdf": 7.045649739567708, "c.p._2000_l_2020.pdf": 3.522824869783854, "c.a._91_k_2017.pdf": 7.045649739567708, "c.p._2717_l_2015.pdf": 3.522824869783854, "c.p.1795_2022.pdf": 3.522824869783854, "c.p._2270_2019.pdf": 7.045649739567708, "c.p._3747_2023.pdf": 10.568474609351561, "CJD_Section 2-A_Case_as_on_26_06_2006.pdf": 7.045649739567708, "C.P._661_K_2015.pdf": 7.045649739567708, "Crl.P._100_2017.pdf": 3.522824869783854, "c.a._1547_2019.pdf": 7.045649739567708, "CJD_Pakistan_Steel_Mills_Case.pdf": 10.568474609351561, "HR8340OF2010.pdf": 10.568474609351561, "Const.P.59of2011.pdf": 3.522824869783854, "C.A._539_2003.pdf": 3.522824869783854, "CPs987-989OF2011-DT19.10.2011.pdf": 7.045649739567708, "c.a._1191_2014.pdf": 3.522824869783854, "Const.P.5and15-HRC14144-DetailedReasons.pdf": 3.522824869783854}}