{"erect": {"c.p._303_2019.pdf": 4.704818767391014, "ConstitutionPetitionNo21OF2007.pdf": 4.704818767391014, "Const.P.12of2010.pdf": 23.52409383695507, "Const.P.NO.62OF2010_orderdt06062011.pdf": 4.704818767391014, "const.p.6_2023.pdf": 4.704818767391014, "const.p.115_2011.pdf": 4.704818767391014, "Const.P._2_2011.pdf": 9.409637534782028, "const.p._17_2019_detailed_reasoning.pdf": 4.704818767391014, "C.A._1890_2002.pdf": 4.704818767391014, "C.A._467_2015.pdf": 4.704818767391014, "c.a._2444_2016.pdf": 4.704818767391014, "const.p._19_2020.pdf": 4.704818767391014, "c.p._2338_l_2017.pdf": 18.819275069564057, "const.p._24_2023_f.pdf": 4.704818767391014, "c.p._1647_2018.pdf": 4.704818767391014, "const.p._9_2010_28122021.pdf": 4.704818767391014, "C.M.A._376-K_2014.pdf": 4.704818767391014, "C.A._800_2011.pdf": 4.704818767391014, "C.M.A_687_2017.pdf": 4.704818767391014, "c.p._607_2021.pdf": 4.704818767391014, "crl.p._358_l_2022.pdf": 4.704818767391014, "C.M.A._8215_2016.pdf": 18.819275069564057, "c.p._3249_2015.pdf": 4.704818767391014}, "erection": {"Const.P.12of2010.pdf": 11.075455780652236, "Const.P.NO.62OF2010_orderdt06062011.pdf": 11.075455780652236, "C.A._1428_2016.pdf": 5.537727890326118, "Const.P._2_2011.pdf": 11.075455780652236, "c.p._3286_2017.pdf": 5.537727890326118, "C.A._1242_2013.pdf": 5.537727890326118, "C.A._800_2011.pdf": 22.150911561304472, "C.A._157_K_2016.pdf": 5.537727890326118, "C.A._620_2006.pdf": 5.537727890326118, "C.A._150_2006.pdf": 5.537727890326118}, "ere": {"c.a._443_2021.pdf": 7.840312983320164}}