{"erin": {"crl.a._251_2020.pdf": 6.454018622200273, "c.p._3637_2019.pdf": 6.454018622200273, "crl.p._916_l_2021.pdf": 6.454018622200273, "c.p._1347_2019.pdf": 6.454018622200273}, "erize": {"Const.P._38_2016.pdf": 7.1471658027602185, "smc_1_2014.pdf": 28.588663211040874}, "erickson": {"c.p._154_2019.pdf": 21.441497408280654, "c.p._962_2016 .pdf": 7.1471658027602185}, "erit": {"Crl.M.A_693_2018.pdf": 7.840312983320164}, "ericsson": {"C.A._1171_2017.pdf": 7.840312983320164}, "eri": {"C.A._1219_2014.pdf": 7.840312983320164}, "eric": {"c.a._1095_2018_13092019.pdf": 7.840312983320164}}