{"erldshaw": {"c.a._1476_2018_urdu.pdf": 7.840312983320164}, "erlinger": {"Const.P.5of2013.pdf": 7.840312983320164}, "erlanger": {"Const.P.5of2013.pdf": 14.294331605520437, "C.A._1406_2016.pdf": 7.1471658027602185}}