{"ernakulam": {"c.r.p._292_2021_sacked_employees.pdf": 7.840312983320164}, "ernier": {"c.a._108_2015.pdf": 7.840312983320164}, "ernman": {"c.p._943_k_2022.pdf": 7.840312983320164}, "ernst": {"Const.P._38_2016_2.pdf": 6.741700694652055, "c.a._1095_2018_13092019.pdf": 6.741700694652055, "H.R.C._3654_2018.pdf": 6.741700694652055}, "ernest": {"c.a._179_2016.pdf": 7.1471658027602185, "H.R.C._3654_2018.pdf": 7.1471658027602185}}