{"ertresh": {"c.p._1193_2020.pdf": 7.840312983320164}, "ertad": {"Crl.A._210_2015.pdf": 15.680625966640328}}