{"ervices": {"Const.P._36_2016_dt_15_12_2017.pdf": 7.840312983320164}, "erven": {"c.a._444_2017.pdf": 7.840312983320164}, "erve": {"c.a._654_2021.pdf": 7.840312983320164}}