{"es": {"c.a._465_2021.pdf": 5.355406333532164, "Const.P_6of2011.pdf": 5.355406333532164, "C.A._2215_2006.pdf": 5.355406333532164, "c.a._371_2020.pdf": 10.710812667064328, "c.a._357_2020.pdf": 5.355406333532164, "c.a._1444_2013.pdf": 5.355406333532164, "C.A._654_2007.pdf": 5.355406333532164, "S.M.C._3_2018.pdf": 5.355406333532164, "c.a._654_2021.pdf": 5.355406333532164, "C.A._843_2012.pdf": 10.710812667064328, "c.a._284_2017.pdf": 5.355406333532164, "c.a._1275_2009.pdf": 5.355406333532164}}