{"esa": {"c.a._1476_2018_urdu.pdf": 6.454018622200273, "const.p.1_ 2012_etc.pdf": 19.36205586660082, "j.p._557_2016.pdf": 6.454018622200273, "smc_3_2014_10.03.2014.pdf": 6.454018622200273}, "esam": {"Const.P.12of2010.pdf": 7.840312983320164}, "esace": {"Crl.O.P.89of2011.pdf": 23.52093894996049}, "esani": {"C.A._508_2017.pdf": 7.840312983320164}, "esai": {"H.R.C._20171_B_2018.pdf": 23.52093894996049}}