{"eta": {"Const.P.12of2010.pdf": 6.741700694652055, "S.M.C.24of2010[urdu-version].pdf": 6.741700694652055, "crl.a._95_2019.pdf": 6.741700694652055}}