{"eternal": {"c.a._1476_2018_urdu.pdf": 5.067724261080383, "ConstitutionPetitionNo21OF2007.pdf": 10.135448522160766, "CPs.10-18of2011.pdf": 5.067724261080383, "Crl.A._39_L_2015.pdf": 10.135448522160766, "Const.P.12of2010.pdf": 10.135448522160766, "AdditionalNoteConst.P.77of2012.pdf": 5.067724261080383, "ICA-1OF2012-UrduTranslation.pdf": 5.067724261080383, "Const.P.40of2012-AdditionalNoteofJusticeJawwadSKhawaja.pdf": 5.067724261080383, "crl.p._883_l_2022_urdu.pdf": 5.067724261080383, "REVIEW_P_46&47_2011_full.pdf": 5.067724261080383, "smc_1_2014.pdf": 10.135448522160766, "Crl.A._39_L_2015_Urdu.pdf": 10.135448522160766, "C.P.No.1017-Lof2011.pdf": 5.067724261080383, "const.p.23of2012.pdf": 20.270897044321533, "crl.p._883_l_2022.pdf": 5.067724261080383, "C.A._542-L_2012.pdf": 5.067724261080383}, "eternally": {"const.p.42of2011.pdf": 7.1471658027602185, "crl.a.264_2006.pdf": 7.1471658027602185}, "ete": {"C.A._137-K_1976.pdf": 6.741700694652055, "c.a._249_2020.pdf": 20.225102083956166, "c.p._323_l_2014.pdf": 6.741700694652055}, "etea": {"c.p.614_p_2022.pdf": 13.48340138930411, "c.a._617_2020.pdf": 6.741700694652055, "c.p._3747_2023.pdf": 13.48340138930411}, "eternity": {"const.p._21_2022_30102023.pdf": 6.454018622200273, "C.A._1890_2002.pdf": 6.454018622200273, "c.a._202_2021.pdf": 6.454018622200273, "c.a._764_2021.pdf": 6.454018622200273}}