{"etiquette": {"ConstitutionPetitionNo21OF2007.pdf": 5.643088405983945, "Const.P.77of2012[DetailedOrderFinal].pdf": 5.643088405983945, "H.R.C.19of1996[AsgharKhanCase]DetailedReasonsUrduTranslation.pdf": 5.643088405983945, "H.R.C.19of1996[AsgharKhanCase]DetailedReasons.pdf": 5.643088405983945, "CJD_Reference by_the_President_of_Pakistan_under_Article_186.pdf": 56.43088405983945, "const.p._17_2020_dissenting_note_hj11.pdf": 16.929265217951833, "C.M.A._3704_2015.pdf": 16.929265217951833, "crl.p._1496_2022.pdf": 5.643088405983945, "S.M.C._7_2017_06022019.pdf": 5.643088405983945}, "etihad": {"c.p._3282_l_2022.pdf": 7.840312983320164}, "etisalat": {"C.A._908_2012.pdf": 15.680625966640328}}