{"etm": {"c.a._982_2018_19022024.pdf": 7.1471658027602185, "C.A._307-L_2015.pdf": 7.1471658027602185}}