{"etpb": {"C.A._2215_2006.pdf": 136.06044276304482, "smc.24_2010.pdf": 10.884835421043586, "c.m.a._5602_2021.pdf": 5.442417710521793, "c.m.a._4821_2018_15112021.pdf": 5.442417710521793, "c.a._668_2022.pdf": 293.8905563681768, "c.m.a._4821_2018.pdf": 97.96351878939228, "C.A._1540_2006.pdf": 10.884835421043586, "c.m.a._4821_2018_14012022.pdf": 65.30901252626151, "Const.PetitionNo.30of2013-dt-4-6-2013.pdf": 5.442417710521793, "smc.9_2011.pdf": 702.0718846573113, "c.a._248_2014.pdf": 16.327253131565378}, "etp": {"C.A._2215_2006.pdf": 42.88299481656131, "smc.9_2011.pdf": 264.4451347021281}}