{"etrs": {"c.p._1842_l_2022.pdf": 39.201564916600816}, "etrat": {"Const.P.59of2011.pdf": 7.840312983320164}}