{"etymologically": {"Const.P.127of2012.pdf": 6.741700694652055, "JR_Detailed_Judgment_in_Referendum_Case.pdf": 6.741700694652055, "C.A._2564_2001.pdf": 6.741700694652055}, "etymology": {"c.a._371_2020.pdf": 6.454018622200273, "SMC16of2011_detailed_judgment.pdf": 12.908037244400546, "c.p._2608_2019.pdf": 6.454018622200273, "c.p._2_2022_dissenting_note.pdf": 6.454018622200273}}