{"eucalyptus": {"C.M.A._3221_2012.pdf": 14.294331605520437, "SMCNo25of2009.pdf": 57.17732642208175}, "euclid": {"c.p._1290_l_2019.pdf": 7.840312983320164}}