{"europe": {"Const.P.127of2012.pdf": 4.5081084731449605, "Const.P.105-2012-eng-urd.PDF": 4.5081084731449605, "SMC15OF2009.pdf": 4.5081084731449605, "NRO_Judgment.pdf": 13.52432541943488, "Const.P.12of2010.pdf": 13.52432541943488, "Const.P.12of2010Urdu.pdf": 4.5081084731449605, "Const.P.77of2012[DetailedOrderFinal].pdf": 4.5081084731449605, "H.R.C.19of1996[AsgharKhanCase]DetailedReasonsUrduTranslation.pdf": 4.5081084731449605, "s.m.c._1_2022_detailed.pdf": 4.5081084731449605, "SMC16of2011_detailed_judgment.pdf": 13.52432541943488, "crl.a._95_2019.pdf": 4.5081084731449605, "smc.24_2010.pdf": 13.52432541943488, "H.R.C.19of1996[AsgharKhanCase]DetailedReasons.pdf": 4.5081084731449605, "c.p._3429_2021.pdf": 4.5081084731449605, "c.p._154_2019.pdf": 4.5081084731449605, "Const.P.56_2003_U_dt_8-9-2015.pdf": 4.5081084731449605, "crl.a._177_2022.pdf": 4.5081084731449605, "const.p._17_2020_dissenting_note_hj11.pdf": 4.5081084731449605, "const.p.37_2012_final.pdf": 4.5081084731449605, "crl.p._733_l_2018.pdf": 4.5081084731449605, "Const.P.50-69of2011.pdf": 4.5081084731449605, "j.p._657_2016.pdf": 4.5081084731449605, "Const.P._35_2016_dt_15_12_2017.pdf": 4.5081084731449605, "SMCNo25of2009.pdf": 9.016216946289921, "s.m.c._1_2020_25062020.pdf": 4.5081084731449605, "c.p._962_2016 .pdf": 4.5081084731449605, "c.a._1547_2019.pdf": 4.5081084731449605, "Const.P.5and15-HRC14144-DetailedReasons.pdf": 4.5081084731449605}, "euro": {"c.a._1476_2018_urdu.pdf": 5.8944028342648505, "c.a._1476_2018.pdf": 5.8944028342648505, "c.a._1003_2019.pdf": 5.8944028342648505, "C.M.A._376-K_2014.pdf": 5.8944028342648505, "Const.P._35_2016_dt_15_12_2017.pdf": 17.68320850279455, "C.A.83and84of2006.pdf": 11.788805668529701, "Const.P.5and15-HRC14144-DetailedReasons.pdf": 5.8944028342648505}, "european": {"CPs.10-18of2011.pdf": 8.253481833231712, "crl.s.m.r.p._84_2018.pdf": 8.253481833231712, "S.M.C._28_2018.pdf": 4.126740916615856, "c.p._1331_l_2017.pdf": 20.63370458307928, "c.p._1809_2020.pdf": 4.126740916615856, "NRO_Judgment.pdf": 16.506963666463424, "Const.P.12of2010.pdf": 45.394150082774416, "Const.P.87of2011[UrduVersion].pdf": 4.126740916615856, "Const.P.12of2010Urdu.pdf": 16.506963666463424, "c.p._2243_l_2019.pdf": 4.126740916615856, "S.J.C_347_2018.PDF": 4.126740916615856, "Const.P.30of2013.pdf": 4.126740916615856, "s.m.c._1_2022_detailed.pdf": 8.253481833231712, "SMC16of2011_detailed_judgment.pdf": 8.253481833231712, "smc.24_2010.pdf": 16.506963666463424, "smc_1_2014.pdf": 4.126740916615856, "crl.p._1359_2023.pdf": 4.126740916615856, "C.P.796of2007-dt-10-5-2013.pdf": 4.126740916615856, "c.p._154_2019.pdf": 4.126740916615856, "CJD_Reference by_the_President_of_Pakistan_under_Article_186.pdf": 8.253481833231712, "C.A._137-K_1976.pdf": 4.126740916615856, "Crl.M.A_693_2018.pdf": 4.126740916615856, "const.p._24_2023_an_10012024_r.pdf": 4.126740916615856, "c.p._3506_2020.pdf": 4.126740916615856, "JR_Detailed_Judgment_in_Referendum_Case.pdf": 12.380222749847569, "Const.P.87of2011.pdf": 4.126740916615856, "C.A._305_2008.pdf": 4.126740916615856, "const.p._21_2023_11082023.pdf": 8.253481833231712, "c.a._1476_2018.pdf": 4.126740916615856, "const.p._32_2023_03nov2023.pdf": 8.253481833231712, "c.r.p._420_2016.pdf": 4.126740916615856, "const.p._42_2022_07032024.pdf": 4.126740916615856, "const.p._24_2023_f.pdf": 33.01392733292685, "CMA2745of2009etc.pdf": 4.126740916615856, "const.p._32_2023_additional_note.pdf": 4.126740916615856, "C.M.A._376-K_2014.pdf": 4.126740916615856, "c.a._329_2022.pdf": 12.380222749847569, "H.R.C._17599_2018.pdf": 4.126740916615856, "c.m.a._1243_2021_04042022.pdf": 4.126740916615856, "c.p._962_2016 .pdf": 4.126740916615856, "Const.P.5and15-HRC14144-DetailedReasons.pdf": 8.253481833231712}, "eureka": {"c.a._446_2021.pdf": 7.1471658027602185, "ICA3,4,6TO11of2011dt2011.04.pdf": 7.1471658027602185}, "europa": {"c.a._329_2022.pdf": 14.294331605520437, "C.A._700_2017.pdf": 7.1471658027602185}}