{"evolution": {"Const.P.127of2012.pdf": 21.42482460915375, "CPs.10-18of2011.pdf": 4.28496492183075, "Const.P.105-2012-eng-urd.PDF": 4.28496492183075, "NRO_Judgment.pdf": 12.85489476549225, "Const.P.12of2010.pdf": 29.99475445281525, "AdditionalNoteConst.P.77of2012.pdf": 12.85489476549225, "Const.P.12of2010Urdu.pdf": 8.5699298436615, "Const.P._29_2016.pdf": 4.28496492183075, "Const.P.77of2012[DetailedOrderFinal].pdf": 4.28496492183075, "REVIEW_P_46&47_2011_full.pdf": 4.28496492183075, "smc_1_2014.pdf": 12.85489476549225, "crl.p._537_2021.pdf": 4.28496492183075, "JR_Detailed_Judgment_in_Graduation_Qualification_Case.pdf": 4.28496492183075, "JR_Detailed_Judgment_in_Referendum_Case.pdf": 8.5699298436615, "const.p._6_2023_07032024.pdf": 4.28496492183075, "const.p._2_2022_14102022.pdf": 4.28496492183075, "c.p._1290_l_2019.pdf": 8.5699298436615, "const.p._21_2023_11082023.pdf": 4.28496492183075, "s.m.c._1_2023_27032023.pdf": 4.28496492183075, "const.p._39_16122019.pdf": 4.28496492183075, "c.p._560_k_2019.pdf": 4.28496492183075, "Const.P._29_2017.pdf": 4.28496492183075, "c.a._1772_2008.pdf": 8.5699298436615, "c.r.p._420_2016.pdf": 4.28496492183075, "s.m.c._1_2023_12062023.pdf": 4.28496492183075, "reference_1_2020.pdf": 8.5699298436615, "const.p._6_2023_dn.pdf": 12.85489476549225, "Crl.P.No.426of2009&Crl.A.No.pdf": 4.28496492183075, "Const.P._35_2016_dt_15_12_2017.pdf": 4.28496492183075, "SMCNo25of2009.pdf": 4.28496492183075, "const.p._39_2019.pdf": 4.28496492183075, "c.p._3747_2023.pdf": 4.28496492183075, "c.m.a._1243_2021_04042022.pdf": 8.5699298436615, "c.a._508_2020.pdf": 4.28496492183075, "C.A._622 _2008.pdf": 4.28496492183075}, "evolve": {"ConstitutionPetitionNo21OF2007.pdf": 6.450384932957809, "CPs.10-18of2011.pdf": 12.900769865915619, "S.M.C._28_2018.pdf": 6.450384932957809, "Const.P.31of2011etc.pdf": 3.2251924664789047, "c.p._3224_2019.pdf": 6.450384932957809, "Const.P._50_2018.pdf": 3.2251924664789047, "Const.P.12of2010.pdf": 70.9542342625359, "Const.P.33_2013.pdf": 3.2251924664789047, "Const.P._29_2016.pdf": 9.675577399436714, "Const.P.77of2012[DetailedOrderFinal].pdf": 3.2251924664789047, "Const.P.40of2012-AdditionalNoteofJusticeJawwadSKhawaja.pdf": 3.2251924664789047, "C.A._2109_2016.pdf": 9.675577399436714, "c.a.149-150_2010.pdf": 3.2251924664789047, "Ref.01_2012_addl.note_HJ.ejaz_afzal_khan.pdf": 6.450384932957809, "crl.p._916_l_2021.pdf": 3.2251924664789047, "SMC16of2011_detailed_judgment.pdf": 6.450384932957809, "Const.P.40of2012-DetailJudgment-dt-3.7.2012.pdf": 3.2251924664789047, "Const.P.33and34of2005.pdf": 6.450384932957809, "C.P.796of2007-dt-10-5-2013.pdf": 3.2251924664789047, "JR_Judgment_on_17th_Amendmend_and_Presidents_Uniform_Case.pdf": 3.2251924664789047, "CJD_Reference by_the_President_of_Pakistan_under_Article_186.pdf": 3.2251924664789047, "C.A._137-K_1976.pdf": 3.2251924664789047, "Const.P.5of2013.pdf": 3.2251924664789047, "const.p._24_2017.pdf": 3.2251924664789047, "i.c.a._1_2024_dn_20032024.pdf": 16.125962332394522, "Crl.O.P._59_2015.pdf": 6.450384932957809, "const.p._24_2023_an_10012024_r.pdf": 9.675577399436714, "crl.p._299_2020_01042020.pdf": 3.2251924664789047, "crl.p._231_2020.pdf": 3.2251924664789047, "c.p._1417_2022.pdf": 6.450384932957809, "crl.p._230_2019.pdf": 6.450384932957809, "JR_Detailed_Judgment_in_Referendum_Case.pdf": 3.2251924664789047, "const.p._2_2022_14102022.pdf": 22.576347265352332, "const.p.9_2014_detail_reasons.pdf": 6.450384932957809, "C.A._1359_2014.pdf": 3.2251924664789047, "C.P._60_K_2018.pdf": 3.2251924664789047, "const.p.115_2011.pdf": 3.2251924664789047, "c.p._3347_2021.pdf": 3.2251924664789047, "c.a._982_2018_19022024.pdf": 9.675577399436714, "Const.P._2_2011.pdf": 3.2251924664789047, "c.p._479_k_2020.pdf": 9.675577399436714, "const.p._17_2019_detailed_reasoning.pdf": 9.675577399436714, "s.m.c._1_2023_27032023.pdf": 3.2251924664789047, "C.A._467_2015.pdf": 3.2251924664789047, "c.p._4500_2017.pdf": 3.2251924664789047, "C.A._125_K_2016_JPMC_Dissenting_Note.pdf": 3.2251924664789047, "Crl.A._137_L_2010.pdf": 9.675577399436714, "Const.P.No.33and34of2005-dt-27-6-2013.pdf": 3.2251924664789047, "c.p._517_l_2016.pdf": 3.2251924664789047, "c.a._350_2020.pdf": 3.2251924664789047, "Const.P._29_2017.pdf": 6.450384932957809, "c.a._1476_2018.pdf": 3.2251924664789047, "c.p._3107_2018.pdf": 3.2251924664789047, "C.A._767_2014.pdf": 3.2251924664789047, "Const.P.91of2011Dt-23-8-2012.pdf": 3.2251924664789047, "c.a._1113_2017_dissenting_note.pdf": 9.675577399436714, "c.r.p._420_2016.pdf": 6.450384932957809, "const.p._24_2023_f.pdf": 12.900769865915619, "c.a._908_2015.pdf": 3.2251924664789047, "reference_1_2020.pdf": 3.2251924664789047, "c.p._2210_l_2020.pdf": 3.2251924664789047, "Const.P.50-69of2011.pdf": 3.2251924664789047, "c.a._982_2018_19022024_2.pdf": 6.450384932957809, "c.a._849_2015.pdf": 3.2251924664789047, "CMA2745of2009etc.pdf": 3.2251924664789047, "C.A.39_2010.pdf": 3.2251924664789047, "c.p._280_k_2019.pdf": 3.2251924664789047, "crl.p_1124_l_2015.pdf": 3.2251924664789047, "const.p._32_2023_additional_note.pdf": 9.675577399436714, "JR_Varan_Case.pdf": 9.675577399436714, "Const.P.22of2013.pdf": 3.2251924664789047, "c.a._1113_2017.pdf": 9.675577399436714, "c.p._2314_2022.pdf": 3.2251924664789047, "c.a._188_2019.pdf": 3.2251924664789047, "SMC24-2010.pdf": 3.2251924664789047, "Const.P._35_2016_dt_15_12_2017.pdf": 3.2251924664789047, "c.m.a._1243_2021.pdf": 3.2251924664789047, "s.m.c._4_2021_26082021.pdf": 3.2251924664789047, "SMCNo25of2009.pdf": 3.2251924664789047, "const.p._76_2018.pdf": 3.2251924664789047, "c.a._52_k_2022.pdf": 3.2251924664789047, "c.p._2711_2019.pdf": 3.2251924664789047, "Const.P.73of2011.pdf": 22.576347265352332, "Const.P._134_2012_21012019.pdf": 9.675577399436714, "crl.p._1145_l_2020.pdf": 3.2251924664789047, "c.r.p._104_l_2019.pdf": 3.2251924664789047, "crl.a._154_l_2013.pdf": 6.450384932957809, "c.a._722_2012.pdf": 6.450384932957809, "CJD_Section 2-A_Case_as_on_26_06_2006.pdf": 6.450384932957809, "Const.P.39and90of2011-dt-15-2-2013.pdf": 3.2251924664789047, "c.p._178_q_2023.pdf": 6.450384932957809, "c.a._1547_2019.pdf": 6.450384932957809, "c.p._2447_l_2022.pdf": 3.2251924664789047, "CJD_Pakistan_Steel_Mills_Case.pdf": 3.2251924664789047, "CMA3258of2013inCP65of09DetailOrder.pdf": 9.675577399436714, "HR8340OF2010.pdf": 3.2251924664789047, "C.A._622 _2008.pdf": 3.2251924664789047, "Const.P.59of2011.pdf": 3.2251924664789047, "crl.a._145_l_2017.pdf": 3.2251924664789047, "c.p._3249_2015.pdf": 3.2251924664789047, "c.p._3718_2023.pdf": 12.900769865915619}, "evoke": {"NRO_Judgment.pdf": 15.603766961114715, "c.a._1520_2016.pdf": 5.201255653704905, "Const.P.12of2010.pdf": 5.201255653704905, "Const.P.77of2012[DetailedOrderFinal].pdf": 5.201255653704905, "Const.P.NO.62OF2010_orderdt06062011.pdf": 5.201255653704905, "SMC5of2012-2dt[07-06-2012].pdf": 5.201255653704905, "const.p.6_2023.pdf": 5.201255653704905, "c.p._44_2019.pdf": 5.201255653704905, "c.p._3447_2022.pdf": 5.201255653704905, "Const.P.46and47of2010.pdf": 10.40251130740981, "c.p._677_k_2019.pdf": 5.201255653704905, "C.A.800Lof2013etc.pdf": 10.40251130740981, "c.p._2032_2019.pdf": 5.201255653704905, "SMCNo25of2009.pdf": 5.201255653704905}, "evolutionary": {"Const.P.12of2010.pdf": 14.294331605520437, "C.A._1428_2016.pdf": 7.1471658027602185}, "evocative": {"c.p._677_k_2019.pdf": 6.454018622200273, "c.p._1077_2018.pdf": 6.454018622200273, "crl.a._560_2020.pdf": 6.454018622200273, "s.m.c._4_2021_26082021.pdf": 6.454018622200273}}