{"evp": {"C.P._565_2014.pdf": 7.1471658027602185, "C.R.P._247_ 2011.pdf": 7.1471658027602185}}