{"ewca": {"c.p._3436_l_2022.pdf": 5.537727890326118, "CP778-779.pdf": 11.075455780652236, "Const.P.77-78-79 [Memogate]DetailedOrder.pdf": 5.537727890326118, "c.a._547_2012.pdf": 5.537727890326118, "Const.P._29_2017.pdf": 5.537727890326118, "Const.P._35_2016_dt_15_12_2017.pdf": 5.537727890326118, "Crl.P._100_2017.pdf": 5.537727890326118, "c.a._1547_2019.pdf": 5.537727890326118, "C.M.A._8215_2016.pdf": 11.075455780652236, "c.a._1191_2014.pdf": 5.537727890326118}}