{"ewe": {"C.R.P._125_2014.pdf": 6.454018622200273, "C.R.P.193of2013.pdf": 6.454018622200273, "c.p._2270_2019.pdf": 6.454018622200273, "c.p._3747_2023.pdf": 6.454018622200273}}