{"ewhc": {"NRO_Judgment.pdf": 5.760871441640328, "c.a._371_2020.pdf": 5.760871441640328, "const.p._21_2023_11082023.pdf": 5.760871441640328, "ConstitutionPetitionNo39of2009.pdf": 5.760871441640328, "c.m.a._1243_2021.pdf": 5.760871441640328, "c.a._1547_2019.pdf": 17.282614324920985, "C.M.A._8215_2016.pdf": 5.760871441640328, "c.a._196_p_2014_13062023.pdf": 5.760871441640328}}