{"ex": {"c.r.p._292_2021_sacked_employees.pdf": 4.005165072308448, "C.A._1171_2013.pdf": 4.005165072308448, "crl.a._184_2020.pdf": 4.005165072308448, "Const.P.127of2012.pdf": 2.002582536154224, "ConstitutionPetitionNo21OF2007.pdf": 2.002582536154224, "CPs.10-18of2011.pdf": 6.007747608462672, "Crl.A._479_2015.pdf": 2.002582536154224, "crl.s.m.r.p._84_2018.pdf": 2.002582536154224, "S.M.C._28_2018.pdf": 4.005165072308448, "crl.a._251_2020.pdf": 2.002582536154224, "C.R.P._49_2016.pdf": 2.002582536154224, "H.R.C._18877_2018_03072019.pdf": 2.002582536154224, "c.p._1331_l_2017.pdf": 2.002582536154224, "c.a._240_p_2014.pdf": 4.005165072308448, "C.A._90_2011_UrduVersion.pdf": 2.002582536154224, "SMC15OF2009.pdf": 4.005165072308448, "NRO_Judgment.pdf": 16.020660289233792, "C.A._3_2018_dt-14-9-2018.pdf": 2.002582536154224, "Const.P._50_2018.pdf": 4.005165072308448, "Const.P.12of2010.pdf": 38.049068186930256, "Crl.A._523_2017.pdf": 2.002582536154224, "Const.P._29_2016.pdf": 10.01291268077112, "smc.18_2010_final.pdf": 2.002582536154224, "Const.P.77of2012[DetailedOrderFinal].pdf": 4.005165072308448, "C.A._3_2018.pdf": 2.002582536154224, "C.A._697_2008.pdf": 2.002582536154224, "crl.a._599_2020_26032021.pdf": 2.002582536154224, "Const.P._36_2016_dt_15_12_2017.pdf": 2.002582536154224, "j.p._42_2017.pdf": 12.015495216925345, "C.A._233_2015.pdf": 2.002582536154224, "c.a._782_2014.pdf": 2.002582536154224, "S.M.C.24of2010[urdu-version].pdf": 2.002582536154224, "crl.p._490_2019.pdf": 14.018077753079568, "c.a.149-150_2010.pdf": 2.002582536154224, "crl.p._849_2019.pdf": 12.015495216925345, "Ref.01_2012_addl.note_HJ.ejaz_afzal_khan.pdf": 2.002582536154224, "H.R.C.19of1996[AsgharKhanCase]DetailedReasonsUrduTranslation.pdf": 2.002582536154224, "const.p._24_to_26_of_2023_04072023.pdf": 4.005165072308448, "C.A._861_2007.pdf": 2.002582536154224, "s.m.c._1_2022_detailed.pdf": 2.002582536154224, "C.A._1256_2008.pdf": 6.007747608462672, "c.a._371_2020.pdf": 2.002582536154224, "CMA1362OF2012-DT-10-04-2012[URDU].pdf": 2.002582536154224, "c.a._601_2019.pdf": 8.010330144616896, "CP778-779.pdf": 4.005165072308448, "c.a._95_p_2014.pdf": 8.010330144616896, "smc.24_2010.pdf": 2.002582536154224, "C.A._90_2011_EnglishVersion.pdf": 8.010330144616896, "smc.11_2011.pdf": 40.05165072308448, "c.a._108_2015.pdf": 12.015495216925345, "H.R.C.19of1996[AsgharKhanCase]DetailedReasons.pdf": 12.015495216925345, "C.A._514_2008.pdf": 14.018077753079568, "CJD_Reference by_the_President_of_Pakistan_under_Article_186.pdf": 2.002582536154224, "c.a._73_2016.pdf": 12.015495216925345, "C.P.No.1017-Lof2011.pdf": 6.007747608462672, "Crl.O.P.89of2011.pdf": 6.007747608462672, "c.p._2144_l_2011.pdf": 2.002582536154224, "c.a._730_2015.pdf": 6.007747608462672, "c.p._167_q_2023.pdf": 2.002582536154224, "Crl.P.163_to_171_S.M.C.5_2005.pdf": 24.03099043385069, "crl.a._128_2020.pdf": 2.002582536154224, "HRC7734-G_1003-GOF2009[AllegedCorruptionInRentalPowerPlants].pdf": 2.002582536154224, "c.a._960_2017.pdf": 2.002582536154224, "C.A.669-L_2013.pdf": 4.005165072308448, "C.A._461_2014.pdf": 2.002582536154224, "j.p._169_2021.pdf": 2.002582536154224, "S.M.C._18_2016.pdf": 2.002582536154224, "c.a._929_2017.pdf": 8.010330144616896, "C.P._2093_2015.pdf": 2.002582536154224, "c.p._2580_2020.pdf": 22.028407897696464, "Const.P35of2013-dt-20-7-2013.pdf": 2.002582536154224, "crl.a._40_2020.pdf": 2.002582536154224, "Crl.M.A_693_2018.pdf": 6.007747608462672, "C.P._264_2017.pdf": 2.002582536154224, "c.a._639_2014.pdf": 2.002582536154224, "crl.sh.a._9_2017.pdf": 10.01291268077112, "C.P._339_K_2017.pdf": 2.002582536154224, "C.A._718_2007.pdf": 6.007747608462672, "c.u.o._18_2024_dt_21_02_2024.pdf": 2.002582536154224, "c.a._1018_2016.pdf": 2.002582536154224, "C.R.P._383_2005.pdf": 2.002582536154224, "const.p._24_2023_an_10012024_r.pdf": 2.002582536154224, "j.p._210_2018.pdf": 4.005165072308448, "c.a._431_2021_07072023.pdf": 22.028407897696464, "crl.a._297_2020.pdf": 6.007747608462672, "c.p._2467_2020.pdf": 8.010330144616896, "c.p._4522_2023_dt_05_01_2024 .pdf": 2.002582536154224, "c.a._315_2022.pdf": 2.002582536154224, "crl.p._435_2021.pdf": 2.002582536154224, "crl.p._596_l_2022.pdf": 2.002582536154224, "c.p._4540_2021.pdf": 2.002582536154224, "c.a._357_2020.pdf": 2.002582536154224, "Const.P.77of2010_dt_27-8-2013.pdf": 2.002582536154224, "c.a._178_2020.pdf": 2.002582536154224, "C.A._49_2015.pdf": 2.002582536154224, "c.p._805_l_2019.pdf": 2.002582536154224, "CMA1362OF2012-DT-10-04-2012.pdf": 2.002582536154224, "c.p._1417_2022.pdf": 4.005165072308448, "C.A._248-P_2010.pdf": 4.005165072308448, "c.a._307_2017.pdf": 6.007747608462672, "c.p._4683_2018.pdf": 2.002582536154224, "c.a._19_2022.pdf": 4.005165072308448, "j.p._865_2017.pdf": 2.002582536154224, "j.p._501_2018.pdf": 12.015495216925345, "Const.P.39of2007-dt-25-6-2013.pdf": 2.002582536154224, "crl.p._370_2019.pdf": 2.002582536154224, "c.a._499_2017.pdf": 14.018077753079568, "crl.p._230_2019.pdf": 2.002582536154224, "c.a._1121_2018.pdf": 28.036155506159137, "JR_Detailed_Judgment_in_Referendum_Case.pdf": 4.005165072308448, "j.p._262_2015.pdf": 20.02582536154224, "C.R.P._100_2016.pdf": 4.005165072308448, "c.a._497_2020.pdf": 4.005165072308448, "const.p._6_2023_07032024.pdf": 2.002582536154224, "c.p._3998_2016.pdf": 2.002582536154224, "c.p._1787_l_2022.pdf": 2.002582536154224, "S.M.C._ 26_2007_30062018.pdf": 2.002582536154224, "C.A._633_2007.pdf": 6.007747608462672, "c.a._201_2020.pdf": 2.002582536154224, "c.a._1295_2019.pdf": 2.002582536154224, "C.P._3345_2016.pdf": 2.002582536154224, "crl.p._1710_l_2017.pdf": 4.005165072308448, "c.p._3059_2021.pdf": 8.010330144616896, "c.p._3186_2020.pdf": 6.007747608462672, "C.P._60_K_2018.pdf": 4.005165072308448, "crl.a._531_2019.pdf": 4.005165072308448, "c.a._45_l_2018.pdf": 6.007747608462672, "c.a._415_2018.pdf": 4.005165072308448, "c.p._18_p_2021.pdf": 2.002582536154224, "NROCaseDt.10.01.2012.pdf": 2.002582536154224, "crl.p._209_2018.pdf": 2.002582536154224, "crl.p._551_2020.pdf": 2.002582536154224, "Crl.A._149_L_2017.pdf": 10.01291268077112, "crl.a._106_2020.pdf": 18.023242825388017, "C.A._1428_2016.pdf": 10.01291268077112, "crl.a._270_l_2012.pdf": 2.002582536154224, "S.M.C._10_2018.pdf": 2.002582536154224, "i.c.a._1_2024_15032024.pdf": 2.002582536154224, "c.a._1227_2016.pdf": 18.023242825388017, "Const.P.115-2012etc.pdf": 4.005165072308448, "C.A._2564_2001.pdf": 8.010330144616896, "crl.p._1802_l_2017.pdf": 2.002582536154224, "c.a._982_2018_19022024.pdf": 4.005165072308448, "c.a._39_k_2021.pdf": 10.01291268077112, "h.r.c_11827_s_2018.pdf": 10.01291268077112, "Const.P._2_2011.pdf": 6.007747608462672, "crl.p._1371_2016.pdf": 6.007747608462672, "Crl.A.140of2005.pdf": 4.005165072308448, "c.a._408_2022.pdf": 8.010330144616896, "crl.p._513_2020.pdf": 2.002582536154224, "Crl.A._115_2013.pdf": 10.01291268077112, "crl.sh.a._23_2017.pdf": 2.002582536154224, "c.r.p._292_2021_detailed.pdf": 4.005165072308448, "c.a._801_2021.pdf": 26.03357297000491, "c.p._279_p_2015.pdf": 2.002582536154224, "c.a._346_2020.pdf": 4.005165072308448, "const.p._17_2019_detailed_reasoning.pdf": 6.007747608462672, "j.p._255_2018.pdf": 2.002582536154224, "const.p._21_2023_11082023.pdf": 2.002582536154224, "j.p._508_2016.pdf": 2.002582536154224, "j.p._154_2016.pdf": 2.002582536154224, "h.r.c._318_1993.pdf": 2.002582536154224, "c.p._1751_l_2021.pdf": 2.002582536154224, "c.a._914_l_2013.pdf": 62.080058620780946, "C.A._467_2015.pdf": 10.01291268077112, "j.p._296_2016.pdf": 4.005165072308448, "c.p._2148_2020.pdf": 2.002582536154224, "c.a._263_2014.pdf": 26.03357297000491, "c.a._2444_2016.pdf": 2.002582536154224, "C.A._1797_2005.pdf": 2.002582536154224, "c.m.a._2769_2023.pdf": 2.002582536154224, "Const.P.No.33and34of2005-dt-27-6-2013.pdf": 4.005165072308448, "c.p._2021_2019.pdf": 10.01291268077112, "c.a._1683_2014.pdf": 2.002582536154224, "c.p._517_l_2016.pdf": 2.002582536154224, "c.a._414_2021.pdf": 12.015495216925345, "c.p._3855_2022.pdf": 2.002582536154224,