{"exbs": {"Crl.O.P._09_2018.pdf": 7.840312983320164}, "exb": {"C.A._532_2015.pdf": 28.215442029919725, "Crl.P.163_to_171_S.M.C.5_2005.pdf": 5.643088405983945, "C.A._461_2014.pdf": 180.57882899148623, "C.A._307-L_2015.pdf": 107.21867971369495, "Crl.A._103_2010.pdf": 5.643088405983945, "C.A._1611_2014.pdf": 16.929265217951833, "Const.P._35_2016_dt_15_12_2017.pdf": 22.57235362393578, "C.A._1440_2007.pdf": 67.71706087180733, "crl.a.264_2006.pdf": 73.36014927779128}}