{"exhaust": {"c.r.p._292_2021_sacked_employees.pdf": 3.3976617268298477, "C.M.A._4109_2015.pdf": 3.3976617268298477, "C.A._93_2015.pdf": 3.3976617268298477, "C.P.796of2007-UrduTranslation-dt-10-5-2013.pdf": 3.3976617268298477, "Const.P._134_2012.pdf": 3.3976617268298477, "crl.p._632_2021.pdf": 3.3976617268298477, "c.p._2911_2018.pdf": 3.3976617268298477, "Const.P.12of2010.pdf": 10.192985180489543, "C.R.P._125_2014.pdf": 13.59064690731939, "C.A._233_2015.pdf": 3.3976617268298477, "j.p._147_2016.pdf": 3.3976617268298477, "SMC16of2011_detailed_judgment.pdf": 3.3976617268298477, "C.P.796of2007-dt-10-5-2013.pdf": 6.795323453659695, "const.p._21_2022_15092023.pdf": 3.3976617268298477, "Crl.O.P.89of2011.pdf": 6.795323453659695, "s.m.c._1_2020.pdf": 3.3976617268298477, "C.A._718_2007.pdf": 3.3976617268298477, "C.R.P._383_2005.pdf": 3.3976617268298477, "C.R.A._248_2009.pdf": 3.3976617268298477, "s.m.c._1_2020_19052020.pdf": 3.3976617268298477, "c.r.p._296_2020_04022022.pdf": 3.3976617268298477, "c.p._2_2022_dissenting_note2.pdf": 6.795323453659695, "C.P._1067_2016.pdf": 6.795323453659695, "c.a._538_2022.pdf": 3.3976617268298477, "c.p._1787_l_2022.pdf": 3.3976617268298477, "const.p._2_2022_14102022.pdf": 3.3976617268298477, "C.A._1171_2017.pdf": 10.192985180489543, "const.p._17_2020_dissenting_note_hj11.pdf": 3.3976617268298477, "c.a._23_2017.pdf": 3.3976617268298477, "C.P._60_K_2018.pdf": 10.192985180489543, "c.p._2477_l_2015.pdf": 6.795323453659695, "c.a._82_2016.pdf": 10.192985180489543, "C.A._305_2008.pdf": 3.3976617268298477, "Crl.P._169_2007.pdf": 6.795323453659695, "c.a._909_2020.pdf": 3.3976617268298477, "C.R.P.193of2013.pdf": 13.59064690731939, "Crl.A.13-14-15and16of2004and53of2011.pdf": 3.3976617268298477, "Const.P._2_2011.pdf": 3.3976617268298477, "c.p._3739_2019.pdf": 6.795323453659695, "c.p.l.a.6052_2021.pdf": 3.3976617268298477, "c.p._3203_2017.pdf": 3.3976617268298477, "c.p._1691_l_2018.pdf": 3.3976617268298477, "const.p._21_2022_30102023.pdf": 3.3976617268298477, "const.p._21_2023_11082023.pdf": 3.3976617268298477, "c.p._2009_2020.pdf": 6.795323453659695, "Crl.A._137_L_2010.pdf": 10.192985180489543, "Const.P.No.33and34of2005-dt-27-6-2013.pdf": 3.3976617268298477, "const.p_21_2022_dn.pdf": 3.3976617268298477, "c.a._414_2021.pdf": 3.3976617268298477, "Const.P._29_2017.pdf": 3.3976617268298477, "c.a._513_2014.pdf": 3.3976617268298477, "c.a._1772_2008.pdf": 16.988308634149238, "c.a._30_l_2018.pdf": 3.3976617268298477, "C.P._842_2016.pdf": 3.3976617268298477, "c.p_.4178_2019.pdf": 3.3976617268298477, "c.p._2_2022_dissenting_note.pdf": 6.795323453659695, "c.a._171_2019.pdf": 3.3976617268298477, "c.r.p._420_2016.pdf": 10.192985180489543, "const.p._24_2023_f.pdf": 6.795323453659695, "c.a._1498_2018.pdf": 3.3976617268298477, "c.p._546_2021.pdf": 3.3976617268298477, "c.p._3215_2021.pdf": 6.795323453659695, "C.R.P._87_2015.pdf": 3.3976617268298477, "c.a._329_2022.pdf": 3.3976617268298477, "ConstitutionPetitionNo39of2009.pdf": 3.3976617268298477, "c.m.appeal._47_2020.pdf": 3.3976617268298477, "C.P._529_2015.pdf": 3.3976617268298477, "c.m.a._649_l_2021.pdf": 3.3976617268298477, "Const.P._134_2012_21012019.pdf": 3.3976617268298477, "crl.p._443_l_2020_dissenting_note.pdf": 3.3976617268298477, "const.p._6_2023_addl_n.pdf": 3.3976617268298477, "c.p.1795_2022.pdf": 3.3976617268298477, "C.A._1085_2017.pdf": 3.3976617268298477, "c.p._32_q_2019.pdf": 3.3976617268298477, "c.p._4178_2019.pdf": 3.3976617268298477, "CJD_Section 2-A_Case_as_on_26_06_2006.pdf": 6.795323453659695, "C.A._116_K_2016.pdf": 3.3976617268298477, "c.a._1191_2016.pdf": 3.3976617268298477, "c.a._1137_2014.pdf": 3.3976617268298477, "C.M.A._3986_2017.pdf": 6.795323453659695, "cp_1472_2013_03.03.2014.pdf": 3.3976617268298477, "CPs987-989OF2011-DT19.10.2011.pdf": 10.192985180489543, "c.p._1965_2019.pdf": 20.385970360979087, "c.p._2270_2023.pdf": 3.3976617268298477, "crl.a.264_2006.pdf": 3.3976617268298477}, "exhaustiveness": {"Const.P.127of2012.pdf": 6.048553514092109, "Const.P.12of2010.pdf": 6.048553514092109, "i.c.a._1_2024_dn_20032024.pdf": 6.048553514092109, "c.r.p._296_2020_29012022.pdf": 6.048553514092109, "c.p._2_2022_dissenting_note.pdf": 6.048553514092109, "c.r.p._432_k_2022.pdf": 6.048553514092109}, "exhibit": {"Const.P.127of2012.pdf": 3.052821240538118, "J.P._191_2018.pdf": 3.052821240538118, "c.p._1193_2020.pdf": 9.158463721614353, "ConstitutionPetitionNo21OF2007.pdf": 3.052821240538118, "Crl.O.P._09_2018.pdf": 3.052821240538118, "c.a._219_2015.pdf": 3.052821240538118, "C.R.P._49_2016.pdf": 18.316927443228707, "C.A._634_L_2012.pdf": 3.052821240538118, "c.p._3436_l_2022.pdf": 6.105642481076236, "Const.P.87of2011[UrduVersion].pdf": 3.052821240538118, "Const.P.33_2013.pdf": 3.052821240538118, "C.R.P._125_2014.pdf": 6.105642481076236, "smc.18_2010_final.pdf": 3.052821240538118, "crl.a._599_2020_26032021.pdf": 18.316927443228707, "Crl.O.P._154_2017.pdf": 3.052821240538118, "crl.p._849_2019.pdf": 3.052821240538118, "H.R.C.19of1996[AsgharKhanCase]DetailedReasonsUrduTranslation.pdf": 3.052821240538118, "j.p._147_2016.pdf": 3.052821240538118, "C.A._1256_2008.pdf": 9.158463721614353, "I.C.A._7_2018.pdf": 3.052821240538118, "C.A._532_2015.pdf": 3.052821240538118, "c.a._601_2019.pdf": 12.211284962152472, "c.a._95_p_2014.pdf": 3.052821240538118, "c.p._1347_2019.pdf": 3.052821240538118, "Const.P.40of2012-DetailJudgment-dt-3.7.2012.pdf": 3.052821240538118, "c.a._108_2015.pdf": 3.052821240538118, "H.R.C.19of1996[AsgharKhanCase]DetailedReasons.pdf": 9.158463721614353, "Crl.A._39_L_2015_Urdu.pdf": 3.052821240538118, "c.p._154_2019.pdf": 21.369748683766826, "crl.a._03_p_2017.pdf": 3.052821240538118, "c.a._71_p_2014.pdf": 3.052821240538118, "Crl.O.P.89of2011.pdf": 15.264106202690591, "C.A._137-K_1976.pdf": 6.105642481076236, "c.a._71_p_2014_urdu.pdf": 3.052821240538118, "c.a._730_2015.pdf": 3.052821240538118, "Crl.P.163_to_171_S.M.C.5_2005.pdf": 3.052821240538118, "c.a._1348_2014.pdf": 6.105642481076236, "C.A._461_2014.pdf": 12.211284962152472, "Const.P.77to85,89and92of2011[dt12.6.2012].pdf": 6.105642481076236, "c.a._176_2016.pdf": 9.158463721614353, "c.p._2547_2019.pdf": 6.105642481076236, "c.a._515_2015.pdf": 6.105642481076236, "c.p._3645_2015.pdf": 3.052821240538118, "c.p._2597_2019.pdf": 3.052821240538118, "c.a._1698_2014.pdf": 67.1620672918386, "c.a._307_2017.pdf": 3.052821240538118, "c.p._510_2019.pdf": 3.052821240538118, "C.P._809_P_2018.pdf": 3.052821240538118, "c.a._10_k_2019.pdf": 3.052821240538118, "c.a._2150_2019.pdf": 3.052821240538118, "c.a._840_2017.pdf": 3.052821240538118, "c.a._1080_2013.pdf": 3.052821240538118, "Crl.A._126_2010.pdf": 15.264106202690591, "Crl.A._11_P_2017.pdf": 3.052821240538118, "Const.P.87of2011.pdf": 6.105642481076236, "j.p._403_2018.pdf": 3.052821240538118, "c.p._1290_l_2019.pdf": 3.052821240538118, "j.p._73_2016.pdf": 6.105642481076236, "c.a._45_l_2018.pdf": 3.052821240538118, "Crl.A._210_2015.pdf": 3.052821240538118, "Crl.A._93_2013.pdf": 3.052821240538118, "c.a._444_2017.pdf": 3.052821240538118, "C.R.P.193of2013.pdf": 6.105642481076236, "C.A._301_2014.pdf": 3.052821240538118, "Const.P._2_2011.pdf": 6.105642481076236, "c.p._860_2019.pdf": 3.052821240538118, "c.p._2633_2019.pdf": 3.052821240538118, "c.p._957_2020.pdf": 9.158463721614353, "C.A._307-L_2015.pdf": 3.052821240538118, "c.p._4878_2021.pdf": 6.105642481076236, "j.p._499_2015.pdf": 3.052821240538118, "C.A._467_2015.pdf": 36.633854886457414, "c.p._1862_l_2021.pdf": 3.052821240538118, "C.A._1797_2005.pdf": 3.052821240538118, "C.A._1611_2014.pdf": 6.105642481076236, "C.A._1086_2014.pdf": 24.422569924304945, "Crl.A._3_P_2014.pdf": 6.105642481076236, "Const.P._29_2017.pdf": 3.052821240538118, "c.p._1077_2018.pdf": 3.052821240538118, "c.a._1602_2014.pdf": 3.052821240538118, "c.a._438_2021.pdf": 6.105642481076236, "c.p._1831_2017.pdf": 3.052821240538118, "C.A._710_2014.pdf": 9.158463721614353, "c.p._3958_2019.pdf": 6.105642481076236, "c.p._2222_2019.pdf": 3.052821240538118, "c.p._611_l_2018.pdf": 6.105642481076236,