{"eyewitness": {"Crl.A._24_2010.pdf": 9.89105460315048, "J.P._191_2018.pdf": 3.29701820105016, "Crl.A._479_2015.pdf": 3.29701820105016, "Crl.P._9-P_2016.pdf": 3.29701820105016, "Crl.P._927_2016.pdf": 6.59403640210032, "Crl.A._609_2014.pdf": 3.29701820105016, "Crl.A._190_2016.pdf": 3.29701820105016, "Crl.P._120_2016.pdf": 3.29701820105016, "j.p._405_2021.pdf": 3.29701820105016, "crl.a._599_2020_26032021.pdf": 3.29701820105016, "Crl.A._275_2011.pdf": 3.29701820105016, "j.p._147_2016.pdf": 9.89105460315048, "crl.a._528_2019.pdf": 3.29701820105016, "Crl.A._39_L_2015_Urdu.pdf": 39.56421841260192, "crl.a._03_p_2017.pdf": 3.29701820105016, "Crl.A._382_2011.pdf": 3.29701820105016, "Crl.P.163_to_171_S.M.C.5_2005.pdf": 3.29701820105016, "j.p._169_2021.pdf": 3.29701820105016, "crl.p._537_2021.pdf": 6.59403640210032, "crl.a._297_2020.pdf": 9.89105460315048, "j.p._865_2017.pdf": 9.89105460315048, "Cr.P.749-Lof2013.pdf": 6.59403640210032, "crl.p._1029_2020.pdf": 3.29701820105016, "Crl.A._235_2010.pdf": 9.89105460315048, "Crl.A._126_2010.pdf": 16.4850910052508, "crl.a._181_2012.pdf": 23.07912740735112, "crl.p._528_l_2023.pdf": 3.29701820105016, "j.p._206_2019.pdf": 3.29701820105016, "Crl.M.A_183_2019.pdf": 9.89105460315048, "j.p._403_2018.pdf": 6.59403640210032, "crl.p._1710_l_2017.pdf": 9.89105460315048, "j.p._73_2016.pdf": 6.59403640210032, "j.p._557_2016.pdf": 3.29701820105016, "Crl.A._210_2015.pdf": 13.18807280420064, "crl.p._458_2021.pdf": 6.59403640210032, "Crl.A._93_2013.pdf": 3.29701820105016, "Cr.A. 315 of 2012.pdf": 46.15825481470224, "j.p._34_2020.pdf": 13.18807280420064, "j.p._496_2019.pdf": 6.59403640210032, "crl.p._105_k_2020.pdf": 19.78210920630096, "Crl.A.13-14-15and16of2004and53of2011.pdf": 6.59403640210032, "crl.a._139_2022.pdf": 6.59403640210032, "Crl.M.A._200_2019.pdf": 9.89105460315048, "j.p._255_2018.pdf": 3.29701820105016, "j.p._154_2016.pdf": 6.59403640210032, "j.p._499_2015.pdf": 13.18807280420064, "Crl.A._436_2017.pdf": 9.89105460315048, "Crl.A._103_2010.pdf": 9.89105460315048, "crl.a._398_2020.pdf": 16.4850910052508, "J.P.No.56of2005.pdf": 3.29701820105016, "crl.a_413-414_2013_18.02.2014.pdf": 3.29701820105016, "crl.p._1443_2021.pdf": 3.29701820105016, "Crl.A._466_2017.pdf": 3.29701820105016, "crl.p._1603_l_2021.pdf": 3.29701820105016, "J.P._217_2017.pdf": 3.29701820105016, "crl.a._560_2020.pdf": 9.89105460315048, "crl.a._120_2019.pdf": 3.29701820105016, "C.A.39_2010.pdf": 3.29701820105016, "j.p._883_2017.pdf": 9.89105460315048, "j.p._148_2022.pdf": 9.89105460315048, "crl.a._190_2020.pdf": 13.18807280420064, "j.p._553_2017.pdf": 23.07912740735112, "crl.p_1124_l_2015.pdf": 9.89105460315048, "Crl.A._617_2017.pdf": 16.4850910052508, "j.p._201_2015.pdf": 9.89105460315048, "crl.p._801_2021.pdf": 13.18807280420064, "ICA3,4,6TO11of2011dt2011.04.pdf": 3.29701820105016, "crl.p._53_q_2020.pdf": 3.29701820105016, "c.p._692_2020.pdf": 6.59403640210032, "crl.a._75_l_2021.pdf": 13.18807280420064, "Crl.A.126of2012.pdf": 3.29701820105016, "j.p._355_2018.pdf": 9.89105460315048, "Crl.A._199_2011.pdf": 3.29701820105016, "Crl.A._582_2018.pdf": 32.9701820105016, "C.A._1000_2006.pdf": 16.4850910052508, "j.p._300_2022.pdf": 6.59403640210032, "crl.p._298_2023.pdf": 3.29701820105016, "crl.a._154_l_2013.pdf": 23.07912740735112, "crl.a._446_2020.pdf": 3.29701820105016, "crl.p._742_l_2019.pdf": 3.29701820105016, "j.p._794_2017.pdf": 6.59403640210032, "crl.a._66_l_2020.pdf": 3.29701820105016, "crl.p.203-l_2014.pdf": 6.59403640210032, "H.R.C._10842_P_2018.pdf": 9.89105460315048, "crl.p._1183_2021.pdf": 3.29701820105016, "crl.a_310_2006_12.03.2014.pdf": 3.29701820105016, "j.p._190_2017.pdf": 6.59403640210032, "CJD_Pakistan_Steel_Mills_Case.pdf": 3.29701820105016, "crl.a._82_2022.pdf": 6.59403640210032, "crl.p._476_l_2018.pdf": 3.29701820105016, "Crl.A._128_2010.pdf": 13.18807280420064, "crl.a._363_2021.pdf": 3.29701820105016, "crl.p._950_2021.pdf": 3.29701820105016, "Crl.A._201_2018.pdf": 3.29701820105016}, "eye": {"REFERENCE-1-2011[OrderDt-17.01.2012].pdf": 2.10052007114093, "Const.P.127of2012.pdf": 10.50260035570465, "c.a._1476_2018_urdu.pdf": 2.10052007114093, "c.p._1193_2020.pdf": 4.20104014228186, "ConstitutionPetitionNo21OF2007.pdf": 25.20624085369116, "Crl.O.P._09_2018.pdf": 4.20104014228186, "c.p._852_2020.pdf": 2.10052007114093, "hrc_42389-P_2013.pdf": 2.10052007114093, "C.R.P._297_2017_Reserved.pdf": 8.40208028456372, "crl.s.m.r.p._84_2018.pdf": 2.10052007114093, "C.P.796of2007-UrduTranslation-dt-10-5-2013.pdf": 6.30156021342279, "S.M.C._28_2018.pdf": 4.20104014228186, "C.P._272_2016.pdf": 2.10052007114093, "C.R.P._49_2016.pdf": 4.20104014228186, "crl.a._400_2019.pdf": 2.10052007114093, "c.a._803_2016.pdf": 2.10052007114093, "crl.p._632_2021.pdf": 4.20104014228186, "Crl.A._609_2014.pdf": 2.10052007114093, "Const.P._29_2016_28072016.pdf": 2.10052007114093, "Crl.A._39_L_2015.pdf": 23.10572078255023, "NRO_Judgment.pdf": 8.40208028456372, "c.p._2537_2020.pdf": 2.10052007114093, "c.p._2063_2020.pdf": 2.10052007114093, "Const.P.40of2012-DetailJudgment[UrduTranslation]-dt-3.7.2012.pdf": 8.40208028456372, "Const.P.12of2010.pdf": 18.90468064026837, "Const.P.87of2011[UrduVersion].pdf": 12.60312042684558, "cma_2774_2014_in_const.p.51_2010_dt_22.05.14.pdf": 4.20104014228186, "CMA_1145-K_2013_in_SMC_16-2011_08-03-2013.pdf": 2.10052007114093, "Const.P.12of2010Urdu.pdf": 2.10052007114093, "const.p.42of2011.pdf": 2.10052007114093, "j.p._405_2021.pdf": 4.20104014228186, "Const.P._29_2016.pdf": 18.90468064026837, "smc.18_2010_final.pdf": 2.10052007114093, "Const.P.77of2012[DetailedOrderFinal].pdf": 14.703640497986509, "c.a._1498_2016.pdf": 4.20104014228186, "Urdu-Const.P-77-2010-12.10.2012.pdf": 2.10052007114093, "Const.P._36_2016_dt_15_12_2017.pdf": 2.10052007114093, "Const.P.40of2012-AdditionalNoteofJusticeJawwadSKhawaja.pdf": 4.20104014228186, "C.P._380_2014_Urdu.pdf": 6.30156021342279, "Crl.O.P._154_2017.pdf": 4.20104014228186, "C.A._2109_2016.pdf": 2.10052007114093, "crl.p._849_2019.pdf": 2.10052007114093, "H.R.C.19of1996[AsgharKhanCase]DetailedReasonsUrduTranslation.pdf": 4.20104014228186, "S.M.C.18OF2010.pdf": 4.20104014228186, "j.p._147_2016.pdf": 2.10052007114093, "s.m.c._1_2022_detailed.pdf": 2.10052007114093, "SMC16of2011_detailed_judgment.pdf": 8.40208028456372, "I.C.A._7_2018.pdf": 2.10052007114093, "HRC7734-G_1003-GOF2009[UrduTranslation].pdf": 2.10052007114093, "crl.a._528_2019.pdf": 2.10052007114093, "CP778-779.pdf": 2.10052007114093, "C.R.P.167of2012-dt-30-8-2012.pdf": 2.10052007114093, "MemoCase-final-30.12.2011(UrduVersion).pdf": 2.10052007114093, "Const.P.40of2012-DetailJudgment-dt-3.7.2012.pdf": 6.30156021342279, "smc.11_2011.pdf": 4.20104014228186, "H.R.C.19of1996[AsgharKhanCase]DetailedReasons.pdf": 10.50260035570465, "smc_1_2014.pdf": 4.20104014228186, "c.p._1517_2022.pdf": 2.10052007114093, "Const.P.77-78-79 [Memogate]DetailedOrder.pdf": 4.20104014228186, "Crl.A._39_L_2015_Urdu.pdf": 2.10052007114093, "C.P.796of2007-dt-10-5-2013.pdf": 14.703640497986509, "c.p._154_2019.pdf": 2.10052007114093, "C.P._45_2015.pdf": 2.10052007114093, "C.A._514_2008.pdf": 2.10052007114093, "CJD_Reference by_the_President_of_Pakistan_under_Article_186.pdf": 4.20104014228186, "Const.P.56_2003_U_dt_8-9-2015.pdf": 2.10052007114093, "crp.328-329_2013.pdf": 2.10052007114093, "const.p.23of2012.pdf": 6.30156021342279, "Const.P_3_2014.pdf": 4.20104014228186, "C.A._340_2002.pdf": 2.10052007114093, "Crl.P.163_to_171_S.M.C.5_2005.pdf": 2.10052007114093, "HRC7734-G_1003-GOF2009[AllegedCorruptionInRentalPowerPlants].pdf": 2.10052007114093, "c.p._1134_l_2018.pdf": 2.10052007114093, "c.p._1057_2019.pdf": 2.10052007114093, "crl.p._48_p_2015.pdf": 2.10052007114093, "C.A.669-L_2013.pdf": 4.20104014228186, "C.A._461_2014.pdf": 2.10052007114093, "i.c.a._1_2024_dn_20032024.pdf": 8.40208028456372, "crl.a._40_2020.pdf": 2.10052007114093, "Crl.M.A_693_2018.pdf": 10.50260035570465, "c.p._4428_2019.pdf": 2.10052007114093, "j.p._684_2016.pdf": 2.10052007114093,