{"eyre": {"c.p._1775_2022.pdf": 6.230875070886063, "const.p._6_2023_dt_05_01_2023.pdf": 6.230875070886063, "const.p._6_2023_addl_n.pdf": 6.230875070886063, "C.A.876-879of2005.pdf": 6.230875070886063, "c.a._1191_2014.pdf": 12.461750141772127}}