{"fa": {"Const.P._56_2003_E_dt_3-9-15.pdf": 5.201255653704905, "S.J.C_347_2018.PDF": 5.201255653704905, "C.P.796of2007-dt-10-5-2013.pdf": 5.201255653704905, "Crl.O.P.89of2011.pdf": 5.201255653704905, "CMA3470OF2013_08.07.2013.pdf": 5.201255653704905, "const.p.20_2013.pdf": 5.201255653704905, "cma.4581_2013.pdf": 20.80502261481962, "C.A._843_2012.pdf": 5.201255653704905, "c.a._26_2015l.pdf": 166.44018091855696, "const.p._76_2018.pdf": 5.201255653704905, "c.a._24_k_2019.pdf": 10.40251130740981, "C.P._2167_2014.pdf": 5.201255653704905, "CJD_Pakistan_Steel_Mills_Case.pdf": 67.61632349816377, "Const.P.5and15-HRC14144-DetailedReasons.pdf": 15.603766961114715}}