{"fabricate": {"ConstitutionPetitionNo21OF2007.pdf": 7.072495780231988, "Crl.A._479_2015.pdf": 3.536247890115994, "C.R.P._297_2017_Reserved.pdf": 3.536247890115994, "crl.s.m.r.p._84_2018.pdf": 7.072495780231988, "Crl.A._609_2014.pdf": 10.608743670347982, "Const.P._29_2016_28072016.pdf": 14.144991560463977, "Crl.A._39_L_2015.pdf": 10.608743670347982, "Const.P.12of2010.pdf": 10.608743670347982, "Const.P._29_2016.pdf": 10.608743670347982, "smc.18_2010_final.pdf": 3.536247890115994, "c.p._2243_l_2019.pdf": 3.536247890115994, "crl.a._599_2020_26032021.pdf": 7.072495780231988, "H.R.C.19of1996[AsgharKhanCase]DetailedReasonsUrduTranslation.pdf": 3.536247890115994, "j.p._147_2016.pdf": 7.072495780231988, "MemoCase-final-30.12.2011(UrduVersion).pdf": 3.536247890115994, "Crl.A._39_L_2015_Urdu.pdf": 10.608743670347982, "C.A._514_2008.pdf": 7.072495780231988, "crl.a._128_2020.pdf": 3.536247890115994, "const.p._9_2010_27122021.pdf": 7.072495780231988, "C.A.669-L_2013.pdf": 24.75373523081196, "C.A._461_2014.pdf": 3.536247890115994, "c.a._639_2014.pdf": 3.536247890115994, "crl.sh.a._9_2017.pdf": 3.536247890115994, "crl.p._540_2020.pdf": 7.072495780231988, "C.A._1189_2014.pdf": 3.536247890115994, "c.a._1660_2014.pdf": 3.536247890115994, "c.p._3112_2020.pdf": 3.536247890115994, "crl.p._1619_2022.pdf": 3.536247890115994, "Crl.A._465_2015.pdf": 3.536247890115994, "crl.p._705_2023.pdf": 7.072495780231988, "crl.s.a.07_2011.pdf": 3.536247890115994, "crl.p._370_2019.pdf": 3.536247890115994, "Crl.A._235_2010.pdf": 3.536247890115994, "j.p._206_2019.pdf": 3.536247890115994, "c.a._1295_2019.pdf": 10.608743670347982, "crl.p._1485_l_2019.pdf": 3.536247890115994, "Crl.M.A_183_2019.pdf": 3.536247890115994, "Crl.A._149_L_2017.pdf": 3.536247890115994, "crl.a._270_l_2012.pdf": 3.536247890115994, "const.p._9_2010.pdf": 7.072495780231988, "c.a._39_k_2021.pdf": 7.072495780231988, "Crl.P.200of2009.pdf": 3.536247890115994, "Crl.A._115_2013.pdf": 7.072495780231988, "Crl.M.A._200_2019.pdf": 35.36247890115994, "j.p._255_2018.pdf": 3.536247890115994, "crl.p._301_2022.pdf": 3.536247890115994, "C.A._1797_2005.pdf": 3.536247890115994, "C.A._1086_2014.pdf": 3.536247890115994, "const.p._64_2013.pdf": 3.536247890115994, "crl.a._120_2019.pdf": 7.072495780231988, "c.p._1692_l_2022.pdf": 3.536247890115994, "c.a._1498_2018.pdf": 7.072495780231988, "crl.p._527_2017.pdf": 3.536247890115994, "j.p._883_2017.pdf": 3.536247890115994, "const.p._9_2010_28122021.pdf": 7.072495780231988, "c.p._3933_2023.pdf": 35.36247890115994, "c.p._349_l_2017.pdf": 3.536247890115994, "j.p._553_2017.pdf": 3.536247890115994, "j.p._112_2017.pdf": 3.536247890115994, "c.a._2121_2017.pdf": 3.536247890115994, "crl.p._169_2020.pdf": 3.536247890115994, "c.a._81_k_2022.pdf": 3.536247890115994, "Const.P._35_2016_dt_15_12_2017.pdf": 7.072495780231988, "j.p._614_2016.pdf": 3.536247890115994, "c.m.a._3932_2023.pdf": 7.072495780231988, "c.a._836_l_2013.pdf": 3.536247890115994, "c.p._409_l_2021.pdf": 3.536247890115994, "Crl.A._496_2009.pdf": 7.072495780231988, "c.p._2000_l_2020.pdf": 3.536247890115994, "Crl.A._133_L_2017.pdf": 3.536247890115994, "c.p._3041_2020.pdf": 3.536247890115994, "crl.a._446_2020.pdf": 3.536247890115994, "C.M.A.3470_2013.pdf": 3.536247890115994, "crl.a._82_2022.pdf": 3.536247890115994}, "fabric": {"CPs.10-18of2011.pdf": 3.7627755394144446, "Crl.A._39_L_2015.pdf": 3.7627755394144446, "NRO_Judgment.pdf": 7.525551078828889, "Const.P.12of2010.pdf": 26.339428775901112, "crl.a._241_2020.pdf": 3.7627755394144446, "Const.P.87of2011[UrduVersion].pdf": 3.7627755394144446, "C.R.P._125_2014.pdf": 3.7627755394144446, "smc.18_2010_final.pdf": 7.525551078828889, "Const.P._36_2016_dt_15_12_2017.pdf": 3.7627755394144446, "C.A._233_2015.pdf": 3.7627755394144446, "SMC16of2011_detailed_judgment.pdf": 3.7627755394144446, "crl.a._528_2019.pdf": 3.7627755394144446, "CP778-779.pdf": 7.525551078828889, "H.R.C.19of1996[AsgharKhanCase]DetailedReasons.pdf": 3.7627755394144446, "crp.328-329_2013.pdf": 3.7627755394144446, "s.m.c._1_2023_01032023.pdf": 3.7627755394144446, "crl.p._231_2020.pdf": 3.7627755394144446, "c.p._3506_2020.pdf": 3.7627755394144446, "JR_Detailed_Judgment_in_Referendum_Case.pdf": 3.7627755394144446, "C.R.P._100_2016.pdf": 3.7627755394144446, "S.M.C._ 26_2007_30062018.pdf": 15.051102157657779, "const.p._2_2022_14102022.pdf": 7.525551078828889, "C.A._1171_2017.pdf": 7.525551078828889, "c.a._353_2010.pdf": 3.7627755394144446, "S.M.C._26_2007_04072018.pdf": 11.288326618243333, "j.p._403_2018.pdf": 3.7627755394144446, "c.a._249_2020.pdf": 3.7627755394144446, "c.p._398_l_2018.pdf": 3.7627755394144446, "C.R.P.193of2013.pdf": 3.7627755394144446, "Crl.A.140of2005.pdf": 3.7627755394144446, "c.p._860_2019.pdf": 3.7627755394144446, "c.r.p._421_2020.pdf": 7.525551078828889, "c.a._914_l_2013.pdf": 3.7627755394144446, "c.a._937_2018.pdf": 3.7627755394144446, "c.a._2444_2016.pdf": 7.525551078828889, "c.p._5671_2021.pdf": 18.813877697072222, "const.p._6_2023_13042023.pdf": 3.7627755394144446, "Crl.A._274_2006.pdf": 22.576653236486667, "c.p._2602_2019.pdf": 3.7627755394144446, "s.m.c._1_2023_12062023.pdf": 3.7627755394144446, "const.p._32_2023_additional_note.pdf": 3.7627755394144446, "S.M.C._26_2007_02082018.pdf": 3.7627755394144446, "c.a._1113_2017.pdf": 3.7627755394144446, "crl.p._1192_2023.pdf": 3.7627755394144446, "c.a._1089_2015.pdf": 3.7627755394144446, "const.p._48_2019.pdf": 7.525551078828889, "s.m.c._4_2021_26082021.pdf": 3.7627755394144446, "C.A._588_2017.pdf": 3.7627755394144446, "C.A._1050_2009.pdf": 30.102204315315557, "C.A.876-879of2005.pdf": 7.525551078828889, "c.p._3041_2020.pdf": 3.7627755394144446, "c.p._4690_2018.pdf": 3.7627755394144446, "C.A._1049_2011.pdf": 3.7627755394144446, "Crl.A._52_L_2013.pdf": 3.7627755394144446, "c.a._65_k_2019.pdf": 3.7627755394144446, "C.A._622 _2008.pdf": 3.7627755394144446, "C.M.A._8215_2016.pdf": 11.288326618243333, "crl.a._363_2021.pdf": 3.7627755394144446, "C.A._450_2010.pdf": 3.7627755394144446}, "fabrication": {"c.a._219_2015.pdf": 4.582216445298682, "Const.P._29_2016_28072016.pdf": 4.582216445298682, "Const.P._29_2016.pdf": 9.164432890597364, "crl.a._599_2020_26032021.pdf": 4.582216445298682, "j.p._42_2017.pdf": 4.582216445298682, "Const.P.77-78-79 [Memogate]DetailedOrder.pdf": 4.582216445298682, "crl.p._682_2020.pdf": 4.582216445298682, "c.a._639_2014.pdf": 4.582216445298682, "crl.p._540_2020.pdf": 4.582216445298682, "crl.s.a.07_2011.pdf": 4.582216445298682, "c.a._1295_2019.pdf": 4.582216445298682, "crl.p._1485_l_2019.pdf": 4.582216445298682, "Const.P.46and47of2010.pdf": 4.582216445298682, "s.m.c._1_2023_12062023.pdf": 4.582216445298682, "crl.a._120_2019.pdf": 4.582216445298682, "c.p._42_2024_25012024.pdf": 4.582216445298682, "crl.p._577_2021.pdf": 9.164432890597364, "crl.p._169_2020.pdf": 4.582216445298682, "crl.p._145_l_2021.pdf": 13.746649335896047, "Const.P._35_2016_dt_15_12_2017.pdf": 4.582216445298682, "C.A._2148_2016_dt_4-4-2018.pdf": 4.582216445298682, "Crl.A._496_2009.pdf": 4.582216445298682, "C.M.A._3305_2014.pdf": 4.582216445298682, "crl.p._656_l_2021.pdf": 4.582216445298682, "Crl.P._100_2017.pdf": 4.582216445298682, "H.R.C._10842_P_2018.pdf": 4.582216445298682}, "fabrico": {"S.M.C._ 26_2007_30062018.pdf": 6.741700694652055, "S.M.C._26_2007_04072018.pdf": 6.741700694652055, "S.M.C._26_2007_02082018.pdf": 6.741700694652055}, "fabled": {"c.p._1290_l_2019.pdf": 7.840312983320164}, "fab": {"C.A._139_2013.pdf": 6.454018622200273, "cp_1545_2009.pdf": 32.270093111001366, "c.p._2459_2017.pdf": 6.454018622200273, "const_petition_26_2013_17.03.pdf": 6.454018622200273}, "fabulous": {"JR_Varan_Case.pdf": 7.840312983320164}, "fabritex": {"C.A._682_2008.pdf": 7.840312983320164}}