{"fade": {"SMC5of2012[UrduVersion]dt16-6-2012.pdf": 5.760871441640328, "Const.P.12of2010.pdf": 11.521742883280655, "smc_1_2014.pdf": 5.760871441640328, "Crl.M.A_183_2019.pdf": 5.760871441640328, "j.p._431_2019.pdf": 5.760871441640328, "crl.p._29_q_2015.pdf": 5.760871441640328, "CPs987-989OF2011-DT19.10.2011.pdf": 11.521742883280655, "c.a._1_2020.pdf": 5.760871441640328}}