{"fagan": {"ConstitutionPetitionNo21OF2007.pdf": 7.840312983320164}, "fagasta": {"CPLA_796_2007_ETC_SHORT_ORDER_REKO_DIQ_CASE.pdf": 7.840312983320164}, "fag": {"Crl.O.P._154_2017.pdf": 6.454018622200273, "I.C.A._7_2018.pdf": 6.454018622200273, "Crl.P._433_2015.pdf": 6.454018622200273, "Criminal_Original_P93to98.pdf": 6.454018622200273}}