{"fajar": {"C.R.P._49_2016.pdf": 7.1471658027602185, "I.C.A._4_2017.pdf": 7.1471658027602185}, "fajr": {"crl.p._163_2020.pdf": 7.840312983320164}, "fajjar": {"j.p._430_2015.pdf": 14.294331605520437, "crl.a._145_l_2017.pdf": 7.1471658027602185}, "fajjan": {"c.p._1276_2020.pdf": 7.840312983320164}}