{"fan": {"CPs.10-18of2011.pdf": 11.521742883280655, "Const.P.12of2010.pdf": 5.760871441640328, "Const.P.12of2010Urdu.pdf": 5.760871441640328, "Const.P._29_2016.pdf": 5.760871441640328, "smc.18_2010_final.pdf": 5.760871441640328, "H.R.C.19of1996[AsgharKhanCase]DetailedReasonsUrduTranslation.pdf": 5.760871441640328, "smc_1_2014.pdf": 5.760871441640328, "const.p.37_2012_final.pdf": 5.760871441640328}, "fanciful": {"Crl.A._479_2015.pdf": 4.406325778835018, "crl.p._632_2021.pdf": 4.406325778835018, "Const.P._29_2016.pdf": 13.218977336505052, "S.M.C.18OF2010.pdf": 8.812651557670035, "C.A._532_2015.pdf": 4.406325778835018, "CP778-779.pdf": 4.406325778835018, "crl.p._231_2020.pdf": 4.406325778835018, "JR_Detailed_Judgment_in_Graduation_Qualification_Case.pdf": 8.812651557670035, "c.r.p._296_2020_04022022.pdf": 8.812651557670035, "c.r.p._758_2019.pdf": 4.406325778835018, "C.A._1428_2016.pdf": 4.406325778835018, "C.A._2564_2001.pdf": 4.406325778835018, "Crl.A.13-14-15and16of2004and53of2011.pdf": 4.406325778835018, "c.a._1095_2018_13092019.pdf": 4.406325778835018, "const.p._17_2019_detailed_reasoning.pdf": 4.406325778835018, "c.p._492_k_2023.pdf": 4.406325778835018, "c.p._2148_2020.pdf": 8.812651557670035, "crl.p._124_2022.pdf": 13.218977336505052, "crl.p._879_2021.pdf": 8.812651557670035, "c.p._5632_2021.pdf": 4.406325778835018, "const.p._17_2020_dissenting_note_hj4.pdf": 8.812651557670035, "crl.p._577_2021.pdf": 4.406325778835018, "c.a._26_k_2021.pdf": 4.406325778835018, "c.p._1278_k_2023.pdf": 4.406325778835018, "c.m.a._3932_2023.pdf": 4.406325778835018, "c.p._2885_2022.pdf": 4.406325778835018, "crl.m.a._1659_2019.pdf": 4.406325778835018, "crl.a_310_2006_12.03.2014.pdf": 4.406325778835018, "HR8340OF2010.pdf": 8.812651557670035, "crl.a._39_k_2022.pdf": 4.406325778835018, "Crl.A._12-P_2011.pdf": 4.406325778835018}, "fancy": {"H.R.C._18877_2018_03072019.pdf": 4.704818767391014, "Const.P.12of2010.pdf": 9.409637534782028, "const.p.42of2011.pdf": 4.704818767391014, "S.M.C.24of2010[urdu-version].pdf": 4.704818767391014, "S.M.C.18OF2010.pdf": 4.704818767391014, "Const.P.39of2007-dt-25-6-2013.pdf": 4.704818767391014, "C.P._1700_2011.pdf": 9.409637534782028, "c.p._490_k_2020.pdf": 4.704818767391014, "C.A._1359_2014.pdf": 4.704818767391014, "c.a._1095_2018_13092019.pdf": 4.704818767391014, "C.A._1184_2011.pdf": 4.704818767391014, "SMC.13-2009.pdf": 4.704818767391014, "c.p._819_2017.pdf": 4.704818767391014, "C.A._26_K_2018.pdf": 9.409637534782028, "c.a._17_q_2021.pdf": 4.704818767391014, "reference_1_2020.pdf": 4.704818767391014, "C.P._2515_2015.pdf": 4.704818767391014, "ConstP.No.53of2007andConst.P.83of2012.pdf": 4.704818767391014, "C.A._1169_2014.pdf": 4.704818767391014, "c.a._1237_2020.pdf": 4.704818767391014, "smc.9_2011.pdf": 4.704818767391014, "c.p._2447_l_2022.pdf": 4.704818767391014, "Const.P.59of2011.pdf": 4.704818767391014}, "fanfare": {"Const.P.12of2010.pdf": 7.1471658027602185, "C.M.A._376-K_2014.pdf": 7.1471658027602185}, "fantastic": {"Const.P._29_2016.pdf": 6.230875070886063, "c.a._73_2020.pdf": 6.230875070886063, "Crl.A._465_2015.pdf": 6.230875070886063, "Crl.A._496_2009.pdf": 6.230875070886063, "Crl.A._176_2012.pdf": 6.230875070886063}, "fana": {"SMC16of2011_detailed_judgment.pdf": 7.840312983320164}, "fane": {"H.R.C.19of1996[AsgharKhanCase]DetailedReasons.pdf": 7.840312983320164}, "fanaticism": {"Const.P.77-78-79 [Memogate]DetailedOrder.pdf": 6.741700694652055, "Const.P.77to85of2011-ShortOrder-1.pdf": 6.741700694652055, "Const.P.77-2011[MemoScandal]dt.30.12.2011.pdf": 6.741700694652055}, "fancifully": {"crl.p._124_2022.pdf": 7.840312983320164}, "fanton": {"Const.P._29_2017.pdf": 7.840312983320164}, "fantasy": {"Crl.A._218_2015.pdf": 7.840312983320164}, "fannie": {"Const.P.5and15-HRC14144-DetailedReasons.pdf": 15.680625966640328}}