{"fast": {"Const.P.127of2012.pdf": 6.818992368953701, "cr.p_1054_l_2023.pdf": 3.4094961844768505, "c.a._1476_2018_urdu.pdf": 3.4094961844768505, "ConstitutionPetitionNo21OF2007.pdf": 6.818992368953701, "H.R.C._10_K_2007.pdf": 3.4094961844768505, "H.R.C._18877_2018_03072019.pdf": 3.4094961844768505, "Const.P._38_2016.pdf": 3.4094961844768505, "NRO_Judgment.pdf": 6.818992368953701, "Const.P.12of2010.pdf": 3.4094961844768505, "Const.P.87of2011[UrduVersion].pdf": 3.4094961844768505, "Const.P._29_2016.pdf": 23.866473291337954, "Const.P.77of2012[DetailedOrderFinal].pdf": 3.4094961844768505, "crl.p._907_2020.pdf": 3.4094961844768505, "Const.P.30of2013.pdf": 3.4094961844768505, "Ref.01_2012_addl.note_HJ.ejaz_afzal_khan.pdf": 3.4094961844768505, "Const.P.NO.62OF2010_orderdt06062011.pdf": 13.637984737907402, "c.p._1665_2020.pdf": 3.4094961844768505, "HRC7734-G_1003-GOF2009[UrduTranslation].pdf": 23.866473291337954, "smc.24_2010.pdf": 6.818992368953701, "Const.P.40of2012-DetailJudgment-dt-3.7.2012.pdf": 3.4094961844768505, "Const.P.77-78-79 [Memogate]DetailedOrder.pdf": 3.4094961844768505, "C.P.796of2007-dt-10-5-2013.pdf": 3.4094961844768505, "CJD_Reference by_the_President_of_Pakistan_under_Article_186.pdf": 10.228488553430552, "crp.328-329_2013.pdf": 6.818992368953701, "c.a._608_2021.pdf": 6.818992368953701, "Crl.P.163_to_171_S.M.C.5_2005.pdf": 3.4094961844768505, "HRC7734-G_1003-GOF2009[AllegedCorruptionInRentalPowerPlants].pdf": 37.504458029245356, "c.p._1057_2019.pdf": 3.4094961844768505, "C.M.A._3221_2012.pdf": 6.818992368953701, "crl.p._537_2021.pdf": 3.4094961844768505, "const.p.1_ 2012_etc.pdf": 3.4094961844768505, "c.a._1355_2006.pdf": 3.4094961844768505, "cma.3685-3686_of_2012_in_hrc.7734-g_of_2009_dt_31.01.2013.pdf": 3.4094961844768505, "c.p._283_l_2018.pdf": 3.4094961844768505, "c.a._19_2022.pdf": 3.4094961844768505, "c.r.p._296_2020_04022022.pdf": 3.4094961844768505, "HRC-4668of2006.pdf": 17.047480922384253, "const.p._2_2022_14102022.pdf": 6.818992368953701, "crl.p._299_2020_07042020.pdf": 3.4094961844768505, "crl.p._528_l_2023.pdf": 3.4094961844768505, "c.p._3059_2021.pdf": 3.4094961844768505, "const.p._17_2020_dissenting_note_hj11.pdf": 3.4094961844768505, "Crl.A._210_2015.pdf": 3.4094961844768505, "C.A._2564_2001.pdf": 6.818992368953701, "const.p.37_2012_final.pdf": 6.818992368953701, "const.p._17_2019_detailed_reasoning.pdf": 3.4094961844768505, "SMC.13-2009.pdf": 3.4094961844768505, "C.A._1890_2002.pdf": 3.4094961844768505, "c.a.1540-1599_2013.pdf": 3.4094961844768505, "C.M.A.No.64of2013-dt14.3.2013.pdf": 3.4094961844768505, "C.P._3186_2015.pdf": 3.4094961844768505, "c.a._202_2021.pdf": 3.4094961844768505, "C.A._710_2014.pdf": 3.4094961844768505, "crl.a_413-414_2013_18.02.2014.pdf": 3.4094961844768505, "Const.P.91of2011Dt-23-8-2012.pdf": 10.228488553430552, "Crl.A._274_2006.pdf": 6.818992368953701, "s.m.c._1_2023_12062023.pdf": 3.4094961844768505, "c.a._10_2021.pdf": 3.4094961844768505, "CMA2745of2009etc.pdf": 3.4094961844768505, "Crl.P._488_2015.pdf": 3.4094961844768505, "C.M.A._376-K_2014.pdf": 6.818992368953701, "crl.p._475_2022.pdf": 6.818992368953701, "c.a._1113_2017.pdf": 3.4094961844768505, "CJD_Constitution_Petition_No_36_of_2005.pdf": 3.4094961844768505, "Const.P._35_2016_dt_15_12_2017.pdf": 3.4094961844768505, "crl.p._893_2020.pdf": 3.4094961844768505, "c.p._1554_l_2020.pdf": 3.4094961844768505, "SMCNo25of2009.pdf": 20.456977106861103, "const.p._76_2018.pdf": 3.4094961844768505, "Crl.A._324_2011.pdf": 3.4094961844768505, "Crl.O.P.6of2012.pdf": 3.4094961844768505, "Crl.A._496_2009.pdf": 3.4094961844768505, "c.p._2459_2017.pdf": 3.4094961844768505, "c.a.482_2014.pdf": 3.4094961844768505, "s.m.c._1_2020_25062020.pdf": 6.818992368953701, "c.a._1685_2021.pdf": 3.4094961844768505, "c.m.a._1243_2021_04042022.pdf": 3.4094961844768505, "c.r.p._432_k_2022.pdf": 3.4094961844768505, "crl.a._185_2006.pdf": 3.4094961844768505, "H.R.C._10842_P_2018.pdf": 17.047480922384253, "c.a._1547_2019.pdf": 3.4094961844768505, "C.M.A._8215_2016.pdf": 13.637984737907402, "c.a._2063_2019.pdf": 3.4094961844768505, "c.a._764_2021.pdf": 3.4094961844768505}, "fasihuddin": {"Const.P.127of2012.pdf": 9.791748008307447, "Const.P.33_2013.pdf": 14.687622012461171, "Const.P._29_2016.pdf": 4.895874004153724, "CAA_25.09.2013.pdf": 19.583496016614895, "const.p.33-2013_dt_12.09.2013.pdf": 9.791748008307447, "c.p._4_p_2020.pdf": 4.895874004153724, "c.a._446_2021.pdf": 4.895874004153724, "C.A._1125_2007.pdf": 4.895874004153724, "Const.P.33of2013.pdf": 9.791748008307447, "Const.P.115-2012etc.pdf": 4.895874004153724, "Const.P._2_2011.pdf": 4.895874004153724, "const.p.5_2011.pdf": 4.895874004153724, "const.p.20_2013.pdf": 9.791748008307447, "Const.P.33of2013_09.07.13.pdf": 9.791748008307447, "c.a._1134_2020.pdf": 4.895874004153724, "Const.P.20of2013-dt-28-6-2013.pdf": 4.895874004153724, "C.A._1049_2011.pdf": 4.895874004153724, "c.p._4806_2019.pdf": 4.895874004153724, "c.a._764_2021.pdf": 4.895874004153724}, "fashion": {"Const.P.127of2012.pdf": 4.079112867626602, "c.p._2911_2018.pdf": 4.079112867626602, "NRO_Judgment.pdf": 4.079112867626602, "Const.P.12of2010.pdf": 4.079112867626602, "Const.P.33_2013.pdf": 4.079112867626602, "c.p._2243_l_2019.pdf": 4.079112867626602, "REVIEW_P_46&47_2011_full.pdf": 4.079112867626602, "CP778-779.pdf": 4.079112867626602, "c.r.p_537_2019.pdf": 8.158225735253204, "c.a._2434_2016.pdf": 4.079112867626602, "C.A._1072_2005.pdf": 4.079112867626602, "c.p._2580_2020.pdf": 8.158225735253204, "c.a._17_l_2019.pdf": 12.237338602879806, "const.p._2_2022_14102022.pdf": 4.079112867626602, "C.A._308_2008.pdf": 4.079112867626602, "crl.p._588_l_2023.pdf": 4.079112867626602, "c.a._1095_2018_13092019.pdf": 4.079112867626602, "c.p._2916_2019.pdf": 4.079112867626602, "c.r.p._421_2020.pdf": 4.079112867626602, "C.A._1419_2009.pdf": 8.158225735253204, "c.p._1743_2020_03032023.pdf": 4.079112867626602, "C.P._2066_2013.pdf": 4.079112867626602, "c.a._30_l_2018.pdf": 4.079112867626602, "c.r.p._420_2016.pdf": 4.079112867626602, "const.p._17_2020_dissenting_note_hj4.pdf": 4.079112867626602, "JR_Varan_Case.pdf": 4.079112867626602, "ICA3,4,6TO11of2011dt2011.04.pdf": 4.079112867626602, "c.m.a._1243_2021.pdf": 4.079112867626602, "Crl.A.126of2012.pdf": 4.079112867626602, "s.m.c._4_2021_26082021.pdf": 4.079112867626602, "SMCNo25of2009.pdf": 4.079112867626602, "Crl.P._1099_2016.pdf": 4.079112867626602, "Crl.A._324_2011.pdf": 4.079112867626602, "ConstP.No.53of2007andConst.P.83of2012.pdf": 4.079112867626602, "crl.p._1072_2021.pdf": 4.079112867626602, "c.m.a._490_2021_20022021.pdf": 4.079112867626602, "Crl.P._751_2017.pdf": 4.079112867626602, "c.r.p._432_k_2022.pdf": 8.158225735253204, "crl.m.a._1659_2019.pdf": 4.079112867626602, "c.a._65_k_2019.pdf": 4.079112867626602, "crl.p._636_2022.pdf": 4.079112867626602, "cp_1472_2013_03.03.2014.pdf": 4.079112867626602, "c.p._1824_2019.pdf": 4.079112867626602}, "faseeh": {"C.M.A.No.3685of2012-dt-17-1-2013.pdf": 6.741700694652055, "Const.P._134_2012.pdf": 6.741700694652055, "Const.P._134_2012_21012019.pdf": 6.741700694652055}, "fasih": {"C.M.A.No.3685of2012-dt-17-1-2013.pdf": 5.760871441640328, "Const.P._50_2018.pdf": 5.760871441640328, "C.R.P.167of2012-dt-30-8-2012.pdf": 5.760871441640328, "cma.3685-3686_of_2012_in_hrc.7734-g_of_2009_dt_31.01.2013.pdf": 11.521742883280655, "NROCaseDt.10.01.2012.pdf": 5.760871441640328, "c.p.1603_2012.pdf": 23.04348576656131, "Const.P.73of2011.pdf": 11.521742883280655, "CPs987-989OF2011-DT19.10.2011.pdf": 11.521742883280655}, "fashionable": {"NRO_Judgment.pdf": 7.840312983320164}, "fastidiousness": {"Const.P.12of2010.pdf": 7.840312983320164}, "fascism": {"Const.P.12of2010.pdf": 14.294331605520437, "Const.P.77-78-79 [Memogate]DetailedOrder.pdf": 7.1471658027602185}, "fasten": {"Const.P.12of2010.pdf": 5.643088405983945, "C.A._427_2009.pdf": 5.643088405983945, "C.A._1291_2005.pdf": 5.643088405983945, "C.A._110_L_2013.pdf": 5.643088405983945, "C.A.401_2011.pdf": 5.643088405983945, "C.P._423_K_2015.pdf": 11.28617681196789,