{"fault": {"c.r.p._292_2021_sacked_employees.pdf": 11.830044242935173, "Const.P.127of2012.pdf": 14.787555303668967, "const.p.42of2011(UrduVersion).pdf": 2.9575110607337933, "C.R.P._49_2016.pdf": 5.915022121467587, "Const.P._134_2012.pdf": 2.9575110607337933, "H.R.C._18877_2018_03072019.pdf": 2.9575110607337933, "c.p._1809_2020.pdf": 8.87253318220138, "Const.P._38_2016.pdf": 5.915022121467587, "c.p._3637_2019.pdf": 2.9575110607337933, "C.A._90_2011_UrduVersion.pdf": 2.9575110607337933, "c.r.p._513_2014.pdf": 2.9575110607337933, "Const.P.12of2010.pdf": 11.830044242935173, "Const.P.12of2010Urdu.pdf": 2.9575110607337933, "Const.P._29_2016.pdf": 2.9575110607337933, "c.p._2243_l_2019.pdf": 2.9575110607337933, "S.J.C_347_2018.PDF": 2.9575110607337933, "Crl.O.P._154_2017.pdf": 2.9575110607337933, "j.p._147_2016.pdf": 2.9575110607337933, "s.m.c._1_2022_detailed.pdf": 2.9575110607337933, "c.a._371_2020.pdf": 2.9575110607337933, "SMC16of2011_detailed_judgment.pdf": 2.9575110607337933, "C.A._90_2011_EnglishVersion.pdf": 2.9575110607337933, "c.p._1289_2020.pdf": 2.9575110607337933, "H.R.C.19of1996[AsgharKhanCase]DetailedReasons.pdf": 2.9575110607337933, "c.m.a._4053_2018.pdf": 2.9575110607337933, "const.p.23of2012.pdf": 2.9575110607337933, "c.p._3772_2019.pdf": 2.9575110607337933, "HRC7734-G_1003-GOF2009[AllegedCorruptionInRentalPowerPlants].pdf": 2.9575110607337933, "c.a._797_2017.pdf": 14.787555303668967, "c.a._559_2020.pdf": 2.9575110607337933, "S.M.C._18_2016.pdf": 5.915022121467587, "c.a._929_2017.pdf": 2.9575110607337933, "i.c.a._1_2024_dn_20032024.pdf": 2.9575110607337933, "c.p._2547_2019.pdf": 2.9575110607337933, "c.a._33_k_2018.pdf": 2.9575110607337933, "C.R.P._383_2005.pdf": 2.9575110607337933, "c.p._2467_2020.pdf": 5.915022121467587, "c.a._315_2022.pdf": 2.9575110607337933, "c.a._799_2021.pdf": 2.9575110607337933, "crl.p._345_2022.pdf": 2.9575110607337933, "c.a._46_p_2020.pdf": 2.9575110607337933, "crl.p._1233_2023.pdf": 8.87253318220138, "c.a._307_2017.pdf": 2.9575110607337933, "C.A._1348_2006.pdf": 2.9575110607337933, "c.a._781_2017.pdf": 2.9575110607337933, "crl.p._894_l_2023.pdf": 5.915022121467587, "c.a._1767_2019.pdf": 2.9575110607337933, "C.P._1067_2016.pdf": 2.9575110607337933, "crl.p._461_2023.pdf": 2.9575110607337933, "c.p._1877_l_2016.pdf": 11.830044242935173, "C.P._3345_2016.pdf": 5.915022121467587, "c.p._3447_2022.pdf": 8.87253318220138, "c.a._759_2020.pdf": 2.9575110607337933, "c.a._1833_2019.pdf": 2.9575110607337933, "c.p._3157_2022.pdf": 2.9575110607337933, "c.a._82_2016.pdf": 2.9575110607337933, "C.A._2564_2001.pdf": 26.61759954660414, "crl.p._588_l_2023.pdf": 26.61759954660414, "S.M.C._03_2017.pdf": 5.915022121467587, "c.r.p._292_2021_detailed.pdf": 2.9575110607337933, "crl.p._1496_2022.pdf": 2.9575110607337933, "C.A._1184_2011.pdf": 2.9575110607337933, "const.p._17_2019_detailed_reasoning.pdf": 2.9575110607337933, "C.A._307-L_2015.pdf": 2.9575110607337933, "c.a._1010_2020.pdf": 2.9575110607337933, "j.p._499_2015.pdf": 2.9575110607337933, "c.p._1925_2020.pdf": 2.9575110607337933, "c.a._547_2012.pdf": 11.830044242935173, "C.A._1797_2005.pdf": 5.915022121467587, "c.p._2021_2019.pdf": 5.915022121467587, "crl.m.appeal._6_2020.pdf": 2.9575110607337933, "c.p._517_l_2016.pdf": 23.660088485870347, "c.a._350_2020.pdf": 2.9575110607337933, "reference._2_2022.pdf": 2.9575110607337933, "c.a._1476_2018.pdf": 2.9575110607337933, "c.a._30_l_2018.pdf": 2.9575110607337933, "const.p._6_2023_13042023.pdf": 2.9575110607337933, "c.a._84_k_2023.pdf": 2.9575110607337933, "c.p._4618_2019.pdf": 2.9575110607337933, "c.a._1113_2017_dissenting_note.pdf": 2.9575110607337933, "c.p._4835_2019.pdf": 2.9575110607337933, "const.p.6_2011_final.pdf": 2.9575110607337933, "c.a._654_2021.pdf": 11.830044242935173, "c.a._10_2021.pdf": 2.9575110607337933, "c.a._597_2020.pdf": 2.9575110607337933, "c.p._1893_l_2021.pdf": 2.9575110607337933, "crl.a._120_2019.pdf": 23.660088485870347, "C.A.39_2010.pdf": 2.9575110607337933, "C.A._535_2015.pdf": 2.9575110607337933, "C.A._322_2018.pdf": 2.9575110607337933, "c.p._3209_2020.pdf": 5.915022121467587, "C.P._1958_2016.pdf": 2.9575110607337933, "c.a._1653_2021.pdf": 5.915022121467587, "c.p._4439_2017.pdf": 5.915022121467587, "I.C.A._4_2017.pdf": 2.9575110607337933, "Const.P.22of2013.pdf": 11.830044242935173, "c.a._1113_2017.pdf": 2.9575110607337933, "ConstitutionPetitionNo39of2009.pdf": 2.9575110607337933, "c.p._3709_2022.pdf": 2.9575110607337933, "JR_The_State_through_NAB_VS_Haji_Nasim-ur-Rehman.pdf": 2.9575110607337933, "Const.P._35_2016_dt_15_12_2017.pdf": 5.915022121467587, "ICA3,4,6TO11of2011dt2011.04.pdf": 2.9575110607337933, "C.P._2226_2016.pdf": 2.9575110607337933, "C.P._1702_2015.pdf": 2.9575110607337933, "c.a._491_2012.pdf": 5.915022121467587, "Crl.P._1099_2016.pdf": 2.9575110607337933, "c.p._409_l_2021.pdf": 2.9575110607337933, "c.p._4657_2022.pdf": 2.9575110607337933, "Const.P._134_2012_21012019.pdf": 2.9575110607337933, "c.p._3455_2020.pdf": 2.9575110607337933, "crl.p._298_2023.pdf": 5.915022121467587, "H.R.C._17599_2018.pdf": 2.9575110607337933, "crl.p._440_2022 .pdf": 2.9575110607337933, "c.p._1854_l_2022.pdf": 2.9575110607337933, "Crl.A._218_2015.pdf": 2.9575110607337933, "c.a._1399_2019.pdf": 2.9575110607337933, "c.p._1948_l_2021.pdf": 2.9575110607337933, "ref._2_2022_13092023.pdf": 2.9575110607337933, "C.A._510_2012.pdf": 2.9575110607337933, "Const.P.59of2011.pdf": 2.9575110607337933, "crl.p._636_2022.pdf": 5.915022121467587, "C.M.A._8215_2016.pdf": 2.9575110607337933, "c.a._2063_2019.pdf": 2.9575110607337933, "C.A._1646_2000.pdf": 2.9575110607337933, "c.a._142_2019.pdf": 2.9575110607337933, "C.A._839_2015.pdf": 5.915022121467587, "C.A._1207_2004.pdf": 8.87253318220138, "c.p._4387_2021_24012022.pdf": 2.9575110607337933, "c.a._1191_2014.pdf": 8.87253318220138, "c.p._2270_2023.pdf": 2.9575110607337933, "c.a._1005_2009.pdf": 2.9575110607337933, "c.p._47_q_2016.pdf": 2.9575110607337933}, "fauji": {"c.r.p._292_2021_sacked_employees.pdf": 17.027176179456216, "ConstitutionPetitionNo21OF2007.pdf": 4.256794044864054, "NRO_Judgment.pdf": 17.027176179456216, "Const.P.12of2010.pdf": 51.081528538368644, "C.R.P._125_2014.pdf": 4.256794044864054, "Const.P.77of2012[DetailedOrderFinal].pdf": 4.256794044864054, "SMC16of2011_detailed_judgment.pdf": 8.513588089728108, "HRC7734-G_1003-GOF2009[UrduTranslation].pdf": 4.256794044864054, "JR_Judgment_on_17th_Amendmend_and_Presidents_Uniform_Case.pdf": 12.770382134592161, "Crl.O.P.89of2011.pdf": 17.027176179456216, "c.a._2434_2016.pdf": 21.28397022432027, "HRC7734-G_1003-GOF2009[AllegedCorruptionInRentalPowerPlants].pdf": 4.256794044864054, "c.p._1857_2022.pdf": 4.256794044864054, "C.A._1348_2006.pdf": 4.256794044864054, "C.A._1291_2005.pdf": 12.770382134592161, "c.p._3472_2023.pdf": 8.513588089728108, "JR_Detailed_Judgment_in_Referendum_Case.pdf": 4.256794044864054, "Const.P._24_2012.pdf": 4.256794044864054, "Crl.M.A_183_2019.pdf": 4.256794044864054, "c.p._3121_2021.pdf": 12.770382134592161, "C.R.P.193of2013.pdf": 4.256794044864054, "c.r.p._421_2020.pdf": 8.513588089728108, "c.a._1476_2018.pdf": 12.770382134592161, "Const.P.91of2011Dt-23-8-2012.pdf": 12.770382134592161, "Crl.P.No.426of2009&Crl.A.No.pdf": 4.256794044864054, "c.a._1113_2017.pdf": 8.513588089728108, "C.A.2234and2235of2005-dt-31-8-2013.pdf": 4.256794044864054, "c.a._2186_2017.pdf": 4.256794044864054, "Crl.O.P.6of2012.pdf": 4.256794044864054, "c.p._449_2019.pdf": 8.513588089728108, "C.A.876-879of2005.pdf": 8.513588089728108, "C.A._1049_2011.pdf": 4.256794044864054, "CJD_Section 2-A_Case_as_on_26_06_2006.pdf": 4.256794044864054, "C.A.83and84of2006.pdf": 12.770382134592161, "Crl.A._128_2010.pdf": 4.256794044864054, "Crl.O.P._57_2015_DN.pdf": 4.256794044864054}, "faulty": {"Const.P.127of2012.pdf": 5.275363625858628, "Const.P._38_2016.pdf": 5.275363625858628, "Const.P.12of2010.pdf": 5.275363625858628, "Const.P.33_2013.pdf": 15.826090877575883, "CAA_25.09.2013.pdf": 5.275363625858628, "c.a._797_2017.pdf": 31.652181755151766,