{"fa\u00e7ade": {"const.p._17_2020_dissenting_note_hj11.pdf": 6.048553514092109, "Const.P._2_2011.pdf": 6.048553514092109, "C.P._1707_2018.pdf": 12.097107028184219, "c.p._2314_2022.pdf": 6.048553514092109, "C.A.876-879of2005.pdf": 6.048553514092109, "C.M.A._8215_2016.pdf": 42.33987459864477}}