{"fca": {"const.p._17_2019_detailed_reasoning.pdf": 6.741700694652055, "Crl.A._322_2018.pdf": 6.741700694652055, "c.p._4657_2022.pdf": 20.225102083956166}}