{"fcr": {"Const.P._50_2018.pdf": 28.215442029919725, "Const.P.33_2013.pdf": 16.929265217951833, "CJD_Reference by_the_President_of_Pakistan_under_Article_186.pdf": 16.929265217951833, "const.p.1_ 2012_etc.pdf": 73.36014927779128, "Const.P._24_2012.pdf": 50.787795653855504, "Crl.A._322_2018.pdf": 5.643088405983945, "c.p._3286_2017.pdf": 11.28617681196789, "c.p._4635_2018.pdf": 62.073972465823395, "c.a._231_2020.pdf": 5.643088405983945}}