{"fd": {"HRC7734-G_1003-GOF2009[UrduTranslation].pdf": 6.230875070886063, "C.P.796of2007-dt-10-5-2013.pdf": 12.461750141772127, "HRC7734-G_1003-GOF2009[AllegedCorruptionInRentalPowerPlants].pdf": 6.230875070886063, "c.a._661_2018.pdf": 6.230875070886063, "c.a._1237_2020.pdf": 24.923500283544254}}