{"fderation": {"Const.P.12of2010.pdf": 14.294331605520437, "const.p._6_2023_07032024.pdf": 7.1471658027602185}, "fde": {"const.p.37_2012_final.pdf": 6.454018622200273, "c.a._550_2020.pdf": 12.908037244400546, "c.p._692_2020.pdf": 6.454018622200273, "c.a._1546_2019.pdf": 12.908037244400546}}