{"fe": {"c.a._371_2020.pdf": 14.294331605520437, "c.a._1009_2010.pdf": 7.1471658027602185}}