{"feisalabad": {"c.p._1193_2020.pdf": 7.840312983320164}, "feign": {"Crl.O.P._09_2018.pdf": 5.8944028342648505, "Const.P._29_2016.pdf": 5.8944028342648505, "c.p._381_k_2019.pdf": 5.8944028342648505, "c.a._39_k_2021.pdf": 5.8944028342648505, "c.r.p._420_2016.pdf": 11.788805668529701, "c.p._409_l_2021.pdf": 5.8944028342648505, "C.A._1137_2012.pdf": 5.8944028342648505}, "feisal": {"C.A._2215_2006.pdf": 12.097107028184219, "Const.P._29_2016.pdf": 18.145660542276328, "c.a._1095_2018_13092019.pdf": 6.048553514092109, "c.a._1476_2018.pdf": 24.194214056368438, "C.A._700_2017.pdf": 12.097107028184219, "c.a._1692_2021.pdf": 6.048553514092109}}