{"fereydon": {"c.p._1193_2020.pdf": 7.840312983320164}, "ferman": {"c.p._1193_2020.pdf": 7.840312983320164}, "feriai": {"c.p._1193_2020.pdf": 7.840312983320164}, "ferd": {"c.p._1193_2020.pdf": 7.840312983320164}, "fervently": {"ConstitutionPetitionNo21OF2007.pdf": 6.230875070886063, "Const.P.87of2011[UrduVersion].pdf": 6.230875070886063, "const.p._6_2023_dt_05_01_2023.pdf": 6.230875070886063, "c.p._2892_2020.pdf": 6.230875070886063, "c.p._2341_l_2016.pdf": 6.230875070886063}, "fertilizer": {"C.P._272_2016.pdf": 50.121016046286215, "C.R.P._49_2016.pdf": 8.353502674381035, "C.A._104-L_2015.pdf": 8.353502674381035, "Const.P._29_2016.pdf": 4.176751337190518, "Const.P.30of2013.pdf": 4.176751337190518, "smc.11_2011.pdf": 4.176751337190518, "c.a._2434_2016.pdf": 4.176751337190518, "c.r.p._421_2020_dissenting_notes.pdf": 12.530254011571554, "Const.P.77of2010_dt_27-8-2013.pdf": 4.176751337190518, "C.A._1291_2005.pdf": 4.176751337190518, "const.p.30of2013_dt_22.05.2013.pdf": 4.176751337190518, "c.p._3472_2023.pdf": 4.176751337190518, "C.P._1067_2016.pdf": 196.30731284795434, "S.M.C._ 26_2007_30062018.pdf": 4.176751337190518, "C.A._1171_2017.pdf": 4.176751337190518, "c.a._353_2010.pdf": 4.176751337190518, "S.M.C._26_2007_04072018.pdf": 4.176751337190518, "C.A._1338_2007.pdf": 8.353502674381035, "const.p.37_2012_final.pdf": 4.176751337190518, "c.r.p._421_2020.pdf": 33.41401069752414, "SMC.13-2009.pdf": 4.176751337190518, "c.p._3286_2017.pdf": 8.353502674381035, "c.a._1113_2017_dissenting_note.pdf": 20.883756685952587, "Crl.A._274_2006.pdf": 4.176751337190518, "c.a._1521_2018.pdf": 12.530254011571554, "crl.p._263_l_2015.pdf": 4.176751337190518, "S.M.C._26_2007_02082018.pdf": 4.176751337190518, "c.a._1113_2017.pdf": 29.237259360333624, "SMCNo25of2009.pdf": 4.176751337190518, "c.p._449_2019.pdf": 8.353502674381035, "C.A.876-879of2005.pdf": 12.530254011571554, "C.A._1049_2011.pdf": 4.176751337190518, "c.a._1275_2009.pdf": 37.59076203471466, "C.A._150_2006.pdf": 4.176751337190518, "CJD_Section 2-A_Case_as_on_26_06_2006.pdf": 4.176751337190518, "hrc.14392_2013.pdf": 8.353502674381035, "C.A._1475_2007.PDF": 12.530254011571554, "C.A.83and84of2006.pdf": 29.237259360333624, "C.A._622 _2008.pdf": 4.176751337190518}, "feroze": {"C.R.P._49_2016.pdf": 4.202726823593778, "Const.P._134_2012.pdf": 4.202726823593778, "Const.P_6of2011.pdf": 4.202726823593778, "Const.P._38_2016.pdf": 4.202726823593778, "NRO_Judgment.pdf": 4.202726823593778, "crl.a._599_2020_26032021.pdf": 4.202726823593778, "Const.PetitionNo.77of2010_31.10.2012.pdf": 8.405453647187556, "Const.Petition No.77of2010-08-12-2012.pdf": 8.405453647187556, "smc.11_2011.pdf": 4.202726823593778, "CJD_Reference by_the_President_of_Pakistan_under_Article_186.pdf": 4.202726823593778, "C.A.540_L_2009_dt_05_01_2017.pdf": 4.202726823593778, "S.M.C.18_2016_dt_06_01_2017.pdf": 4.202726823593778, "C.R.P._383_2005.pdf": 4.202726823593778, "crl.p._299_2020_01042020.pdf": 4.202726823593778, "C.P._809_P_2018.pdf": 4.202726823593778, "crl.p._230_2019.pdf": 4.202726823593778, "c.p._943_k_2022.pdf": 8.405453647187556, "JR_Detailed_Judgment_in_Referendum_Case.pdf": 4.202726823593778, "s.m.c._01_2020.pdf": 4.202726823593778, "c.p._490_k_2020.pdf": 8.405453647187556, "c.p._3127_2020.pdf": 4.202726823593778, "C.A._301_2014.pdf": 16.810907294375113, "const.p.37_2012_final.pdf": 12.608180470781335, "j.p._508_2016.pdf": 4.202726823593778, "crl.p._100_k_2020.pdf": 4.202726823593778, "crl.a._633_2019_15092023.pdf": 8.405453647187556, "CMA2745of2009etc.pdf": 4.202726823593778, "c.p._4439_2017.pdf": 4.202726823593778, "JR_Varan_Case.pdf": 4.202726823593778, "Const.P.22of2013.pdf": 4.202726823593778, "crl.a._599_2020.pdf": 4.202726823593778, "ICA3,4,6TO11of2011dt2011.04.pdf": 4.202726823593778, "Const.P._134_2012_21012019.pdf": 4.202726823593778, "C.A._446_2012.pdf": 8.405453647187556, "crl.a._154_l_2013.pdf": 16.810907294375113, "crl.a._66_l_2020.pdf": 4.202726823593778, "c.a._1547_2019.pdf": 4.202726823593778, "JR_Fecto_Belarus_Tractor_Limited_Case.pdf": 4.202726823593778}, "ferozepur": {"Const.P._134_2012.pdf": 5.760871441640328, "smc.18_2010_final.pdf": 11.521742883280655, "C.M.A._3221_2012.pdf": 5.760871441640328, "ca411to414of2013.pdf": 5.760871441640328, "const.p._42_2022_07032024.pdf": 5.760871441640328, "SMCNo25of2009.pdf": 28.804357208201637, "Const.P._134_2012_21012019.pdf": 5.760871441640328, "C.M.A._8215_2016.pdf": 5.760871441640328}, "ferguson": {"Const.P._38_2016.pdf": 10.550727251717255, "Const.P._29_2016.pdf": 10.550727251717255, "Const.P._36_2016_dt_15_12_2017.pdf": 5.275363625858628, "C.A._1171_2017.pdf": 5.275363625858628, "Const.P._38_2016_2.pdf": 5.275363625858628, "Const.P._2_2011.pdf": 42.20290900686902, "c.m.a._7139_2019.pdf": 15.826090877575883, "const.p.5_2011.pdf": 5.275363625858628, "S.M.C._2_2018.pdf": 10.550727251717255, "C.M.A._376-K_2014.pdf": 5.275363625858628, "c.a._506_2011.pdf": 21.10145450343451, "CJD_Pakistan_Steel_Mills_Case.pdf": 26.376818129293138, "Const.P.5and15-HRC14144-DetailedReasons.pdf": 26.376818129293138}, "ferdinand": {"NRO_Judgment.pdf": 7.1471658027602185, "crl.a._95_2019.pdf": 7.1471658027602185}, "fervour": {"NRO_Judgment.pdf": 6.741700694652055, "c.p._2045_2019.pdf": 6.741700694652055, "const.p._17_2020_dissenting_note_hj4.pdf": 6.741700694652055}, "fernande": {"NRO_Judgment.pdf": 14.294331605520437, "c.a._174_2012.pdf": 7.1471658027602185}, "feroz": {"NRO_Judgment.pdf": 4.704818767391014, "c.p._34_q_2019.pdf": 4.704818767391014, "crl.p._299_2020_07042020.pdf": 4.704818767391014, "c.a._754_2020.pdf": 4.704818767391014, "c.p._490_k_2020.pdf": 14.114456302173043, "crl.a._531_2019.pdf": 4.704818767391014, "c.a._1095_2018_13092019.pdf": 4.704818767391014, "crl.p._100_k_2020.pdf": 4.704818767391014, "c.a._561_2020.pdf": 4.704818767391014, "crl.a._291_2020.pdf": 4.704818767391014, "C.A._424_2015.pdf": 4.704818767391014, "C.A._1095_2018.pdf": 4.704818767391014, "crl.m.a._1581_2021.pdf": 4.704818767391014, "j.p._637_2016.pdf": 14.114456302173043, "c.p._1133_l_2016.pdf": 47.04818767391014, "Const.P.77of2010-dt-21-12-2012.pdf": 4.704818767391014, "c.a._551_2020.pdf": 4.704818767391014, "crl.p._789_2023.pdf": 4.704818767391014, "c.p._1890_l_2017.pdf": 4.704818767391014, "C.P._367-K_2016.pdf": 32.933731371737096, "c.a._1989_2019.pdf": 4.704818767391014, "c.p._1033_2020.pdf": 4.704818767391014, "C.A._79_P_2013.pdf": 4.704818767391014}, "fertile": {"NRO_Judgment.pdf": 6.741700694652055, "const.p._2_2022_14102022.pdf": 6.741700694652055, "c.a._700_2014.pdf": 6.741700694652055}, "ferzand": {"Const.P.40of2012-DetailJudgment[UrduTranslation]-dt-3.7.2012.pdf": 7.840312983320164}, "fertilize": {"Const.P._50_2018.pdf": 7.840312983320164}, "ferry": {"H.R.C.19of1996[AsgharKhanCase]DetailedReasonsUrduTranslation.pdf": 7.1471658027602185, "CJD_Reference by_the_President_of_Pakistan_under_Article_186.pdf": 7.1471658027602185}, "fer": {"c.a._371_2020.pdf": 6.741700694652055, "C.P._781_2016.pdf": 13.48340138930411, "crl.p._209_2018.pdf": 6.741700694652055}, "ferozabad": {"SMC16of2011_detailed_judgment.pdf": 13.48340138930411, "const.p._9_2010_27122021.pdf": 20.225102083956166, "const.p._9_2010_28122021.pdf": 13.48340138930411}, "ferocity": {"SMC16of2011_detailed_judgment.pdf": 7.840312983320164}, "fertilise": {"H.R.C.19of1996[AsgharKhanCase]DetailedReasons.pdf": 7.840312983320164}, "ferris": {"H.R.C.19of1996[AsgharKhanCase]DetailedReasons.pdf": 7.840312983320164}, "ferozi": {"c.p._3772_2019.pdf": 7.1471658027602185, "C.A._204-L_2015.pdf": 14.294331605520437}, "ferment": {"C.A._137-K_1976.pdf": 7.840312983320164}, "ferocious": {"const.p.1_ 2012_etc.pdf": 7.1471658027602185, "Const.P.5and15-HRC14144-DetailedReasons.pdf": 7.1471658027602185}, "ferozewala": {"crl.p._801_l_2020.pdf": 13.48340138930411, "c.a._914_l_2013.pdf": 6.741700694652055, "c.p._715_2020.pdf": 13.48340138930411}, "ferozwala": {"crl.p._1225_2021.pdf": 6.454018622200273, "crl.a._531_2019.pdf": 12.908037244400546, "crl.p._258_2020.pdf": 6.454018622200273,