{"fes": {"NRO_Judgment.pdf": 7.840312983320164}, "festival": {"Const.P.87of2011[UrduVersion].pdf": 6.454018622200273, "c.m.a._4821_2018.pdf": 6.454018622200273, "CJD_Constitution_Petition_No_36_of_2005.pdf": 6.454018622200273, "c.p._4719_2017.pdf": 51.632148977602185}, "festus": {"Const.P.5of2013.pdf": 15.680625966640328}, "fesco": {"c.p._2482_2020.pdf": 35.735829013801094, "hrc.14392of2013-01.07.2013.pdf": 7.1471658027602185}, "festivity": {"j.p._488_2015.pdf": 7.840312983320164}, "fester": {"const.p._2_2022_14102022.pdf": 7.1471658027602185, "Const.P.5and15-HRC14144-DetailedReasons.pdf": 7.1471658027602185}}