{"fetter": {"Const.P.127of2012.pdf": 3.9484926852095374, "NRO_Judgment.pdf": 7.896985370419075, "Const.P.12of2010.pdf": 27.639448796466763, "Const.P._29_2016.pdf": 3.9484926852095374, "C.R.P._125_2014.pdf": 3.9484926852095374, "Const.P.77of2012[DetailedOrderFinal].pdf": 11.845478055628613, "s.m.c._1_2022_detailed.pdf": 3.9484926852095374, "C.P.796of2007-dt-10-5-2013.pdf": 3.9484926852095374, "C.P.No.1017-Lof2011.pdf": 3.9484926852095374, "c.p._419_2020.pdf": 3.9484926852095374, "c.p._2467_2020.pdf": 3.9484926852095374, "crl.p._290_l_2015.pdf": 3.9484926852095374, "JR_Detailed_Judgment_in_Graduation_Qualification_Case.pdf": 3.9484926852095374, "c.r.p._296_2020_29012022.pdf": 3.9484926852095374, "C.R.P._100_2016.pdf": 3.9484926852095374, "C.P._3122_2017.pdf": 3.9484926852095374, "C.A._1428_2016.pdf": 3.9484926852095374, "c.a._82_2016.pdf": 3.9484926852095374, "C.R.P.193of2013.pdf": 3.9484926852095374, "c.a._1095_2018_13092019.pdf": 23.690956111257226, "c.r.p._292_2021_detailed.pdf": 3.9484926852095374, "c.r.p._421_2020.pdf": 3.9484926852095374, "const.p._17_2019_detailed_reasoning.pdf": 3.9484926852095374, "const.p._21_2023_11082023.pdf": 23.690956111257226, "c.p._2148_2020.pdf": 3.9484926852095374, "C.A._654_2010.pdf": 3.9484926852095374, "C.A.800Lof2013etc.pdf": 3.9484926852095374, "reference._2_2022.pdf": 7.896985370419075, "c.a._1772_2008.pdf": 3.9484926852095374, "c.r.p._420_2016.pdf": 3.9484926852095374, "const.p._24_2023_f.pdf": 3.9484926852095374, "ca.297_2014.pdf": 3.9484926852095374, "c.p._720_2020.pdf": 3.9484926852095374, "C.A.39_2010.pdf": 3.9484926852095374, "c.a._1498_2018.pdf": 7.896985370419075, "c.p._349_l_2017.pdf": 3.9484926852095374, "crl.p._1075_l_2020.pdf": 3.9484926852095374, "Crl.P.No.426of2009&Crl.A.No.pdf": 7.896985370419075, "c.a._1113_2017.pdf": 3.9484926852095374, "C.P._529_2015.pdf": 3.9484926852095374, "c.a._957_2014.pdf": 3.9484926852095374, "C.P._4682_2017.pdf": 3.9484926852095374, "c.a._1522_2013.pdf": 3.9484926852095374, "C.P._2411_2014.pdf": 3.9484926852095374, "c.p._4570_2019.pdf": 3.9484926852095374, "ref._2_2022_13092023.pdf": 7.896985370419075, "c.a._196_p_2014_13062023.pdf": 3.9484926852095374, "c.a._443_2021.pdf": 3.9484926852095374, "c.p._2270_2023.pdf": 3.9484926852095374}, "fetch": {"c.a._1476_2018_urdu.pdf": 4.47301715333369, "ConstitutionPetitionNo21OF2007.pdf": 8.94603430666738, "Crl.A._39_L_2015.pdf": 44.7301715333369, "Const.P._29_2016.pdf": 49.20318868667059, "j.p._14_2016.pdf": 4.47301715333369, "c.a._1660_2014.pdf": 4.47301715333369, "c.a._2150_2019.pdf": 4.47301715333369, "HRC-4668of2006.pdf": 4.47301715333369, "Crl.P._105_2017.pdf": 4.47301715333369, "crl.a._324_2021.pdf": 4.47301715333369, "C.P._1700_2011.pdf": 17.89206861333476, "c.a._668_2022.pdf": 8.94603430666738, "const.p.115_2011.pdf": 4.47301715333369, "c.p._2056_2022.pdf": 17.89206861333476, "Crl.A._158_L_2017.pdf": 4.47301715333369, "Const.P._2_2011.pdf": 4.47301715333369, "const.p._21_2022_30102023.pdf": 4.47301715333369, "SMC.13-2009.pdf": 8.94603430666738, "c.a._1476_2018.pdf": 4.47301715333369, "c.p._686_k_2019.pdf": 4.47301715333369, "CJD_Constitution_Petition_No_36_of_2005.pdf": 8.94603430666738, "c.a._2186_2017.pdf": 4.47301715333369, "Crl.A._97_L_2016.pdf": 4.47301715333369, "Cr.A._137_L_2017.pdf": 4.47301715333369, "CJD_Pakistan_Steel_Mills_Case.pdf": 4.47301715333369, "j.p._462_2016.pdf": 8.94603430666738, "Const.P.5and15-HRC14144-DetailedReasons.pdf": 4.47301715333369, "c.a._1005_2009.pdf": 8.94603430666738, "c.p._47_q_2016.pdf": 4.47301715333369}, "fetus": {"Const.P.12of2010.pdf": 6.741700694652055, "j.p._499_2015.pdf": 13.48340138930411, "crl.p._92_k_2021.pdf": 13.48340138930411}, "fetish": {"Const.P.12of2010.pdf": 6.454018622200273, "Crl.A._254_2014.pdf": 6.454018622200273, "C.A._700_2017.pdf": 6.454018622200273, "C.A._552_2015.pdf": 6.454018622200273}, "feturn": {"Const.P._29_2016.pdf": 7.840312983320164}, "fetion": {"c.a._371_2020.pdf": 7.840312983320164}, "fetition": {"C.P._1728_L_2018.pdf": 7.840312983320164}, "fetitioner": {"c.p._510_2019.pdf": 7.840312983320164}}