{"feudal": {"c.a._1476_2018_urdu.pdf": 11.521742883280655, "Const.P.12of2010.pdf": 5.760871441640328, "Const.P.NO.62OF2010_orderdt06062011.pdf": 5.760871441640328, "Crl.P.163_to_171_S.M.C.5_2005.pdf": 5.760871441640328, "Const.P._24_2012.pdf": 11.521742883280655, "Const.P.87of2011.pdf": 17.282614324920985, "c.a._1476_2018.pdf": 5.760871441640328, "C.P._41_2008.pdf": 5.760871441640328}, "feud": {"crl.p._632_2021.pdf": 4.662259152972219, "crl.a._95_2019.pdf": 27.97355491783331, "Crl.O.P.96_12_Altaf_Hussain _1.pdf": 4.662259152972219, "Crl.M.A_693_2018.pdf": 4.662259152972219, "Crl.A._104_2010.pdf": 13.986777458916656, "crl.p._1316_2016.pdf": 4.662259152972219, "j.p._488_2015.pdf": 4.662259152972219, "crl.p._923_2020.pdf": 4.662259152972219, "crl.p._280_2021.pdf": 13.986777458916656, "crl.p._540_l_2021.pdf": 4.662259152972219, "S.M.C._03_2017.pdf": 9.324518305944437, "c.a._681_2020.pdf": 13.986777458916656, "Crl.A._195_L_2017.pdf": 4.662259152972219, "crl.p._203_2021.pdf": 4.662259152972219, "crl.p._1146_2021.pdf": 4.662259152972219, "Crl.A._137_L_2010.pdf": 4.662259152972219, "crl.a._398_2020.pdf": 4.662259152972219, "crl.p._445_2020.pdf": 4.662259152972219, "j.p._255_2017.pdf": 4.662259152972219, "C.A._69_2015.pdf": 13.986777458916656, "crl.p._619_2020.pdf": 4.662259152972219, "crl.p._90_p_2016.pdf": 4.662259152972219, "crl.p._893_2020.pdf": 4.662259152972219, "crl.p._687_2020.pdf": 4.662259152972219}, "feudalism": {"Const.P.87of2011[UrduVersion].pdf": 7.840312983320164}}