{"ffc": {"Const.P.NO.62OF2010_orderdt06062011.pdf": 13.48340138930411, "C.A._1049_2011.pdf": 6.741700694652055, "hrc.14392_2013.pdf": 6.741700694652055}}