{"fg": {"cng_prices_order_21-12-12-alongwith_translation.pdf": 12.097107028184219, "Const.P.30of2013.pdf": 6.048553514092109, "Const.P.33and34of2005.pdf": 12.097107028184219, "HRC-4668of2006.pdf": 6.048553514092109, "C.A._654_2007.pdf": 6.048553514092109, "c.p._1092_2018.pdf": 6.048553514092109}}