{"fgcm": {"CONST.P.77OF2010-DT-05.04.12[URDU].pdf": 5.8944028342648505, "Const.P.77of2010-DT-05-04-2012.pdf": 11.788805668529701, "const.p.1_ 2012_etc.pdf": 5.8944028342648505, "C.P._842_2016.pdf": 2228.0842713521133, "const.p._24_2023_f.pdf": 11.788805668529701, "c.r.p._526_2020.pdf": 5.8944028342648505, "c.a._1191_2016.pdf": 11.788805668529701}, "fgcms": {"C.P._842_2016.pdf": 86.2434428165218}}