{"fgei": {"C.A._1184_2011.pdf": 6.454018622200273, "c.a._17_q_2021.pdf": 6.454018622200273, "C.P._1958_2016.pdf": 6.454018622200273, "c.p._4963_2018.pdf": 6.454018622200273}, "fgehf": {"c.a._1476_2018.pdf": 290.0915803828461}, "fgeha": {"c.a._1476_2018.pdf": 15.680625966640328}, "fgeh": {"c.a._1476_2018.pdf": 7.840312983320164}, "fgef": {"c.a._1476_2018.pdf": 7.840312983320164}}