{"fghef": {"c.a._1476_2018.pdf": 15.680625966640328}, "fghf": {"c.a._1476_2018.pdf": 23.52093894996049}}