{"fi": {"H.R.C.No.19of1996DT19-10-2012[UrduTranslation].pdf": 4.895874004153724, "smc.18_2010_final.pdf": 14.687622012461171, "Const.P.77of2012[DetailedOrderFinal].pdf": 4.895874004153724, "Const.P._36_2016_dt_15_12_2017.pdf": 14.687622012461171, "S.M.C.24of2010[urdu-version].pdf": 4.895874004153724, "H.R.C.19of1996[AsgharKhanCase]DetailedReasonsUrduTranslation.pdf": 4.895874004153724, "smc_1_2014.pdf": 4.895874004153724, "Crl.A._39_L_2015_Urdu.pdf": 4.895874004153724, "c.a._71_p_2014.pdf": 4.895874004153724, "c.a._71_p_2014_urdu.pdf": 4.895874004153724, "crl.a._324_2021.pdf": 4.895874004153724, "ca411to414of2013.pdf": 9.791748008307447, "c.a._982_2018_19022024.pdf": 4.895874004153724, "crl.p._301_2022.pdf": 4.895874004153724, "reference._2_2022.pdf": 63.64636205399841, "crl.a._120_2019.pdf": 19.583496016614895, "c.m.a._490_2021_20022021.pdf": 9.791748008307447, "crl.a._66_l_2020.pdf": 9.791748008307447, "ref._2_2022_13092023.pdf": 58.750488049844684}}