{"fiber": {"Crl.A._39_L_2015.pdf": 5.275363625858628, "C.P._1515_2016.pdf": 5.275363625858628, "c.p._1057_2019.pdf": 21.10145450343451, "c.a._538_2022.pdf": 5.275363625858628, "c.p._3282_l_2022.pdf": 5.275363625858628, "c.r.p._421_2020.pdf": 5.275363625858628, "c.p._1896_l_2020.pdf": 5.275363625858628, "c.a._1113_2017.pdf": 5.275363625858628, "c.a._1089_2015.pdf": 10.550727251717255, "C.A._1050_2009.pdf": 15.826090877575883, "C.A.876-879of2005.pdf": 10.550727251717255, "C.A._1049_2011.pdf": 5.275363625858628, "c.a._65_k_2019.pdf": 5.275363625858628}, "fibre": {"S.M.C._20_2016.pdf": 5.643088405983945, "SMC16of2011_detailed_judgment.pdf": 5.643088405983945, "C.A._1171_2017.pdf": 11.28617681196789, "const.p._17_2019_detailed_reasoning.pdf": 5.643088405983945, "c.a._547_2012.pdf": 5.643088405983945, "crl.a._633_2019_15092023.pdf": 5.643088405983945, "c.p._1896_l_2020.pdf": 5.643088405983945, "c.a._1089_2015.pdf": 5.643088405983945, "const.p.34_2022.pdf": 5.643088405983945}}