{"fio": {"Const.P.77-78-79 [Memogate]DetailedOrder.pdf": 49.84700056708851, "C.A._280-L_2009.pdf": 6.230875070886063, "c.a._1476_2018.pdf": 6.230875070886063, "c.p._3057_2019.pdf": 31.154375354430318, "C.A._552_2015.pdf": 218.08062748101221}, "fiona": {"c.a._1547_2019.pdf": 23.52093894996049}}