{"fiqh": {"C.A._219-L_2015.pdf": 5.8944028342648505, "Const.P.12of2010.pdf": 5.8944028342648505, "CJD_Reference by_the_President_of_Pakistan_under_Article_186.pdf": 5.8944028342648505, "c.a._954_2014.pdf": 5.8944028342648505, "const.p._17_2019_detailed_reasoning.pdf": 5.8944028342648505, "c.p._957_2020.pdf": 11.788805668529701, "c.m.a._3492_2022.pdf": 5.8944028342648505}, "fiqah": {"c.p._1665_2020.pdf": 6.741700694652055, "Crl.A._210_2015.pdf": 6.741700694652055, "C.A._2133_2006.pdf": 6.741700694652055}, "fiql": {"C.P._45_2015.pdf": 7.840312983320164}, "fiqa": {"CJD_Reference by_the_President_of_Pakistan_under_Article_186.pdf": 6.741700694652055, "C.A._1208_2011.pdf": 6.741700694652055, "c.a._1002_2015.pdf": 13.48340138930411}, "fiqhah": {"CJD_Reference by_the_President_of_Pakistan_under_Article_186.pdf": 7.840312983320164}}