{"fizza": {"c.a._178_2020.pdf": 6.741700694652055, "c.a._258_2020.pdf": 6.741700694652055, "c.m.a._6786_2020.pdf": 6.741700694652055}, "fiza": {"smc_3_2014_10.03.2014.pdf": 7.840312983320164}}