{"flaw": {"c.r.p._292_2021_sacked_employees.pdf": 2.9961258968615727, "C.A._219-L_2015.pdf": 2.9961258968615727, "Const.P.127of2012.pdf": 2.9961258968615727, "C.A._503_2006.pdf": 2.9961258968615727, "const.p.42of2011(UrduVersion).pdf": 2.9961258968615727, "Const.P.31of2011etc.pdf": 2.9961258968615727, "H.R.C._18877_2018_03072019.pdf": 2.9961258968615727, "c.a._803_2016.pdf": 2.9961258968615727, "c.a._240_p_2014.pdf": 2.9961258968615727, "c.a._1729_2019.pdf": 2.9961258968615727, "NRO_Judgment.pdf": 2.9961258968615727, "c.a._1520_2016.pdf": 2.9961258968615727, "c.p._3224_2019.pdf": 2.9961258968615727, "Const.P.12of2010.pdf": 14.980629484307864, "CMA_1145-K_2013_in_SMC_16-2011_08-03-2013.pdf": 2.9961258968615727, "Const.P.12of2010Urdu.pdf": 5.992251793723145, "Const.P._29_2016.pdf": 2.9961258968615727, "crl.a._599_2020_26032021.pdf": 2.9961258968615727, "Const.P.40of2012-AdditionalNoteofJusticeJawwadSKhawaja.pdf": 2.9961258968615727, "C.A._233_2015.pdf": 8.988377690584718, "crl.p._883_l_2022_urdu.pdf": 2.9961258968615727, "c.a.149-150_2010.pdf": 11.98450358744629, "c.p._1665_2020.pdf": 2.9961258968615727, "j.p._147_2016.pdf": 5.992251793723145, "s.m.c._1_2022_detailed.pdf": 2.9961258968615727, "c.a._371_2020.pdf": 2.9961258968615727, "I.C.A._7_2018.pdf": 2.9961258968615727, "Crl.A._94_2019.pdf": 2.9961258968615727, "c.a._10_2020.pdf": 2.9961258968615727, "crl.a._528_2019.pdf": 2.9961258968615727, "C.A._90_2011_EnglishVersion.pdf": 2.9961258968615727, "Const.P.77-78-79 [Memogate]DetailedOrder.pdf": 2.9961258968615727, "Crl.A._39_L_2015_Urdu.pdf": 5.992251793723145, "const.p.23of2012.pdf": 2.9961258968615727, "c.a._960_2017.pdf": 5.992251793723145, "C.M.A._3221_2012.pdf": 2.9961258968615727, "c.a._8_l_2009.pdf": 2.9961258968615727, "c.a._73_2020.pdf": 2.9961258968615727, "const.p._24_2017.pdf": 2.9961258968615727, "i.c.a._1_2024_dn_20032024.pdf": 2.9961258968615727, "C.P._478_2019.pdf": 2.9961258968615727, "c.a._639_2014.pdf": 2.9961258968615727, "j.p._684_2016.pdf": 2.9961258968615727, "crl.a._231_2020.pdf": 2.9961258968615727, "c.a._431_2021_07072023.pdf": 2.9961258968615727, "c.a._228_2020.pdf": 2.9961258968615727, "crl.p._574_2019.pdf": 2.9961258968615727, "c.a._401_2015.pdf": 2.9961258968615727, "C.P._1728_L_2018.pdf": 2.9961258968615727, "j.p._40_2017.pdf": 2.9961258968615727, "C.P.41_66_2015.pdf": 5.992251793723145, "c.a._455_2012.pdf": 5.992251793723145, "c.a._353_2010.pdf": 2.9961258968615727, "c.p._3447_2022.pdf": 2.9961258968615727, "J.P._521_2017.pdf": 2.9961258968615727, "c.p._1170_2018.pdf": 5.992251793723145, "C.P._1195_2019.pdf": 2.9961258968615727, "c.p._1950_l_2018.pdf": 2.9961258968615727, "c.p._2231_2020.pdf": 2.9961258968615727, "Const.P.77-2011[MemoScandal]dt.30.12.2011.pdf": 2.9961258968615727, "C.A._301_2014.pdf": 2.9961258968615727, "Crl.A.140of2005.pdf": 2.9961258968615727, "const.p._17_2019_detailed_reasoning.pdf": 2.9961258968615727, "c.p._669_l_2018.pdf": 5.992251793723145, "const.p._21_2023_11082023.pdf": 2.9961258968615727, "C.A._307-L_2015.pdf": 2.9961258968615727, "c.p._2658_2019.pdf": 2.9961258968615727, "const.p._39_16122019.pdf": 11.98450358744629, "j.p._943_2017.pdf": 2.9961258968615727, "C.P._2297_2018.pdf": 2.9961258968615727, "crl.a._125_2020.pdf": 2.9961258968615727, "c.p._1125_2018.pdf": 2.9961258968615727, "c.p._1257_2020.pdf": 2.9961258968615727, "j.p._480_2018.pdf": 2.9961258968615727, "c.a._17_q_2021.pdf": 2.9961258968615727, "C.P._842_2016.pdf": 5.992251793723145, "crl.p._534_2019.pdf": 2.9961258968615727, "c.p_.4178_2019.pdf": 2.9961258968615727, "C.A._710_2014.pdf": 2.9961258968615727, "C.P._1787_2016.pdf": 2.9961258968615727, "c.p._152_2022.pdf": 2.9961258968615727, "c.a._271_2015.pdf": 2.9961258968615727, "c.p._5796_2021.pdf": 2.9961258968615727, "crl.a._319_l_2017.pdf": 2.9961258968615727, "c.m.a._1824_2021.pdf": 5.992251793723145, "C.P._107_2018.pdf": 2.9961258968615727, "c.a._1731_2021.pdf": 2.9961258968615727, "crl.a._48_2021.pdf": 2.9961258968615727, "const.p._17_2020_dissenting_note_hj4.pdf": 2.9961258968615727, "c.p._1028_2019.pdf": 2.9961258968615727, "j.p._112_2017.pdf": 2.9961258968615727, "const.p._5_2023_2732023.pdf": 2.9961258968615727, "c.a._268_2020.pdf": 2.9961258968615727, "c.p._715_2018.pdf": 2.9961258968615727, "crl.p._112_p_2014.pdf": 2.9961258968615727, "crl.a._3_q_2021.pdf": 2.9961258968615727, "C.P._1702_2015.pdf": 2.9961258968615727, "SMCNo25of2009.pdf": 8.988377690584718, "crl.p._806_2022.pdf": 8.988377690584718, "C.A._1459_2018.pdf": 2.9961258968615727, "j.p._263_2018.pdf": 2.9961258968615727, "C.A.876-879of2005.pdf": 5.992251793723145, "crl.p._92_k_2021.pdf": 2.9961258968615727, "c.p._69_q_2015.pdf": 2.9961258968615727, "const.p._39_2019.pdf": 11.98450358744629, "c.a._997_2010.pdf": 2.9961258968615727, "crl.p._18_2019.pdf": 5.992251793723145, "C.P._2982_2016.pdf": 2.9961258968615727, "c.p._1285_2020.pdf": 2.9961258968615727, "c.p._4178_2019.pdf": 2.9961258968615727, "crl.p._30_p_2014.pdf": 2.9961258968615727, "c.p._3985_2019.pdf": 2.9961258968615727, "c.a._1546_2019.pdf": 2.9961258968615727, "C.P._606_2018.pdf": 2.9961258968615727, "ref._2_2022_13092023.pdf": 2.9961258968615727, "C.A._622 _2008.pdf": 2.9961258968615727, "Const.P.59of2011.pdf": 2.9961258968615727, "crl.p._464_2020.pdf": 2.9961258968615727, "C.A._539_2003.pdf": 2.9961258968615727, "C.M.A._8215_2016.pdf": 2.9961258968615727, "c.a._370_2020.pdf": 2.9961258968615727, "C.A._1646_2000.pdf": 2.9961258968615727, "c.a._1_2020.pdf": 2.9961258968615727, "C.P._1476_2016.pdf": 2.9961258968615727, "crl.a.264_2006.pdf": 2.9961258968615727, "c.a._17_2020.pdf": 2.9961258968615727, "crl.p._60_2017.pdf": 2.9961258968615727}, "flawed": {"c.r.p._292_2021_sacked_employees.pdf": 6.430680340071786, "Const.P.127of2012.pdf": 3.215340170035893, "CPs.10-18of2011.pdf": 6.430680340071786, "c.p._1567_l_2019.pdf": 3.215340170035893, "S.M.C._28_2018.pdf": 3.215340170035893, "const.p.42of2011(UrduVersion).pdf": 6.430680340071786, "C.R.P._49_2016.pdf": 3.215340170035893, "c.a._653_2014.pdf": 3.215340170035893, "Const.P._38_2016.pdf": 3.215340170035893, "C.A._1129_2013.pdf": 3.215340170035893, "NRO_Judgment.pdf": 3.215340170035893, "c.p._2537_2020.pdf": 3.215340170035893, "Const.P.12of2010.pdf": 12.861360680143571, "Const.P.87of2011[UrduVersion].pdf": 3.215340170035893, "Const.P.12of2010Urdu.pdf": 6.430680340071786, "const.p.42of2011.pdf": 3.215340170035893, "crl.a._635_2019.pdf": 3.215340170035893, "C.A._233_2015.pdf": 3.215340170035893, "C.A._2109_2016.pdf": 3.215340170035893, "c.a.149-150_2010.pdf": 6.430680340071786, "const.p._24_to_26_of_2023_04072023.pdf": 3.215340170035893, "j.p._147_2016.pdf": 3.215340170035893, "REVIEW_P_46&47_2011_full.pdf": 3.215340170035893, "HRC7734-G_1003-GOF2009[UrduTranslation].pdf": 3.215340170035893, "CP778-779.pdf": 3.215340170035893, "C.A._80_L_2014.pdf": 6.430680340071786, "Const.P.40of2012-DetailJudgment-dt-3.7.2012.pdf": 3.215340170035893, "Crl.A._39_L_2015_Urdu.pdf": 3.215340170035893, "s.m.c._4_2022.pdf": 3.215340170035893, "c.a._73_2016.pdf": 3.215340170035893, "Const.P_3_2014.pdf": 3.215340170035893, "crl.p._143_k_2020.pdf": 3.215340170035893, "crl.a._40_2020.pdf": 3.215340170035893, "c.p._1857_2022.pdf": 3.215340170035893, "j.p._684_2016.pdf": 3.215340170035893, "c.p._167_p_2022.pdf": 3.215340170035893, "j.p._210_2018.pdf": 3.215340170035893, "crl.p._370_2019.pdf": 3.215340170035893, "c.a._2150_2019.pdf": 3.215340170035893, "const.p._6_2023_07032024.pdf": 3.215340170035893, "Crl.A._11_P_2017.pdf": 3.215340170035893, "C.A._1560_2008.pdf": 3.215340170035893, "c.a._797_2013.pdf": 3.215340170035893, "c.p._398_l_2018.pdf": 3.215340170035893, "C.A._1428_2016.pdf": 3.215340170035893, "crl.a._270_l_2012.pdf": 3.215340170035893, "crl.p._955_l_2016.pdf": 3.215340170035893, "C.A._280-L_2009.pdf": 3.215340170035893, "C.A._301_2014.pdf": 3.215340170035893, "j.p._324_2015.pdf": 6.430680340071786, "j.p._105_2020.pdf": 3.215340170035893, "c.r.p._292_2021_detailed.pdf": 3.215340170035893,