{"flexible": {"Const.P.127of2012.pdf": 4.256794044864054, "C.P.796of2007-UrduTranslation-dt-10-5-2013.pdf": 4.256794044864054, "Const.P.40of2012-DetailJudgment[UrduTranslation]-dt-3.7.2012.pdf": 4.256794044864054, "Const.P._50_2018.pdf": 4.256794044864054, "Const.P.12of2010.pdf": 17.027176179456216, "Const.P.12of2010Urdu.pdf": 4.256794044864054, "Const.P.33_2013.pdf": 21.28397022432027, "Const.P.77of2012[DetailedOrderFinal].pdf": 4.256794044864054, "Const.P.NO.62OF2010_orderdt06062011.pdf": 4.256794044864054, "Const.P._97_2014.pdf": 4.256794044864054, "crl.p._1667_2021.pdf": 4.256794044864054, "C.P.796of2007-dt-10-5-2013.pdf": 4.256794044864054, "C.R.P._383_2005.pdf": 4.256794044864054, "const.p._9_2023_20042023.pdf": 4.256794044864054, "c.r.p._296_2020_04022022.pdf": 4.256794044864054, "const.p._2_2022_14102022.pdf": 4.256794044864054, "c.p._3059_2021.pdf": 4.256794044864054, "C.A._2564_2001.pdf": 4.256794044864054, "c.r.p._292_2021_detailed.pdf": 4.256794044864054, "const.p._19_2020.pdf": 4.256794044864054, "c.p._3286_2017.pdf": 4.256794044864054, "c.a._1476_2018.pdf": 4.256794044864054, "c.a._1113_2017_dissenting_note.pdf": 4.256794044864054, "c.p._2210_l_2020.pdf": 4.256794044864054, "crl.a._120_2019.pdf": 4.256794044864054, "CMA2745of2009etc.pdf": 4.256794044864054, "c.a._1498_2018.pdf": 4.256794044864054, "c.p._280_k_2019.pdf": 4.256794044864054, "c.p._3215_2021.pdf": 4.256794044864054, "c.a._1113_2017.pdf": 4.256794044864054, "c.p._448_p_2017.pdf": 4.256794044864054, "s.m.c._4_2021_26082021.pdf": 4.256794044864054, "CJD_Section 2-A_Case_as_on_26_06_2006.pdf": 8.513588089728108, "c.a._1547_2019.pdf": 4.256794044864054, "S.M.C._7_2017_06022019.pdf": 4.256794044864054, "C.M.A._8215_2016.pdf": 4.256794044864054}, "flexibility": {"C.A._503_2006.pdf": 4.151433529206228, "C.P.796of2007-UrduTranslation-dt-10-5-2013.pdf": 8.302867058412456, "c.p._1809_2020.pdf": 4.151433529206228, "NRO_Judgment.pdf": 4.151433529206228, "AdditionalNoteConst.P.77of2012.pdf": 4.151433529206228, "Const.P._29_2016.pdf": 4.151433529206228, "C.P.796of2007-dt-10-5-2013.pdf": 8.302867058412456, "const.p.23of2012.pdf": 8.302867058412456, "C.A._1406_2016.pdf": 4.151433529206228, "c.a._73_2020.pdf": 4.151433529206228, "i.c.a._1_2024_dn_20032024.pdf": 8.302867058412456, "C.R.P._561_2015_dt_04-02-2016.pdf": 4.151433529206228, "c.m.a._5777_2021.pdf": 4.151433529206228, "c.r.p._296_2020_29012022.pdf": 4.151433529206228, "const.p._2_2022_14102022.pdf": 4.151433529206228, "c.p._1290_l_2019.pdf": 8.302867058412456, "C.A._1149_2015.pdf": 8.302867058412456, "c.a._982_2018_19022024.pdf": 4.151433529206228, "const.p.37_2012_final.pdf": 4.151433529206228, "s.m.c._1_2023_27032023.pdf": 4.151433529206228, "c.p._2148_2020.pdf": 4.151433529206228, "Const.P._29_2017.pdf": 4.151433529206228, "C.A.269_ETC_OF_2011.pdf": 4.151433529206228, "c.m.a._7084_2020.pdf": 4.151433529206228, "c.p._2_2022_dissenting_note.pdf": 4.151433529206228, "c.a._1113_2017_dissenting_note.pdf": 4.151433529206228, "const.p._24_2023_f.pdf": 8.302867058412456, "Const.P.50-69of2011.pdf": 4.151433529206228, "c.a._982_2018_19022024_2.pdf": 4.151433529206228, "crl.a._120_2019.pdf": 4.151433529206228, "CMA2745of2009etc.pdf": 4.151433529206228, "C.A.39_2010.pdf": 4.151433529206228, "C.R.P._561_2015.pdf": 4.151433529206228, "c.a._1113_2017.pdf": 4.151433529206228, "c.p._2314_2022.pdf": 4.151433529206228, "s.m.c._4_2021_26082021.pdf": 4.151433529206228, "c.p._2270_2019.pdf": 8.302867058412456, "c.a._1547_2019.pdf": 4.151433529206228, "C.M.A._204_2017.pdf": 4.151433529206228, "C.M.A._8215_2016.pdf": 4.151433529206228}, "flee": {"crl.s.m.r.p._84_2018.pdf": 3.969111972412273, "Crl.P._1188_2016.pdf": 3.969111972412273, "C.M.A.No.3685of2012-dt-17-1-2013.pdf": 11.90733591723682, "j.p._405_2021.pdf": 3.969111972412273, "SMC16of2011_detailed_judgment.pdf": 3.969111972412273, "crl.a._95_2019.pdf": 3.969111972412273, "smc_1_2014.pdf": 3.969111972412273, "crl.p._1359_2023.pdf": 3.969111972412273, "j.p._335_2017.pdf": 3.969111972412273, "crl.p._801_l_2020.pdf": 3.969111972412273, "crl.p._624_2021.pdf": 3.969111972412273, "j.p._865_2017.pdf": 3.969111972412273, "j.p._206_2019.pdf": 3.969111972412273, "j.p._403_2018.pdf": 3.969111972412273, "Crl.A._107_L_2017.pdf": 3.969111972412273, "crl.a._531_2019.pdf": 3.969111972412273, "j.p._557_2016.pdf": 3.969111972412273, "j.p._496_2019.pdf": 3.969111972412273, "crl.p._251_l_2020.pdf": 3.969111972412273, "j.p._255_2018.pdf": 3.969111972412273, "j.p._499_2015.pdf": 3.969111972412273, "C.A._424_2015.pdf": 3.969111972412273, "crl.p._879_2021.pdf": 3.969111972412273, "Crl.A._52_P_2009.pdf": 3.969111972412273, "C.A._69_2015.pdf": 3.969111972412273, "crl.a._560_2020.pdf": 3.969111972412273, "smc.16of2011.pdf": 3.969111972412273, "Crl.P._488_2015.pdf": 3.969111972412273, "j.p._148_2022.pdf": 3.969111972412273, "crl.a._190_2020.pdf": 3.969111972412273, "j.p._553_2017.pdf": 3.969111972412273, "crl.p_1124_l_2015.pdf": 3.969111972412273, "c.p._448_p_2017.pdf": 3.969111972412273, "crl.a._437_2020.pdf": 3.969111972412273, "crl.a._75_l_2021.pdf": 3.969111972412273, "hrc_20107-G_2013.pdf": 3.969111972412273, "j.p._300_2022.pdf": 3.969111972412273, "Crl.A._104_L_2017.pdf": 3.969111972412273, "crl.p._92_k_2021.pdf": 3.969111972412273, "crl.p._1329_2023.pdf": 3.969111972412273, "crl.a._154_l_2013.pdf": 3.969111972412273, "j.p._794_2017.pdf": 3.969111972412273, "crl.a._66_l_2020.pdf": 3.969111972412273, "crl.p._963_l_2016.pdf": 3.969111972412273, "j.p._190_2017.pdf": 3.969111972412273, "Crl.A._148_L_2017.pdf": 7.938223944824546, "j.p._351_2017.pdf": 3.969111972412273, "clr.a._250_2020.pdf": 3.969111972412273}, "fledge": {"Const.P._29_2016_28072016.pdf": 5.537727890326118, "Const.P.12of2010.pdf": 5.537727890326118, "Const.P.33_2013.pdf": 11.075455780652236, "c.a._608_2021.pdf": 5.537727890326118, "c.a._1018_2016.pdf": 5.537727890326118, "c.a._342_2014.pdf": 5.537727890326118, "Const.P.33of2013_09.07.13.pdf": 5.537727890326118, "C.P.784of2014.pdf": 5.537727890326118, "C.M.A._8215_2016.pdf": 5.537727890326118, "c.p._2270_2023.pdf": 5.537727890326118}, "flesh": {"Const.P.12of2010.pdf": 5.643088405983945, "S.J.C_347_2018.PDF": 5.643088405983945, "crl.p._513_2020.pdf": 5.643088405983945, "C.P.No.2255of2010-dt-27-6-2013 .pdf": 5.643088405983945, "c.p._4459_2018.pdf": 5.643088405983945, "c.a._174_2012.pdf": 5.643088405983945, "CMA.3470of2013etc.pdf": 5.643088405983945, "C.M.A._376-K_2014.pdf": 5.643088405983945, "crl.a.264_2006.pdf": 5.643088405983945}, "flex": {"crl.a._599_2020_26032021.pdf": 6.741700694652055, "crl.p._1581_2021.pdf": 6.741700694652055, "c.p._2447_l_2022.pdf": 6.741700694652055}, "fletcher": {"CP778-779.pdf": 12.461750141772127, "C.P._2093_2015.pdf": 6.230875070886063, "s.m.c._1_2023_27032023.pdf": 6.230875070886063, "c.a._350_2020.pdf": 6.230875070886063, "c.m.a._1243_2021_04042022.pdf": 12.461750141772127}, "fledgling": {"c.p._3506_2020.pdf": 6.741700694652055, "const.p._17_2020_dissenting_note_hj11.pdf": 6.741700694652055, "S.M.C._7_2017_06022019.pdf": 6.741700694652055}, "fleetingly": {"Crl.A._126_2010.pdf": 13.48340138930411, "c.p._1451_2020.pdf": 6.741700694652055, "c.r.p._432_k_2022.pdf": 6.741700694652055}, "fleeting": {"Crl.A._126_2010.pdf": 12.908037244400546, "c.p._349_l_2017.pdf": 6.454018622200273, "c.p._448_p_2017.pdf": 6.454018622200273, "C.R.P._247_ 2011.pdf": 6.454018622200273}, "flexibly": {"const.p._2_2022_14102022.pdf": 7.840312983320164}, "fleece": {"c.p._903_2023.pdf": 6.741700694652055, "c.a._1095_2018_13092019.pdf": 6.741700694652055, "C.P._1707_2018.pdf": 6.741700694652055}, "fleet": {"h.r.c_11827_s_2018.pdf": 5.760871441640328, "c.a._1095_2018_13092019.pdf": 11.521742883280655, "c.p._280_k_2019.pdf": 11.521742883280655, "JR_Varan_Case.pdf": 11.521742883280655, "C.P._2226_2016.pdf": 5.760871441640328, "CMA.2243-2010.pdf": 5.760871441640328, "S.M.C.9of2012dt-21-12-2012.pdf": 11.521742883280655, "Crl.P._1232_2016.pdf": 5.760871441640328}, "flea": {"c.a._284_2017.pdf": 7.840312983320164}}