{"fll": {"c.a._803_2016.pdf": 11.788805668529701, "c.p._167_p_2022.pdf": 29.472014171324254, "c.a._421_2018.pdf": 47.155222674118804, "c.a._377_2014.pdf": 11.788805668529701, "C.A._125_K_2016_JPMC_Dissenting_Note.pdf": 100.20484818250246, "c.a._1476_2018.pdf": 11.788805668529701, "c.p._167_p_2022_an.pdf": 29.472014171324254}}