{"fn": {"s.m.c._4_2021_26082021.pdf": 7.1471658027602185, "c.m.a._1243_2021_04042022.pdf": 7.1471658027602185}}