{"foam": {"const.p._24_2017.pdf": 5.8944028342648505, "c.a._1660_2014.pdf": 35.3664170055891, "c.p._4296_2019.pdf": 23.577611337059402, "C.A._633_2007.pdf": 17.68320850279455, "C.A._616_2006.pdf": 17.68320850279455, "C.P._3551_2015.pdf": 5.8944028342648505, "const.p._6_2023_dt_05_01_2023.pdf": 5.8944028342648505}}