{"fob": {"const.p.5_2011.pdf": 21.441497408280654, "c.a._94_2008.pdf": 7.1471658027602185}}