{"foe": {"Crl.A._39_L_2015.pdf": 6.454018622200273, "Crl.M.A_183_2019.pdf": 6.454018622200273, "c.p._659_2019.pdf": 6.454018622200273, "c.a._1005_2009.pdf": 6.454018622200273}, "foetus": {"C.A._90_2011_EnglishVersion.pdf": 7.840312983320164}}