{"foil": {"Crl.P._1188_2016.pdf": 5.8944028342648505, "S.M.C._28_2018.pdf": 5.8944028342648505, "Const.P.12of2010.pdf": 5.8944028342648505, "c.a._39_k_2021.pdf": 5.8944028342648505, "crl.a._208_2022.pdf": 11.788805668529701, "crl.p._1806_l_2017.pdf": 5.8944028342648505, "crl.a._277_2020.pdf": 5.8944028342648505}, "foist": {"SMC15OF2009.pdf": 5.201255653704905, "S.M.C._20_2016.pdf": 5.201255653704905, "Crl.A._301_L_2017.pdf": 5.201255653704905, "crl.p._520_2020.pdf": 5.201255653704905, "crl.p._370_2019.pdf": 5.201255653704905, "crl.p._147_k_2020.pdf": 5.201255653704905, "C.P._1707_2018.pdf": 5.201255653704905, "c.p._4963_2018.pdf": 5.201255653704905, "crl.p._1192_2023.pdf": 5.201255653704905, "Crl.A._22_P_2014.pdf": 5.201255653704905, "j.p._614_2016.pdf": 5.201255653704905, "crl.p._83_p_2013.pdf": 5.201255653704905, "Crl.A._12_P_2013.pdf": 5.201255653704905, "j.p._847_2018.pdf": 5.201255653704905}, "foix": {"C.P._51_2015.pdf": 15.680625966640328}}