{"fom": {"NRO_Judgment.pdf": 7.840312983320164}, "foment": {"const.p._32_2023_03nov2023.pdf": 7.840312983320164}}