{"font": {"C.R.P._297_2017_Reserved.pdf": 6.230875070886063, "Const.P._29_2016_28072016.pdf": 6.230875070886063, "S.M.C.16of2011dt.4.4.2013.pdf": 6.230875070886063, "c.a._444_2017.pdf": 6.230875070886063, "C.A._42_K_2016.pdf": 6.230875070886063}, "fonseca": {"C.R.P._297_2017_Reserved.pdf": 12.908037244400546, "Const.P._29_2016_28072016.pdf": 12.908037244400546, "Const.P._29_2016.pdf": 96.8102793330041, "Const.P._35_2016_dt_15_12_2017.pdf": 6.454018622200273}, "fond": {"Const.P.12of2010.pdf": 6.741700694652055, "c.a._26_k_2021.pdf": 6.741700694652055, "c.p._448_p_2017.pdf": 6.741700694652055}, "fontanet": {"Crl.M.A.No.486of2010-dt-26-6-2013.pdf": 7.840312983320164}, "fong": {"c.a._489_2013l.pdf": 7.840312983320164}, "fon": {"smc.9_2011.pdf": 7.1471658027602185, "c.a._10_q_2021.pdf": 7.1471658027602185}, "fonblanque": {"c.a._1005_2009.pdf": 7.840312983320164}}