{"foster": {"Const.P.127of2012.pdf": 16.224493397607613, "C.R.P._49_2016.pdf": 4.056123349401903, "NRO_Judgment.pdf": 12.168370048205709, "Const.P.12of2010.pdf": 4.056123349401903, "const.p.42of2011.pdf": 4.056123349401903, "Const.P.77of2012[DetailedOrderFinal].pdf": 16.224493397607613, "crl.a._599_2020_26032021.pdf": 4.056123349401903, "CJD_Reference by_the_President_of_Pakistan_under_Article_186.pdf": 8.112246698803807, "i.c.a._1_2024_dn_20032024.pdf": 4.056123349401903, "Crl.M.A_693_2018.pdf": 4.056123349401903, "C.R.P._383_2005.pdf": 4.056123349401903, "c.p._3506_2020.pdf": 8.112246698803807, "c.a._446_2021.pdf": 4.056123349401903, "const.p._6_2023_07032024.pdf": 4.056123349401903, "const.p._2_2022_14102022.pdf": 4.056123349401903, "crl.p._299_2020_07042020.pdf": 4.056123349401903, "const.p.9_2014_detail_reasons.pdf": 4.056123349401903, "const.p._17_2020_dissenting_note_hj11.pdf": 4.056123349401903, "c.a._444_2017.pdf": 4.056123349401903, "Crl.P.200of2009.pdf": 8.112246698803807, "C.M.A._3854_2014_dt_31-3-2015.pdf": 4.056123349401903, "Crl.M.A._200_2019.pdf": 4.056123349401903, "s.m.c._1_2023_27032023.pdf": 4.056123349401903, "C.A._125_K_2016_JPMC_Dissenting_Note.pdf": 4.056123349401903, "c.p._1418_2023 .pdf": 8.112246698803807, "c.p._1077_2018.pdf": 4.056123349401903, "S.M.C._2_2018.pdf": 4.056123349401903, "const.p.6_2011_final.pdf": 4.056123349401903, "crl.a._560_2020.pdf": 4.056123349401903, "CMA2745of2009etc.pdf": 4.056123349401903, "c.p._3933_2023.pdf": 4.056123349401903, "CJD_Constitution_Petition_No_36_of_2005.pdf": 4.056123349401903, "c.p._3209_2019.pdf": 4.056123349401903, "Const.P._35_2016_dt_15_12_2017.pdf": 4.056123349401903, "C.P._529_2015.pdf": 4.056123349401903, "SMCNo25of2009.pdf": 4.056123349401903, "c.a._836_l_2013.pdf": 4.056123349401903, "Crl.O.P.6of2012.pdf": 4.056123349401903, "Const.P._134_2012_21012019.pdf": 8.112246698803807, "H.R.C._17599_2018.pdf": 4.056123349401903, "CJD_Section 2-A_Case_as_on_26_06_2006.pdf": 4.056123349401903, "Const.P.59of2011.pdf": 4.056123349401903, "C.M.A._8215_2016.pdf": 4.056123349401903, "C.A._1313_2014.pdf": 4.056123349401903}, "fostering": {"NRO_Judgment.pdf": 5.355406333532164, "C.P.No.1017-Lof2011.pdf": 5.355406333532164, "c.p._3506_2020.pdf": 16.06621900059649, "const.p._6_2023_07032024.pdf": 5.355406333532164, "c.p._2712_2020.pdf": 10.710812667064328, "h.r.c_11827_s_2018.pdf": 5.355406333532164, "const.p._42_2022_07032024.pdf": 10.710812667064328, "const.p._6_2023_dn.pdf": 5.355406333532164, "c.p._2314_2022.pdf": 5.355406333532164, "Const.P._35_2016_dt_15_12_2017.pdf": 5.355406333532164, "c.a._836_l_2013.pdf": 5.355406333532164, "H.R.C._17599_2018.pdf": 5.355406333532164}, "fossilize": {"Const.P.12of2010.pdf": 7.840312983320164}, "fossa": {"crl.p._763_l_2016.pdf": 7.840312983320164}, "fossil": {"c.a._513_2014.pdf": 6.230875070886063, "const.p._42_2022_07032024.pdf": 6.230875070886063, "c.a._1113_2017.pdf": 6.230875070886063, "c.a._329_2022.pdf": 6.230875070886063, "hrc_20107-G_2013.pdf": 6.230875070886063}, "fosterage": {"c.p._1647_2018.pdf": 7.840312983320164}, "fose": {"const.p._32_2023_additional_note.pdf": 7.840312983320164}}