{"foti": {"C.P._339_K_2017.pdf": 7.840312983320164}, "foto": {"c.a._2016_2022.pdf": 7.1471658027602185, "c.a._284_2017.pdf": 7.1471658027602185}}