{"fovour": {"C.A._1219_2014.pdf": 7.1471658027602185, "C.A._1033_2014.pdf": 7.1471658027602185}, "fovere": {"c.a._284_2017.pdf": 7.840312983320164}}