{"fowler": {"c.p._154_2019.pdf": 23.52093894996049}, "fowl": {"const.p._21_2023_11082023.pdf": 7.840312983320164}}