{"fox": {"Const.P._36_2016_dt_15_12_2017.pdf": 6.741700694652055, "c.p._5877_2021.pdf": 6.741700694652055, "Crl.O.P.6of2012.pdf": 6.741700694652055}, "foxhall": {"crl.a.19of2012.pdf": 7.840312983320164}}