{"fozia": {"c.a._675_2019.pdf": 6.741700694652055, "c.a._152_2019.pdf": 26.96680277860822, "crl.p._277_2020.pdf": 6.741700694652055}}