{"fpcci": {"c.p._1171_2021.pdf": 14.294331605520437, "c.p._3215_2021.pdf": 7.1471658027602185}}