{"fpsc": {"C.P._2350_2015.pdf": 14.247811589885544, "c.r.p._292_2021_sacked_employees.pdf": 28.495623179771087, "C.R.P._125_2014.pdf": 4.749270529961848, "S.M.C._13_2016_dt_31-03-2017.pdf": 28.495623179771087, "c.p._419_2019.pdf": 4.749270529961848, "C.P.41_66_2015.pdf": 14.247811589885544, "c.a._64_2022.pdf": 37.99416423969478, "C.R.P.193of2013.pdf": 4.749270529961848, "c.p._1775_2022.pdf": 4.749270529961848, "c.a._1481_2015.pdf": 4.749270529961848, "c.p._2045_2019.pdf": 4.749270529961848, "c.a._597_2020.pdf": 23.74635264980924, "c.p._546_2021.pdf": 9.498541059923696, "Crl.O.P._47_2016.pdf": 14.247811589885544, "c.a._323_2018.pdf": 14.247811589885544, "C.P._1958_2016.pdf": 4.749270529961848, "Const.P.22of2013.pdf": 4.749270529961848, "C.A._825_2015.pdf": 33.244893709732935, "C.P._1638_2014.pdf": 4.749270529961848, "C.P._2982_2016.pdf": 71.23905794942772, "c.a._1546_2019.pdf": 4.749270529961848, "c.p._2347_2022.pdf": 4.749270529961848}}