{"fptp": {"Const.P.12of2010.pdf": 6.741700694652055, "Const.P.87of2011[UrduVersion].pdf": 26.96680277860822, "Const.P.87of2011.pdf": 33.70850347326027}}