{"friendly": {"c.m.a.4343_2014_etc_with_urdu_translation.pdf": 8.067300987099689, "Crl.O.P._09_2018.pdf": 8.067300987099689, "Const.P.105-2012-eng-urd.PDF": 4.033650493549844, "S.M.C._28_2018.pdf": 4.033650493549844, "Crl.A._609_2014.pdf": 4.033650493549844, "NRO_Judgment.pdf": 4.033650493549844, "Const.P.87of2011[UrduVersion].pdf": 4.033650493549844, "cma_2774_2014_in_const.p.51_2010_dt_22.05.14.pdf": 8.067300987099689, "Const.P.77of2012[DetailedOrderFinal].pdf": 4.033650493549844, "S.M.C.24of2010[urdu-version].pdf": 4.033650493549844, "Const.P.NO.62OF2010_orderdt06062011.pdf": 8.067300987099689, "s.m.c._1_2022_detailed.pdf": 4.033650493549844, "SMC16of2011_detailed_judgment.pdf": 4.033650493549844, "I.C.A._7_2018.pdf": 8.067300987099689, "HRC7734-G_1003-GOF2009[UrduTranslation].pdf": 4.033650493549844, "smc_1_2014.pdf": 4.033650493549844, "HRC7734-G_1003-GOF2009[AllegedCorruptionInRentalPowerPlants].pdf": 4.033650493549844, "C.M.A._3221_2012.pdf": 4.033650493549844, "c.r.p._421_2020_dissenting_notes.pdf": 4.033650493549844, "CMA No.5144of2011.pdf": 4.033650493549844, "c.p._3506_2020.pdf": 4.033650493549844, "c.p._2_2022_dissenting_note2.pdf": 4.033650493549844, "crl.p._235_l_2015.pdf": 4.033650493549844, "crl.a._106_2020.pdf": 4.033650493549844, "h.r.c_11827_s_2018.pdf": 4.033650493549844, "c.r.p._421_2020.pdf": 4.033650493549844, "C.A._654_2010.pdf": 8.067300987099689, "c.a._125_k_2016.pdf": 4.033650493549844, "s.m.c._3_2022_13022023.pdf": 4.033650493549844, "C.P._1616_2018.pdf": 4.033650493549844, "c.a._1113_2017_dissenting_note.pdf": 4.033650493549844, "const.p._13_2023_09052023.pdf": 4.033650493549844, "C.M.A._376-K_2014.pdf": 4.033650493549844, "c.a._1113_2017.pdf": 4.033650493549844, "CJD_Constitution_Petition_No_36_of_2005.pdf": 4.033650493549844, "SMCNo25of2009.pdf": 8.067300987099689, "C.M.A.5216OF2012.pdf": 4.033650493549844, "crl.a._154_l_2013.pdf": 4.033650493549844, "C.P._357_2016.pdf": 4.033650493549844, "j.p._190_2017.pdf": 4.033650493549844, "ref._2_2022_13092023.pdf": 4.033650493549844, "S.M.C._7_2017_06022019.pdf": 4.033650493549844, "C.M.A._8215_2016.pdf": 8.067300987099689, "C.M.A.2376of2013inConst.P.105-dt-7-5-13.pdf": 4.033650493549844, "CPs987-989OF2011-DT19.10.2011.pdf": 4.033650493549844}, "friday": {"C.A._1171_2013.pdf": 4.8445807097661735, "ConstitutionPetitionNo21OF2007.pdf": 72.6687106464926, "SMC5of2012[UrduVersion]dt16-6-2012.pdf": 4.8445807097661735, "Crl.A._39_L_2015.pdf": 14.53374212929852, "NRO_Judgment.pdf": 14.53374212929852, "Const.P.12of2010.pdf": 4.8445807097661735, "CMA_1145-K_2013_in_SMC_16-2011_08-03-2013.pdf": 4.8445807097661735, "S.M.C.18OF2010.pdf": 9.689161419532347, "s.m.c._1_2022_detailed.pdf": 9.689161419532347, "Crl.A._39_L_2015_Urdu.pdf": 14.53374212929852, "reference._1_2011.pdf": 9.689161419532347, "c.r.p._266_2019_28oct2023.pdf": 4.8445807097661735, "c.a._1095_2018_13092019.pdf": 4.8445807097661735, "const.p._39_16122019.pdf": 4.8445807097661735, "const.p._ 22_2022_26072022.pdf": 4.8445807097661735, "c.p._2242_2022.pdf": 9.689161419532347, "c.a._1653_2021.pdf": 14.53374212929852, "kamran_faisal_case.pdf": 4.8445807097661735, "s.m.c._4_2021_26082021.pdf": 4.8445807097661735, "const.p._39_2019.pdf": 4.8445807097661735}, "friend": {"Const.P.127of2012.pdf": 3.265602004816781, "ConstitutionPetitionNo21OF2007.pdf": 42.45282606261816, "Crl.A._479_2015.pdf": 3.265602004816781, "S.M.C._28_2018.pdf": 3.265602004816781, "crl.a._400_2019.pdf": 3.265602004816781, "CONST.P.77OF2010-DT-05.04.12[URDU].pdf": 9.796806014450343, "c.p._1809_2020.pdf": 3.265602004816781, "c.a._240_p_2014.pdf": 3.265602004816781, "Crl.A._39_L_2015.pdf": 3.265602004816781, "Crl.O.P_57_2015.pdf": 3.265602004816781, "NRO_Judgment.pdf": 3.265602004816781, "Const.P.40of2012-DetailJudgment[UrduTranslation]-dt-3.7.2012.pdf": 3.265602004816781, "Const.P.12of2010.pdf": 22.859214033717468, "Const.P.87of2011[UrduVersion].pdf": 3.265602004816781, "Crl.P._120_2016.pdf": 3.265602004816781, "cma_2774_2014_in_const.p.51_2010_dt_22.05.14.pdf": 9.796806014450343, "Const.P.12of2010Urdu.pdf": 3.265602004816781, "Const.P._29_2016.pdf": 52.2496320770685, "Const.PetitionNo.77of2010_12.10.2012.pdf": 3.265602004816781, "Urdu-Const.P-77-2010-12.10.2012.pdf": 3.265602004816781, "c.p._2243_l_2019.pdf": 3.265602004816781, "CONST.P.77OF2010-DT-06.04.12[URDU].pdf": 3.265602004816781, "S.J.C_347_2018.PDF": 6.531204009633562, "C.A._233_2015.pdf": 3.265602004816781, "crl.p._883_l_2022_urdu.pdf": 48.98403007225171, "H.R.C.19of1996[AsgharKhanCase]DetailedReasonsUrduTranslation.pdf": 16.328010024083905, "const.p._24_to_26_of_2023_04072023.pdf": 6.531204009633562, "C.A._870_2014.pdf": 3.265602004816781, "SMC16of2011_detailed_judgment.pdf": 13.062408019267124, "CP778-779.pdf": 3.265602004816781, "ConstitutionPetitionNo.77of2010-dt-17-04-2012.pdf": 9.796806014450343, "Const.P.40of2012-DetailJudgment-dt-3.7.2012.pdf": 3.265602004816781, "c.a._108_2015.pdf": 3.265602004816781, "H.R.C.19of1996[AsgharKhanCase]DetailedReasons.pdf": 22.859214033717468, "Const.P.77-78-79 [Memogate]DetailedOrder.pdf": 6.531204009633562, "Crl.A._39_L_2015_Urdu.pdf": 3.265602004816781, "c.p._757_l_2021.pdf": 3.265602004816781, "JR_Judgment_on_17th_Amendmend_and_Presidents_Uniform_Case.pdf": 3.265602004816781, "Const.P.77of2010-DT-05-04-2012.pdf": 6.531204009633562, "crp.328-329_2013.pdf": 3.265602004816781, "Crl.O.P.89of2011.pdf": 3.265602004816781, "Const.P.5of2013.pdf": 6.531204009633562, "crl.p._883_l_2022.pdf": 45.718428067434935, "Const.P_3_2014.pdf": 3.265602004816781, "Crl.P.163_to_171_S.M.C.5_2005.pdf": 13.062408019267124, "const.p._9_2010_27122021.pdf": 3.265602004816781, "Const.P.77to85,89and92of2011[dt12.6.2012].pdf": 3.265602004816781, "const.p._24_2023_an_10012024_r.pdf": 3.265602004816781, "c.a._315_2022.pdf": 9.796806014450343, "crl.p._596_l_2022.pdf": 3.265602004816781, "JR_Detailed_Judgment_in_Graduation_Qualification_Case.pdf": 3.265602004816781, "crl.p._54_p_2012.pdf": 3.265602004816781, "c.p._150_2024_3012024.pdf": 3.265602004816781, "C.A._1171_2017.pdf": 3.265602004816781, "Const.P.87of2011.pdf": 9.796806014450343, "Crl.M.A_183_2019.pdf": 3.265602004816781, "const.p._17_2020_dissenting_note_hj11.pdf": 6.531204009633562, "Crl.A._210_2015.pdf": 3.265602004816781, "c.a._415_2018.pdf": 3.265602004816781, "Crl.A._149_L_2017.pdf": 3.265602004816781, "const.p._9_2010.pdf": 3.265602004816781, "i.c.a._1_2024_15032024.pdf": 3.265602004816781, "C.A._2564_2001.pdf": 9.796806014450343, "Const.P._2_2011.pdf": 3.265602004816781, "Crl.P.200of2009.pdf": 6.531204009633562, "Crl.A._115_2013.pdf": 3.265602004816781, "Crl.A._103_2010.pdf": 3.265602004816781, "crl.a._15_q_2020.pdf": 3.265602004816781, "C.P._1616_2018.pdf": 6.531204009633562, "const.p._24_2023_26062023.pdf": 3.265602004816781, "c.a._350_2020.pdf": 6.531204009633562, "SMC_24_2010_DT_01_03.pdf": 3.265602004816781, "Crl.A._466_2017.pdf": 6.531204009633562, "const.p._24_2023_f.pdf": 3.265602004816781, "c.p._5632_2021.pdf": 3.265602004816781, "crl.a._475_2019.pdf": 3.265602004816781, "const.p._9_2010_28122021.pdf": 3.265602004816781, "C.A._204-L_2015.pdf": 3.265602004816781, "ConstitutionPetitionNo39of2009.pdf": 3.265602004816781, "Const.P._35_2016_dt_15_12_2017.pdf": 9.796806014450343, "c.m.a._3932_2023.pdf": 6.531204009633562, "ConstP.No.53of2007andConst.P.83of2012.pdf": 3.265602004816781, "Crl.A._582_2018.pdf": 6.531204009633562, "c.a._179_2016.pdf": 6.531204009633562, "Crl.A._176_2012.pdf": 22.859214033717468, "C.A.876-879of2005.pdf": 3.265602004816781, "c.m.a._490_2021_20022021.pdf": 3.265602004816781, "crl.m.a._130_k_2019.pdf": 3.265602004816781, "Crl.P._100_2017.pdf": 6.531204009633562, "crl.a._185_2006.pdf": 9.796806014450343, "crl.a_310_2006_12.03.2014.pdf": 3.265602004816781, "c.a._498_2020.pdf": 3.265602004816781, "const.p._10_2019.pdf": 3.265602004816781, "crl.a.264_2006.pdf": 13.062408019267124, "Const.P.5and15-HRC14144-DetailedReasons.pdf": 3.265602004816781, "c.p._3718_2023.pdf": 26.12481603853425,