{"frti": {"Const.P._36_2016_dt_15_12_2017.pdf": 7.840312983320164}, "frt": {"smc.16of2011.pdf": 31.361251933280656}}