{"fry": {"c.p._1331_l_2017.pdf": 6.741700694652055, "S.M.C._20_2016.pdf": 6.741700694652055, "crl.a._597_2018_dt_25_01_2024.pdf": 6.741700694652055}, "fryal": {"H.R.C.39216_G_2018.pdf": 7.840312983320164}}