{"fsc": {"Const.P._56_2003_E_dt_3-9-15.pdf": 4.544476117315835, "ConstitutionPetitionNo21OF2007.pdf": 4.544476117315835, "crl.a._251_2020.pdf": 4.544476117315835, "C.A._90_2011_UrduVersion.pdf": 4.544476117315835, "Crl.A._39_L_2015.pdf": 4.544476117315835, "Const.P.12of2010.pdf": 9.08895223463167, "Const.P._36_2016_dt_15_12_2017.pdf": 4.544476117315835, "crl.p._916_l_2021.pdf": 4.544476117315835, "C.A._90_2011_EnglishVersion.pdf": 4.544476117315835, "Crl.A._39_L_2015_Urdu.pdf": 4.544476117315835, "Crl.P.163_to_171_S.M.C.5_2005.pdf": 13.633428351947504, "c.a._353_2010.pdf": 4.544476117315835, "c.p._3011_2021.pdf": 18.17790446926334, "crl.p._513_2020.pdf": 4.544476117315835, "Crl.A._115_2013.pdf": 9.08895223463167, "C.P._816_2009.pdf": 4.544476117315835, "C.P._816-L_2009.pdf": 4.544476117315835, "c.a._1476_2018.pdf": 13.633428351947504, "C.P._4876_2018.pdf": 4.544476117315835, "S.M.C._8_2018.pdf": 4.544476117315835, "c.a._1113_2017.pdf": 4.544476117315835, "c.p._4657_2022.pdf": 4.544476117315835, "c.p._3747_2023.pdf": 9.08895223463167, "c.a._359_2020.pdf": 4.544476117315835, "crl.p._742_l_2019.pdf": 9.08895223463167, "CPs987-989OF2011-DT19.10.2011.pdf": 4.544476117315835, "c.p._3718_2023.pdf": 4.544476117315835}}