{"fsl": {"crl.a._241_2020.pdf": 23.978952727983707, "j.p._42_2017.pdf": 14.387371636790224, "j.p._557_2016.pdf": 4.795790545596741, "Crl.A._402_2013.pdf": 9.591581091193483, "crl.a._106_2020.pdf": 4.795790545596741, "c.p._3855_2019.pdf": 14.387371636790224, "j.p._255_2018.pdf": 4.795790545596741, "Crl.A._103_2010.pdf": 9.591581091193483, "crl.a._398_2020.pdf": 4.795790545596741, "crl.p._1154_2021.pdf": 4.795790545596741, "crl.a._190_2020.pdf": 9.591581091193483, "crl.p_1124_l_2015.pdf": 4.795790545596741, "c.p._958_2020.pdf": 4.795790545596741, "crl.p._789_2023.pdf": 4.795790545596741, "j.p._201_2015.pdf": 4.795790545596741, "crl.p._475_2022.pdf": 4.795790545596741, "j.p._614_2016.pdf": 19.183162182386965, "c.p._2144_2016.pdf": 4.795790545596741, "crl.p._1183_2021.pdf": 14.387371636790224, "crl.a._82_2022.pdf": 4.795790545596741, "crl.a._122_l_2012.pdf": 4.795790545596741}}