{"ft": {"Crl.O.P_57_2015.pdf": 5.442417710521793, "Const.P._29_2016.pdf": 5.442417710521793, "smc.18_2010_final.pdf": 16.327253131565378, "c.p._211_q_2017.pdf": 10.884835421043586, "HRC-4668of2006.pdf": 5.442417710521793, "const.p.115_2011.pdf": 5.442417710521793, "C.P._51_2015.pdf": 38.09692397365255, "c.p._279_q_2020.pdf": 5.442417710521793, "C.P._1774_2015.pdf": 38.09692397365255, "C.P._1774_2014.pdf": 38.09692397365255, "C.M.A._8215_2016.pdf": 48.98175939469614}}