{"fuad": {"c.a._608_2021.pdf": 6.741700694652055, "c.p._409_l_2021.pdf": 6.741700694652055, "c.a._1685_2021.pdf": 6.741700694652055}}