{"fudge": {"H.R.C._14158_G_2016_dt_12_08_2016.pdf": 7.1471658027602185, "Const.P._29_2016_28072016.pdf": 7.1471658027602185}}