{"fugitive": {"C.R.P._49_2016.pdf": 4.662259152972219, "c.r.p._513_2014.pdf": 4.662259152972219, "NRO_Judgment.pdf": 9.324518305944437, "Const.P.12of2010.pdf": 4.662259152972219, "Const.P._29_2016.pdf": 4.662259152972219, "C.P._1515_2016.pdf": 9.324518305944437, "c.p.2132_2014_with_urdu_translation.pdf": 9.324518305944437, "crl.p._104_p_2023.pdf": 4.662259152972219, "crl.p._1017_2020.pdf": 4.662259152972219, "crl.p._1029_2020.pdf": 4.662259152972219, "Crl.P._105_2017.pdf": 4.662259152972219, "const.p._2_2022_14102022.pdf": 9.324518305944437, "C.P._1088_2016.pdf": 4.662259152972219, "C.P._935_2015.pdf": 4.662259152972219, "crl.p._1023_2020.pdf": 4.662259152972219, "crl.p_77_p_2020.pdf": 4.662259152972219, "crl.p._527_2020.pdf": 4.662259152972219, "crl.p._495_2021.pdf": 4.662259152972219, "crl.p._497_l_2023.pdf": 4.662259152972219, "JR_The_State_through_NAB_VS_Haji_Nasim-ur-Rehman.pdf": 51.284850682694405, "c.p._159_2024.pdf": 4.662259152972219, "crl.p._13_k_2023.pdf": 4.662259152972219, "c.p._3797_2020.pdf": 4.662259152972219, "c.a._1191_2016.pdf": 4.662259152972219}, "fug": {"Const.P._36_2016_dt_15_12_2017.pdf": 7.840312983320164}, "fugate": {"Crl.M.A_693_2018.pdf": 7.840312983320164}, "fugue": {"const.p._2_2022_14102022.pdf": 7.840312983320164}}