{"fuss": {"Const.P.12of2010.pdf": 6.741700694652055, "crl.a._599_2020_26032021.pdf": 6.741700694652055, "CP778-779.pdf": 6.741700694652055}, "fuse": {"SMC16of2011_detailed_judgment.pdf": 12.461750141772127, "j.p._169_2021.pdf": 24.923500283544254, "Const.P.77of2010_dt_27-8-2013.pdf": 6.230875070886063, "c.a._982_2018_19022024.pdf": 6.230875070886063, "j.p._10_2016.pdf": 6.230875070886063}, "fusion": {"crl.p._1617_2022.pdf": 12.908037244400546, "c.a._446_2021.pdf": 6.454018622200273, "C.P._1885_2017.pdf": 6.454018622200273, "c.p._2000_l_2020.pdf": 6.454018622200273}, "fusaro": {"const.p.9_2014_detail_reasons.pdf": 7.840312983320164}, "fust": {"c.a._284_2017.pdf": 7.840312983320164}, "fuskh": {"c.p._4657_2022.pdf": 7.840312983320164}}