{"fx": {"crl.a._531_2019.pdf": 7.1471658027602185, "Const.P._35_2016_dt_15_12_2017.pdf": 50.03016061932153}}