{"fze": {"C.R.P._297_2017_Reserved.pdf": 64.83843117691336, "Const.P._29_2016_28072016.pdf": 41.26081983985395, "Const.P._29_2016.pdf": 17.68320850279455, "C.A._467_2015.pdf": 5.8944028342648505, "c.a._ 870_2020.pdf": 11.788805668529701, "c.a._188_2019.pdf": 5.8944028342648505, "Const.P._35_2016_dt_15_12_2017.pdf": 47.155222674118804}}