{"g": {"Crl.A._24_2010.pdf": 1.9909882033733048, "C.A._1171_2013.pdf": 9.954941016866524, "Const.P.127of2012.pdf": 11.94592922023983, "c.a._1476_2018_urdu.pdf": 3.9819764067466097, "ConstitutionPetitionNo21OF2007.pdf": 9.954941016866524, "CPs.10-18of2011.pdf": 3.9819764067466097, "Order-DNC-nd-note.pdf": 1.9909882033733048, "C.A._93_2015.pdf": 1.9909882033733048, "C.R.P._297_2017_Reserved.pdf": 1.9909882033733048, "C.P.796of2007-UrduTranslation-dt-10-5-2013.pdf": 1.9909882033733048, "crl.a._251_2020.pdf": 1.9909882033733048, "C.R.P._49_2016.pdf": 19.909882033733048, "C.M.A.No.3685of2012-dt-17-1-2013.pdf": 1.9909882033733048, "Const.P._134_2012.pdf": 5.972964610119915, "crl.a._400_2019.pdf": 1.9909882033733048, "CONST.P.77OF2010-DT-05.04.12[URDU].pdf": 7.963952813493219, "c.p._1331_l_2017.pdf": 3.9819764067466097, "Const.P_6of2011.pdf": 3.9819764067466097, "c.p._1809_2020.pdf": 1.9909882033733048, "Const.P._38_2016.pdf": 9.954941016866524, "c.p._1628_2020.pdf": 1.9909882033733048, "Const.P._29_2016_28072016.pdf": 3.9819764067466097, "SMC15OF2009.pdf": 13.936917423613133, "NRO_Judgment.pdf": 13.936917423613133, "Const.P.40of2012-DetailJudgment[UrduTranslation]-dt-3.7.2012.pdf": 31.855811253972877, "c.p._3436_l_2022.pdf": 1.9909882033733048, "C.A._3_2018_dt-14-9-2018.pdf": 5.972964610119915, "Const.P._50_2018.pdf": 5.972964610119915, "cng_prices_order_21-12-12-alongwith_translation.pdf": 3.9819764067466097, "Const.P.12of2010.pdf": 17.918893830359742, "Const.P.87of2011[UrduVersion].pdf": 3.9819764067466097, "AdditionalNoteConst.P.77of2012.pdf": 1.9909882033733048, "C.A._104-L_2015.pdf": 3.9819764067466097, "Const.P.33_2013.pdf": 5.972964610119915, "Const.P._29_2016.pdf": 25.882846643852965, "C.R.P._125_2014.pdf": 9.954941016866524, "c.a._864_2017.pdf": 1.9909882033733048, "smc.18_2010_final.pdf": 1.9909882033733048, "Const.P.77of2012[DetailedOrderFinal].pdf": 17.918893830359742, "C.A._3_2018.pdf": 5.972964610119915, "crl.a._599_2020_26032021.pdf": 1.9909882033733048, "Const.P._36_2016_dt_15_12_2017.pdf": 1.9909882033733048, "CONST.P.77OF2010-DT-06.04.12[URDU].pdf": 3.9819764067466097, "C.A._233_2015.pdf": 15.927905626986439, "Const.P.30of2013.pdf": 3.9819764067466097, "const.p._19_2022_01062022.pdf": 3.9819764067466097, "C.M.A.No.1535and1536of2013.pdf": 1.9909882033733048, "Const.P.NO.62OF2010_orderdt06062011.pdf": 5.972964610119915, "H.R.C.19of1996[AsgharKhanCase]DetailedReasonsUrduTranslation.pdf": 1.9909882033733048, "S.M.C.18OF2010.pdf": 3.9819764067466097, "SMC16of2011_detailed_judgment.pdf": 1.9909882033733048, "C.A._760_2016.pdf": 3.9819764067466097, "crl.a._95_2019.pdf": 3.9819764067466097, "crl.p._1667_2021.pdf": 1.9909882033733048, "HRC7734-G_1003-GOF2009[UrduTranslation].pdf": 3.9819764067466097, "CP778-779.pdf": 1.9909882033733048, "smc.24_2010.pdf": 1.9909882033733048, "Const.P.40of2012-DetailJudgment-dt-3.7.2012.pdf": 39.819764067466096, "smc.11_2011.pdf": 1.9909882033733048, "H.R.C.19of1996[AsgharKhanCase]DetailedReasons.pdf": 5.972964610119915, "Const.P.46of2013-dt-27-12-2013.pdf": 5.972964610119915, "smc_1_2014.pdf": 5.972964610119915, "C.A._03_2017.pdf": 1.9909882033733048, "Const.P.33and34of2005.pdf": 5.972964610119915, "Const.P.77-78-79 [Memogate]DetailedOrder.pdf": 1.9909882033733048, "C.P.796of2007-dt-10-5-2013.pdf": 3.9819764067466097, "JR_Judgment_on_17th_Amendmend_and_Presidents_Uniform_Case.pdf": 1.9909882033733048, "cp_1646-l-2014_urdu_order_dt_16.10.2014.pdf": 1.9909882033733048, "crl.a._03_p_2017.pdf": 1.9909882033733048, "Lal-masjid-04.12.2012.pdf": 1.9909882033733048, "Const.P.77of2010-DT-05-04-2012.pdf": 1.9909882033733048, "CJD_Reference by_the_President_of_Pakistan_under_Article_186.pdf": 11.94592922023983, "const.p._21_2022_15092023.pdf": 9.954941016866524, "Crl.O.P.89of2011.pdf": 5.972964610119915, "C.A._137-K_1976.pdf": 1.9909882033733048, "Const.P.5of2013.pdf": 3.9819764067466097, "Const.P_3_2014.pdf": 1.9909882033733048, "C.A._340_2002.pdf": 1.9909882033733048, "c.p._167_q_2023.pdf": 1.9909882033733048, "Crl.P.163_to_171_S.M.C.5_2005.pdf": 5.972964610119915, "HRC7734-G_1003-GOF2009[AllegedCorruptionInRentalPowerPlants].pdf": 1.9909882033733048, "c.p._1057_2019.pdf": 3.9819764067466097, "CMA3470OF2013_08.07.2013.pdf": 1.9909882033733048, "const.p._9_2010_27122021.pdf": 1.9909882033733048, "C.A.669-L_2013.pdf": 3.9819764067466097, "c.a._1348_2014.pdf": 1.9909882033733048, "C.A._461_2014.pdf": 1.9909882033733048, "C.M.A._3221_2012.pdf": 1.9909882033733048, "S.M.C._19_2016.pdf": 3.9819764067466097, "C.P._2093_2015.pdf": 1.9909882033733048, "const.p._24_2017.pdf": 3.9819764067466097, "C.A._353_2015.pdf": 1.9909882033733048, "C.P._3460_2015.pdf": 19.909882033733048, "CMA No.3685of2012-dt-15-1-2013.pdf": 3.9819764067466097, "c.p._2547_2019.pdf": 1.9909882033733048, "crl.p._801_l_2020.pdf": 1.9909882033733048, "S.M.C.18_2016_dt_06_01_2017.pdf": 1.9909882033733048, "C.A._56_L_2018.pdf": 1.9909882033733048, "c.a._515_2015.pdf": 3.9819764067466097, "c.a._1355_2006.pdf": 1.9909882033733048, "c.p._3645_2015.pdf": 1.9909882033733048, "C.M.A.2371of2012dt[07-06-2012].pdf": 1.9909882033733048, "Const.P.77of2010_dt_27-8-2013.pdf": 1.9909882033733048, "crl.p._299_2020_01042020.pdf": 3.9819764067466097, "c.p._151_2024.pdf": 3.9819764067466097, "c.p._150_2024.pdf": 3.9819764067466097, "C.P._928-L_2015.pdf": 1.9909882033733048, "c.p._4_p_2020.pdf": 1.9909882033733048, "s.m.c._1_2020_19052020.pdf": 13.936917423613133, "JR_Detailed_Judgment_in_Graduation_Qualification_Case.pdf": 3.9819764067466097, "c.a._675_2019.pdf": 15.927905626986439, "C.P._78_K_2015.pdf": 3.9819764067466097, "C.P._84_P_2015.pdf": 1.9909882033733048, "c.r.p._296_2020_29012022.pdf": 3.9819764067466097, "c.a._339_2016.pdf": 1.9909882033733048, "ca_297_2014.pdf": 1.9909882033733048, "crl.s.a.07_2011.pdf": 1.9909882033733048, "c.p._3532_2023.pdf": 3.9819764067466097, "c.r.p._296_2020_04022022.pdf": 3.9819764067466097, "c.a._10_k_2019.pdf": 1.9909882033733048, "const.p.30of2013_dt_22.05.2013.pdf": 1.9909882033733048, "c.a._2150_2019.pdf": 3.9819764067466097, "c.p._1503_2022.pdf": 1.9909882033733048, "c.p._943_k_2022.pdf": 1.9909882033733048, "c.a._446_2021.pdf": 1.9909882033733048, "HRC-4668of2006.pdf": 1.9909882033733048, "crl.a._324_2021.pdf": 1.9909882033733048, "S.M.C._ 26_2007_30062018.pdf": 1.9909882033733048, "Const.P.No.77of2012[ShortOrder2.8.2012].pdf": 1.9909882033733048, "s.m.c._01_2020.pdf": 9.954941016866524, "C.P._1700_2011.pdf": 1.9909882033733048, "c.p._1874_2022.pdf": 11.94592922023983, "crl.p._299_2020_07042020.pdf": 3.9819764067466097, "C.A._1171_2017.pdf": 3.9819764067466097, "C.P._1340_2014.pdf": 3.9819764067466097, "Const.P.87of2011.pdf": 5.972964610119915, "c.a._668_2022.pdf": 1.9909882033733048, "c.a._353_2010.pdf": 1.9909882033733048, "c.p._490_k_2020.pdf": 3.9819764067466097, "c.a._1295_2019.pdf": 1.9909882033733048, "S.M.C._26_2007_04072018.pdf": 1.9909882033733048, "Crl.M.A_183_2019.pdf": 1.9909882033733048, "C.A._359_2013.pdf": 9.954941016866524, "c.p._1290_l_2019.pdf": 1.9909882033733048, "c.p._657_2020.pdf": 5.972964610119915, "s.m.c._01_2020_04052020.pdf": 7.963952813493219, "C.A._616_2014.pdf": 1.9909882033733048, "crl.p._47_p_2017.pdf": 1.9909882033733048, "H.R.C._69229_P_2018.pdf": 1.9909882033733048, "C.A._1149_2015.pdf": 3.9819764067466097, "const.p._2_2024_06032024.pdf": 1.9909882033733048, "crl.a._67_l_2020.pdf": 1.9909882033733048, "C.A._95_2005.pdf": 1.9909882033733048, "c.p._398_l_2018.pdf": 1.9909882033733048, "NROCaseDt.10.01.2012.pdf": 1.9909882033733048, "c.p._271_2021.pdf": 1.9909882033733048, "C.A._1428_2016.pdf": 5.972964610119915, "ca411to414of2013.pdf": 1.9909882033733048, "c.a._1833_2019.pdf": 1.9909882033733048, "const.p._9_2010.pdf": 3.9819764067466097, "s.m.c._1_2020_20042020.pdf": 17.918893830359742, "C.P._2669_2016.pdf": 1.9909882033733048, "c.p._3598_2020.pdf": 1.9909882033733048, "j.p._249_2018.pdf": 1.9909882033733048, "c.a._909_2020.pdf": 1.9909882033733048, "crl.p._1276_2023.pdf": 1.9909882033733048,