{"gaan": {"crp.328-329_2013.pdf": 7.840312983320164}, "gaagan": {"c.p._329_k_2022.pdf": 7.840312983320164}, "gaadhi": {"c.a._188_2019.pdf": 7.840312983320164}}