{"gah": {"ConstitutionPetitionNo21OF2007.pdf": 6.454018622200273, "Const.P_6of2011.pdf": 12.908037244400546, "SMC16of2011_detailed_judgment.pdf": 6.454018622200273, "Crl.O.P._57_2015_DN.pdf": 6.454018622200273}, "gahri": {"Const.P_6of2011.pdf": 7.840312983320164}, "gahni": {"j.p._355_2018.pdf": 7.840312983320164}}