{"gain": {"c.m.a.4343_2014_etc_with_urdu_translation.pdf": 2.339054772775437, "Const.P.127of2012.pdf": 63.1544788649368, "c.a._1476_2018_urdu.pdf": 2.339054772775437, "C.A._503_2006.pdf": 2.339054772775437, "C.R.P._49_2016.pdf": 2.339054772775437, "c.a._1079_2015.pdf": 2.339054772775437, "Const.P.31of2011etc.pdf": 2.339054772775437, "c.p._1331_l_2017.pdf": 2.339054772775437, "c.p._1809_2020.pdf": 2.339054772775437, "H.R.C.No.19of1996DT19-10-2012[UrduTranslation].pdf": 2.339054772775437, "SMC15OF2009.pdf": 7.01716431832631, "C.A._1129_2013.pdf": 4.678109545550874, "Crl.A._39_L_2015.pdf": 4.678109545550874, "NRO_Judgment.pdf": 23.39054772775437, "c.p._2537_2020.pdf": 2.339054772775437, "Const.P.40of2012-DetailJudgment[UrduTranslation]-dt-3.7.2012.pdf": 9.356219091101748, "Const.P._50_2018.pdf": 2.339054772775437, "Const.P.12of2010.pdf": 23.39054772775437, "Const.P.87of2011[UrduVersion].pdf": 2.339054772775437, "const.p.42of2011.pdf": 2.339054772775437, "Const.P._29_2016.pdf": 28.06865727330524, "smc.18_2010_final.pdf": 28.06865727330524, "C.A._697_2008.pdf": 2.339054772775437, "c.p._2243_l_2019.pdf": 11.695273863877185, "c.p._4599_2017.pdf": 4.678109545550874, "crl.a._599_2020_26032021.pdf": 4.678109545550874, "Const.P._36_2016_dt_15_12_2017.pdf": 51.459205001059615, "Const.P.40of2012-AdditionalNoteofJusticeJawwadSKhawaja.pdf": 2.339054772775437, "S.J.C_347_2018.PDF": 2.339054772775437, "C.A._233_2015.pdf": 4.678109545550874, "Ref.01_2012_addl.note_HJ.ejaz_afzal_khan.pdf": 2.339054772775437, "Const.P.NO.62OF2010_orderdt06062011.pdf": 14.03432863665262, "H.R.C.19of1996[AsgharKhanCase]DetailedReasonsUrduTranslation.pdf": 14.03432863665262, "C.A._1256_2008.pdf": 4.678109545550874, "SMC16of2011_detailed_judgment.pdf": 4.678109545550874, "ca.a_239_2020.pdf": 2.339054772775437, "c.a._240_2020.pdf": 2.339054772775437, "CP778-779.pdf": 7.01716431832631, "smc.24_2010.pdf": 2.339054772775437, "Const.P.40of2012-DetailJudgment-dt-3.7.2012.pdf": 2.339054772775437, "smc.11_2011.pdf": 4.678109545550874, "H.R.C.19of1996[AsgharKhanCase]DetailedReasons.pdf": 11.695273863877185, "smc_1_2014.pdf": 4.678109545550874, "Const.P.77-78-79 [Memogate]DetailedOrder.pdf": 2.339054772775437, "Crl.A._39_L_2015_Urdu.pdf": 2.339054772775437, "C.P.796of2007-dt-10-5-2013.pdf": 4.678109545550874, "JR_Judgment_on_17th_Amendmend_and_Presidents_Uniform_Case.pdf": 2.339054772775437, "s.m.c._4_2022.pdf": 2.339054772775437, "CJD_Reference by_the_President_of_Pakistan_under_Article_186.pdf": 2.339054772775437, "crp.328-329_2013.pdf": 7.01716431832631, "const.p._21_2022_15092023.pdf": 16.373383409428058, "Crl.O.P.89of2011.pdf": 7.01716431832631, "Const.P.5of2013.pdf": 4.678109545550874, "c.a._71_p_2014_urdu.pdf": 2.339054772775437, "H.R.C._32642_2018.pdf": 2.339054772775437, "c.a._2434_2016.pdf": 25.729602500529808, "c.p._1057_2019.pdf": 2.339054772775437, "C.A._1084_2008.pdf": 2.339054772775437, "Const.P35of2013-dt-20-7-2013.pdf": 4.678109545550874, "crl.p._611_l_2023.pdf": 2.339054772775437, "c.a._33_k_2018.pdf": 2.339054772775437, "c.a._621_2019.pdf": 9.356219091101748, "C.R.P._383_2005.pdf": 2.339054772775437, "C.A._992_2013.pdf": 2.339054772775437, "C.A._417-L_2009.pdf": 21.051492954978933, "crl.p._596_l_2022.pdf": 2.339054772775437, "Const.P.77to85of2011-ShortOrder-1.pdf": 2.339054772775437, "c.p._1998_2018.pdf": 2.339054772775437, "JR_Detailed_Judgment_in_Graduation_Qualification_Case.pdf": 9.356219091101748, "const.p.6_2023.pdf": 2.339054772775437, "c.a._1767_2019.pdf": 2.339054772775437, "HRC-4668of2006.pdf": 2.339054772775437, "JR_Detailed_Judgment_in_Referendum_Case.pdf": 4.678109545550874, "C.R.P._100_2016.pdf": 2.339054772775437, "c.p._4185_2019.pdf": 2.339054772775437, "C.A._1208_2011.pdf": 2.339054772775437, "c.a._18_k_2021.pdf": 4.678109545550874, "const.p._2_2022_14102022.pdf": 11.695273863877185, "C.A._1171_2017.pdf": 2.339054772775437, "c.a._754_2020.pdf": 2.339054772775437, "c.a._353_2010.pdf": 2.339054772775437, "C.A._27_2009.pdf": 2.339054772775437, "C.A._26_2009.pdf": 4.678109545550874, "C.A._1560_2008.pdf": 16.373383409428058, "c.a._64_2022.pdf": 21.051492954978933, "C.A._616_2014.pdf": 2.339054772775437, "crl.a._531_2019.pdf": 2.339054772775437, "c.p._2712_2020.pdf": 2.339054772775437, "c.a._24_2015.pdf": 2.339054772775437, "H.R.C._69229_P_2018.pdf": 2.339054772775437, "c.p._903_2023.pdf": 2.339054772775437, "C.M.A._3704_2015.pdf": 2.339054772775437, "C.P._1598_2016.pdf": 2.339054772775437, "Crl.A._210_2015.pdf": 2.339054772775437, "Crl.A._6-P_2015.pdf": 2.339054772775437, "const.p.115_2011.pdf": 2.339054772775437, "Crl.P._300_2018.pdf": 14.03432863665262, "C.A._1178_2008.pdf": 2.339054772775437, "c.a._444_2017.pdf": 4.678109545550874, "c.p._2056_2022.pdf": 2.339054772775437, "c.a._1226_2016.pdf": 2.339054772775437, "crl.p._1276_2023.pdf": 2.339054772775437, "Const.P.77-2011[MemoScandal]dt.30.12.2011.pdf": 2.339054772775437, "C.A._2564_2001.pdf": 11.695273863877185, "c.a._1002_2015.pdf": 4.678109545550874, "crl.p._1212_l_2022.pdf": 2.339054772775437, "C.A._145_2010.pdf": 2.339054772775437, "Const.P._2_2011.pdf": 4.678109545550874, "Crl.P.200of2009.pdf": 14.03432863665262, "c.a._647_2018.pdf": 16.373383409428058, "crl.p._1371_2016.pdf": 2.339054772775437, "c.p._3203_2017.pdf": 2.339054772775437, "Crl.A.140of2005.pdf": 9.356219091101748, "const.p.37_2012_final.pdf": 2.339054772775437, "c.a._1409_2013 .pdf": 7.01716431832631, "c.a._1095_2018_13092019.pdf": 2.339054772775437, "c.p._2916_2019.pdf": 2.339054772775437, "C.P._51_2015.pdf": 2.339054772775437, "c.p._883_l_2020.pdf": 4.678109545550874, "const.p._17_2019_detailed_reasoning.pdf": 4.678109545550874, "C.P._160-K_2016.pdf": 2.339054772775437, "C.A._139_2013.pdf": 2.339054772775437, "const.p._21_2022_30102023.pdf": 4.678109545550874, "Crl.A._322_2018.pdf": 2.339054772775437, "SMC.13-2009.pdf": 2.339054772775437, "c.a._469_2021.pdf": 2.339054772775437, "C.P._3551_2015.pdf": 4.678109545550874, "C.A._467_2015.pdf": 4.678109545550874, "c.p._1084_2011.pdf": 2.339054772775437, "c.p._920_p_2023.pdf": 2.339054772775437, "c.p._4737_2018.pdf": 2.339054772775437, "c.a._2444_2016.pdf": 11.695273863877185, "C.P._1616_2018.pdf": 4.678109545550874, "const.p.5_2011.pdf": 2.339054772775437, "C.A._1352_2013.pdf": 2.339054772775437, "C.A.800Lof2013etc.pdf": 2.339054772775437, "c.a._573_2013.pdf": 2.339054772775437, "suo_motu_in_court.pdf": 2.339054772775437, "C.A._1264_2006.pdf": 16.373383409428058, "c.a._1476_2018.pdf": 4.678109545550874, "c.a._17_q_2021.pdf": 2.339054772775437, "crl.p._352_l_2022.pdf": 2.339054772775437, "c.a._1602_2014.pdf": 2.339054772775437, "c.p_.4178_2019.pdf": 2.339054772775437, "S.M.C._3_2018.pdf": 4.678109545550874, "crl.a_413-414_2013_18.02.2014.pdf": 2.339054772775437, "c.p._2_2022_dissenting_note.pdf": 2.339054772775437, "c.a._1113_2017_dissenting_note.pdf": 2.339054772775437, "Crl.O.P._57_2015_Additional_Note.pdf": 2.339054772775437, "const.p.6_2011_final.pdf": 9.356219091101748, "S.M.C._8_2018.pdf": 14.03432863665262, "c.p._593_l_2021.pdf": 2.339054772775437, "crl.p._69_q_2019.pdf": 2.339054772775437, "C.A._1033_2014.pdf": 4.678109545550874, "crl.a._633_2019_15092023.pdf": 2.339054772775437, "crl_r_p.8-l_2013.pdf": 2.339054772775437, "c.a._630_2010.pdf": 4.678109545550874, "Const.P.50-69of2011.pdf": 4.678109545550874, "C.P._1707_2018.pdf": 2.339054772775437, "CMA2745of2009etc.pdf": 16.373383409428058, "C.A.39_2010.pdf": 4.678109545550874, "crl.p._1442_2022.pdf": 4.678109545550874, "c.p._3933_2023.pdf": 7.01716431832631, "c.a._1798_2016.pdf": 4.678109545550874, "C.A._535_2015.pdf": 2.339054772775437, "C.A._322_2018.pdf": 2.339054772775437, "c.p._3380_l_2017.pdf": 14.03432863665262, "S.M.C14 of 2009.pdf": 2.339054772775437, "c.a._139_p_2013.pdf": 2.339054772775437, "c.a._1521_2018.pdf": 2.339054772775437, "j.p._324_2019.pdf": 2.339054772775437, "c.p._4439_2017.pdf": 2.339054772775437, "const.p._32_2023_additional_note.pdf": 2.339054772775437, "const.p._17_2020_dissenting_note_hj4.pdf": 9.356219091101748,