{"gakhar": {"c.p._4185_2019.pdf": 6.741700694652055, "Crl.M.A._200_2019.pdf": 6.741700694652055, "j.p._201_2015.pdf": 6.741700694652055}}