{"galeano": {"CPs.10-18of2011.pdf": 14.294331605520437, "Const.P.12of2010.pdf": 7.1471658027602185}, "gallow": {"crl.s.m.r.p._84_2018.pdf": 10.40251130740981, "Crl.A._465_2015.pdf": 5.201255653704905, "crl.p._1001_l_2017.pdf": 5.201255653704905, "crl.a._270_l_2012.pdf": 5.201255653704905, "crl.p._1276_2023.pdf": 5.201255653704905, "Crl.A.13-14-15and16of2004and53of2011.pdf": 5.201255653704905, "crl.p._290_2020.pdf": 5.201255653704905, "crl.p._126_p_2011.pdf": 5.201255653704905, "c.p._2314_2022_dn.pdf": 10.40251130740981, "crl.a_413-414_2013_18.02.2014.pdf": 5.201255653704905, "const.p._32_2023_additional_note.pdf": 5.201255653704905, "s.m.c._1_2023_07042023.pdf": 5.201255653704905, "Crl.A.126of2012.pdf": 5.201255653704905, "crl.p._101_k_2021.pdf": 5.201255653704905}, "gallantry": {"C.R.P._49_2016.pdf": 92.17394306624524, "C.R.P._125_2014.pdf": 132.50004315772753, "Crl.O.P.89of2011.pdf": 69.13045729968394, "C.R.P.193of2013.pdf": 132.50004315772753, "I.C.A._4_2017.pdf": 74.89132874132426, "C.P._529_2015.pdf": 5.760871441640328, "hrc_20107-G_2013.pdf": 5.760871441640328, "C.M.A_687_2017.pdf": 5.760871441640328}, "gali": {"Const.P_6of2011.pdf": 21.441497408280654, "c.a._472_2013.pdf": 7.1471658027602185}, "gallon": {"Const.P._38_2016.pdf": 35.735829013801094, "C.A._992_2013.pdf": 7.1471658027602185}, "galvanize": {"SMC15OF2009.pdf": 6.454018622200273, "Const.P.12of2010.pdf": 12.908037244400546, "C.R.P._3_2015.pdf": 6.454018622200273, "CJD_Pakistan_Steel_Mills_Case.pdf": 19.36205586660082}, "gallagher": {"NRO_Judgment.pdf": 7.840312983320164}, "gal": {"NRO_Judgment.pdf": 7.840312983320164}, "galaxy": {"Const.P.12of2010.pdf": 7.840312983320164}, "galore": {"Const.P.12of2010.pdf": 7.840312983320164}, "gala": {"Crl.O.P._154_2017.pdf": 6.741700694652055, "c.a._108_2015.pdf": 6.741700694652055, "SMC.13-2009.pdf": 6.741700694652055}, "galex": {"c.p._1057_2019.pdf": 15.680625966640328}, "gallery": {"HRC-4668of2006.pdf": 7.840312983320164}, "galligan": {"C.A._633_2007.pdf": 7.840312983320164}, "gallant": {"const.p._39_16122019.pdf": 12.908037244400546, "I.C.A._4_2017.pdf": 32.270093111001366, "const.p.39_2019.pdf": 6.454018622200273, "const.p._39_2019.pdf": 12.908037244400546}, "galli": {"c.a._1044_2015.pdf": 28.588663211040874, "c.p._189_q_2017.pdf": 7.1471658027602185}, "galie": {"CMA3258of2013inCP65of09DetailOrder.pdf": 7.840312983320164}, "galloway": {"c.a._317_l_2011.pdf": 7.1471658027602185, "c.p._2270_2023.pdf": 7.1471658027602185}, "galra": {"C.R.P._309_2013.pdf": 7.840312983320164}}