{"gaol": {"C.A._137-K_1976.pdf": 7.840312983320164}, "gaon": {"H.R.C._69229_P_2018.pdf": 7.840312983320164}, "gaoshala": {"C.A._1540_2006.pdf": 31.361251933280656}}