{"gap": {"Const.P._56_2003_E_dt_3-9-15.pdf": 3.577633106278849, "c.r.p._292_2021_sacked_employees.pdf": 3.577633106278849, "c.m.a.4343_2014_etc_with_urdu_translation.pdf": 3.577633106278849, "crl.a._184_2020.pdf": 3.577633106278849, "Const.P.127of2012.pdf": 3.577633106278849, "c.a._1476_2018_urdu.pdf": 3.577633106278849, "ConstitutionPetitionNo21OF2007.pdf": 7.155266212557698, "Crl.A._479_2015.pdf": 7.155266212557698, "Const.P.105-2012-eng-urd.PDF": 3.577633106278849, "crl.a._251_2020.pdf": 3.577633106278849, "Const.P._38_2016.pdf": 7.155266212557698, "Const.P.12of2010.pdf": 10.732899318836546, "Const.P.12of2010Urdu.pdf": 3.577633106278849, "Const.P.33_2013.pdf": 3.577633106278849, "Const.P._29_2016.pdf": 35.776331062788486, "c.p._2243_l_2019.pdf": 3.577633106278849, "Crl.A._275_2011.pdf": 3.577633106278849, "C.P._380_2014_Urdu.pdf": 3.577633106278849, "H.R.C.19of1996[AsgharKhanCase]DetailedReasonsUrduTranslation.pdf": 3.577633106278849, "Crl.A._94_2019.pdf": 10.732899318836546, "REVIEW_P_46&47_2011_full.pdf": 3.577633106278849, "HRC7734-G_1003-GOF2009[UrduTranslation].pdf": 3.577633106278849, "H.R.C.19of1996[AsgharKhanCase]DetailedReasons.pdf": 3.577633106278849, "C.P.796of2007-dt-10-5-2013.pdf": 3.577633106278849, "Const.P.56_2003_U_dt_8-9-2015.pdf": 3.577633106278849, "c.p._3772_2019.pdf": 3.577633106278849, "HRC7734-G_1003-GOF2009[AllegedCorruptionInRentalPowerPlants].pdf": 10.732899318836546, "i.c.a._1_2024_dn_20032024.pdf": 3.577633106278849, "c.r.p._421_2020_dissenting_notes.pdf": 3.577633106278849, "JR_Detailed_Judgment_in_Graduation_Qualification_Case.pdf": 7.155266212557698, "c.a._1618_2019.pdf": 3.577633106278849, "c.a._446_2021.pdf": 7.155266212557698, "JR_Detailed_Judgment_in_Referendum_Case.pdf": 10.732899318836546, "C.A._1208_2011.pdf": 3.577633106278849, "const.p.9_2014_detail_reasons.pdf": 7.155266212557698, "JR_Constitution_Petition_No._15_17-24_and_512_of_2002.pdf": 3.577633106278849, "const.p._17_2020_dissenting_note_hj11.pdf": 3.577633106278849, "Const.P._2_2011.pdf": 3.577633106278849, "Crl.P.200of2009.pdf": 3.577633106278849, "c.r.p._421_2020.pdf": 3.577633106278849, "c.a._1011_2020.pdf": 3.577633106278849, "C.A._467_2015.pdf": 3.577633106278849, "crl.a._398_2020.pdf": 3.577633106278849, "c.p._517_l_2016.pdf": 7.155266212557698, "const.p.5_2011.pdf": 10.732899318836546, "C.A.800Lof2013etc.pdf": 14.310532425115396, "c.p._648_l_2021_detailed.pdf": 7.155266212557698, "c.a._1476_2018.pdf": 10.732899318836546, "c.a._1481_2015.pdf": 3.577633106278849, "c.p._2045_2019.pdf": 3.577633106278849, "cp-733_of_2019_final.pdf": 3.577633106278849, "c.a._1113_2017_dissenting_note.pdf": 10.732899318836546, "crl_r_p.8-l_2013.pdf": 3.577633106278849, "C.A._1242_2013.pdf": 3.577633106278849, "c.a._1113_2017.pdf": 14.310532425115396, "c.a._268_2020.pdf": 3.577633106278849, "Const.P._35_2016_dt_15_12_2017.pdf": 10.732899318836546, "Crl.A.126of2012.pdf": 7.155266212557698, "c.a._491_2012.pdf": 3.577633106278849, "c.p._389_2022.pdf": 3.577633106278849, "C.P._2812_2017.pdf": 3.577633106278849, "Crl.A._199_2011.pdf": 3.577633106278849, "c.a._179_2016.pdf": 3.577633106278849, "C.A._845_2010.pdf": 10.732899318836546, "c.p.1795_2022.pdf": 7.155266212557698, "crl.a._154_l_2013.pdf": 7.155266212557698, "c.p._1600_2021_dt_25_01_2024.pdf": 3.577633106278849, "C.P.784of2014.pdf": 7.155266212557698, "C.M.A._8215_2016.pdf": 7.155266212557698, "crl.a._92_l_2017.pdf": 7.155266212557698, "c.a._17_2020.pdf": 7.155266212557698}, "gape": {"const.p._17_2020_dissenting_note_hj11.pdf": 7.1471658027602185, "Crl.R.P._47_2015.pdf": 7.1471658027602185}}