{"gavel": {"s.m.c._1_2023_27032023.pdf": 7.840312983320164}, "gavaskar": {"crl.p.203-l_2014.pdf": 7.840312983320164}}