{"gawk": {"ConstitutionPetitionNo21OF2007.pdf": 7.840312983320164}, "gawadar": {"c.p._302_2019.pdf": 6.230875070886063, "crl.p._527_2020.pdf": 6.230875070886063, "const.p.37_2012_final.pdf": 6.230875070886063, "crl.p._1143_2019.pdf": 12.461750141772127, "Const.P.77of2010-dt-21-12-2012.pdf": 6.230875070886063}, "gawali": {"const.p._17_2019_detailed_reasoning.pdf": 7.840312983320164}, "gawde": {"const.p._24_2023_f.pdf": 7.840312983320164}}