{"gb": {"Order-DNC-nd-note.pdf": 19.799764901695998, "Const.P._50_2018.pdf": 470.24441641527994, "Const.P._36_2016_dt_15_12_2017.pdf": 4.949941225423999, "Const.P.NO.62OF2010_orderdt06062011.pdf": 4.949941225423999, "smc.24_2010.pdf": 9.899882450847999, "s.m.c._1_2020.pdf": 4.949941225423999, "crl.p._299_2020_01042020.pdf": 49.49941225423999, "s.m.c._1_2020_19052020.pdf": 4.949941225423999, "c.a._840_2017.pdf": 4.949941225423999, "s.m.c._01_2020.pdf": 29.699647352543998, "s.m.c._01_2020_04052020.pdf": 4.949941225423999, "s.m.c._1_2020_20042020.pdf": 4.949941225423999, "s.m.c._1_2020_08062020.pdf": 4.949941225423999, "c.a._1653_2021.pdf": 9.899882450847999, "SMC24-2010.pdf": 4.949941225423999, "s.m.c._1_2020_25062020.pdf": 4.949941225423999, "s.m.c._01_2020_18052020.pdf": 4.949941225423999, "c.m.a._8758_2018_23nov2023.pdf": 9.899882450847999}}