{"gbc": {"Const.P._50_2018.pdf": 6.741700694652055, "Const.P._36_2016_dt_15_12_2017.pdf": 6.741700694652055, "c.a._489_2013l.pdf": 6.741700694652055}}