{"gbps": {"const.p.37_2012_final.pdf": 31.361251933280656}, "gbp": {"const.p._17_2019_detailed_reasoning.pdf": 13.48340138930411, "Const.P._35_2016_dt_15_12_2017.pdf": 33.70850347326027, "c.m.a._8758_2018_23nov2023.pdf": 6.741700694652055}}