{"gcl": {"HRC7734-G_1003-GOF2009[UrduTranslation].pdf": 7.1471658027602185, "c.a._1003_2019.pdf": 7.1471658027602185}}