{"gco": {"C.A._125_K_2016_JPMC_Dissenting_Note.pdf": 7.840312983320164}, "gcod": {"c.p._323_l_2014.pdf": 7.840312983320164}}