{"gcs": {"Const.P.30of2013.pdf": 6.741700694652055, "crl.p._1029_2020.pdf": 13.48340138930411, "crl.p._927_l_2021.pdf": 6.741700694652055}}