{"gd": {"C.A._1079_2011.pdf": 12.908037244400546, "c.p._593_2020.pdf": 19.36205586660082, "c.p._280_k_2019.pdf": 6.454018622200273, "c.p._1896_l_2020.pdf": 6.454018622200273}}