{"gds": {"Const.P.33and34of2005.pdf": 6.741700694652055, "c.a._24_2015.pdf": 47.191904862564385, "c.p._1896_l_2020.pdf": 6.741700694652055}, "gdsdc": {"c.a._902_2020.pdf": 7.840312983320164}}