{"ge": {"CPs.10-18of2011.pdf": 6.230875070886063, "HRC7734-G_1003-GOF2009[UrduTranslation].pdf": 24.923500283544254, "H.R.C.19of1996[AsgharKhanCase]DetailedReasons.pdf": 18.69262521265819, "HRC7734-G_1003-GOF2009[AllegedCorruptionInRentalPowerPlants].pdf": 18.69262521265819, "C.A._2564_2001.pdf": 6.230875070886063}}