{"gec": {"Const.P._56_2003_E_dt_3-9-15.pdf": 7.840312983320164}, "geci": {"Const.P.33_2013.pdf": 7.840312983320164}}