{"gep": {"HRC7734-G_1003-GOF2009[UrduTranslation].pdf": 7.1471658027602185, "HRC7734-G_1003-GOF2009[AllegedCorruptionInRentalPowerPlants].pdf": 7.1471658027602185}, "gepco": {"C.P._3551_2015.pdf": 12.908037244400546, "hrc.14392of2013-01.07.2013.pdf": 6.454018622200273, "c.p._2902_2018.pdf": 6.454018622200273, "c.a._1685_2021.pdf": 32.270093111001366}}