{"gfr": {"Const.P.105-2012-eng-urd.PDF": 90.35626071080382, "const.p.115_2011.pdf": 6.454018622200273, "const.p.20_2013.pdf": 38.72411173320164, "C.M.A.2376of2013inConst.P.105-dt-7-5-13.pdf": 64.54018622200273}, "gfrs": {"Const.P.105-2012-eng-urd.PDF": 7.840312983320164}}