{"gg": {"CMA No.5144of2011.pdf": 7.1471658027602185, "C.A._651_2012.pdf": 7.1471658027602185}}