{"gh": {"C.R.P._125_2014.pdf": 6.741700694652055, "H.R.C.19of1996[AsgharKhanCase]DetailedReasonsUrduTranslation.pdf": 6.741700694652055, "C.R.P.193of2013.pdf": 6.741700694652055}}