{"ghee": {"C.R.P._125_2014.pdf": 26.437954673010104, "c.p._757_l_2021.pdf": 4.406325778835018, "C.A._1084_2008.pdf": 8.812651557670035, "C.P._84-Q_2011.pdf": 8.812651557670035, "c.p._5599_2021.pdf": 4.406325778835018, "C.P._549-P_2015.pdf": 39.65693200951516, "S.M.C._ 26_2007_30062018.pdf": 13.218977336505052, "C.A._633_2007.pdf": 48.4695835671852, "C.A._1171_2017.pdf": 8.812651557670035, "S.M.C._26_2007_04072018.pdf": 13.218977336505052, "c.a._444_2017.pdf": 8.812651557670035, "C.R.P.193of2013.pdf": 26.437954673010104, "c.r.p._421_2020.pdf": 4.406325778835018, "C.P._2066_2013.pdf": 26.437954673010104, "c.a.1540-1599_2013.pdf": 4.406325778835018, "C.R.P._335_2014.pdf": 4.406325778835018, "c.a._513_2014.pdf": 4.406325778835018, "c.a._630_2010.pdf": 4.406325778835018, "c.a._1314_2014.pdf": 4.406325778835018, "C.A.39_2010.pdf": 4.406325778835018, "C.A.404of2011.pdf": 22.03162889417509, "S.M.C._26_2007_02082018.pdf": 17.62530311534007, "c.p._1896_l_2020.pdf": 4.406325778835018, "c.a._1113_2017.pdf": 13.218977336505052, "c.a._1422_2019.pdf": 4.406325778835018, "C.A._1262_2018.pdf": 8.812651557670035, "C.A._1049_2011.pdf": 8.812651557670035, "c.p._1600_2021_dt_25_01_2024.pdf": 4.406325778835018, "C.A._622 _2008.pdf": 8.812651557670035, "c.a._196_p_2014_13062023.pdf": 4.406325778835018, "c.a._1692_2021.pdf": 26.437954673010104}, "ghe": {"c.a._371_2020.pdf": 7.840312983320164}, "ghetto": {"SMC16of2011_detailed_judgment.pdf": 7.840312983320164}, "gheb": {"HRC7734-G_1003-GOF2009[UrduTranslation].pdf": 31.361251933280656}, "ghep": {"HRC7734-G_1003-GOF2009[UrduTranslation].pdf": 7.840312983320164}, "gher": {"c.a._8_l_2009.pdf": 7.840312983320164}, "gheen": {"S.M.C._ 26_2007_30062018.pdf": 13.48340138930411, "S.M.C._26_2007_04072018.pdf": 6.741700694652055, "S.M.C._26_2007_02082018.pdf": 6.741700694652055}, "gheewala": {"c.p._490_k_2020.pdf": 7.840312983320164}, "ghenoky": {"C.M.A._6250_2018.PDF": 7.840312983320164}}