{"ghira": {"C.A._219-L_2015.pdf": 7.1471658027602185, "Crl.A._609_2014.pdf": 7.1471658027602185}, "ghizer": {"Const.P._50_2018.pdf": 7.840312983320164}, "ghiyas": {"cng_prices_order_21-12-12-alongwith_translation.pdf": 7.1471658027602185, "Const.P.33and34of2005.pdf": 14.294331605520437}, "ghiya": {"c.p._2243_l_2019.pdf": 7.840312983320164}, "ghib": {"HRC7734-G_1003-GOF2009[UrduTranslation].pdf": 15.680625966640328}, "ghiasuddin": {"smc.24_2010.pdf": 7.840312983320164}, "ghias": {"Const.P.115-2012etc.pdf": 7.1471658027602185, "const.p.20_2013.pdf": 14.294331605520437}, "ghisa": {"c.a._1476_2018.pdf": 7.840312983320164}}