{"ghq": {"NRO_Judgment.pdf": 14.849823676271999, "Const.P.12of2010.pdf": 4.949941225423999, "Const.P.77of2010dt-08.09.2012[UrduTranslation].pdf": 4.949941225423999, "H.R.C.19of1996[AsgharKhanCase]DetailedReasonsUrduTranslation.pdf": 34.649588577968, "const.p._24_to_26_of_2023_04072023.pdf": 4.949941225423999, "smc.24_2010.pdf": 4.949941225423999, "H.R.C.19of1996[AsgharKhanCase]DetailedReasons.pdf": 39.599529803391995, "const.p.1_ 2012_etc.pdf": 9.899882450847999, "CMA No.5144of2011.pdf": 14.849823676271999, "C.A._1184_2011.pdf": 14.849823676271999, "const.p._39_16122019.pdf": 9.899882450847999, "c.p._517_l_2016.pdf": 4.949941225423999, "S.M.C._3_2018.pdf": 4.949941225423999, "const.p._24_2023_f.pdf": 4.949941225423999, "c.a._1167_2020.pdf": 4.949941225423999, "const.p._39_2019.pdf": 9.899882450847999, "Crl.A._218_2015.pdf": 9.899882450847999, "c.a._1191_2016.pdf": 4.949941225423999}}