{"ghss": {"const.p.37_2012_final.pdf": 21.441497408280654, "C.R.P._70_2018_dt_7_4_2018.pdf": 14.294331605520437}}