{"gian": {"c.r.p._292_2021_sacked_employees.pdf": 7.1471658027602185, "c.a._ 870_2020.pdf": 14.294331605520437}, "giant": {"C.R.P._297_2017_Reserved.pdf": 5.760871441640328, "C.P.796of2007-UrduTranslation-dt-10-5-2013.pdf": 5.760871441640328, "Const.P._29_2016_28072016.pdf": 5.760871441640328, "Const.P.12of2010.pdf": 11.521742883280655, "Const.P._29_2016.pdf": 5.760871441640328, "C.P.796of2007-dt-10-5-2013.pdf": 5.760871441640328, "const.p._2_2022_14102022.pdf": 11.521742883280655, "CPs987-989OF2011-DT19.10.2011.pdf": 5.760871441640328}}