{"gift": {"C.A._219-L_2015.pdf": 6.615426980333816, "c.a._1476_2018_urdu.pdf": 3.307713490166908, "report_128_k_2021.pdf": 3.307713490166908, "ConstitutionPetitionNo21OF2007.pdf": 3.307713490166908, "c.a._219_2015.pdf": 6.615426980333816, "Const.P.105-2012-eng-urd.PDF": 6.615426980333816, "C.R.P._297_2017_Reserved.pdf": 3.307713490166908, "const.p.42of2011(UrduVersion).pdf": 3.307713490166908, "C.A._634_L_2012.pdf": 297.69421411502174, "Const.P._29_2016_28072016.pdf": 3.307713490166908, "c.a._53_2015.pdf": 16.53856745083454, "c.p._3224_2019.pdf": 6.615426980333816, "Const.P.12of2010.pdf": 3.307713490166908, "const.p.42of2011.pdf": 6.615426980333816, "Const.P._29_2016.pdf": 310.92506807568935, "c.a._1498_2016.pdf": 152.15482054767776, "C.A._697_2008.pdf": 43.0002753721698, "Const.P._36_2016_dt_15_12_2017.pdf": 16.53856745083454, "c.a._95_p_2014.pdf": 3.307713490166908, "c.p._1289_2020.pdf": 9.923140470500725, "smc.11_2011.pdf": 3.307713490166908, "Const.P.77-78-79 [Memogate]DetailedOrder.pdf": 3.307713490166908, "c.p._154_2019.pdf": 6.615426980333816, "C.A._514_2008.pdf": 3.307713490166908, "CJD_Reference by_the_President_of_Pakistan_under_Article_186.pdf": 3.307713490166908, "c.p._2144_l_2011.pdf": 112.46225866567488, "c.a._1348_2014.pdf": 181.92424195917994, "c.p._3645_2015.pdf": 46.307988862336714, "C.A._176_2015.pdf": 6.615426980333816, "crl.m.a._62_p_2018.pdf": 3.307713490166908, "c.p._1998_2018.pdf": 3.307713490166908, "c.a._46_p_2020.pdf": 19.84628094100145, "C.P._1728_L_2018.pdf": 33.07713490166908, "c.p._211_q_2017.pdf": 3.307713490166908, "c.a._1551_2017.pdf": 86.0005507443396, "c.p._386_l_2021.pdf": 3.307713490166908, "c.p._262_p_2017.pdf": 6.615426980333816, "c.p._1877_l_2016.pdf": 9.923140470500725, "c.a._1295_2019.pdf": 9.923140470500725, "Crl.M.A_183_2019.pdf": 3.307713490166908, "const.p._17_2020_dissenting_note_hj11.pdf": 3.307713490166908, "H.R.C._69229_P_2018.pdf": 3.307713490166908, "c.p._1950_l_2018.pdf": 95.92369121484033, "crl.a_01_l_2015.pdf": 3.307713490166908, "C.A._774_2013.pdf": 6.615426980333816, "c.p._4349_2018.pdf": 122.3853991361756, "C.A._1540_2006.pdf": 3.307713490166908, "const.p._17_2019_detailed_reasoning.pdf": 3.307713490166908, "C.P._160-K_2016.pdf": 3.307713490166908, "c.a._42_p_2016.pdf": 3.307713490166908, "c.p._957_2020.pdf": 59.538842823004344, "Crl.M.A._200_2019.pdf": 3.307713490166908, "c.p._4459_2018.pdf": 43.0002753721698, "c.p._1591_l_2017.pdf": 3.307713490166908, "C.A._794_2006.pdf": 6.615426980333816, "c.p._1077_2018.pdf": 29.769421411502172, "c.p._1831_2017.pdf": 3.307713490166908, "c.p._1647_2018.pdf": 416.7718997610304, "c.a._1127_2011.pdf": 33.07713490166908, "c.a._271_2015.pdf": 26.461707921335265, "c.a._139_p_2013.pdf": 95.92369121484033, "c.a._2613_2016.pdf": 72.76969678367198, "const.p._17_2020_dissenting_note_hj4.pdf": 3.307713490166908, "c.a._190_2015.pdf": 3.307713490166908, "c.a._2121_2017.pdf": 92.61597772467343, "c.a._25_q_2018_dt_25_01_2024.pdf": 16.53856745083454, "c.a._81_k_2022.pdf": 9.923140470500725, "c.a._152_2019.pdf": 16.53856745083454, "Const.P._35_2016_dt_15_12_2017.pdf": 79.3851237640058, "c.p._1319_2020.pdf": 119.07768564600869, "C.A.401_2011.pdf": 3.307713490166908, "SMCNo25of2009.pdf": 6.615426980333816, "c.p._2711_2019.pdf": 29.769421411502172, "c.a._130_2016.pdf": 6.615426980333816, "c.p._659_2019.pdf": 99.23140470500724, "c.a._179_2016.pdf": 3.307713490166908, "c.p._2144_2016.pdf": 26.461707921335265, "const.p._6_2023_addl_n.pdf": 3.307713490166908, "c.a._2015_2022.pdf": 3.307713490166908, "c.a._97_2003.pdf": 6.615426980333816, "C.P._357_2016.pdf": 6.615426980333816, "c.p._962_2016 .pdf": 3.307713490166908, "C.A._475-L_2010.pdf": 3.307713490166908, "CJD_Pakistan_Steel_Mills_Case.pdf": 3.307713490166908, "c.p._2414_l_2015.pdf": 19.84628094100145, "j.p._462_2016.pdf": 3.307713490166908, "c.a._419_2011.pdf": 3.307713490166908, "c.p._3249_2015.pdf": 72.76969678367198, "crl.a.264_2006.pdf": 3.307713490166908, "c.a._404_2014.pdf": 66.15426980333817, "c.p._1824_2019.pdf": 3.307713490166908, "c.a._1300_2019.pdf": 9.923140470500725, "c.a._10_q_2021.pdf": 6.615426980333816}}