{"gig": {"c.p._1347_2019.pdf": 7.840312983320164}, "gigyani": {"crl.p._104_p_2023.pdf": 6.741700694652055, "crl.p._188_p_2023.pdf": 6.741700694652055, "crl.p._149_p_2023.pdf": 6.741700694652055}, "gigi": {"c.p._490_k_2020.pdf": 7.840312983320164}, "gigantic": {"const.p.115_2011.pdf": 7.840312983320164}, "giga": {"s.m.c._01_2020_18052020.pdf": 7.840312983320164}}