{"gist": {"Crl.A._24_2010.pdf": 3.6506582412937387, "Const.P.127of2012.pdf": 3.6506582412937387, "CPs.10-18of2011.pdf": 7.3013164825874775, "Crl.O.P._09_2018.pdf": 18.253291206468695, "SMC15OF2009.pdf": 3.6506582412937387, "Const.P.40of2012-DetailJudgment[UrduTranslation]-dt-3.7.2012.pdf": 3.6506582412937387, "Const.P.12of2010.pdf": 3.6506582412937387, "cma_2774_2014_in_const.p.51_2010_dt_22.05.14.pdf": 3.6506582412937387, "Const.P._29_2016.pdf": 3.6506582412937387, "c.p._2243_l_2019.pdf": 10.951974723881216, "crl.a._599_2020_26032021.pdf": 7.3013164825874775, "Const.P._36_2016_dt_15_12_2017.pdf": 3.6506582412937387, "Ref.01_2012_addl.note_HJ.ejaz_afzal_khan.pdf": 3.6506582412937387, "s.m.c._1_2022_detailed.pdf": 7.3013164825874775, "I.C.A._7_2018.pdf": 3.6506582412937387, "crl.a._95_2019.pdf": 3.6506582412937387, "REVIEW_P_46&47_2011_full.pdf": 7.3013164825874775, "CP778-779.pdf": 3.6506582412937387, "smc.11_2011.pdf": 7.3013164825874775, "Const.P.77-78-79 [Memogate]DetailedOrder.pdf": 3.6506582412937387, "c.p.614_p_2022.pdf": 3.6506582412937387, "const.p._24_2023_an_10012024_r.pdf": 3.6506582412937387, "c.p._175_k_2022.pdf": 3.6506582412937387, "c.p._3645_2015.pdf": 3.6506582412937387, "crl.p._290_l_2015.pdf": 3.6506582412937387, "c.p._405_2020.pdf": 3.6506582412937387, "c.p._510_2019.pdf": 3.6506582412937387, "C.P._78_K_2015.pdf": 3.6506582412937387, "c.a._1241_2013.pdf": 3.6506582412937387, "C.A._1171_2017.pdf": 3.6506582412937387, "const.p.9_2014_detail_reasons.pdf": 3.6506582412937387, "c.a._444_2017.pdf": 3.6506582412937387, "c.p._860_2019.pdf": 3.6506582412937387, "const.p._17_2019_detailed_reasoning.pdf": 7.3013164825874775, "const.p._21_2023_11082023.pdf": 7.3013164825874775, "c.a._1011_2020.pdf": 3.6506582412937387, "c.p._1775_2022.pdf": 3.6506582412937387, "c.a.1540-1599_2013.pdf": 3.6506582412937387, "c.p._677_k_2019.pdf": 3.6506582412937387, "C.A._424_2015.pdf": 3.6506582412937387, "s.m.c._4_2021_11032024.pdf": 3.6506582412937387, "c.p._2222_2019.pdf": 3.6506582412937387, "c.p._152_2022.pdf": 7.3013164825874775, "c.p._1133_l_2016.pdf": 3.6506582412937387, "const.p._24_2023_f.pdf": 3.6506582412937387, "crl.a._120_2019.pdf": 3.6506582412937387, "C.A.39_2010.pdf": 3.6506582412937387, "crl.p._225_2023.pdf": 3.6506582412937387, "crl.p._207_2023.pdf": 3.6506582412937387, "C.M.A._2593_2008.pdf": 3.6506582412937387, "c.p._2314_2022.pdf": 7.3013164825874775, "c.p._3209_2019.pdf": 3.6506582412937387, "Const.P._35_2016_dt_15_12_2017.pdf": 3.6506582412937387, "crl.p._13_k_2023.pdf": 3.6506582412937387, "c.p._6117_2021.pdf": 3.6506582412937387, "const.p._6_2023_addl_n.pdf": 3.6506582412937387, "C.P.784of2014.pdf": 3.6506582412937387, "C.A._150_2006.pdf": 3.6506582412937387, "c.r.p._432_k_2022.pdf": 3.6506582412937387, "H.R.C._10842_P_2018.pdf": 7.3013164825874775, "crl.p._52_k_2023.pdf": 3.6506582412937387, "c.p._342_k_2020.pdf": 3.6506582412937387, "crl.a._39_k_2022.pdf": 3.6506582412937387, "c.a._1692_2021.pdf": 18.253291206468695, "crl.p._950_2021.pdf": 3.6506582412937387, "s.m.c._1_2022_note_hj4.pdf": 3.6506582412937387}, "gisi": {"H.R.C.19of1996[AsgharKhanCase]DetailedReasonsUrduTranslation.pdf": 7.840312983320164}, "gishu": {"crl.p._1667_2021.pdf": 7.840312983320164}, "gis": {"S.M.C._19_2016.pdf": 6.454018622200273, "c.p._1290_l_2019.pdf": 6.454018622200273, "smc.16of2011.pdf": 58.08616759980246, "smc_16_2011_24.02.2014.pdf": 6.454018622200273}}