{"gizri": {"SMC16of2011_detailed_judgment.pdf": 7.1471658027602185, "c.a._639_2014.pdf": 7.1471658027602185}}