{"gki": {"const.p._9_2010_27122021.pdf": 6.741700694652055, "const.p._9_2010.pdf": 6.741700694652055, "const.p._9_2010_28122021.pdf": 6.741700694652055}}