{"glean": {"Const.P.105-2012-eng-urd.PDF": 4.949941225423999, "c.a.149-150_2010.pdf": 4.949941225423999, "CP778-779.pdf": 4.949941225423999, "Crl.P.163_to_171_S.M.C.5_2005.pdf": 4.949941225423999, "i.c.a._1_2024_dn_20032024.pdf": 4.949941225423999, "C.A._1149_2015.pdf": 4.949941225423999, "C.A._1184_2011.pdf": 4.949941225423999, "c.a._433_2015.pdf": 4.949941225423999, "Const.P._29_2017.pdf": 4.949941225423999, "C.P._842_2016.pdf": 4.949941225423999, "c.p._2_2022_dissenting_note.pdf": 4.949941225423999, "const.p._6_2023_dt_05_01_2023.pdf": 4.949941225423999, "Const.P.91of2011Dt-23-8-2012.pdf": 4.949941225423999, "C.A._1242_2013.pdf": 4.949941225423999, "crl.a._437_2020.pdf": 4.949941225423999, "crl.p._53_q_2020.pdf": 4.949941225423999, "C.P._3228_2015.pdf": 4.949941225423999, "crl.p._950_2021.pdf": 4.949941225423999}, "glenrothe": {"Const.P._29_2016.pdf": 7.840312983320164}, "glenister": {"s.m.c._1_2022_detailed.pdf": 7.840312983320164}, "glenn": {"c.a._997_2010.pdf": 7.840312983320164}, "glen": {"c.a._997_2010.pdf": 7.840312983320164}}