{"glory": {"Crl.O.P._09_2018.pdf": 9.409637534782028, "Const.P.105-2012-eng-urd.PDF": 9.409637534782028, "S.M.C._28_2018.pdf": 4.704818767391014, "Const.P.12of2010.pdf": 4.704818767391014, "cma_2774_2014_in_const.p.51_2010_dt_22.05.14.pdf": 4.704818767391014, "H.R.C.19of1996[AsgharKhanCase]DetailedReasonsUrduTranslation.pdf": 4.704818767391014, "s.m.c._1_2022_detailed.pdf": 4.704818767391014, "I.C.A._7_2018.pdf": 4.704818767391014, "c.p._1347_2019.pdf": 4.704818767391014, "H.R.C.19of1996[AsgharKhanCase]DetailedReasons.pdf": 4.704818767391014, "Crl.A._39_L_2015_Urdu.pdf": 4.704818767391014, "c.p._3506_2020.pdf": 4.704818767391014, "c.p._2_2022_dissenting_note2.pdf": 4.704818767391014, "const.p.37_2012_final.pdf": 4.704818767391014, "C.P._145_2015.pdf": 4.704818767391014, "Const.P.50-69of2011.pdf": 4.704818767391014, "ICA3,4,6TO11of2011dt2011.04.pdf": 4.704818767391014, "Crl.O.P.6of2012.pdf": 4.704818767391014, "HR8340OF2010.pdf": 4.704818767391014, "S.M.C._7_2017_06022019.pdf": 9.409637534782028, "C.M.A._8215_2016.pdf": 4.704818767391014, "C.M.A.2376of2013inConst.P.105-dt-7-5-13.pdf": 4.704818767391014, "CPs987-989OF2011-DT19.10.2011.pdf": 4.704818767391014}, "gloucester": {"C.R.P._297_2017_Reserved.pdf": 7.1471658027602185, "Const.P._29_2016_28072016.pdf": 7.1471658027602185}, "globe": {"crl.s.m.r.p._84_2018.pdf": 5.007099639263948, "Crl.A._39_L_2015.pdf": 5.007099639263948, "NRO_Judgment.pdf": 5.007099639263948, "Const.P.12of2010.pdf": 5.007099639263948, "Const.P.33_2013.pdf": 5.007099639263948, "smc_1_2014.pdf": 15.021298917791842, "s.m.c._4_2022.pdf": 5.007099639263948, "crl.p._299_2020_07042020.pdf": 5.007099639263948, "C.A._1560_2008.pdf": 5.007099639263948, "c.p._1290_l_2019.pdf": 5.007099639263948, "C.A._280-L_2009.pdf": 5.007099639263948, "S.M.C._03_2017.pdf": 5.007099639263948, "c.a._ 870_2020.pdf": 10.014199278527895, "c.a._827_2020.pdf": 5.007099639263948, "c.p._2459_2017.pdf": 5.007099639263948, "c.m.a._1243_2021_04042022.pdf": 5.007099639263948, "c.a._1547_2019.pdf": 5.007099639263948}, "global": {"crl.a._251_2020.pdf": 3.779869972773745, "Const.P._134_2012.pdf": 3.779869972773745, "Const.P_6of2011.pdf": 3.779869972773745, "c.p._3637_2019.pdf": 3.779869972773745, "SMC15OF2009.pdf": 7.55973994554749, "Crl.A._39_L_2015.pdf": 3.779869972773745, "CPLA_796_2007_ETC_SHORT_ORDER_REKO_DIQ_CASE.pdf": 3.779869972773745, "Const.P.NO.62OF2010_orderdt06062011.pdf": 7.55973994554749, "crl.p._916_l_2021.pdf": 3.779869972773745, "SMC16of2011_detailed_judgment.pdf": 7.55973994554749, "crl.a._95_2019.pdf": 7.55973994554749, "c.p._1347_2019.pdf": 3.779869972773745, "smc_1_2014.pdf": 7.55973994554749, "C.P.796of2007-dt-10-5-2013.pdf": 7.55973994554749, "C.P._45_2015.pdf": 11.339609918321234, "c.a._71_p_2014.pdf": 3.779869972773745, "c.a._71_p_2014_urdu.pdf": 3.779869972773745, "const.p._24_2023_an_10012024_r.pdf": 7.55973994554749, "SMC5of2012-2dt[07-06-2012].pdf": 3.779869972773745, "c.p._943_k_2022.pdf": 22.679219836642467, "HRC-4668of2006.pdf": 3.779869972773745, "JR_Detailed_Judgment_in_Referendum_Case.pdf": 3.779869972773745, "crl.p._299_2020_07042020.pdf": 3.779869972773745, "C.A._27_2009.pdf": 3.779869972773745, "c.p._1290_l_2019.pdf": 7.55973994554749, "c.p._3282_l_2022.pdf": 3.779869972773745, "C.A._448_2014_DJ.pdf": 3.779869972773745, "c.p._55_2020.pdf": 3.779869972773745, "C.A._280-L_2009.pdf": 3.779869972773745, "c.p._3347_2021.pdf": 3.779869972773745, "Const.P._2_2011.pdf": 3.779869972773745, "const.p.37_2012_final.pdf": 3.779869972773745, "c.p._5178_2021.pdf": 11.339609918321234, "c.p._414_2021.pdf": 7.55973994554749, "C.P._145_2015.pdf": 11.339609918321234, "c.a._513_2014.pdf": 3.779869972773745, "S.M.C._2_2018.pdf": 3.779869972773745, "const.p._42_2022_07032024.pdf": 18.899349863868725, "const.p._24_2023_f.pdf": 7.55973994554749, "const.p._64_2013.pdf": 3.779869972773745, "C.P._1707_2018.pdf": 3.779869972773745, "CMA2745of2009etc.pdf": 7.55973994554749, "c.p._280_k_2019.pdf": 3.779869972773745, "C.R.P._561_2015.pdf": 7.55973994554749, "c.a._329_2022.pdf": 3.779869972773745, "Const.P._35_2016_dt_15_12_2017.pdf": 3.779869972773745, "c.p._389_2022.pdf": 3.779869972773745, "Const.P._134_2012_21012019.pdf": 7.55973994554749, "C.A.876-879of2005.pdf": 3.779869972773745, "H.R.C._17599_2018.pdf": 26.459089809416213, "c.m.a._8758_2018_23nov2023.pdf": 11.339609918321234, "c.a._722_2012.pdf": 11.339609918321234, "c.r.p._432_k_2022.pdf": 3.779869972773745, "c.p._4729_2019.pdf": 3.779869972773745, "c.a._477_2021.pdf": 3.779869972773745, "c.a._1547_2019.pdf": 11.339609918321234, "CJD_Pakistan_Steel_Mills_Case.pdf": 18.899349863868725, "Const.P.5and15-HRC14144-DetailedReasons.pdf": 52.918179618832426}, "glove": {"c.p._1331_l_2017.pdf": 6.454018622200273, "j.p._147_2016.pdf": 58.08616759980246, "s.m.c._1_2020.pdf": 6.454018622200273, "c.p._1542_2017.pdf": 6.454018622200273}, "glorification": {"Crl.A._39_L_2015.pdf": 13.48340138930411, "C.P._45_2015.pdf": 6.741700694652055, "C.P._145_2015.pdf": 6.741700694652055}, "globally": {"Crl.A._39_L_2015.pdf": 5.537727890326118, "NRO_Judgment.pdf": 5.537727890326118, "C.P._45_2015.pdf": 5.537727890326118, "const.p._21_2022_15092023.pdf": 5.537727890326118, "const.p._24_2017.pdf": 5.537727890326118, "crl.p._863_l_2021.pdf": 5.537727890326118, "CMA No.5144of2011.pdf": 5.537727890326118, "c.p._1290_l_2019.pdf": 5.537727890326118, "C.P._145_2015.pdf": 5.537727890326118, "c.p._2459_2017.pdf": 5.537727890326118}, "gloss": {"Const.P.12of2010.pdf": 23.04348576656131, "c.a._782_2014.pdf": 5.760871441640328, "Const.P.77-78-79 [Memogate]DetailedOrder.pdf": 5.760871441640328, "const.p._24_2023_f.pdf": 5.760871441640328, "c.a._1498_2018.pdf": 40.326100091482296, "c.p._280_k_2019.pdf": 5.760871441640328, "C.M.A._376-K_2014.pdf": 5.760871441640328, "CMA.2243-2010.pdf": 5.760871441640328}, "glorious": {"Const.P.12of2010.pdf": 10.884835421043586, "Const.P.77of2012[DetailedOrderFinal].pdf": 5.442417710521793, "c.p._4129_2019.pdf": 5.442417710521793, "C.M.A._3704_2015.pdf": 5.442417710521793, "SMC5of2012-1dt[07-06-2012].pdf": 5.442417710521793, "c.a._908_2015.pdf": 5.442417710521793, "Const.P.22of2013.pdf": 5.442417710521793, "ConstP.No.53of2007andConst.P.83of2012.pdf": 5.442417710521793, "C.M.A._8215_2016.pdf": 10.884835421043586, "Const.P.5and15-HRC14144-DetailedReasons.pdf": 5.442417710521793, "c.p._3718_2023.pdf": 5.442417710521793}, "glorify": {"Const.PetitionNo.77of2010_12.10.2012.pdf": 5.355406333532164, "Urdu-Const.P-77-2010-12.10.2012.pdf": 5.355406333532164, "H.R.C.19of1996[AsgharKhanCase]DetailedReasons.pdf": 5.355406333532164, "C.P._45_2015.pdf": 10.710812667064328, "i.c.a._1_2024_dn_20032024.pdf": 5.355406333532164, "c.a._130_2021.pdf": 5.355406333532164, "c.p._3506_2020.pdf": 5.355406333532164, "crl.p._91_k_2020.pdf": 5.355406333532164, "const.p._17_2020_dissenting_note_hj11.pdf": 5.355406333532164, "c.p._1743_2020_03032023.pdf": 5.355406333532164, "C.P._145_2015.pdf": 5.355406333532164, "c.p._2_2022_dissenting_note.pdf": 5.355406333532164}, "globalized": {"smc_1_2014.pdf": 7.1471658027602185, "Const.P.5and15-HRC14144-DetailedReasons.pdf": 7.1471658027602185}, "glow": {"smc_1_2014.pdf": 7.1471658027602185, "j.p._154_2016.pdf": 7.1471658027602185}, "globalization": {"C.P.796of2007-dt-10-5-2013.pdf": 6.741700694652055, "S.M.C._3_2018.pdf": 6.741700694652055, "S.M.C._8_2018.pdf": 6.741700694652055}, "globalisation": {"C.P.796of2007-dt-10-5-2013.pdf": 7.1471658027602185, "Const.P._134_2012_21012019.pdf": 7.1471658027602185}, "glorex": {"C.A._1563_2014.pdf": 15.680625966640328}, "gloomy": {"const.p.115_2011.pdf": 7.840312983320164}, "globalchange": {"c.p._3347_2021.pdf": 7.840312983320164}, "glossy": {"c.a._1095_2018_13092019.pdf": 7.840312983320164}, "glover": {"c.a._1476_2018.pdf": 7.840312983320164}, "globaco": {"C.P._1707_2018.pdf": 47.04187789992098}, "glossing": {"c.p._280_k_2019.pdf": 7.1471658027602185, "CMA.2243-2010.pdf": 7.1471658027602185}, "globalforestwatch": {"c.a._329_2022.pdf": 7.840312983320164},