{"glr": {"C.A._1129_2013.pdf": 6.741700694652055, "c.p._211_q_2017.pdf": 6.741700694652055, "c.p._3747_2023.pdf": 6.741700694652055}}