{"glue": {"C.P._1728_L_2018.pdf": 7.840312983320164}, "glucksberg": {"const.p._2_2022_14102022.pdf": 7.840312983320164}, "glut": {"C.A._1242_2013.pdf": 15.680625966640328}, "gluten": {"C.A._1242_2013.pdf": 7.840312983320164}}