{"gms": {"C.A._633_2007.pdf": 7.1471658027602185, "const.p.37_2012_final.pdf": 7.1471658027602185}}