{"goebellion": {"const.p._17_2020_dissenting_note_hj4.pdf": 7.840312983320164}, "goebbelsian": {"C.M.A._376-K_2014.pdf": 7.840312983320164}, "goenka": {"Const.P._35_2016_dt_15_12_2017.pdf": 7.840312983320164}, "goerner": {"Const.P.5and15-HRC14144-DetailedReasons.pdf": 7.840312983320164}}