{"goff": {"CP778-779.pdf": 7.1471658027602185, "C.A._552_2015.pdf": 7.1471658027602185}}