{"gojer": {"C.A._503_2006.pdf": 7.840312983320164}, "gojra": {"HRC7734-G_1003-GOF2009[UrduTranslation].pdf": 5.537727890326118, "HRC7734-G_1003-GOF2009[AllegedCorruptionInRentalPowerPlants].pdf": 11.075455780652236, "c.a._840_2017.pdf": 5.537727890326118, "crl.p._1549_2021.pdf": 5.537727890326118, "j.p._34_2020.pdf": 5.537727890326118, "crl.p._445_l_2020.pdf": 5.537727890326118, "Crl.P._488_2015.pdf": 5.537727890326118, "C.A.876-879of2005.pdf": 5.537727890326118, "crl.a._154_l_2013.pdf": 27.68863945163059, "c.a._1005_2009.pdf": 11.075455780652236}}