{"gokaraju": {"C.R.P._49_2016.pdf": 7.1471658027602185, "c.a._803_2016.pdf": 7.1471658027602185}, "gokula": {"Const.P.No.33and34of2005-dt-27-6-2013.pdf": 7.840312983320164}, "gokhale": {"CMA2745of2009etc.pdf": 7.840312983320164}}