{"gold": {"c.r.p._292_2021_sacked_employees.pdf": 7.394356513857263, "c.a._1476_2018_urdu.pdf": 3.6971782569286313, "SMC5of2012[UrduVersion]dt16-6-2012.pdf": 11.091534770785895, "C.P.796of2007-UrduTranslation-dt-10-5-2013.pdf": 29.57742605542905, "crl.a._251_2020.pdf": 3.6971782569286313, "C.R.P._49_2016.pdf": 11.091534770785895, "SMC15OF2009.pdf": 7.394356513857263, "Crl.A._190_2016.pdf": 3.6971782569286313, "Const.P.12of2010.pdf": 11.091534770785895, "C.A._104-L_2015.pdf": 3.6971782569286313, "Const.P.12of2010Urdu.pdf": 3.6971782569286313, "j.p._405_2021.pdf": 11.091534770785895, "Const.P._29_2016.pdf": 7.394356513857263, "CPLA_796_2007_ETC_SHORT_ORDER_REKO_DIQ_CASE.pdf": 96.12663468014442, "j.p._147_2016.pdf": 70.246386881644, "c.p._1289_2020.pdf": 25.88024779850042, "C.P.796of2007-dt-10-5-2013.pdf": 188.5560911033602, "c.p._154_2019.pdf": 14.788713027714525, "crl.p._143_k_2020.pdf": 3.6971782569286313, "Crl.A._301_L_2017.pdf": 3.6971782569286313, "S.M.C._18_2016.pdf": 3.6971782569286313, "c.p._2865_2022.pdf": 11.091534770785895, "crl.p._188_p_2023.pdf": 3.6971782569286313, "c.a._2150_2019.pdf": 11.091534770785895, "c.p._4129_2019.pdf": 3.6971782569286313, "Crl.A._6-P_2015.pdf": 3.6971782569286313, "c.p._55_2020.pdf": 11.091534770785895, "c.a._1227_2016.pdf": 22.18306954157179, "crl.p._1303_2021.pdf": 3.6971782569286313, "crl.p._513_2020.pdf": 3.6971782569286313, "c.p._3286_2017.pdf": 3.6971782569286313, "C.A._1352_2013.pdf": 11.091534770785895, "reference._2_2022.pdf": 11.091534770785895, "c.a._458_2017.pdf": 44.36613908314358, "c.a._1476_2018.pdf": 14.788713027714525, "c.p._2608_2019.pdf": 3.6971782569286313, "C.P._4876_2018.pdf": 3.6971782569286313, "J.P._217_2017.pdf": 7.394356513857263, "smc.16of2011.pdf": 7.394356513857263, "Crl.P._488_2015.pdf": 3.6971782569286313, "crl.a._48_2021.pdf": 3.6971782569286313, "I.C.A._4_2017.pdf": 7.394356513857263, "c.a._354_2020.pdf": 7.394356513857263, "CJD_Constitution_Petition_No_36_of_2005.pdf": 3.6971782569286313, "c.p._3209_2019.pdf": 11.091534770785895, "c.a._2186_2017.pdf": 11.091534770785895, "c.a._94_2008.pdf": 3.6971782569286313, "c.p._1278_k_2023.pdf": 3.6971782569286313, "c.p._1451_2020.pdf": 11.091534770785895, "C.A._1050_2009.pdf": 14.788713027714525, "c.p._6117_2021.pdf": 3.6971782569286313, "C.P._3095_2017.pdf": 7.394356513857263, "s.m.c._01_2020_18052020.pdf": 3.6971782569286313, "C.P._3912_2016.pdf": 22.18306954157179, "c.p._4690_2018.pdf": 22.18306954157179, "C.P.796of2007.pdf": 3.6971782569286313, "c.p._1285_2020.pdf": 3.6971782569286313, "c.r.p._432_k_2022.pdf": 3.6971782569286313, "Crl.P._100_2017.pdf": 3.6971782569286313, "c.a._2797_2022.pdf": 3.6971782569286313, "ref._2_2022_13092023.pdf": 7.394356513857263, "crl.p._464_2020.pdf": 3.6971782569286313, "c.m.a._8758_2018.pdf": 3.6971782569286313}, "golden": {"c.r.p._292_2021_sacked_employees.pdf": 20.51321682518398, "Const.P.127of2012.pdf": 8.205286730073592, "ConstitutionPetitionNo21OF2007.pdf": 12.307930095110388, "c.a._219_2015.pdf": 4.102643365036796, "Const.P.105-2012-eng-urd.PDF": 4.102643365036796, "C.R.P._49_2016.pdf": 4.102643365036796, "Crl.A._39_L_2015.pdf": 4.102643365036796, "Const.P.12of2010.pdf": 12.307930095110388, "Const.P.12of2010Urdu.pdf": 4.102643365036796, "S.M.C._20_2016.pdf": 4.102643365036796, "Const.P._29_2016.pdf": 4.102643365036796, "Const.P.77of2012[DetailedOrderFinal].pdf": 4.102643365036796, "c.p._4599_2017.pdf": 4.102643365036796, "C.P._380_2014_Urdu.pdf": 4.102643365036796, "j.p._147_2016.pdf": 8.205286730073592, "SMC16of2011_detailed_judgment.pdf": 4.102643365036796, "I.C.A._7_2018.pdf": 4.102643365036796, "Crl.A._39_L_2015_Urdu.pdf": 4.102643365036796, "c.p._154_2019.pdf": 4.102643365036796, "JR_Judgment_on_17th_Amendmend_and_Presidents_Uniform_Case.pdf": 4.102643365036796, "CJD_Reference by_the_President_of_Pakistan_under_Article_186.pdf": 4.102643365036796, "crp.328-329_2013.pdf": 4.102643365036796, "Crl.A._382_2011.pdf": 4.102643365036796, "C.A._1406_2016.pdf": 4.102643365036796, "const.p.1_ 2012_etc.pdf": 4.102643365036796, "c.p._1417_2022.pdf": 4.102643365036796, "JR_Detailed_Judgment_in_Graduation_Qualification_Case.pdf": 4.102643365036796, "c.r.p._296_2020_04022022.pdf": 4.102643365036796, "j.p._403_2018.pdf": 12.307930095110388, "const.p.115_2011.pdf": 4.102643365036796, "C.A.800Lof2013etc.pdf": 4.102643365036796, "const.p._6_2023_dt_05_01_2023.pdf": 8.205286730073592, "crl.a._120_2019.pdf": 4.102643365036796, "c.p._1336_l_2021.pdf": 4.102643365036796, "crl.p_1124_l_2015.pdf": 8.205286730073592, "Const.P.22of2013.pdf": 4.102643365036796, "C.R.P._70_2018_dt_7_4_2018.pdf": 4.102643365036796, "c.p._803_2019.pdf": 4.102643365036796, "Crl.P._1099_2016.pdf": 4.102643365036796, "C.P._3078_2016_D.pdf": 53.33436374547835, "Crl.A._17_P_2013.pdf": 4.102643365036796, "Const.P.5and15-HRC14144-DetailedReasons.pdf": 4.102643365036796}, "golak": {"Const.P.127of2012.pdf": 6.741700694652055, "C.R.P._49_2016.pdf": 6.741700694652055, "Const.P.12of2010.pdf": 141.57571458769314}, "goli": {"c.a._1476_2018_urdu.pdf": 7.840312983320164}, "golf": {"Crl.O.P_57_2015.pdf": 5.201255653704905, "H.R.C.19of1996[AsgharKhanCase]DetailedReasonsUrduTranslation.pdf": 5.201255653704905, "H.R.C.19of1996[AsgharKhanCase]DetailedReasons.pdf": 5.201255653704905, "HRC-4668of2006.pdf": 36.408789575934335, "c.a._982_2018_19022024.pdf": 5.201255653704905, "Const.P._2_2011.pdf": 228.85524876301582, "c.m.a._7139_2019.pdf": 10.40251130740981, "SMC.13-2009.pdf": 10.40251130740981, "C.A._467_2015.pdf": 15.603766961114715, "c.a._982_2018_19022024_2.pdf": 5.201255653704905, "c.a._649_2019.pdf": 10.40251130740981, "C.M.A._376-K_2014.pdf": 5.201255653704905, "CJD_Constitution_Petition_No_36_of_2005.pdf": 166.44018091855696, "SMCNo25of2009.pdf": 5.201255653704905}, "goldford": {"AdditionalNoteConst.P.77of2012.pdf": 15.680625966640328}, "golu": {"Const.P.77of2012[DetailedOrderFinal].pdf": 15.680625966640328}, "goldfard": {"Const.P.77of2012[DetailedOrderFinal].pdf": 23.52093894996049}, "golzam": {"Const.P.NO.62OF2010_orderdt06062011.pdf": 7.840312983320164}, "goldsmith": {"j.p._147_2016.pdf": 15.680625966640328}, "golra": {"smc.11_2011.pdf": 38.72411173320164, "c.p._3059_2021.pdf": 12.908037244400546, "SMC.13-2009.pdf": 58.08616759980246, "c.p._4500_2017.pdf": 12.908037244400546}, "goldmine": {"C.P.796of2007-dt-10-5-2013.pdf": 7.840312983320164}, "goliath": {"c.p._1057_2019.pdf": 7.840312983320164}, "gola": {"const.p.115_2011.pdf": 23.52093894996049}, "goldschmidt": {"c.a._ 870_2020.pdf": 7.840312983320164}, "goldstein": {"c.a._1003_2019.pdf": 7.840312983320164}, "goldman": {"Const.P.5and15-HRC14144-DetailedReasons.pdf": 15.680625966640328}}