{"gomal": {"Const.P._134_2012.pdf": 11.521742883280655, "Const.P.NO.62OF2010_orderdt06062011.pdf": 5.760871441640328, "c.a._1474_2021.pdf": 23.04348576656131, "c.p._167_p_2022.pdf": 270.7609577570954, "c.p._3097_2015.pdf": 5.760871441640328, "c.p._167_p_2022_an.pdf": 86.41307162460491, "Const.P._134_2012_21012019.pdf": 11.521742883280655, "c.p._3747_2023.pdf": 5.760871441640328}, "gomper": {"i.c.a._1_2024_dn_20032024.pdf": 7.1471658027602185, "c.p._2_2022_dissenting_note.pdf": 7.1471658027602185}}