{"gopal": {"Const.P.127of2012.pdf": 5.275363625858628, "c.p._3436_l_2022.pdf": 5.275363625858628, "Const.P._29_2016.pdf": 5.275363625858628, "c.a._929_2017.pdf": 5.275363625858628, "c.a._389_2015.pdf": 5.275363625858628, "c.p._275_2016.pdf": 5.275363625858628, "i.c.a._1_2024_15032024.pdf": 5.275363625858628, "C.A._1890_2002.pdf": 5.275363625858628, "c.p._1133_l_2016.pdf": 5.275363625858628, "c.a._1521_2018.pdf": 5.275363625858628, "C.A._545_K_2010.pdf": 5.275363625858628, "c.a._1421_2015.pdf": 5.275363625858628, "c.a._1005_2009.pdf": 10.550727251717255}, "gopalaswami": {"Const.P._50_2018.pdf": 7.840312983320164}, "gopalan": {"Const.P.12of2010.pdf": 14.294331605520437, "c.p._2243_l_2019.pdf": 7.1471658027602185}, "gop": {"Const.P.30of2013.pdf": 4.704818767391014, "C.P.796of2007-dt-10-5-2013.pdf": 18.819275069564057, "HRC7734-G_1003-GOF2009[AllegedCorruptionInRentalPowerPlants].pdf": 14.114456302173043, "c.r.p._421_2020_dissenting_notes.pdf": 4.704818767391014, "c.p._3506_2020.pdf": 4.704818767391014, "C.A._26_2009.pdf": 42.34336890651913, "c.p._3447_2022.pdf": 4.704818767391014, "c.a._421_2018.pdf": 28.228912604346085, "c.r.p._421_2020.pdf": 4.704818767391014, "C.P._565_2014.pdf": 28.228912604346085, "c.a._1011_2020.pdf": 4.704818767391014, "C.M.A.No.64of2013-dt14.3.2013.pdf": 18.819275069564057, "const.p.5_2011.pdf": 4.704818767391014, "reference._2_2022.pdf": 47.04818767391014, "c.a._1113_2017_dissenting_note.pdf": 14.114456302173043, "c.p._280_k_2019.pdf": 4.704818767391014, "Const.P.22of2013.pdf": 4.704818767391014, "ref._2_2022_13092023_2.pdf": 9.409637534782028, "c.a._1113_2017.pdf": 14.114456302173043, "H.R.C._3654_2018.pdf": 4.704818767391014, "CJD_Pakistan_Steel_Mills_Case.pdf": 18.819275069564057, "ref._2_2022_13092023.pdf": 84.68673781303826, "C.M.A.2376of2013inConst.P.105-dt-7-5-13.pdf": 4.704818767391014}, "gopikabai": {"C.P.No.1017-Lof2011.pdf": 7.1471658027602185, "C.A.269_ETC_OF_2011.pdf": 7.1471658027602185}, "gopang": {"c.r.p._292_2021.pdf": 5.537727890326118, "Supreme_Judicial_Council_242_2015.pdf": 5.537727890326118, "C.P._1067_2016.pdf": 16.613183670978355, "crl.m.a._1404_2019.pdf": 11.075455780652236, "C.M.A._10618_2018_dt_13-12-2018.pdf": 5.537727890326118, "c.r.p._292_2021_detailed.pdf": 5.537727890326118, "S.M.C._3_2018.pdf": 5.537727890326118, "c.p._1017_2021.pdf": 11.075455780652236, "crl.p._169_2020.pdf": 5.537727890326118, "c.a._52_k_2022.pdf": 5.537727890326118}, "gopb": {"const.p._24_2017.pdf": 7.840312983320164}, "gopingath": {"crl.p._299_2020_07042020.pdf": 7.840312983320164}, "gopi": {"C.A._1560_2008.pdf": 7.840312983320164}, "gopala": {"c.a._664_k_2017.pdf": 7.840312983320164}, "goparaju": {"c.p._3855_2022.pdf": 7.840312983320164}, "gopalankutty": {"Crl.P._100_2017.pdf": 7.840312983320164}}