{"goral": {"Crl.A._24_2010.pdf": 7.1471658027602185, "Crl.P._634_2015.pdf": 14.294331605520437}, "gormani": {"ConstitutionPetitionNo21OF2007.pdf": 7.1471658027602185, "NRO_Judgment.pdf": 7.1471658027602185}, "gorchha": {"c.a._1520_2016.pdf": 7.1471658027602185, "Crl.A._160_L_2017.pdf": 7.1471658027602185}, "goraya": {"smc.18_2010_final.pdf": 5.275363625858628, "H.R.C._32642_2018.pdf": 5.275363625858628, "c.m.a._5602_2021.pdf": 5.275363625858628, "C.A._353_2015.pdf": 5.275363625858628, "const.p.1_ 2012_etc.pdf": 5.275363625858628, "CONST.P.20-27OF2009.pdf": 5.275363625858628, "C.A._911_2015.pdf": 5.275363625858628, "crl.r.p._5_2020.pdf": 5.275363625858628, "C.A._1447_2016.pdf": 5.275363625858628, "C.P._529_2015.pdf": 5.275363625858628, "c.a._491_2012.pdf": 5.275363625858628, "CJD_Section 2-A_Case_as_on_26_06_2006.pdf": 5.275363625858628, "C.P._632_2018.pdf": 5.275363625858628}, "gormseley": {"SMC16of2011_detailed_judgment.pdf": 7.840312983320164}, "gory": {"Crl.A._104_2010.pdf": 6.230875070886063, "crl.p._1612_2021.pdf": 6.230875070886063, "crl.p._126_p_2011.pdf": 6.230875070886063, "crl.p_1124_l_2015.pdf": 6.230875070886063, "Const.P.22of2013.pdf": 6.230875070886063}, "gorsi": {"C.P.2408-LOF2009.pdf": 7.1471658027602185, "CJD_Section 2-A_Case_as_on_26_06_2006.pdf": 64.32449222484196}, "gore": {"const.p._17_2020_dissenting_note_hj11.pdf": 6.454018622200273, "const.p._39_16122019.pdf": 6.454018622200273, "const.p._39_2019.pdf": 6.454018622200273, "c.a._1275_2009.pdf": 6.454018622200273}, "gordon": {"ca411to414of2013.pdf": 6.454018622200273, "c.p._2459_2017.pdf": 12.908037244400546, "c.a._1275_2009.pdf": 6.454018622200273, "Const.P.5and15-HRC14144-DetailedReasons.pdf": 12.908037244400546}, "gorge": {"crl.p._1371_2016.pdf": 7.840312983320164}, "gorgani": {"const.p._21_2023_11082023.pdf": 15.680625966640328}, "gori": {"c.m.a._4821_2018_14012022.pdf": 7.840312983320164}, "goradia": {"c.p._560_k_2019.pdf": 7.840312983320164}, "gorakhpur": {"const.p._6_2023_dt_05_01_2023.pdf": 7.1471658027602185, "c.a._2015_2022.pdf": 7.1471658027602185}, "gorden": {"Const.P.33of2013_09.07.13.pdf": 7.840312983320164}, "gorche": {"c.p._1692_l_2022.pdf": 7.840312983320164}, "gordhanda": {"c.a._1003_2019.pdf": 7.840312983320164}, "gordhandass": {"C.A._539_2003.pdf": 7.840312983320164}, "gorg": {"CPs987-989OF2011-DT19.10.2011.pdf": 7.840312983320164}}