{"gower": {"Const.P.127of2012.pdf": 13.48340138930411, "CMA2745of2009etc.pdf": 13.48340138930411, "c.a._179_2016.pdf": 6.741700694652055}, "gown": {"C.R.P._297_2017_Reserved.pdf": 7.840312983320164}, "gowadar": {"smc.18_2010_final.pdf": 7.1471658027602185, "S.M.C.18OF2010.pdf": 7.1471658027602185}, "gowshwara": {"C.A._394_2014.pdf": 7.840312983320164}, "gowri": {"C.A._110_L_2013.pdf": 7.840312983320164}, "gow": {"c.p._2459_2017.pdf": 15.680625966640328}}