{"gp": {"C.A._1072_2005.pdf": 6.230875070886063, "c.a._201_2020.pdf": 6.230875070886063, "const.p._5_2023_14042023.pdf": 6.230875070886063, "Const.P.39-2103.pdf": 6.230875070886063, "C.A._134-P_2013.pdf": 6.230875070886063}}