{"gpo": {"c.a._240_p_2014.pdf": 10.40251130740981, "c.a._608_2021.pdf": 5.201255653704905, "c.a._18_k_2021.pdf": 5.201255653704905, "c.p._1874_2022.pdf": 15.603766961114715, "c.a._1010_2020.pdf": 10.40251130740981, "c.a._3_k_2021.pdf": 10.40251130740981, "c.a._527_2020.pdf": 5.201255653704905, "c.p._545_k_2021.pdf": 10.40251130740981, "c.a._1664_2014.pdf": 10.40251130740981, "c.a._1685_2021.pdf": 5.201255653704905, "c.a._1_k_2021.pdf": 20.80502261481962, "c.p._342_k_2020.pdf": 20.80502261481962, "C.M.A._8215_2016.pdf": 15.603766961114715, "c.a._2063_2019.pdf": 10.40251130740981}}