{"gps": {"c.p._280_k_2019.pdf": 40.45020416791233, "CMA.2243-2010.pdf": 13.48340138930411, "c.p._2459_2017.pdf": 6.741700694652055}}