{"gr": {"H.R.C.19of1996[AsgharKhanCase]DetailedReasons.pdf": 7.1471658027602185, "c.a._675_2019.pdf": 28.588663211040874}}