{"gs": {"C.R.P._49_2016.pdf": 6.741700694652055, "C.P._529_2015.pdf": 6.741700694652055, "C.A.82-K-2015.pdf": 6.741700694652055}}