{"gst": {"cng_prices_order_21-12-12-alongwith_translation.pdf": 12.461750141772127, "Const.P.87of2011[UrduVersion].pdf": 12.461750141772127, "Const.P.33and34of2005.pdf": 12.461750141772127, "Const.P.87of2011.pdf": 12.461750141772127, "Const.P.No.33and34of2005-dt-27-6-2013.pdf": 367.62162918227773}}