{"gt": {"ConstitutionPetitionNo21OF2007.pdf": 6.230875070886063, "Const.P_6of2011.pdf": 6.230875070886063, "c.a._2150_2019.pdf": 6.230875070886063, "c.a._2440_2016.pdf": 6.230875070886063, "C.M.A._8215_2016.pdf": 12.461750141772127}}