{"guddu": {"Const.P._38_2016.pdf": 24.194214056368438, "Const.P.NO.62OF2010_orderdt06062011.pdf": 84.67974919728954, "HRC7734-G_1003-GOF2009[UrduTranslation].pdf": 127.0196237959343, "CP778-779.pdf": 24.194214056368438, "HRC7734-G_1003-GOF2009[AllegedCorruptionInRentalPowerPlants].pdf": 157.26239136639484, "Crl.A._133_L_2017.pdf": 6.048553514092109}, "gudu": {"Const.P.NO.62OF2010_orderdt06062011.pdf": 7.840312983320164}, "gudur": {"HRC7734-G_1003-GOF2009[UrduTranslation].pdf": 7.840312983320164}, "gudoral": {"HRC7734-G_1003-GOF2009[UrduTranslation].pdf": 7.840312983320164}, "gudar": {"c.a._2121_2017.pdf": 7.840312983320164}}