{"gumani": {"S.M.C._28_2018.pdf": 7.840312983320164}, "gumption": {"CP778-779.pdf": 7.840312983320164}, "gumbad": {"c.m.a._4821_2018_14012022.pdf": 15.680625966640328}, "gum": {"CMA2745of2009etc.pdf": 7.1471658027602185, "JR_Fecto_Belarus_Tractor_Limited_Case.pdf": 7.1471658027602185}}