{"gunpowder": {"c.a._837_2011.pdf": 7.1471658027602185, "Crl.A._190_2016.pdf": 7.1471658027602185}, "gundapur": {"C.A._1171_2013.pdf": 7.840312983320164}, "gunman": {"ConstitutionPetitionNo21OF2007.pdf": 5.760871441640328, "S.J.C_347_2018.PDF": 5.760871441640328, "SMC16of2011_detailed_judgment.pdf": 11.521742883280655, "crl.a._291_2020.pdf": 5.760871441640328, "C.A._69_2015.pdf": 28.804357208201637, "const.p._17_2020_dissenting_note_hj4.pdf": 5.760871441640328, "Crl.A._324_2011.pdf": 5.760871441640328, "S.M.C._7_2017_06022019.pdf": 5.760871441640328}, "gun": {"ConstitutionPetitionNo21OF2007.pdf": 7.18363548254161, "Crl.P._9-P_2016.pdf": 7.18363548254161, "Crl.A._609_2014.pdf": 7.18363548254161, "j.p._587_2016.pdf": 3.591817741270805, "Const.P._50_2018.pdf": 3.591817741270805, "Const.P.12of2010.pdf": 17.959088706354024, "j.p._405_2021.pdf": 7.18363548254161, "C.R.P._125_2014.pdf": 3.591817741270805, "Crl.A._275_2011.pdf": 14.36727096508322, "S.J.C_347_2018.PDF": 3.591817741270805, "H.R.C.19of1996[AsgharKhanCase]DetailedReasonsUrduTranslation.pdf": 7.18363548254161, "j.p._147_2016.pdf": 3.591817741270805, "SMC16of2011_detailed_judgment.pdf": 17.959088706354024, "crl.a._95_2019.pdf": 10.775453223812415, "CP778-779.pdf": 7.18363548254161, "crl.a._128_2020.pdf": 17.959088706354024, "Crl.A._301_L_2017.pdf": 3.591817741270805, "j.p._14_2016.pdf": 3.591817741270805, "Crl.A._157_L_2017.pdf": 3.591817741270805, "Crl.A._160_L_2017.pdf": 3.591817741270805, "crl.p._537_2021.pdf": 3.591817741270805, "j.p._684_2016.pdf": 7.18363548254161, "crl.p._188_p_2023.pdf": 10.775453223812415, "crl.p._1271_2019.pdf": 7.18363548254161, "j.p._385_2017.pdf": 14.36727096508322, "C.A._1171_2017.pdf": 3.591817741270805, "crl.a._531_2019.pdf": 35.91817741270805, "j.p._557_2016.pdf": 3.591817741270805, "const.p._2_2024_06032024.pdf": 7.18363548254161, "Crl.A._210_2015.pdf": 3.591817741270805, "j.p._431_2019.pdf": 3.591817741270805, "j.p._960_2017.pdf": 3.591817741270805, "C.R.P.193of2013.pdf": 3.591817741270805, "j.p._324_2015.pdf": 3.591817741270805, "j.p._105_2020.pdf": 7.18363548254161, "Crl.A.13-14-15and16of2004and53of2011.pdf": 7.18363548254161, "Crl.P.200of2009.pdf": 3.591817741270805, "crl.p._763_l_2016.pdf": 7.18363548254161, "crl.p._982_l_2022.pdf": 3.591817741270805, "j.p._154_2016.pdf": 14.36727096508322, "crl.p._275_2021.pdf": 3.591817741270805, "Crl.A._195_L_2017.pdf": 3.591817741270805, "j.p._296_2016.pdf": 10.775453223812415, "crl.a._291_2020.pdf": 3.591817741270805, "j.p._461_2013.pdf": 3.591817741270805, "crl.p._534_2019.pdf": 3.591817741270805, "crl.sh.a._12_2017.pdf": 3.591817741270805, "crl.a._120_2019.pdf": 3.591817741270805, "Crl.A._106_L_2017.pdf": 3.591817741270805, "Crl.A._67_L_2017.pdf": 3.591817741270805, "crl.p._619_2020.pdf": 3.591817741270805, "crl.p._263_l_2015.pdf": 7.18363548254161, "j.p._112_2017.pdf": 3.591817741270805, "ICA3,4,6TO11of2011dt2011.04.pdf": 3.591817741270805, "crl.p._893_2020.pdf": 7.18363548254161, "crl.a._75_l_2021.pdf": 3.591817741270805, "Crl.A.126of2012.pdf": 3.591817741270805, "Crl.A._582_2018.pdf": 25.142724188895635, "crl.p._234_2020.pdf": 3.591817741270805, "j.p._263_2018.pdf": 7.18363548254161, "crl.p._443_l_2020_dissenting_note.pdf": 3.591817741270805, "Crl.A._97_L_2016.pdf": 3.591817741270805, "crl.a._154_l_2013.pdf": 7.18363548254161, "crl.a._446_2020.pdf": 14.36727096508322, "crl.a._66_l_2020.pdf": 7.18363548254161, "crl.p._963_l_2016.pdf": 25.142724188895635, "crl.p._52_k_2023.pdf": 14.36727096508322, "Crl.A._148_L_2017.pdf": 3.591817741270805, "S.M.C._7_2017_06022019.pdf": 3.591817741270805, "j.sh.p._03_2020.pdf": 3.591817741270805}, "gunrunning": {"NRO_Judgment.pdf": 7.840312983320164}, "gunshot": {"Crl.P._724_2016.pdf": 5.275363625858628, "SMC16of2011_detailed_judgment.pdf": 5.275363625858628, "crl.p._574_2019.pdf": 5.275363625858628, "j.p._467_2017.pdf": 5.275363625858628, "j.p._262_2015.pdf": 5.275363625858628, "Crl.A._126_2010.pdf": 5.275363625858628, "j.p._206_2019.pdf": 5.275363625858628, "Crl.A._93_2013.pdf": 26.376818129293138, "crl.p._445_2020.pdf": 5.275363625858628, "crl.p._90_p_2016.pdf": 5.275363625858628, "crl.p._172_2020.pdf": 5.275363625858628, "crl.p._52_k_2023.pdf": 5.275363625858628, "crl.a._145_l_2017.pdf": 5.275363625858628}, "gunnlaugsson": {"Const.P._29_2016.pdf": 7.840312983320164}, "gunny": {"Const.PetitionNo.77of2010_12.10.2012.pdf": 6.230875070886063, "SMC16of2011_detailed_judgment.pdf": 31.154375354430318, "crl.a._177_2022.pdf": 12.461750141772127, "crl.sh.a._23_2017.pdf": 18.69262521265819, "c.a._142_2019.pdf": 6.230875070886063}, "gunde": {"crl.p._490_2019.pdf": 7.840312983320164}, "gunda": {"CJD_Reference by_the_President_of_Pakistan_under_Article_186.pdf": 7.840312983320164}, "guneral": {"Crl.O.P.89of2011.pdf": 7.840312983320164}, "gunj": {"Crl.A._80_L_2017.pdf": 6.741700694652055, "crl.o.p.4-k_2023_dt_21_12_2023.pdf": 6.741700694652055, "c.p._138_p_2015.pdf": 6.741700694652055}, "gunpoint": {"Crl.A._157_L_2017.pdf": 5.643088405983945, "j.p._262_2015.pdf": 5.643088405983945, "crl.a._324_2021.pdf": 5.643088405983945, "crl.p._461_2023.pdf": 5.643088405983945, "Crl.P.200of2009.pdf": 5.643088405983945, "J.P._217_2017.pdf": 5.643088405983945, "C.P._4682_2017.pdf": 11.28617681196789, "Crl.A._52_L_2013.pdf": 5.643088405983945, "crl.p._1072_l_2022.pdf": 5.643088405983945}, "gunner": {"C.A._718_2007.pdf": 21.441497408280654, "c.a._1191_2016.pdf": 14.294331605520437}, "gundy": {"const.p._39_16122019.pdf": 7.1471658027602185, "const.p._39_2019.pdf": 7.1471658027602185}, "gundp": {"C.M.A._376-K_2014.pdf": 7.840312983320164}, "gunton": {"CJD_Section 2-A_Case_as_on_26_06_2006.pdf": 15.680625966640328}, "gunnar": {"c.p._1303_2020.pdf": 7.840312983320164}}