{"gupta": {"Const.P.127of2012.pdf": 4.704818767391014, "C.R.P._49_2016.pdf": 4.704818767391014, "c.p._3436_l_2022.pdf": 4.704818767391014, "Const.P.87of2011[UrduVersion].pdf": 4.704818767391014, "Const.P.12of2010Urdu.pdf": 4.704818767391014, "Const.P._29_2016.pdf": 14.114456302173043, "SMC16of2011_detailed_judgment.pdf": 9.409637534782028, "Const.P.87of2011.pdf": 4.704818767391014, "c.a._444_2017.pdf": 4.704818767391014, "C.A.800Lof2013etc.pdf": 4.704818767391014, "c.p._596_2021.pdf": 4.704818767391014, "const.p._6_2023_dt_05_01_2023.pdf": 4.704818767391014, "c.r.p._420_2016.pdf": 9.409637534782028, "C.A._322_2018.pdf": 9.409637534782028, "Const.P._35_2016_dt_15_12_2017.pdf": 4.704818767391014, "c.a._52_k_2022.pdf": 4.704818767391014, "ca679-lof2012.pdf": 4.704818767391014, "c.r.p._432_k_2022.pdf": 4.704818767391014, "C.P._2167_2014.pdf": 4.704818767391014, "CJD_Pakistan_Steel_Mills_Case.pdf": 9.409637534782028, "c.p._2414_l_2015.pdf": 4.704818767391014, "CPs987-989OF2011-DT19.10.2011.pdf": 4.704818767391014, "Const.P.5and15-HRC14144-DetailedReasons.pdf": 4.704818767391014}, "guptam": {"S.M.C.18OF2010.pdf": 7.840312983320164}}