{"gutter": {"report_128_k_2021.pdf": 99.69400113417701, "Const.P._38_2016.pdf": 12.461750141772127, "SMC16of2011_detailed_judgment.pdf": 6.230875070886063, "const.p._9_2010_27122021.pdf": 31.154375354430318, "const.p._9_2010_28122021.pdf": 6.230875070886063}, "gut": {"c.a._371_2020.pdf": 6.454018622200273, "c.p._1882_2016.pdf": 6.454018622200273, "crl.p._1004_2019.pdf": 6.454018622200273, "j.p._190_2017.pdf": 12.908037244400546}, "guttar": {"const.p._9_2010_27122021.pdf": 23.52093894996049}}