{"guyerzeller": {"Const.P._36_2016_dt_15_12_2017.pdf": 31.361251933280656}, "guy": {"CP778-779.pdf": 6.741700694652055, "const.p._24_2023_an_10012024_r.pdf": 6.741700694652055, "const.p._24_2023_f.pdf": 6.741700694652055}}