{"guzara": {"Crl.O.P_57_2015.pdf": 7.840312983320164}, "guzman": {"NRO_Judgment.pdf": 7.840312983320164}}