{"gyne": {"smc.24_2010.pdf": 15.680625966640328}, "gynaecology": {"C.P._1787_2016.pdf": 23.52093894996049}, "gynaecologist": {"c.p._2902_2018.pdf": 7.840312983320164}}