{"ha": {"Const.P.33_2013.pdf": 6.048553514092109, "c.a._1219_2015.pdf": 6.048553514092109, "c.a._1476_2018.pdf": 6.048553514092109, "c.p._323_l_2014.pdf": 12.097107028184219, "c.a._284_2017.pdf": 6.048553514092109, "C.P._3181_2015.pdf": 6.048553514092109}}