{"haek": {"const.p._9_2023_20042023.pdf": 7.1471658027602185, "const.p._9_2023.pdf": 7.1471658027602185}, "haemorrhage": {"crl.a_413-414_2013_18.02.2014.pdf": 7.1471658027602185, "s.m.c._01_2020_18052020.pdf": 7.1471658027602185}, "hae": {"c.a._324_2020.pdf": 7.840312983320164}}