{"haha": {"Crl.O.P._09_2018.pdf": 7.840312983320164}, "hahnaz": {"HR8340OF2010.pdf": 7.1471658027602185, "c.p._5601_2021.pdf": 7.1471658027602185}}