{"hazrat": {"Crl.A._24_2010.pdf": 7.70265787351178, "c.a._1476_2018_urdu.pdf": 7.70265787351178, "ConstitutionPetitionNo21OF2007.pdf": 19.25664468377945, "SMC5of2012[UrduVersion]dt16-6-2012.pdf": 3.85132893675589, "Const.P.105-2012-eng-urd.PDF": 38.5132893675589, "Const.P_6of2011.pdf": 7.70265787351178, "Crl.A._39_L_2015.pdf": 7.70265787351178, "NRO_Judgment.pdf": 11.55398681026767, "Const.P.12of2010.pdf": 7.70265787351178, "Const.P.77of2012[DetailedOrderFinal].pdf": 11.55398681026767, "ICA-1OF2012-UrduTranslation.pdf": 3.85132893675589, "S.J.C_347_2018.PDF": 3.85132893675589, "C.A._233_2015.pdf": 3.85132893675589, "crl.p._883_l_2022_urdu.pdf": 15.40531574702356, "C.A._1256_2008.pdf": 3.85132893675589, "smc.11_2011.pdf": 3.85132893675589, "smc_1_2014.pdf": 30.81063149404712, "crl.p._1359_2023.pdf": 3.85132893675589, "Const.P.77-78-79 [Memogate]DetailedOrder.pdf": 3.85132893675589, "Crl.A._39_L_2015_Urdu.pdf": 26.959302557291227, "CJD_Reference by_the_President_of_Pakistan_under_Article_186.pdf": 3.85132893675589, "Const.P.56_2003_U_dt_8-9-2015.pdf": 3.85132893675589, "const.p.23of2012.pdf": 11.55398681026767, "c.a._71_p_2014_urdu.pdf": 7.70265787351178, "crl.p._883_l_2022.pdf": 3.85132893675589, "c.r.p._292_2021.pdf": 3.85132893675589, "i.c.a._1_2024_dn_20032024.pdf": 3.85132893675589, "Crl.A._160_L_2017.pdf": 19.25664468377945, "crl.a._231_2020.pdf": 3.85132893675589, "c.p._3923_2016.pdf": 3.85132893675589, "crl.p._520_2020.pdf": 30.81063149404712, "c.p._3532_2023.pdf": 3.85132893675589, "c.a._1241_2013.pdf": 23.10797362053534, "C.A._633_2007.pdf": 3.85132893675589, "c.r.p._758_2019.pdf": 7.70265787351178, "c.r.p._292_2021_detailed.pdf": 3.85132893675589, "Crl.M.A._200_2019.pdf": 7.70265787351178, "SMC.13-2009.pdf": 3.85132893675589, "C.A._2133_2006.pdf": 7.70265787351178, "Crl.A._137_L_2010.pdf": 3.85132893675589, "SMC5of2012-1dt[07-06-2012].pdf": 3.85132893675589, "c.a._458_2017.pdf": 3.85132893675589, "c.a._1476_2018.pdf": 3.85132893675589, "hr.29388-k_2013.pdf": 7.70265787351178, "Const.P.50-69of2011.pdf": 3.85132893675589, "CMA2745of2009etc.pdf": 3.85132893675589, "c.p._3573_2020.pdf": 3.85132893675589, "c.p._3209_2019.pdf": 3.85132893675589, "c.a._364_p_2019.pdf": 3.85132893675589, "c.a._491_2012.pdf": 3.85132893675589, "c.p._389_2022.pdf": 3.85132893675589, "ConstP.No.53of2007andConst.P.83of2012.pdf": 3.85132893675589, "c.p._2270_2019.pdf": 3.85132893675589, "C.A._1646_2000.pdf": 3.85132893675589}, "hazara": {"c.r.p._446_2022.pdf": 19.183162182386965, "Const.P._134_2012.pdf": 14.387371636790224, "Const.P.12of2010.pdf": 4.795790545596741, "Const.PetitionNo.77of2010_12.10.2012.pdf": 9.591581091193483, "Urdu-Const.P-77-2010-12.10.2012.pdf": 9.591581091193483, "smc_1_2014.pdf": 19.183162182386965, "18TH_AMENDMENT_ORDER.pdf": 4.795790545596741, "C.M.A.2371of2012dt[07-06-2012].pdf": 4.795790545596741, "JR_Detailed_Judgment_in_Graduation_Qualification_Case.pdf": 4.795790545596741, "c.r.p._296_2020_29012022.pdf": 4.795790545596741, "c.a._2150_2019.pdf": 47.95790545596741, "crl.p._230_2019.pdf": 4.795790545596741, "C.P._1067_2016.pdf": 4.795790545596741, "c.p._1942_2022.pdf": 4.795790545596741, "const.p._17_2020_dissenting_note_hj11.pdf": 4.795790545596741, "Const.P77-2010-17.07.2013.pdf": 9.591581091193483, "Const.P.77of2010-dt-21-12-2012.pdf": 4.795790545596741, "Const.P.22of2013.pdf": 4.795790545596741, "Const.P._134_2012_21012019.pdf": 14.387371636790224, "C.A._1023_2016.pdf": 23.978952727983707, "Const.P.77of2010-dt-20-7-2013.pdf": 9.591581091193483}, "hazard": {"Const.P.127of2012.pdf": 25.21636094156267, "ConstitutionPetitionNo21OF2007.pdf": 4.202726823593778, "c.p._1331_l_2017.pdf": 4.202726823593778, "Const.P._38_2016.pdf": 21.01363411796889, "Crl.O.P_57_2015.pdf": 4.202726823593778, "Const.P.12of2010.pdf": 25.21636094156267, "const.p.42of2011.pdf": 4.202726823593778, "c.p._2243_l_2019.pdf": 4.202726823593778, "Const.P.NO.62OF2010_orderdt06062011.pdf": 12.608180470781335, "SMC16of2011_detailed_judgment.pdf": 8.405453647187556, "Const.P.46of2013-dt-27-12-2013.pdf": 4.202726823593778, "c.p._1134_l_2018.pdf": 4.202726823593778, "C.M.A._3221_2012.pdf": 29.419087765156448, "const.p._24_2017.pdf": 8.405453647187556, "c.r.p._421_2020_dissenting_notes.pdf": 4.202726823593778, "c.r.p._296_2020_04022022.pdf": 4.202726823593778, "Crl.A._210_2015.pdf": 4.202726823593778, "c.p._55_2020.pdf": 4.202726823593778, "h.r.c_11827_s_2018.pdf": 4.202726823593778, "Crl.A.140of2005.pdf": 4.202726823593778, "c.r.p._421_2020.pdf": 4.202726823593778, "c.p._2_2022_dissenting_note.pdf": 4.202726823593778, "c.a._1113_2017_dissenting_note.pdf": 4.202726823593778, "const.p._42_2022_07032024.pdf": 4.202726823593778, "s.m.c._1_2023_12062023.pdf": 4.202726823593778, "CMA2745of2009etc.pdf": 4.202726823593778, "JR_Varan_Case.pdf": 4.202726823593778, "c.a._1113_2017.pdf": 4.202726823593778, "SMCNo25of2009.pdf": 29.419087765156448, "c.p._940_k_2022.pdf": 4.202726823593778, "hrc_20107-G_2013.pdf": 8.405453647187556, "C.A._1000_2006.pdf": 4.202726823593778, "C.P._3912_2016.pdf": 4.202726823593778, "crl.p._1001_2016.pdf": 4.202726823593778, "H.R.C._17599_2018.pdf": 4.202726823593778, "Crl.O.P._57_2015_DN.pdf": 12.608180470781335, "crl.a.264_2006.pdf": 4.202726823593778, "Const.P.5and15-HRC14144-DetailedReasons.pdf": 4.202726823593778}, "hazro": {"J.P._191_2018.pdf": 39.201564916600816}, "hazar": {"CONST.P.77OF2010-DT-05.04.12[URDU].pdf": 5.355406333532164, "Const.P_6of2011.pdf": 5.355406333532164, "Const.P.30of2013.pdf": 5.355406333532164, "Const.P.77of2010-DT-05-04-2012.pdf": 5.355406333532164, "Crl.M.A_693_2018.pdf": 5.355406333532164, "c.r.p._296_2020_04022022.pdf": 26.77703166766082, "const.p.9_2014_detail_reasons.pdf": 5.355406333532164, "C.A._448_2014_DJ.pdf": 5.355406333532164, "c.p._1084_2011.pdf": 5.355406333532164, "c.p._448_p_2017.pdf": 10.710812667064328, "C.M.A._592_K_2013_order_dt_26_03_2015.pdf": 5.355406333532164, "smc_6_2014.pdf": 5.355406333532164}, "hazardous": {"Const.P._50_2018.pdf": 4.949941225423999, "Const.P.12of2010.pdf": 4.949941225423999, "crl.a._95_2019.pdf": 4.949941225423999, "C.M.A._3221_2012.pdf": 4.949941225423999, "const.p.1_ 2012_etc.pdf": 4.949941225423999, "C.R.A._248_2009.pdf": 4.949941225423999, "JR_Detailed_Judgment_in_Graduation_Qualification_Case.pdf": 4.949941225423999, "c.a._353_2010.pdf": 4.949941225423999, "c.p._3347_2021.pdf": 4.949941225423999, "c.a._350_2020.pdf": 4.949941225423999, "crl.p._994_2020.pdf": 4.949941225423999, "CMA2745of2009etc.pdf": 4.949941225423999, "JR_Varan_Case.pdf": 9.899882450847999, "SMCNo25of2009.pdf": 19.799764901695998, "c.p._389_2022.pdf": 4.949941225423999, "crl.p._1072_2021.pdf": 4.949941225423999, "S.M.C._7_2017_06022019.pdf": 4.949941225423999, "C.M.A._8215_2016.pdf": 4.949941225423999}, "hazoorul": {"S.M.C._20_2016.pdf": 7.840312983320164}, "hazoor": {"S.M.C._20_2016.pdf": 6.741700694652055, "Crl.P.163_to_171_S.M.C.5_2005.pdf": 67.41700694652054, "S.M.C._8_2018.pdf": 6.741700694652055}, "haziq": {"C.A._233_2015.pdf": 6.230875070886063, "c.a._1113_2017.pdf": 12.461750141772127, "c.a._364_p_2019.pdf": 6.230875070886063, "c.a._540_2020.pdf": 6.230875070886063, "c.a._231_2020.pdf": 6.230875070886063}, "hazm": {"crl.p._883_l_2022_urdu.pdf": 7.1471658027602185, "crl.p._883_l_2022.pdf": 7.1471658027602185}, "hazir": {"crl.a._03_p_2017.pdf": 6.741700694652055, "c.p._1503_2022.pdf": 6.741700694652055, "Crl.A._126_2010.pdf": 13.48340138930411}, "hazooran": {"crl.p._167_k_2022.pdf": 23.52093894996049}, "hazaro": {"crl.a.19of2012.pdf": 39.201564916600816}, "haze": {"j.p._324_2015.pdf": 7.840312983320164}, "hazari": {"crl.a._633_2019_15092023.pdf": 7.840312983320164}, "hazarika": {"crl.a._120_2019.pdf": 7.840312983320164}, "hazratwali": {"c.a._364_p_2019.pdf": 7.840312983320164}, "hazquel": {"C.A._157_K_2016.pdf": 7.840312983320164}}