{"hcb": {"Supreme_Judicial_Council_242_2015.pdf": 6.741700694652055, "c.p._1503_2022.pdf": 6.741700694652055, "C.R.P._70_2018_dt_7_4_2018.pdf": 6.741700694652055}}