{"hcc": {"s.m.c._1_2020_19052020.pdf": 7.1471658027602185, "s.m.c._01_2020_18052020.pdf": 7.1471658027602185}}