{"hcs": {"C.R.P._49_2016.pdf": 6.230875070886063, "c.p._2911_2018.pdf": 6.230875070886063, "Const.P.33_2013.pdf": 18.69262521265819, "S.J.C_347_2018.PDF": 6.230875070886063, "c.p._1503_2022.pdf": 6.230875070886063}}