{"hd": {"C.A._467_2015.pdf": 6.454018622200273, "C.M.A._376-K_2014.pdf": 6.454018622200273, "C.P._529_2015.pdf": 6.454018622200273, "c.a._512_2021.pdf": 6.454018622200273}}