{"hedge": {"Const.P.12of2010.pdf": 21.441497408280654, "ConstP.No.53of2007andConst.P.83of2012.pdf": 7.1471658027602185}, "hedaya": {"C.A._90_2011_EnglishVersion.pdf": 6.454018622200273, "C.P._1088_2016.pdf": 6.454018622200273, "c.p._2129_2020.pdf": 6.454018622200273, "c.p._1647_2018.pdf": 6.454018622200273}, "hedayah": {"c.a.32_k_2018.pdf": 15.680625966640328}}