{"hefty": {"c.p._2580_2020.pdf": 5.201255653704905, "crl.p._596_l_2022.pdf": 5.201255653704905, "crl.p._290_l_2015.pdf": 5.201255653704905, "c.p._4185_2019.pdf": 5.201255653704905, "const.p.115_2011.pdf": 5.201255653704905, "c.p._3203_2017.pdf": 5.201255653704905, "c.a._1095_2018_13092019.pdf": 10.40251130740981, "C.A._1095_2018.pdf": 5.201255653704905, "C.M.A._376-K_2014.pdf": 20.80502261481962, "JR_Varan_Case.pdf": 5.201255653704905, "c.a._827_2020.pdf": 5.201255653704905, "c.a._836_l_2013.pdf": 5.201255653704905, "c.a._540_2020.pdf": 5.201255653704905, "const.p._10_2019.pdf": 5.201255653704905}, "heffer": {"CMA2745of2009etc.pdf": 7.840312983320164}}