{"hemp": {"Const.P_6of2011.pdf": 7.1471658027602185, "Crl.A._39_L_2015_Urdu.pdf": 7.1471658027602185}, "hem": {"Const.P.12of2010.pdf": 7.1471658027602185, "c.a._1005_2009.pdf": 7.1471658027602185}, "hema": {"c.p._2243_l_2019.pdf": 7.1471658027602185, "C.P._1707_2018.pdf": 14.294331605520437}, "heman": {"C.A._1560_2008.pdf": 28.588663211040874, "i.c.a._1_2024_15032024.pdf": 7.1471658027602185}, "hemorrhagic": {"crl.sh.a._23_2017.pdf": 6.741700694652055, "crl.a._85_2020.pdf": 6.741700694652055, "crl.p._112_p_2014.pdf": 6.741700694652055}, "hematoma": {"crl.p._911_2020.pdf": 7.840312983320164}, "hemorrhage": {"crl.p._1268_l_2021.pdf": 7.840312983320164}, "hemorrhaging": {"c.m.a._490_2021_20022021.pdf": 7.840312983320164}, "hemorrhoid": {"crl.p._1004_2019.pdf": 7.840312983320164}}