{"hepatitis": {"Const.P._38_2016.pdf": 14.294331605520437, "s.m.c._01_2020_18052020.pdf": 7.1471658027602185}, "hepburn": {"Const.P.77of2012[DetailedOrderFinal].pdf": 7.840312983320164}, "hepatology": {"C.A._125_K_2016_JPMC_Dissenting_Note.pdf": 7.840312983320164}}