{"heterogeneous": {"Const.P.12of2010.pdf": 6.741700694652055, "const.p._2_2022_14102022.pdf": 6.741700694652055, "C.A._125_K_2016_JPMC_Dissenting_Note.pdf": 6.741700694652055}, "het": {"C.A._137-K_1976.pdf": 7.840312983320164}, "hetherington": {"C.M.A._8215_2016.pdf": 15.680625966640328}}