{"hey": {"Const.P.127of2012.pdf": 6.741700694652055, "Crl.O.P_57_2015.pdf": 6.741700694652055, "CMA_1145-K_2013_in_SMC_16-2011_08-03-2013.pdf": 6.741700694652055}, "heyman": {"c.a._547_2012.pdf": 7.1471658027602185, "C.A._539_2003.pdf": 7.1471658027602185}}