{"hgo": {"Crl.O.P._59_2015.pdf": 378.79978754629155, "C.A.800Lof2013etc.pdf": 314.4752953214496}}