{"hi": {"CONST.P.77OF2010-DT-05.04.12[URDU].pdf": 5.537727890326118, "NRO_Judgment.pdf": 5.537727890326118, "crl.a._241_2020.pdf": 5.537727890326118, "c.a._371_2020.pdf": 5.537727890326118, "smc.24_2010.pdf": 11.075455780652236, "C.A._1519_2013.pdf": 5.537727890326118, "c.p._4703_2017.pdf": 5.537727890326118, "C.A._204-L_2015.pdf": 5.537727890326118, "C.A.876-879of2005.pdf": 5.537727890326118, "crl.p._29_k_2022.pdf": 5.537727890326118}}