{"hiatus": {"c.m.a.4343_2014_etc_with_urdu_translation.pdf": 7.840312983320164}, "hiader": {"smc_3_2014_10.03.2014.pdf": 7.840312983320164}, "hia": {"C.M.A._8215_2016.pdf": 94.08375579984197}}