{"hierarchy": {"Const.P.127of2012.pdf": 6.089044875446846, "ConstitutionPetitionNo21OF2007.pdf": 6.089044875446846, "C.R.P._49_2016.pdf": 3.044522437723423, "Const.P._38_2016.pdf": 3.044522437723423, "Const.P._29_2016_28072016.pdf": 3.044522437723423, "C.A._1129_2013.pdf": 9.13356731317027, "Crl.O.P_57_2015.pdf": 3.044522437723423, "NRO_Judgment.pdf": 6.089044875446846, "Const.P.40of2012-DetailJudgment[UrduTranslation]-dt-3.7.2012.pdf": 3.044522437723423, "Const.P.12of2010.pdf": 30.44522437723423, "Const.P._29_2016.pdf": 18.26713462634054, "C.R.P._125_2014.pdf": 3.044522437723423, "Const.P.77of2012[DetailedOrderFinal].pdf": 3.044522437723423, "Const.P._36_2016_dt_15_12_2017.pdf": 9.13356731317027, "S.J.C_347_2018.PDF": 6.089044875446846, "Ref.01_2012_addl.note_HJ.ejaz_afzal_khan.pdf": 3.044522437723423, "Const.P.NO.62OF2010_orderdt06062011.pdf": 12.178089750893692, "c.a._371_2020.pdf": 3.044522437723423, "CP778-779.pdf": 3.044522437723423, "smc.24_2010.pdf": 3.044522437723423, "C.R.P.167of2012-dt-30-8-2012.pdf": 3.044522437723423, "Const.P.40of2012-DetailJudgment-dt-3.7.2012.pdf": 6.089044875446846, "smc.11_2011.pdf": 3.044522437723423, "H.R.C.19of1996[AsgharKhanCase]DetailedReasons.pdf": 3.044522437723423, "Const.P.77-78-79 [Memogate]DetailedOrder.pdf": 3.044522437723423, "C.P.796of2007-dt-10-5-2013.pdf": 3.044522437723423, "CJD_Reference by_the_President_of_Pakistan_under_Article_186.pdf": 3.044522437723423, "Const.P_3_2014.pdf": 3.044522437723423, "c.p._2256_l_2015.pdf": 15.222612188617115, "C.A.669-L_2013.pdf": 3.044522437723423, "c.p._1882_2016.pdf": 15.222612188617115, "j.p._169_2021.pdf": 3.044522437723423, "S.M.C._19_2016.pdf": 3.044522437723423, "c.p._1857_2022.pdf": 3.044522437723423, "c.a._43_q_2018.pdf": 9.13356731317027, "C.A._1519_2013.pdf": 3.044522437723423, "C.A._176_2015.pdf": 3.044522437723423, "c.r.p._296_2020_29012022.pdf": 3.044522437723423, "c.r.p._296_2020_04022022.pdf": 6.089044875446846, "C.P._549-P_2015.pdf": 3.044522437723423, "c.p._943_k_2022.pdf": 3.044522437723423, "HRC-4668of2006.pdf": 6.089044875446846, "C.R.P._100_2016.pdf": 3.044522437723423, "C.A._1171_2017.pdf": 9.13356731317027, "Const.P.87of2011.pdf": 3.044522437723423, "c.a._668_2022.pdf": 6.089044875446846, "c.a._353_2010.pdf": 6.089044875446846, "C.A._359_2013.pdf": 6.089044875446846, "c.p._2379_2016.pdf": 15.222612188617115, "C.P._60_K_2018.pdf": 3.044522437723423, "C.P._1195_2019.pdf": 3.044522437723423, "H.R.C._69229_P_2018.pdf": 15.222612188617115, "c.p._398_l_2018.pdf": 3.044522437723423, "c.p._2477_l_2015.pdf": 9.13356731317027, "C.A._1428_2016.pdf": 3.044522437723423, "c.p._2231_2020.pdf": 3.044522437723423, "C.R.P.193of2013.pdf": 3.044522437723423, "c.a._982_2018_19022024.pdf": 3.044522437723423, "Crl.A.13-14-15and16of2004and53of2011.pdf": 3.044522437723423, "c.p._3203_2017.pdf": 3.044522437723423, "C.A._1540_2006.pdf": 6.089044875446846, "c.r.p._421_2020.pdf": 6.089044875446846, "c.a._346_2020.pdf": 3.044522437723423, "const.p._17_2019_detailed_reasoning.pdf": 15.222612188617115, "const.p._21_2023_11082023.pdf": 3.044522437723423, "s.m.c._1_2023_27032023.pdf": 3.044522437723423, "i.c.a._5_2023.pdf": 3.044522437723423, "C.A._467_2015.pdf": 3.044522437723423, "cas_727-730_777_778_2014_etc.pdf": 3.044522437723423, "c.p._2314_2022_dn.pdf": 6.089044875446846, "c.p._1125_2018.pdf": 3.044522437723423, "c.a._414_2021.pdf": 3.044522437723423, "c.p._648_l_2021_detailed.pdf": 3.044522437723423, "c.a._1476_2018.pdf": 3.044522437723423, "c.a._11_2022.pdf": 3.044522437723423, "const.p._6_2023_13042023.pdf": 3.044522437723423, "c.a._1481_2015.pdf": 3.044522437723423, "c.p_.4178_2019.pdf": 12.178089750893692, "c.p._2032_2019.pdf": 3.044522437723423, "C.A._1793_2016.pdf": 9.13356731317027, "c.a._232_p_2014.pdf": 3.044522437723423, "const.p._34_2022.pdf": 3.044522437723423, "c.a._221_2018.pdf": 6.089044875446846, "const.p.6_2011_final.pdf": 3.044522437723423, "c.p._682_l_2017.pdf": 3.044522437723423, "c.p._4703_2017.pdf": 3.044522437723423, "s.m.c._1_2023_12062023.pdf": 3.044522437723423, "C.A._457_2010.pdf": 3.044522437723423, "c.a._982_2018_19022024_2.pdf": 3.044522437723423, "CMA2745of2009etc.pdf": 3.044522437723423, "c.p._3573_2020.pdf": 3.044522437723423, "c.p._349_l_2017.pdf": 12.178089750893692, "const.p._17_2020_dissenting_note_hj4.pdf": 3.044522437723423, "C.A._204-L_2015.pdf": 3.044522437723423, "C.M.A._376-K_2014.pdf": 3.044522437723423, "Const.P.22of2013.pdf": 3.044522437723423, "c.a._1113_2017.pdf": 6.089044875446846, "C.P._548-P_2013.pdf": 6.089044875446846, "c.p._2314_2022.pdf": 3.044522437723423, "crl.p._577_2021.pdf": 12.178089750893692, "s.m.c._1_2023_07042023.pdf": 3.044522437723423, "c.a._1011_2016.pdf": 3.044522437723423, "const.p._26_2016.pdf": 3.044522437723423, "c.a._491_2012.pdf": 3.044522437723423, "c.a._957_2014.pdf": 3.044522437723423, "ConstP.No.53of2007andConst.P.83of2012.pdf": 6.089044875446846, "c.p._1777_2020.pdf": 3.044522437723423, "c.a._326_l_2020.pdf": 3.044522437723423, "c.a._1474_2015.pdf": 3.044522437723423, "crl.p._443_l_2020_dissenting_note.pdf": 3.044522437723423, "C.A.876-879of2005.pdf": 3.044522437723423, "c.a._24_q_2014.pdf": 9.13356731317027, "c.p._4178_2019.pdf": 12.178089750893692, "c.m.a._1243_2021_04042022.pdf": 9.13356731317027, "c.r.p._432_k_2022.pdf": 3.044522437723423, "c.a._998_2020.pdf": 3.044522437723423, "Const.P.59of2011.pdf": 3.044522437723423, "c.p._4806_2019.pdf": 3.044522437723423, "CPs987-989OF2011-DT19.10.2011.pdf": 3.044522437723423, "c.a._2063_2019.pdf": 3.044522437723423, "c.p._1965_2019.pdf": 12.178089750893692}, "hierarchical": {"H.R.C.19of1996[AsgharKhanCase]DetailedReasonsUrduTranslation.pdf": 5.643088405983945, "H.R.C.19of1996[AsgharKhanCase]DetailedReasons.pdf": 5.643088405983945, "HRC-4668of2006.pdf": 5.643088405983945, "C.A._1428_2016.pdf": 5.643088405983945, "const.p._6_2023_13042023.pdf": 5.643088405983945, "c.p._2_2022_dissenting_note.pdf": 5.643088405983945, "s.m.c._1_2023_12062023.pdf": 5.643088405983945, "c.p._2314_2022.pdf": 5.643088405983945, "s.m.c._1_2023_23022023.pdf": 5.643088405983945}, "hierarchal": {"s.m.c._1_2023_31mar2023.pdf": 7.840312983320164}, "hierarchycal": {"c.p._398_l_2018.pdf": 7.840312983320164}}