{"hifz": {"s.m.c._4_2022.pdf": 14.294331605520437, "c.p._275_2016.pdf": 7.1471658027602185}, "hifzur": {"C.R.P._315_2013_DT_19_03_2015.pdf": 6.454018622200273, "C.R.P._315_2013_DT_18_03_2015.pdf": 6.454018622200273, "c.a._491_2012.pdf": 6.454018622200273, "CJD_Section 2-A_Case_as_on_26_06_2006.pdf": 12.908037244400546}, "hifazat": {"c.a._675_2019.pdf": 7.840312983320164}, "hifza": {"crl.p._460_2021.pdf": 6.230875070886063, "c.p._1441_2021.pdf": 6.230875070886063, "const.p._13_2023_09052023.pdf": 18.69262521265819, "crl.p._577_2021.pdf": 6.230875070886063, "c.a._1877_2016_dt_24_01_2024.pdf": 6.230875070886063}, "hifsa": {"C.M.A._8215_2016.pdf": 15.680625966640328}}