{"hijri": {"C.R.P._49_2016.pdf": 7.840312983320164}, "hijack": {"crl.a._400_2019.pdf": 6.048553514092109, "Const.P._29_2016.pdf": 6.048553514092109, "crl.a._95_2019.pdf": 18.145660542276328, "CP778-779.pdf": 6.048553514092109, "Crl.P.200of2009.pdf": 120.97107028184219, "c.p._280_k_2019.pdf": 6.048553514092109}, "hijran": {"s.m.c._1_2022_detailed.pdf": 7.840312983320164}, "hijazi": {"Const.P_3_2014.pdf": 12.461750141772127, "C.A._1563_2014.pdf": 6.230875070886063, "h.r.c_11827_s_2018.pdf": 12.461750141772127, "C.M.A._2939_2017.pdf": 6.230875070886063, "c.p._3944_2019.pdf": 6.230875070886063}, "hijr": {"c.p._4129_2019.pdf": 7.840312983320164}, "hijrayat": {"Crl.A.13-14-15and16of2004and53of2011.pdf": 7.840312983320164}, "hijacker": {"Crl.P.200of2009.pdf": 15.680625966640328}, "hijab": {"C.A._134-P_2013.pdf": 7.840312983320164}}