{"hike": {"cng_prices_order_21-12-12-alongwith_translation.pdf": 6.230875070886063, "c.a._1660_2014.pdf": 6.230875070886063, "c.p._492_k_2023.pdf": 6.230875070886063, "c.p._1278_k_2023.pdf": 6.230875070886063, "c.a._1692_2021.pdf": 12.461750141772127}, "hikmatullah": {"c.m.a._4821_2018_15112021.pdf": 7.1471658027602185, "c.p._4740_2017.pdf": 7.1471658027602185}, "hikmat": {"c.p._223_p_2012.pdf": 12.908037244400546, "c.p._1831_2017.pdf": 19.36205586660082, "C.A._1525_2016.pdf": 32.270093111001366, "c.a._1474_2015.pdf": 6.454018622200273}}