{"hilly": {"Const.P.127of2012.pdf": 6.454018622200273, "ConstitutionPetitionNo21OF2007.pdf": 6.454018622200273, "c.a._240_2020.pdf": 6.454018622200273, "C.M.A.2371of2012dt[07-06-2012].pdf": 6.454018622200273}, "hilali": {"cr.p_1054_l_2023.pdf": 3.797261715485614, "crl.p._1054_l_2023_urdu.pdf": 3.797261715485614, "crl.p._1359_2023.pdf": 3.797261715485614, "reference._1_2011_urdu.pdf": 3.797261715485614, "c.a._2434_2016.pdf": 3.797261715485614, "c.u.o._18_2024_dt_21_02_2024.pdf": 3.797261715485614, "crl.p._188_p_2023.pdf": 3.797261715485614, "c.a._515_2015.pdf": 3.797261715485614, "c.p._4522_2023_dt_05_01_2024 .pdf": 3.797261715485614, "c.a._799_2021.pdf": 3.797261715485614, "c.a._13_q_2020.pdf": 3.797261715485614, "c.a._1444_2013.pdf": 7.594523430971228, "const.p.6_2023.pdf": 11.391785146456842, "c.a._499_2017.pdf": 7.594523430971228, "reference._1_2011.pdf": 7.594523430971228, "c.p._1503_2022.pdf": 3.797261715485614, "c.a._538_2022.pdf": 3.797261715485614, "const.p._6_2023_07032024.pdf": 3.797261715485614, "crl.o.p._40_2023.pdf": 3.797261715485614, "const.p.9_2014_detail_reasons.pdf": 3.797261715485614, "c.a._441_2020.pdf": 7.594523430971228, "c.p._903_2023.pdf": 3.797261715485614, "const.p._2_2024_06032024.pdf": 3.797261715485614, "i.c.a._1_2024_15032024.pdf": 3.797261715485614, "c.a._1227_2016.pdf": 7.594523430971228, "c.a._982_2018_19022024.pdf": 7.594523430971228, "c.p._42_2024.pdf": 3.797261715485614, "i.c.a._5_2023.pdf": 7.594523430971228, "c.p.l.a.1974_l_2020.pdf": 3.797261715485614, "C.P._396_2017.pdf": 3.797261715485614, "s.m.c._4_2021_29012024_r.pdf": 3.797261715485614, "const.p._43_2023.pdf": 3.797261715485614, "c.a._271_2015.pdf": 3.797261715485614, "c.p._1893_l_2021.pdf": 7.594523430971228, "c.p._42_2024_25012024.pdf": 3.797261715485614, "const.p._6_2023_dn.pdf": 3.797261715485614, "const.p._5_2024_04032024.pdf": 3.797261715485614, "const.p._6_2023_111023.pdf": 7.594523430971228, "reference_1_2011_06mar2024.pdf": 7.594523430971228, "c.a._1877_2016_dt_24_01_2024.pdf": 3.797261715485614, "reference._1_2011_08012024.pdf": 7.594523430971228, "c.a._130_2016.pdf": 7.594523430971228, "crl.r.p._2_2024.pdf": 3.797261715485614, "const.p._6_2023_addl_n.pdf": 3.797261715485614, "c.a._317_l_2011.pdf": 3.797261715485614, "i.c.a._1_2024_dt_21_02_2024.pdf": 3.797261715485614, "c.a._894_2015.pdf": 7.594523430971228, "c.a._248_2014.pdf": 3.797261715485614, "c.a._982_2018_08_jan_2024.pdf": 3.797261715485614, "const.p._5_2024.pdf": 3.797261715485614, "c.m.a._10566_2023.pdf": 3.797261715485614, "c.a._247_2021.pdf": 3.797261715485614, "c.p._2456_l_2022.pdf": 3.797261715485614, "s.m.c._4_2021_dt_30_01_2024.pdf": 3.797261715485614, "c.a._981_2018_02012024.pdf": 3.797261715485614, "c.p._2270_2023.pdf": 3.797261715485614, "c.p._2341_l_2016.pdf": 3.797261715485614}, "hills": {"ConstitutionPetitionNo21OF2007.pdf": 5.132262782217954, "C.P.796of2007-UrduTranslation-dt-10-5-2013.pdf": 5.132262782217954, "Const.P._38_2016.pdf": 5.132262782217954, "Crl.O.P_57_2015.pdf": 5.132262782217954, "CPLA_796_2007_ETC_SHORT_ORDER_REKO_DIQ_CASE.pdf": 20.529051128871817, "C.P.796of2007-dt-10-5-2013.pdf": 41.058102257743634, "C.R.P._315_2013_DT_19_03_2015.pdf": 20.529051128871817, "C.A._1348_2006.pdf": 5.132262782217954, "C.A._774_2013.pdf": 5.132262782217954, "h.r.c._318_1993.pdf": 46.19036503996159, "reference._2_2022.pdf": 5.132262782217954, "C.R.P._315_2013_DT_18_03_2015.pdf": 10.264525564435909, "c.m.a._8758_2018_23nov2023.pdf": 5.132262782217954, "CMA3258of2013inCP65of09DetailOrder.pdf": 5.132262782217954, "ref._2_2022_13092023.pdf": 5.132262782217954}, "hilla": {"Crl.A._479_2015.pdf": 7.840312983320164}, "hill": {"C.R.P._297_2017_Reserved.pdf": 14.387371636790224, "Const.P._29_2016_28072016.pdf": 28.774743273580448, "Crl.O.P_57_2015.pdf": 19.183162182386965, "Const.P._29_2016.pdf": 119.89476363991854, "S.M.C.24of2010[urdu-version].pdf": 4.795790545596741, "Const.P.NO.62OF2010_orderdt06062011.pdf": 4.795790545596741, "SMC16of2011_detailed_judgment.pdf": 14.387371636790224, "const.p._9_2010_27122021.pdf": 57.549486547160896, "c.a._2150_2019.pdf": 4.795790545596741, "const.p._9_2010.pdf": 43.162114910370676, "c.a.1540-1599_2013.pdf": 4.795790545596741, "C.R.P._335_2014.pdf": 4.795790545596741, "smc_3_2014_10.03.2014.pdf": 4.795790545596741, "c.p._596_2021.pdf": 4.795790545596741, "const.p._9_2010_28122021.pdf": 172.6484596414827, "CJD_Constitution_Petition_No_36_of_2005.pdf": 4.795790545596741, "SMC24-2010.pdf": 4.795790545596741, "Const.P._35_2016_dt_15_12_2017.pdf": 14.387371636790224, "c.m.a._8758_2018_23nov2023.pdf": 28.774743273580448, "C.P._661_K_2015.pdf": 4.795790545596741, "Const.P.5and15-HRC14144-DetailedReasons.pdf": 4.795790545596741}, "hilal": {"Const.P._50_2018.pdf": 6.048553514092109, "const.p.42of2011.pdf": 6.048553514092109, "C.A._1084_2008.pdf": 12.097107028184219, "c.p._381_k_2019.pdf": 6.048553514092109, "crl.p._461_2023.pdf": 12.097107028184219, "CJD_Section 2-A_Case_as_on_26_06_2006.pdf": 6.048553514092109}, "hilt": {"Const.P._29_2016.pdf": 4.47301715333369, "crl.a._528_2019.pdf": 4.47301715333369, "JR_Judgment_on_17th_Amendmend_and_Presidents_Uniform_Case.pdf": 4.47301715333369, "crl.a._03_p_2017.pdf": 4.47301715333369, "Crl.P.163_to_171_S.M.C.5_2005.pdf": 13.419051460001072, "j.p._739_2018.pdf": 4.47301715333369, "crl.a._297_2020.pdf": 4.47301715333369, "crl.p._596_l_2022.pdf": 4.47301715333369, "j.p._36_2016.pdf": 4.47301715333369, "j.p._385_2017.pdf": 4.47301715333369, "J.P._298_2018.pdf": 4.47301715333369, "crl.a._531_2019.pdf": 4.47301715333369, "Crl.A._158_L_2017.pdf": 4.47301715333369, "crl.p._1371_2016.pdf": 4.47301715333369, "const.p._21_2022_30102023.pdf": 4.47301715333369, "crl.p._103_p_2022.pdf": 4.47301715333369, "crl.a._208_2022.pdf": 4.47301715333369, "crl.a._560_2020.pdf": 4.47301715333369, "crl.a._296_l_2020.pdf": 4.47301715333369, "j.p._01_2016.pdf": 4.47301715333369, "crl.p._406_2017.pdf": 4.47301715333369, "crl.a._3_q_2021.pdf": 4.47301715333369, "crl.p._1806_l_2017.pdf": 4.47301715333369, "j.p._300_2022.pdf": 4.47301715333369, "crl.p._92_k_2021.pdf": 4.47301715333369, "c.a._1191_2016.pdf": 4.47301715333369, "j.p._95_2017.pdf": 4.47301715333369, "crl.p._1121_2017.pdf": 4.47301715333369, "Crl.A._201_2018.pdf": 4.47301715333369}, "hilliard": {"C.P._2093_2015.pdf": 7.840312983320164}, "hilux": {"c.m.a._4821_2018_15112021.pdf": 6.741700694652055, "crl.a._208_2022.pdf": 13.48340138930411, "crl.a._239_2020.pdf": 6.741700694652055}, "hillerst": {"c.p._414_2021.pdf": 7.840312983320164}, "hilton": {"c.p._414_2021.pdf": 7.1471658027602185, "c.a._65_k_2019.pdf": 7.1471658027602185}, "hiller": {"c.p._414_2021.pdf": 7.840312983320164}, "hilary": {"C.A.800Lof2013etc.pdf": 7.840312983320164}, "hilli": {"c.p._1369_l_2019.pdf": 7.840312983320164}, "hilai": {"c.p._2456_l_2022.pdf": 7.840312983320164}}