{"hippocratic": {"H.R.C._14158_G_2016_dt_12_08_2016.pdf": 7.840312983320164}, "hippocrate": {"CPs.10-18of2011.pdf": 6.741700694652055, "Const.P.12of2010.pdf": 13.48340138930411, "Const.P.12of2010Urdu.pdf": 20.225102083956166}, "hipday": {"C.A._2215_2006.pdf": 7.840312983320164}, "hip": {"smc.11_2011.pdf": 7.1471658027602185, "crl.a._293_2020.pdf": 7.1471658027602185}}