{"hitherto": {"Const.P.127of2012.pdf": 4.374577080520438, "C.A._3_2018_dt-14-9-2018.pdf": 4.374577080520438, "Const.P.12of2010.pdf": 8.749154161040876, "const.p.42of2011.pdf": 4.374577080520438, "C.A._3_2018.pdf": 4.374577080520438, "const.p._19_2022_01062022.pdf": 4.374577080520438, "Ref.01_2012_addl.note_HJ.ejaz_afzal_khan.pdf": 4.374577080520438, "Crl.O.P.89of2011.pdf": 4.374577080520438, "CMA No.5144of2011.pdf": 4.374577080520438, "const.p.6_2023.pdf": 8.749154161040876, "c.r.p._296_2020_04022022.pdf": 4.374577080520438, "crl.p._299_2020_07042020.pdf": 4.374577080520438, "Crl.A.140of2005.pdf": 4.374577080520438, "const.p._17_2019_detailed_reasoning.pdf": 4.374577080520438, "i.c.a._5_2023.pdf": 4.374577080520438, "C.A._654_2010.pdf": 4.374577080520438, "C.P._1616_2018.pdf": 4.374577080520438, "c.a._1481_2015.pdf": 8.749154161040876, "S.M.C._2_2018.pdf": 4.374577080520438, "crl_r_p.8-l_2013.pdf": 4.374577080520438, "C.A._1242_2013.pdf": 4.374577080520438, "c.a._317_2022.pdf": 4.374577080520438, "const.p._17_2020_dissenting_note_hj4.pdf": 4.374577080520438, "crl.p._500_2020.pdf": 4.374577080520438, "c.m.a._2012_2023_10042023.pdf": 4.374577080520438, "Const.P._35_2016_dt_15_12_2017.pdf": 4.374577080520438, "crl.p._893_2020.pdf": 4.374577080520438, "C.P._1702_2015.pdf": 4.374577080520438, "s.m.c._4_2021_26082021.pdf": 4.374577080520438, "c.m.a._3932_2023.pdf": 4.374577080520438, "ConstP.No.53of2007andConst.P.83of2012.pdf": 4.374577080520438, "c.p._962_2016 .pdf": 4.374577080520438}, "hit": {"ConstitutionPetitionNo21OF2007.pdf": 9.95381939937639, "Order-DNC-nd-note.pdf": 2.4884548498440977, "crl.s.m.r.p._84_2018.pdf": 2.4884548498440977, "HRC19526of2013.pdf": 2.4884548498440977, "c.a._653_2014.pdf": 2.4884548498440977, "Crl.A._609_2014.pdf": 2.4884548498440977, "Crl.A._39_L_2015.pdf": 2.4884548498440977, "NRO_Judgment.pdf": 2.4884548498440977, "C.A._3_2018_dt-14-9-2018.pdf": 9.95381939937639, "Const.P.12of2010.pdf": 4.976909699688195, "Crl.P._120_2016.pdf": 4.976909699688195, "C.A._104-L_2015.pdf": 2.4884548498440977, "j.p._405_2021.pdf": 9.95381939937639, "Const.P._29_2016.pdf": 4.976909699688195, "Const.PetitionNo.77of2010_12.10.2012.pdf": 2.4884548498440977, "C.A._3_2018.pdf": 9.95381939937639, "c.p._2243_l_2019.pdf": 2.4884548498440977, "Crl.A._275_2011.pdf": 2.4884548498440977, "Const.P.30of2013.pdf": 2.4884548498440977, "SMC16of2011_detailed_judgment.pdf": 4.976909699688195, "crl.a._95_2019.pdf": 2.4884548498440977, "crl.p._457_l_2021.pdf": 7.465364549532293, "c.a._108_2015.pdf": 2.4884548498440977, "C.A._03_2017.pdf": 2.4884548498440977, "C.P.796of2007-dt-10-5-2013.pdf": 4.976909699688195, "JR_Judgment_on_17th_Amendmend_and_Presidents_Uniform_Case.pdf": 2.4884548498440977, "Crl.O.P.89of2011.pdf": 2.4884548498440977, "Const.P.5of2013.pdf": 4.976909699688195, "c.a._1120_2009.pdf": 2.4884548498440977, "Crl.P.163_to_171_S.M.C.5_2005.pdf": 2.4884548498440977, "crl.a._128_2020.pdf": 2.4884548498440977, "C.A.669-L_2013.pdf": 2.4884548498440977, "crl.p._493_2021.pdf": 2.4884548498440977, "Crl.A._80_L_2017.pdf": 2.4884548498440977, "C.P.No.240and241-Kof2013.pdf": 4.976909699688195, "C.A._353_2015.pdf": 7.465364549532293, "crl.p._104_p_2023.pdf": 2.4884548498440977, "C.P._3460_2015.pdf": 2.4884548498440977, "c.p._1857_2022.pdf": 2.4884548498440977, "c.a._515_2015.pdf": 2.4884548498440977, "c.a._315_2022.pdf": 2.4884548498440977, "crl.p._591_2020.pdf": 2.4884548498440977, "c.p._405_2020.pdf": 7.465364549532293, "c.p._181_q_2021.pdf": 2.4884548498440977, "crl.p._36_q_2012.pdf": 2.4884548498440977, "j.p._865_2017.pdf": 4.976909699688195, "j.p._501_2018.pdf": 2.4884548498440977, "c.a._1241_2013.pdf": 4.976909699688195, "C.P._549-P_2015.pdf": 2.4884548498440977, "JR_Detailed_Judgment_in_Referendum_Case.pdf": 9.95381939937639, "j.p._262_2015.pdf": 2.4884548498440977, "c.p._4185_2019.pdf": 2.4884548498440977, "C.A._394_2014.pdf": 2.4884548498440977, "crl.p._461_2023.pdf": 2.4884548498440977, "j.p._385_2017.pdf": 2.4884548498440977, "c.p._1874_2022.pdf": 2.4884548498440977, "C.A._1171_2017.pdf": 2.4884548498440977, "Const.P._24_2012.pdf": 2.4884548498440977, "c.a._383_2013.pdf": 2.4884548498440977, "crl.p._1485_l_2019.pdf": 7.465364549532293, "crl.p._1023_2020.pdf": 2.4884548498440977, "crl.p._172_p_2021.pdf": 4.976909699688195, "C.A._359_2013.pdf": 2.4884548498440977, "const.p.9_2014_detail_reasons.pdf": 2.4884548498440977, "crl.p._1710_l_2017.pdf": 7.465364549532293, "c.p._657_2020.pdf": 2.4884548498440977, "const.p._17_2020_dissenting_note_hj11.pdf": 2.4884548498440977, "C.P._60_K_2018.pdf": 7.465364549532293, "crl.a._531_2019.pdf": 2.4884548498440977, "j.p._557_2016.pdf": 7.465364549532293, "crl.p._96_k_2021.pdf": 4.976909699688195, "c.p._283_k_2020.pdf": 2.4884548498440977, "c.a._902_2020.pdf": 4.976909699688195, "crl.sh.a._16_2017.pdf": 2.4884548498440977, "crl.p._458_2021.pdf": 2.4884548498440977, "const.p.115_2011.pdf": 4.976909699688195, "Crl.A._402_2013.pdf": 7.465364549532293, "c.p._3501_2021.pdf": 2.4884548498440977, "Cr.A. 315 of 2012.pdf": 2.4884548498440977, "ca411to414of2013.pdf": 2.4884548498440977, "j.p._34_2020.pdf": 2.4884548498440977, "c.a._909_2020.pdf": 2.4884548498440977, "c.p._3347_2021.pdf": 2.4884548498440977, "crl.p._1802_l_2017.pdf": 22.396093648596878, "j.p._324_2015.pdf": 2.4884548498440977, "Crl.A.13-14-15and16of2004and53of2011.pdf": 4.976909699688195, "j.p._382_2017.pdf": 2.4884548498440977, "crl.p._513_2021.pdf": 2.4884548498440977, "crl.p._1371_2016.pdf": 4.976909699688195, "Crl.A.140of2005.pdf": 2.4884548498440977, "crl.p._911_2020.pdf": 2.4884548498440977, "Const.P.46and47of2010.pdf": 2.4884548498440977, "C.P.756-Lof2013-dt-10-5-2013.pdf": 2.4884548498440977, "c.p._479_k_2020.pdf": 2.4884548498440977, "const.p._17_2019_detailed_reasoning.pdf": 4.976909699688195, "const.p._21_2022_30102023.pdf": 4.976909699688195, "j.p._255_2018.pdf": 2.4884548498440977, "const.p._21_2023_11082023.pdf": 2.4884548498440977, "j.p._154_2016.pdf": 2.4884548498440977, "Crl.A._195_L_2017.pdf": 4.976909699688195, "c.a._937_2018.pdf": 2.4884548498440977, "j.p._499_2015.pdf": 2.4884548498440977, "j.p._943_2017.pdf": 22.396093648596878, "Crl.A._75_L_2017.pdf": 2.4884548498440977, "crl.p._301_2022.pdf": 2.4884548498440977, "c.p._2148_2020.pdf": 2.4884548498440977, "crl.p._203_2021.pdf": 2.4884548498440977, "crl.a._291_2020.pdf": 2.4884548498440977, "C.P._1616_2018.pdf": 2.4884548498440977, "J.P.No.56of2005.pdf": 2.4884548498440977, "C.A._1352_2013.pdf": 2.4884548498440977, "crl.p._1196_l_2015.pdf": 4.976909699688195, "crl.p._445_2020.pdf": 2.4884548498440977, "c.a._350_2020.pdf": 2.4884548498440977, "C.A._424_2015.pdf": 4.976909699688195, "crl.p._879_2021.pdf": 7.465364549532293, "C.P._3186_2015.pdf": 4.976909699688195, "c.a._30_l_2018.pdf": 4.976909699688195, "C.A.269_ETC_OF_2011.pdf": 2.4884548498440977, "c.a._17_q_2021.pdf": 2.4884548498440977, "crl.m.a._1581_2021.pdf": 2.4884548498440977, "C.A._794_2006.pdf": 7.465364549532293, "crl.p._252_2020.pdf": 2.4884548498440977, "c.p._2032_2019.pdf": 2.4884548498440977, "const.p._6_2023_dt_05_01_2023.pdf": 2.4884548498440977, "c.a._1562_2020.pdf": 2.4884548498440977, "Const.P.91of2011Dt-23-8-2012.pdf": 2.4884548498440977, "c.a._221_2018.pdf": 2.4884548498440977, "c.p._152_2022.pdf": 2.4884548498440977, "crl_r_p.8-l_2013.pdf": 9.95381939937639, "C.A._69_2015.pdf": 2.4884548498440977, "crl.a._560_2020.pdf": 4.976909699688195, "crl.a._120_2019.pdf": 4.976909699688195, "Crl.P._488_2015.pdf": 4.976909699688195, "j.p._883_2017.pdf": 2.4884548498440977, "j.p._148_2022.pdf": 4.976909699688195, "j.p._553_2017.pdf": 7.465364549532293, "Crl.P._634_2015.pdf": 7.465364549532293, "crl.p_1124_l_2015.pdf": 7.465364549532293, "crl.p._207_2023.pdf": 2.4884548498440977, "I.C.A._4_2017.pdf": 2.4884548498440977, "C.A.404of2011.pdf": 2.4884548498440977, "crl.p._263_l_2015.pdf": 2.4884548498440977, "crl.p._1557_2022.pdf": 4.976909699688195, "j.p._201_2015.pdf": 7.465364549532293, "crl.p._475_2022.pdf": 7.465364549532293,