{"hj": {"HR-19of1996.pdf": 6.230875070886063, "H.R.C.19of1996[AsgharKhanCase]DetailedReasonsUrduTranslation.pdf": 6.230875070886063, "H.R.C.19of1996[AsgharKhanCase]DetailedReasons.pdf": 6.230875070886063, "crp.328-329_2013.pdf": 68.5396257797467, "c.r.p._296_2020.pdf": 6.230875070886063}}