{"hk": {"c.a._444_2017.pdf": 7.1471658027602185, "c.p.1795_2022.pdf": 7.1471658027602185}}