{"hkcfi": {"c.p.1795_2022.pdf": 7.840312983320164}, "hkc": {"c.a._1547_2019.pdf": 7.840312983320164}}