{"hl": {"Order-DNC-nd-note.pdf": 5.643088405983945, "Const.P._29_2016.pdf": 11.28617681196789, "Crl.P.163_to_171_S.M.C.5_2005.pdf": 5.643088405983945, "c.r.p._296_2020_04022022.pdf": 5.643088405983945, "c.a._444_2017.pdf": 28.215442029919725, "CMA2745of2009etc.pdf": 5.643088405983945, "c.m.a._3932_2023.pdf": 5.643088405983945, "C.P._661_K_2015.pdf": 5.643088405983945, "c.a._1547_2019.pdf": 5.643088405983945}}