{"hlc": {"JR_Judgment_on_17th_Amendmend_and_Presidents_Uniform_Case.pdf": 6.741700694652055, "C.P._3912_2016.pdf": 6.741700694652055, "smc.9_2011.pdf": 114.60891180908493}}