{"hmc": {"Const.P._97_2014.pdf": 6.454018622200273, "c.p._1882_2016.pdf": 12.908037244400546, "s.m.c._4_2021_26082021.pdf": 6.454018622200273, "C.A._134-P_2013.pdf": 6.454018622200273}}