{"ho": {"Const.P.12of2010.pdf": 5.643088405983945, "H.R.C.19of1996[AsgharKhanCase]DetailedReasonsUrduTranslation.pdf": 5.643088405983945, "crl.a._95_2019.pdf": 5.643088405983945, "c.p._2933_2019.pdf": 5.643088405983945, "HRC-4668of2006.pdf": 5.643088405983945, "C.A.269_ETC_OF_2011.pdf": 11.28617681196789, "c.p._3287_2019.pdf": 5.643088405983945, "C.M.A._376-K_2014.pdf": 5.643088405983945, "c.p._140_l_2015.pdf": 5.643088405983945}}