{"hoard": {"NRO_Judgment.pdf": 6.048553514092109, "Const.P.12of2010.pdf": 6.048553514092109, "CJD_Reference by_the_President_of_Pakistan_under_Article_186.pdf": 6.048553514092109, "Const.P.No.33and34of2005-dt-27-6-2013.pdf": 12.097107028184219, "s.m.c._1_2020_25062020.pdf": 12.097107028184219, "c.a._1137_2014.pdf": 6.048553514092109}, "hoarse": {"Const.P.12of2010.pdf": 7.1471658027602185, "SMC16of2011_detailed_judgment.pdf": 7.1471658027602185}, "hoax": {"C.A._461_2014.pdf": 6.741700694652055, "c.p._722_p_2021.pdf": 6.741700694652055, "C.M.A._376-K_2014.pdf": 6.741700694652055}, "hoap": {"Crl.O.P._59_2015.pdf": 185.82631087176568, "C.A.800Lof2013etc.pdf": 14.294331605520437}, "hoarding": {"Const.P.87of2011.pdf": 21.441497408280654, "C.M.A._8215_2016.pdf": 7.1471658027602185}, "hoarder": {"s.m.c._1_2020_25062020.pdf": 7.840312983320164}}