{"hobbe": {"c.a._1476_2018_urdu.pdf": 12.908037244400546, "Const.P.12of2010.pdf": 6.454018622200273, "Const.P.12of2010Urdu.pdf": 6.454018622200273, "c.a._1476_2018.pdf": 12.908037244400546}, "hoboken": {"Const.P._29_2016.pdf": 7.840312983320164}, "hobby": {"Const.P.5of2013.pdf": 14.294331605520437, "c.p._414_2021.pdf": 7.1471658027602185}, "hobhouse": {"c.a._284_2017.pdf": 7.840312983320164}}