{"hoc": {"c.r.p._292_2021_sacked_employees.pdf": 8.112246698803807, "C.A._3_2018_dt-14-9-2018.pdf": 16.224493397607613, "Const.P.12of2010.pdf": 4.056123349401903, "C.R.P._125_2014.pdf": 4.056123349401903, "C.A._3_2018.pdf": 16.224493397607613, "ca.a_239_2020.pdf": 4.056123349401903, "c.p._2119_2018.pdf": 4.056123349401903, "CJD_Reference by_the_President_of_Pakistan_under_Article_186.pdf": 4.056123349401903, "C.P.No.1017-Lof2011.pdf": 4.056123349401903, "C.A._1072_2005.pdf": 12.168370048205709, "c.a._73_2020.pdf": 8.112246698803807, "i.c.a._1_2024_dn_20032024.pdf": 8.112246698803807, "c.a._228_2020.pdf": 16.224493397607613, "c.r.p._296_2020_04022022.pdf": 24.336740096411418, "c.a._1414_2021.pdf": 24.336740096411418, "c.a._446_2021.pdf": 117.62757713265519, "c.a._249_2020.pdf": 16.224493397607613, "const.p.9_2014_detail_reasons.pdf": 4.056123349401903, "c.a._565_2011.pdf": 4.056123349401903, "c.p._4424_2021.pdf": 12.168370048205709, "c.a._759_2020.pdf": 4.056123349401903, "C.R.P.193of2013.pdf": 4.056123349401903, "C.A._110_L_2013.pdf": 8.112246698803807, "const.p._19_2020.pdf": 8.112246698803807, "Const.P.No.33and34of2005-dt-27-6-2013.pdf": 4.056123349401903, "C.P._80-Q_2010.pdf": 4.056123349401903, "c.a._616_2020.pdf": 20.280616747009518, "C.A._322_2018.pdf": 4.056123349401903, "C.P._1958_2016.pdf": 52.729603542224744, "C.A.404of2011.pdf": 4.056123349401903, "c.p._4282_2018.pdf": 4.056123349401903, "c.a._26_k_2021.pdf": 8.112246698803807, "c.a._268_2020.pdf": 12.168370048205709, "s.m.c._1_2023_07042023.pdf": 4.056123349401903, "c.a._52_k_2022.pdf": 44.617356843420936, "c.p._2717_l_2015.pdf": 4.056123349401903, "C.A._1262_2018.pdf": 4.056123349401903, "C.A._845_2010.pdf": 93.29083703624377, "c.p._231_k_2020.pdf": 20.280616747009518, "c.a._451_2017.pdf": 8.112246698803807, "c.a._1546_2019.pdf": 8.112246698803807, "Const.P.59of2011.pdf": 4.056123349401903, "crl.a.264_2006.pdf": 52.729603542224744, "c.a._17_2020.pdf": 4.056123349401903}, "hockey": {"C.R.P._49_2016.pdf": 6.741700694652055, "C.A._26_2009.pdf": 6.741700694652055, "I.C.A._4_2017.pdf": 13.48340138930411}, "hock": {"Const.P.12of2010.pdf": 35.735829013801094, "JR_Judgment_on_17th_Amendmend_and_Presidents_Uniform_Case.pdf": 7.1471658027602185}, "hocism": {"c.a._551_2020.pdf": 7.840312983320164}, "hochticf": {"CPs987-989OF2011-DT19.10.2011.pdf": 7.840312983320164}}