{"hodgepodge": {"Const.P.87of2011[UrduVersion].pdf": 7.840312983320164}, "hodge": {"C.A._104-L_2015.pdf": 6.454018622200273, "Const.P.No.33and34of2005-dt-27-6-2013.pdf": 19.36205586660082, "c.p._6117_2021.pdf": 6.454018622200273, "c.a._1547_2019.pdf": 6.454018622200273}, "hod": {"H.R.C._14158-G_2016_[19082016].pdf": 7.1471658027602185, "H.R.C._14158-G_2016.pdf": 14.294331605520437}, "hody": {"h.r.c_11827_s_2018.pdf": 7.840312983320164}, "hodgson": {"c.p._4703_2017.pdf": 7.1471658027602185, "c.p._5601_2021.pdf": 7.1471658027602185}, "hodgkinson": {"C.A._539_2003.pdf": 14.294331605520437, "Const.P.5and15-HRC14144-DetailedReasons.pdf": 7.1471658027602185}}