{"hoffmann": {"C.P.796of2007-dt-10-5-2013.pdf": 6.741700694652055, "const.p._32_2023_additional_note.pdf": 6.741700694652055, "c.p.1795_2022.pdf": 6.741700694652055}, "hoffman": {"const.p._17_2020_dissenting_note_hj11.pdf": 6.230875070886063, "c.m.a._1243_2021.pdf": 6.230875070886063, "c.m.a._3932_2023.pdf": 18.69262521265819, "c.a._1547_2019.pdf": 6.230875070886063, "c.a._1191_2014.pdf": 6.230875070886063}, "hofstra": {"c.p._2717_l_2015.pdf": 7.840312983320164}}