{"hogg": {"CJD_Reference by_the_President_of_Pakistan_under_Article_186.pdf": 19.36205586660082, "const.p.9_2014_detail_reasons.pdf": 12.908037244400546, "c.a._982_2018_19022024.pdf": 6.454018622200273, "c.a._982_2018_19022024_2.pdf": 6.454018622200273}, "hog": {"CJD_Section 2-A_Case_as_on_26_06_2006.pdf": 7.840312983320164}}