{"hook": {"Const.P.127of2012.pdf": 5.442417710521793, "Const.P.12of2010.pdf": 21.769670842087173, "H.R.C.19of1996[AsgharKhanCase]DetailedReasons.pdf": 10.884835421043586, "crl.p._1001_l_2017.pdf": 5.442417710521793, "j.p._467_2017.pdf": 5.442417710521793, "const.p.37_2012_final.pdf": 5.442417710521793, "c.a._1095_2018_13092019.pdf": 5.442417710521793, "c.p._677_k_2019.pdf": 5.442417710521793, "c.a._17_q_2021.pdf": 5.442417710521793, "crl.p._103_p_2011.pdf": 5.442417710521793, "c.a._1005_2009.pdf": 5.442417710521793}, "hoor": {"c.p._1193_2020.pdf": 7.840312983320164}, "hoodwink": {"crl.a._154_2020.pdf": 5.442417710521793, "smc.18_2010_final.pdf": 5.442417710521793, "crl.p._39_l_2021.pdf": 5.442417710521793, "c.a._507_2020.pdf": 5.442417710521793, "C.A._2564_2001.pdf": 5.442417710521793, "c.a._1113_2017_dissenting_note.pdf": 5.442417710521793, "crl.p._69_q_2019.pdf": 5.442417710521793, "c.a._1113_2017.pdf": 5.442417710521793, "crl.p._169_2020.pdf": 5.442417710521793, "c.p._4222_2018.pdf": 5.442417710521793, "j.p._282_2017.pdf": 5.442417710521793}, "hood": {"c.p._1331_l_2017.pdf": 6.230875070886063, "const.p._24_2017.pdf": 6.230875070886063, "const.p.6_2023.pdf": 6.230875070886063, "c.a._1476_2018.pdf": 6.230875070886063, "ConstitutionPetitionNo39of2009.pdf": 6.230875070886063}, "hoover": {"Const.P.12of2010.pdf": 14.294331605520437, "const.p._76_2018.pdf": 7.1471658027602185}, "hookup": {"Const.P._29_2016.pdf": 7.840312983320164}, "hooliganism": {"C.R.P._94_2014.pdf": 7.1471658027602185, "Const.P.46and47of2010.pdf": 7.1471658027602185}, "hoot": {"c.p._5178_2021.pdf": 6.230875070886063, "const.p._21_2022_30102023.pdf": 12.461750141772127, "S.M.C14 of 2009.pdf": 6.230875070886063, "Crl.O.P.6of2012.pdf": 6.230875070886063, "S.M.C.16of2011dt-22-3-2013.pdf": 6.230875070886063}, "hooligan": {"Const.P.46and47of2010.pdf": 7.840312983320164}, "hookah": {"c.a._458_2017.pdf": 31.361251933280656}, "hooghly": {"const.p._24_2023_f.pdf": 7.840312983320164}, "hoop": {"C.M.A._8215_2016.pdf": 7.840312983320164}}