{"hor": {"ConstitutionPetitionNo21OF2007.pdf": 5.8944028342648505, "Const.P.77of2012[DetailedOrderFinal].pdf": 5.8944028342648505, "SMC16of2011_detailed_judgment.pdf": 5.8944028342648505, "JR_Detailed_Judgment_in_Referendum_Case.pdf": 5.8944028342648505, "c.p._2021_l_2015.pdf": 5.8944028342648505, "ConstP.No.53of2007andConst.P.83of2012.pdf": 5.8944028342648505, "c.a._91_k_2017.pdf": 5.8944028342648505}, "horizon": {"ConstitutionPetitionNo21OF2007.pdf": 5.007099639263948, "C.A._90_2011_UrduVersion.pdf": 5.007099639263948, "Const.P.12of2010.pdf": 10.014199278527895, "Const.P._29_2016.pdf": 5.007099639263948, "c.a.149-150_2010.pdf": 5.007099639263948, "S.M.C.18OF2010.pdf": 5.007099639263948, "Const.P.77-78-79 [Memogate]DetailedOrder.pdf": 5.007099639263948, "JR_Judgment_on_17th_Amendmend_and_Presidents_Uniform_Case.pdf": 5.007099639263948, "C.A.800Lof2013etc.pdf": 10.014199278527895, "crl.sh.a._12_2017.pdf": 5.007099639263948, "c.a._1089_2015.pdf": 5.007099639263948, "SMC24-2010.pdf": 5.007099639263948, "c.a._827_2020.pdf": 5.007099639263948, "SMCNo25of2009.pdf": 5.007099639263948, "c.m.a._490_2021_20022021.pdf": 5.007099639263948, "c.p._140_l_2015.pdf": 5.007099639263948, "C.M.A._8215_2016.pdf": 5.007099639263948}, "horror": {"crl.s.m.r.p._84_2018.pdf": 19.799764901695998, "crl.a._400_2019.pdf": 4.949941225423999, "Const.P.12of2010.pdf": 4.949941225423999, "H.R.C.19of1996[AsgharKhanCase]DetailedReasonsUrduTranslation.pdf": 4.949941225423999, "crl.a._95_2019.pdf": 24.749706127119996, "crl.a._67_l_2020.pdf": 4.949941225423999, "crl.sh.a._23_2017.pdf": 4.949941225423999, "crl.m.a._365_l_2020.pdf": 4.949941225423999, "cr.p.no.197_k_2019.pdf": 4.949941225423999, "j.p._553_2017.pdf": 4.949941225423999, "c.p._4029_2019.pdf": 4.949941225423999, "ConstitutionPetitionNo39of2009.pdf": 4.949941225423999, "crl.p._371_2020l.pdf": 4.949941225423999, "Crl.A.126of2012.pdf": 4.949941225423999, "crl.a._277_2020.pdf": 4.949941225423999, "crl.p._996_2020.pdf": 4.949941225423999, "crl.p._464_2020.pdf": 4.949941225423999, "crl.p._716_2019.pdf": 4.949941225423999}, "horrific": {"Const.P.31of2011etc.pdf": 18.69262521265819, "CONST.P.77OF2010-DT-06.04.12[URDU].pdf": 6.230875070886063, "c.p._943_k_2022.pdf": 6.230875070886063, "crl.sh.a._23_2017.pdf": 6.230875070886063, "Const.P.5and15-HRC14144-DetailedReasons.pdf": 6.230875070886063}, "horrible": {"Const.P.31of2011etc.pdf": 11.075455780652236, "CONST.P.77OF2010-DT-05.04.12[URDU].pdf": 5.537727890326118, "SMC16of2011_detailed_judgment.pdf": 11.075455780652236, "crl.a._95_2019.pdf": 5.537727890326118, "const.p.23of2012.pdf": 5.537727890326118, "const.p.37_2012_final.pdf": 5.537727890326118, "Const.P.22of2013.pdf": 5.537727890326118, "c.m.a._6762_2020_13032021.pdf": 5.537727890326118, "ConstP.No.53of2007andConst.P.83of2012.pdf": 5.537727890326118, "hrc_20107-G_2013.pdf": 5.537727890326118}, "horizontal": {"C.A._90_2011_UrduVersion.pdf": 5.132262782217954, "C.R.P._125_2014.pdf": 10.264525564435909, "C.R.P.193of2013.pdf": 10.264525564435909, "C.A._699_2017.pdf": 10.264525564435909, "c.p._1862_l_2021.pdf": 20.529051128871817, "c.a._1476_2018.pdf": 5.132262782217954, "c.a._1481_2015.pdf": 35.92583947552568, "c.p._1092_2018.pdf": 25.66131391108977, "Crl.O.P._47_2016.pdf": 10.264525564435909, "c.p._2314_2022.pdf": 10.264525564435909, "C.A._843_2012.pdf": 10.264525564435909, "C.P._529_2015.pdf": 5.132262782217954, "C.A._700_2017.pdf": 5.132262782217954, "c.a._506_2011.pdf": 5.132262782217954, "C.M.A._8215_2016.pdf": 5.132262782217954}, "horrendous": {"NRO_Judgment.pdf": 6.048553514092109, "crl.a._95_2019.pdf": 6.048553514092109, "H.R.C.19of1996[AsgharKhanCase]DetailedReasons.pdf": 6.048553514092109, "c.a._71_p_2014.pdf": 6.048553514092109, "J.P._298_2018.pdf": 6.048553514092109, "C.A._69_2015.pdf": 6.048553514092109}, "horse": {"Const.P.12of2010.pdf": 38.75664567812939, "Const.P.12of2010Urdu.pdf": 9.689161419532347, "Const.PetitionNo.77of2010_12.10.2012.pdf": 4.8445807097661735, "Urdu-Const.P-77-2010-12.10.2012.pdf": 4.8445807097661735, "C.A._1291_2005.pdf": 24.222903548830867, "c.a._17_l_2019.pdf": 4.8445807097661735, "c.p._2231_2020.pdf": 4.8445807097661735, "h.r.c_11827_s_2018.pdf": 4.8445807097661735, "const.p._39_16122019.pdf": 4.8445807097661735, "c.a._11_2022.pdf": 14.53374212929852, "reference_1_2020.pdf": 4.8445807097661735, "const.p._17_2020_dissenting_note_hj4.pdf": 4.8445807097661735, "ref._2_2022_13092023_2.pdf": 14.53374212929852, "ICA3,4,6TO11of2011dt2011.04.pdf": 4.8445807097661735, "const.p.39_2019.pdf": 4.8445807097661735, "const.p._39_2019.pdf": 4.8445807097661735, "H.R.C._10842_P_2018.pdf": 9.689161419532347, "c.a._1547_2019.pdf": 4.8445807097661735, "Const.P.59of2011.pdf": 4.8445807097661735, "crl.a.264_2006.pdf": 4.8445807097661735}, "horn": {"Const.P.12of2010.pdf": 7.1471658027602185, "C.P._80_2018.pdf": 7.1471658027602185}, "horizontally": {"C.R.P._125_2014.pdf": 5.8944028342648505, "c.a._1474_2021.pdf": 5.8944028342648505, "C.R.P.193of2013.pdf": 5.8944028342648505, "C.A._1242_2013.pdf": 5.8944028342648505, "Crl.O.P._47_2016.pdf": 5.8944028342648505, "C.P._529_2015.pdf": 5.8944028342648505, "C.A._588_2017.pdf": 5.8944028342648505}, "horrify": {"crl.a._599_2020_26032021.pdf": 6.048553514092109, "j.p._147_2016.pdf": 6.048553514092109, "SMC16of2011_detailed_judgment.pdf": 18.145660542276328, "crl.a._95_2019.pdf": 12.097107028184219, "crl.p._230_2019.pdf": 12.097107028184219, "hrc_20107-G_2013.pdf": 6.048553514092109}, "horseback": {"H.R.C.19of1996[AsgharKhanCase]DetailedReasonsUrduTranslation.pdf": 7.840312983320164}, "horticulture": {"crl.p._1667_2021.pdf": 19.36205586660082, "C.M.A._3221_2012.pdf": 6.454018622200273, "c.p._4500_2017.pdf": 6.454018622200273, "SMCNo25of2009.pdf": 12.908037244400546}, "hornby": {"C.A._992_2013.pdf": 7.840312983320164}, "horrendously": {"j.p._415_2018.pdf": 7.840312983320164}, "hornsby": {"c.a._444_2017.pdf": 7.840312983320164}, "hort": {"C.A._2564_2001.pdf": 7.840312983320164}, "horge": {"c.a._1010_2020.pdf": 7.840312983320164}, "horabin": {"Crl.A._274_2006.pdf": 7.840312983320164}, "horde": {"c.m.a._3932_2023.pdf": 7.840312983320164}, "horticultural": {"C.A._1000_2006.pdf": 7.840312983320164}}