{"hover": {"crl.a._251_2020.pdf": 5.8944028342648505, "Const.P.40of2012-DetailJudgment[UrduTranslation]-dt-3.7.2012.pdf": 5.8944028342648505, "C.R.P.167of2012-dt-30-8-2012.pdf": 5.8944028342648505, "crl.p._21_p_2020.pdf": 5.8944028342648505, "crl.p._619_2020.pdf": 5.8944028342648505, "crl.p._687_2020.pdf": 5.8944028342648505, "crl.a._185_2006.pdf": 5.8944028342648505}, "hove": {"c.p._3795_2021.pdf": 23.52093894996049}, "hovy": {"c.a._654_2021.pdf": 7.840312983320164}}