{"hp": {"C.P.796of2007-UrduTranslation-dt-10-5-2013.pdf": 6.048553514092109, "CP778-779.pdf": 6.048553514092109, "C.P.796of2007-dt-10-5-2013.pdf": 6.048553514092109, "c.a._446_2021.pdf": 6.048553514092109, "c.a._2016_2022.pdf": 6.048553514092109, "CJD_Pakistan_Steel_Mills_Case.pdf": 6.048553514092109}}