{"hpml": {"Const.P._29_2016.pdf": 148.9659466830831}, "hpm": {"c.a._18_k_2021.pdf": 54.88219088324115}}