{"hpsb": {"C.M.A.4918of2012-dt-26-4-2013.pdf": 7.840312983320164}, "hps": {"c.a._1547_2019.pdf": 23.52093894996049}}