{"hrd": {"Const.P_6of2011.pdf": 6.230875070886063, "Const.P35of2013-dt-20-7-2013.pdf": 6.230875070886063, "const.p.6_2011_final.pdf": 6.230875070886063, "Const.P.35of2013_order_dated_26.7.2013.pdf": 12.461750141772127, "c.p._803_2019.pdf": 6.230875070886063}}