{"hrl": {"Const.P35of2013-dt-20-7-2013.pdf": 14.294331605520437, "c.p._3148_2020.pdf": 28.588663211040874}}