{"hrm": {"Const.P_6of2011.pdf": 26.96680277860822, "Const.P.30of2013.pdf": 13.48340138930411, "c.p._4729_2019.pdf": 6.741700694652055}, "hrma": {"H.R.C._32642_2018.pdf": 71.47165802760219, "h.r.c_11827_s_2018.pdf": 28.588663211040874}}