{"hrs": {"Crl.P._1188_2016.pdf": 11.521742883280655, "Crl.A._609_2014.pdf": 5.760871441640328, "Const.P.33_2013.pdf": 11.521742883280655, "crl.s.a.07_2011.pdf": 5.760871441640328, "Crl.A._115_2013.pdf": 5.760871441640328, "c.r.p._420_2016.pdf": 11.521742883280655, "c.a._977_2018.pdf": 11.521742883280655, "crl.a_310_2006_12.03.2014.pdf": 11.521742883280655}, "hrsg": {"c.p._414_2021.pdf": 15.680625966640328}}