{"hsbc": {"URDU_CONST.P.05-2012-20.09.12.pdf": 6.741700694652055, "Const.P._36_2016_dt_15_12_2017.pdf": 67.41700694652054, "ConstP5of2012_dt_20092012.pdf": 6.741700694652055}}