{"hsd": {"HRC7734-G_1003-GOF2009[UrduTranslation].pdf": 6.454018622200273, "HRC7734-G_1003-GOF2009[AllegedCorruptionInRentalPowerPlants].pdf": 6.454018622200273, "Const.P.No.33and34of2005-dt-27-6-2013.pdf": 6.454018622200273, "C.P._2226_2016.pdf": 6.454018622200273}}