{"hssc": {"s.m.c._4_2022.pdf": 7.1471658027602185, "C.M.A.3470_2013.pdf": 14.294331605520437}, "hssain": {"C.M.A._230_2019.pdf": 7.840312983320164}}