{"htm": {"Const.P.12of2010.pdf": 7.840312983320164}, "html": {"const.p.42of2011.pdf": 6.454018622200273, "c.r.p._255_2021.pdf": 6.454018622200273, "SMCNo25of2009.pdf": 6.454018622200273, "c.p._389_2022.pdf": 6.454018622200273}}