{"hub": {"ConstitutionPetitionNo21OF2007.pdf": 5.201255653704905, "Const.P.31of2011etc.pdf": 5.201255653704905, "Const.P._38_2016.pdf": 31.20753392222943, "Const.P.12of2010.pdf": 5.201255653704905, "SMC16of2011_detailed_judgment.pdf": 31.20753392222943, "C.P.796of2007-dt-10-5-2013.pdf": 5.201255653704905, "Crl.O.P.96_12_Altaf_Hussain _1.pdf": 10.40251130740981, "c.p._3739_2019.pdf": 5.201255653704905, "const.p.37_2012_final.pdf": 10.40251130740981, "j.p._637_2016.pdf": 5.201255653704905, "C.M.A._376-K_2014.pdf": 10.40251130740981, "SMCNo25of2009.pdf": 5.201255653704905, "C.A._157_K_2016.pdf": 5.201255653704905, "Const.P.5and15-HRC14144-DetailedReasons.pdf": 5.201255653704905}, "hubaid": {"C.A._3_2018_dt-14-9-2018.pdf": 6.741700694652055, "C.A._3_2018.pdf": 6.741700694652055, "C.A._03_2018.pdf": 6.741700694652055}, "hubba": {"C.P._380_2014_Urdu.pdf": 7.840312983320164}, "hubris": {"const.p._24_to_26_of_2023_04072023.pdf": 7.840312983320164}, "hubco": {"HRC7734-G_1003-GOF2009[UrduTranslation].pdf": 7.1471658027602185, "HRC7734-G_1003-GOF2009[AllegedCorruptionInRentalPowerPlants].pdf": 7.1471658027602185}, "hubaish": {"c.r.p._255_2021.pdf": 7.840312983320164}, "hubai": {"crl.p._299_2020_07042020.pdf": 7.840312983320164}, "hubdar": {"c.p._4188_2019.pdf": 7.840312983320164}}