{"huddle": {"ConstitutionPetitionNo21OF2007.pdf": 7.840312983320164}, "hudri": {"C.P.796of2007-UrduTranslation-dt-10-5-2013.pdf": 6.741700694652055, "H.R.C.19of1996[AsgharKhanCase]DetailedReasonsUrduTranslation.pdf": 6.741700694652055, "C.P.796of2007-dt-10-5-2013.pdf": 6.741700694652055}, "hudabiya": {"Const.P._29_2016_28072016.pdf": 22.57235362393578, "Const.P._29_2016.pdf": 84.64632608975917, "CP778-779.pdf": 11.28617681196789, "C.R.P._297_2017.pdf": 5.643088405983945, "C.A._14_L_2013.pdf": 5.643088405983945, "C.R.P._94_2014.pdf": 11.28617681196789, "Const.P._29_2017.pdf": 5.643088405983945, "cp_1646-l_2014.pdf": 5.643088405983945, "C.P._2108_2018.pdf": 5.643088405983945}, "huddart": {"NRO_Judgment.pdf": 6.454018622200273, "Const.P.12of2010.pdf": 6.454018622200273, "s.m.c._4_2021_26082021.pdf": 19.36205586660082, "ConstP.No.53of2007andConst.P.83of2012.pdf": 6.454018622200273}, "hudood": {"NRO_Judgment.pdf": 4.8445807097661735, "crl.p._407_2022.pdf": 4.8445807097661735, "crl.p._883_l_2022_urdu.pdf": 4.8445807097661735, "j.p._147_2016.pdf": 4.8445807097661735, "crl.a._95_2019.pdf": 4.8445807097661735, "Crl.P.163_to_171_S.M.C.5_2005.pdf": 43.601226387895565, "C.Sh.A._1_2014.pdf": 4.8445807097661735, "c.p._4_p_2020.pdf": 9.689161419532347, "Crl.A._1-K_2018.pdf": 4.8445807097661735, "crl.r.p._15_2011.pdf": 4.8445807097661735, "crl.s.a.07_2011.pdf": 9.689161419532347, "c.a._353_2010.pdf": 9.689161419532347, "Crl.A._210_2015.pdf": 14.53374212929852, "crl.sh.a._23_2017.pdf": 4.8445807097661735, "crl.p._1431_2019.pdf": 4.8445807097661735, "crl.a._120_2019.pdf": 9.689161419532347, "Crl.A._8_P_2017.pdf": 4.8445807097661735, "Crl.P.No.426of2009&Crl.A.No.pdf": 24.222903548830867, "c.p._962_2016 .pdf": 4.8445807097661735, "c.p._287_p_2016.pdf": 4.8445807097661735}, "hud": {"crl.p._1054_l_2023_urdu.pdf": 6.454018622200273, "Const.P._29_2016.pdf": 6.454018622200273, "c.a.149-150_2010.pdf": 6.454018622200273, "s.m.c.12_2015.pdf": 6.454018622200273}, "hudaibiya": {"Const.P._29_2016.pdf": 39.201564916600816}, "hudaibya": {"Const.P._29_2016.pdf": 14.294331605520437, "c.p._2243_l_2019.pdf": 7.1471658027602185}, "hudaibia": {"Const.P._29_2016.pdf": 7.840312983320164}, "hudud": {"crl.p._883_l_2022_urdu.pdf": 7.1471658027602185, "crl.p._883_l_2022.pdf": 14.294331605520437}, "hudaybiyah": {"crl.p._1359_2023.pdf": 7.840312983320164}, "hudaybia": {"c.r.p_537_2019.pdf": 6.741700694652055, "C.R.P._383_2005.pdf": 33.70850347326027, "c.p._686_k_2019.pdf": 33.70850347326027}, "huda": {"c.p._398_l_2018.pdf": 7.840312983320164}, "hudda": {"c.p._174_q_2021.pdf": 15.680625966640328}, "hudd": {"Crl.A._35_K_2016.pdf": 7.840312983320164}, "huder": {"C.M.A._376-K_2014.pdf": 7.840312983320164}, "huddersfield": {"c.p._1593_l_2020.pdf": 7.1471658027602185, "c.p._2270_2023.pdf": 7.1471658027602185}}