{"huge": {"C.A._219-L_2015.pdf": 2.572454824256836, "Const.P.127of2012.pdf": 12.86227412128418, "c.a._1476_2018_urdu.pdf": 7.717364472770509, "ConstitutionPetitionNo21OF2007.pdf": 2.572454824256836, "SMC5of2012[UrduVersion]dt16-6-2012.pdf": 7.717364472770509, "Crl.A._479_2015.pdf": 2.572454824256836, "crl.a._154_2020.pdf": 2.572454824256836, "C.R.P._297_2017_Reserved.pdf": 5.144909648513672, "C.P.796of2007-UrduTranslation-dt-10-5-2013.pdf": 5.144909648513672, "C.P._272_2016.pdf": 2.572454824256836, "C.M.A.No.3685of2012-dt-17-1-2013.pdf": 5.144909648513672, "c.p._1331_l_2017.pdf": 2.572454824256836, "Const.P_6of2011.pdf": 7.717364472770509, "Const.P._38_2016.pdf": 25.72454824256836, "Const.P._29_2016_28072016.pdf": 2.572454824256836, "SMC15OF2009.pdf": 28.297003066825198, "Crl.O.P_57_2015.pdf": 2.572454824256836, "NRO_Judgment.pdf": 10.289819297027345, "Const.P.12of2010.pdf": 10.289819297027345, "crl.p._714_2023.pdf": 2.572454824256836, "Const.P.87of2011[UrduVersion].pdf": 7.717364472770509, "C.A._2215_2006.pdf": 2.572454824256836, "Const.P.33_2013.pdf": 10.289819297027345, "Const.P._29_2016.pdf": 64.31137060642091, "smc.18_2010_final.pdf": 10.289819297027345, "Const.P._36_2016_dt_15_12_2017.pdf": 2.572454824256836, "C.A._233_2015.pdf": 2.572454824256836, "S.M.C.24of2010[urdu-version].pdf": 2.572454824256836, "Const.P.NO.62OF2010_orderdt06062011.pdf": 15.434728945541018, "H.R.C.19of1996[AsgharKhanCase]DetailedReasonsUrduTranslation.pdf": 10.289819297027345, "S.M.C.18OF2010.pdf": 5.144909648513672, "s.m.c._1_2022_detailed.pdf": 2.572454824256836, "SMC16of2011_detailed_judgment.pdf": 10.289819297027345, "HRC7734-G_1003-GOF2009[UrduTranslation].pdf": 23.152093418311527, "crl.a._528_2019.pdf": 2.572454824256836, "Const.P.40of2012-DetailJudgment-dt-3.7.2012.pdf": 2.572454824256836, "smc.11_2011.pdf": 12.86227412128418, "H.R.C.19of1996[AsgharKhanCase]DetailedReasons.pdf": 12.86227412128418, "C.P.796of2007-dt-10-5-2013.pdf": 15.434728945541018, "crp.328-329_2013.pdf": 2.572454824256836, "HRC7734-G_1003-GOF2009[AllegedCorruptionInRentalPowerPlants].pdf": 25.72454824256836, "const.p._9_2010_27122021.pdf": 2.572454824256836, "j.p._169_2021.pdf": 2.572454824256836, "S.M.C._19_2016.pdf": 2.572454824256836, "j.p._83_2021.pdf": 2.572454824256836, "c.a._73_2020.pdf": 2.572454824256836, "s.m.c._1_2020.pdf": 5.144909648513672, "Const.P35of2013-dt-20-7-2013.pdf": 5.144909648513672, "Crl.M.A_693_2018.pdf": 2.572454824256836, "crl.a._231_2020.pdf": 2.572454824256836, "c.r.p._421_2020_dissenting_notes.pdf": 2.572454824256836, "cma.3685-3686_of_2012_in_hrc.7734-g_of_2009_dt_31.01.2013.pdf": 2.572454824256836, "CMA No.5144of2011.pdf": 5.144909648513672, "c.a._1000_2020.pdf": 2.572454824256836, "crl.p._520_2020.pdf": 2.572454824256836, "C.A._2105_2008.pdf": 2.572454824256836, "c.a._499_2017.pdf": 2.572454824256836, "C.P._1067_2016.pdf": 2.572454824256836, "HRC-4668of2006.pdf": 25.72454824256836, "Const.P.20to27-39&45.pdf": 7.717364472770509, "crl.p._91_k_2020.pdf": 2.572454824256836, "c.a._18_k_2021.pdf": 15.434728945541018, "const.p._2_2022_14102022.pdf": 2.572454824256836, "c.a._18_k_2020.pdf": 5.144909648513672, "Const.P.87of2011.pdf": 5.144909648513672, "crl.a._177_2022.pdf": 5.144909648513672, "c.p._1290_l_2019.pdf": 5.144909648513672, "crl.p._762_2018.pdf": 2.572454824256836, "C.A._1338_2007.pdf": 2.572454824256836, "crl.p._209_2018.pdf": 10.289819297027345, "const.p.115_2011.pdf": 2.572454824256836, "Crl.P._300_2018.pdf": 2.572454824256836, "c.p._55_2020.pdf": 2.572454824256836, "c.a._982_2018_19022024.pdf": 2.572454824256836, "h.r.c_11827_s_2018.pdf": 5.144909648513672, "Const.P._2_2011.pdf": 12.86227412128418, "c.a._421_2018.pdf": 7.717364472770509, "Crl.A.140of2005.pdf": 2.572454824256836, "c.m.a._7139_2019.pdf": 2.572454824256836, "const.p.37_2012_final.pdf": 10.289819297027345, "crl.p._1088_2021.pdf": 2.572454824256836, "c.a._1095_2018_13092019.pdf": 5.144909648513672, "c.p._2916_2019.pdf": 2.572454824256836, "crl.p._287_2022.pdf": 2.572454824256836, "c.p._860_2019.pdf": 2.572454824256836, "c.r.p._421_2020.pdf": 2.572454824256836, "crl.p._294_l_2023.pdf": 2.572454824256836, "const.p._17_2019_detailed_reasoning.pdf": 2.572454824256836, "SMC.13-2009.pdf": 7.717364472770509, "C.A._307-L_2015.pdf": 2.572454824256836, "crl.p._275_2021.pdf": 2.572454824256836, "Crl.A._195_L_2017.pdf": 2.572454824256836, "crl.p._495_2021.pdf": 2.572454824256836, "c.p._1925_2020.pdf": 2.572454824256836, "c.a._471_l_2012.pdf": 2.572454824256836, "C.A._1086_2014.pdf": 2.572454824256836, "C.A._167-Q_2005.pdf": 2.572454824256836, "crl.a._208_2022.pdf": 10.289819297027345, "C.A._1095_2018.pdf": 2.572454824256836, "crl.p._715_2021.pdf": 5.144909648513672, "crl.p._994_2020.pdf": 2.572454824256836, "c.a._1476_2018.pdf": 2.572454824256836, "c.a._1400_2019.pdf": 2.572454824256836, "crl.p._733_l_2018.pdf": 5.144909648513672, "cr.p.no.197_k_2019.pdf": 2.572454824256836, "j.p._637_2016.pdf": 10.289819297027345, "S.M.C._2_2018.pdf": 2.572454824256836, "Const.P.91of2011Dt-23-8-2012.pdf": 12.86227412128418, "c.p._722_p_2021.pdf": 2.572454824256836, "c.a._908_2015.pdf": 2.572454824256836, "Const.P.33of2013_09.07.13.pdf": 5.144909648513672, "c.p._5632_2021.pdf": 5.144909648513672, "crl.p._114_2018.pdf": 5.144909648513672, "c.p._2210_l_2020.pdf": 2.572454824256836, "crl.p._957_2021.pdf": 5.144909648513672, "c.a._1499_2019.pdf": 2.572454824256836, "smc_16_23.06.2014.pdf": 5.144909648513672, "C.A._1242_2013.pdf": 2.572454824256836, "c.p._280_k_2019.pdf": 2.572454824256836, "C.R.P._561_2015.pdf": 2.572454824256836, "C.A._535_2015.pdf": 2.572454824256836, "H.R.C._39216_G_2018.pdf": 12.86227412128418, "Const.P.77of2010-dt-21-12-2012.pdf": 2.572454824256836, "hrc.14392of2013-01.07.2013.pdf": 2.572454824256836, "c.p._3215_2021.pdf": 5.144909648513672, "crl.a._48_2021.pdf": 5.144909648513672, "c.p._958_2020.pdf": 2.572454824256836, "crl.p._789_2023.pdf": 5.144909648513672, "c.p._1920_2022.pdf": 5.144909648513672, "C.M.A._376-K_2014.pdf": 12.86227412128418, "crl.a._239_2020.pdf": 2.572454824256836, "JR_Varan_Case.pdf": 2.572454824256836, "c.a._3_k_2021.pdf": 2.572454824256836, "CJD_Constitution_Petition_No_36_of_2005.pdf": 5.144909648513672, "ConstitutionPetitionNo39of2009.pdf": 10.289819297027345, "CMANo.4671of2012-dt-2-1-2013.pdf": 7.717364472770509, "j.p._657_2016.pdf": 2.572454824256836, "c.a._1089_2015.pdf": 2.572454824256836, "SMC24-2010.pdf": 2.572454824256836, "Const.P._35_2016_dt_15_12_2017.pdf": 2.572454824256836, "Crl.A._22_P_2014.pdf": 5.144909648513672, "c.p._6406_2021.pdf": 5.144909648513672, "C.P._1702_2015.pdf": 2.572454824256836, "j.p._614_2016.pdf": 7.717364472770509, "Crl.A._90_L_2017.pdf": 7.717364472770509, "SMCNo25of2009.pdf": 2.572454824256836, "Crl.P._1099_2016.pdf": 2.572454824256836, "crl.p._13_k_2023.pdf": 2.572454824256836, "CMA.2243-2010.pdf": 2.572454824256836, "crl.p._1806_l_2017.pdf": 2.572454824256836, "crl.p._1384_2021.pdf": 2.572454824256836, "Crl.O.P.6of2012.pdf": 2.572454824256836, "S.M.C.16of2011dt-22-3-2013.pdf": 2.572454824256836, "crl.p._806_2022.pdf": 2.572454824256836, "crl.m.a._459_2020.pdf": 2.572454824256836, "c.p._2000_l_2020.pdf": 2.572454824256836, "c.a._91_k_2017.pdf": 2.572454824256836, "C.P._130_2015.pdf": 5.144909648513672, "C.A._1262_2018.pdf": 5.144909648513672, "c.a._1474_2015.pdf": 2.572454824256836, "s.m.c._01_2020_18052020.pdf": 2.572454824256836, "c.a._1685_2021.pdf": 2.572454824256836, "c.p._3041_2020.pdf": 2.572454824256836, "S.M.C.9of2012dt-21-12-2012.pdf": 2.572454824256836, "crl.p._717_2023.pdf": 2.572454824256836, "crl.a.7_p_2017.pdf": 2.572454824256836, "C.P._3912_2016.pdf": 2.572454824256836, "H.R.C._17599_2018.pdf": 2.572454824256836, "C.A._545_K_2010.pdf": 2.572454824256836, "C.A._1085_2017.pdf": 2.572454824256836, "c.r.p._432_k_2022.pdf": 5.144909648513672, "crl.a._366_2010.pdf": 10.289819297027345, "Crl.A._17_P_2013.pdf": 2.572454824256836, "H.R.C.39216_G_2018.pdf": 7.717364472770509, "smc.9_2011.pdf": 20.57963859405469,