{"huh": {"URDU_CONST.P.05-2012-20.09.12.pdf": 7.840312983320164}, "huhne": {"Const.P._29_2016.pdf": 7.840312983320164}}