{"hukmal": {"Const.Petition No.77of2010-08-12-2012.pdf": 7.840312983320164}, "hukam": {"CJD_Reference by_the_President_of_Pakistan_under_Article_186.pdf": 7.840312983320164}, "hukmat": {"C.A._448_2014_DJ.pdf": 7.840312983320164}, "hukka": {"Crl.A._324_2011.pdf": 7.840312983320164}}