{"hut": {"c.a._1476_2018_urdu.pdf": 6.741700694652055, "C.A.876-879of2005.pdf": 6.741700694652055, "c.p._570_p_2013.pdf": 6.741700694652055}, "huthayfa": {"j.p._147_2016.pdf": 7.840312983320164}, "hutto": {"c.p._1862_l_2021.pdf": 7.840312983320164}, "hutton": {"c.a._1275_2009.pdf": 7.840312983320164}}