{"hyam": {"Crl.P.163_to_171_S.M.C.5_2005.pdf": 7.840312983320164}, "hyatt": {"const.p._9_2010_27122021.pdf": 6.230875070886063, "const.p._9_2010.pdf": 12.461750141772127, "const.p._9_2010_28122021.pdf": 6.230875070886063, "ConstitutionPetitionNo39of2009.pdf": 18.69262521265819, "Const.P._35_2016_dt_15_12_2017.pdf": 18.69262521265819}, "hyat": {"18TH_AMENDMENT_ORDER.pdf": 7.1471658027602185, "ICA3,4,6TO11of2011dt2011.04.pdf": 7.1471658027602185}}