{"hybrid": {"Crl.A.140of2005.pdf": 5.760871441640328, "c.p._479_k_2020.pdf": 5.760871441640328, "const.p._21_2023_11082023.pdf": 5.760871441640328, "C.P._1885_2017.pdf": 5.760871441640328, "C.A._441_2010.pdf": 115.21742883280655, "c.p._389_2022.pdf": 103.6956859495259, "c.p._2000_l_2020.pdf": 5.760871441640328, "C.A.876-879of2005.pdf": 11.521742883280655}}