{"hyder": {"CPs.10-18of2011.pdf": 4.5081084731449605, "Const.P_6of2011.pdf": 13.52432541943488, "Ref.01_2012_addl.note_HJ.ejaz_afzal_khan.pdf": 13.52432541943488, "smc.24_2010.pdf": 4.5081084731449605, "const.p._21_2022_15092023.pdf": 4.5081084731449605, "c.p._1857_2022.pdf": 4.5081084731449605, "c.p._943_k_2022.pdf": 4.5081084731449605, "c.p._3472_2023.pdf": 4.5081084731449605, "c.p._490_k_2020.pdf": 4.5081084731449605, "crl.p._96_k_2021.pdf": 4.5081084731449605, "c.a._1219_2015.pdf": 4.5081084731449605, "i.c.a._1_2024_15032024.pdf": 4.5081084731449605, "Crl.P.200of2009.pdf": 27.04865083886976, "hrc_17082013.pdf": 4.5081084731449605, "c.a._1011_2020.pdf": 9.016216946289921, "c.p._414_2021.pdf": 9.016216946289921, "CMA2745of2009etc.pdf": 31.556759312014723, "c.p._349_l_2017.pdf": 4.5081084731449605, "Const.P.22of2013.pdf": 4.5081084731449605, "ICA3,4,6TO11of2011dt2011.04.pdf": 4.5081084731449605, "s.m.c._4_2021_26082021.pdf": 4.5081084731449605, "c.p._4657_2022.pdf": 4.5081084731449605, "const.p._6_2023_addl_n.pdf": 9.016216946289921, "C.A.876-879of2005.pdf": 4.5081084731449605, "c.a._506_2011.pdf": 18.032433892579842, "crl.p._476_l_2018.pdf": 4.5081084731449605, "c.a._1486_2017.pdf": 4.5081084731449605, "C.A.82-K-2015.pdf": 4.5081084731449605}, "hyderabad": {"Order-DNC-nd-note.pdf": 3.421472375523566, "C.R.P._49_2016.pdf": 3.421472375523566, "Const.P._134_2012.pdf": 13.685889502094264, "Const.P_6of2011.pdf": 23.95030662866496, "Const.P._38_2016.pdf": 47.90061325732992, "S.M.C.16of2011dt.4.4.2013.pdf": 27.37177900418853, "C.R.P._125_2014.pdf": 17.10736187761783, "Const.P.77of2012[DetailedOrderFinal].pdf": 3.421472375523566, "crl.a._599_2020_26032021.pdf": 37.636196130759224, "c.a.149-150_2010.pdf": 3.421472375523566, "H.R.C.19of1996[AsgharKhanCase]DetailedReasonsUrduTranslation.pdf": 10.264417126570699, "SMC16of2011_detailed_judgment.pdf": 13.685889502094264, "SMC-16of2011-translation.pdf": 3.421472375523566, "c.a._108_2015.pdf": 34.21472375523566, "H.R.C.19of1996[AsgharKhanCase]DetailedReasons.pdf": 13.685889502094264, "smc_1_2014.pdf": 13.685889502094264, "Crl.O.P.89of2011.pdf": 99.22269889018342, "C.P._731_K_2018.pdf": 6.842944751047132, "const.p._9_2010_27122021.pdf": 13.685889502094264, "S.M.C._18_2016.pdf": 3.421472375523566, "const.p._24_2017.pdf": 13.685889502094264, "crl.p._143_k_2021.pdf": 3.421472375523566, "C.P._339_K_2017.pdf": 6.842944751047132, "c.p._175_k_2022.pdf": 6.842944751047132, "C.A._1132_2007.pdf": 13.685889502094264, "c.p._3112_2020.pdf": 3.421472375523566, "s.m.c._1_2020_19052020.pdf": 3.421472375523566, "crl.p._705_2023.pdf": 6.842944751047132, "crl.p._146_k_2021.pdf": 3.421472375523566, "j.p._431_2019.pdf": 3.421472375523566, "const.p._9_2010.pdf": 3.421472375523566, "Crl.P._169_2007.pdf": 10.264417126570699, "j.p._960_2017.pdf": 3.421472375523566, "c.a._1226_2016.pdf": 6.842944751047132, "C.A._2564_2001.pdf": 3.421472375523566, "C.R.P.193of2013.pdf": 17.10736187761783, "Crl.P.200of2009.pdf": 3.421472375523566, "c.m.a._7139_2019.pdf": 6.842944751047132, "const.p.37_2012_final.pdf": 13.685889502094264, "c.r.p._421_2020.pdf": 3.421472375523566, "c.a._21_2021.pdf": 3.421472375523566, "c.a._469_2021.pdf": 3.421472375523566, "c.p._407_k_2019.pdf": 6.842944751047132, "c.a._914_l_2013.pdf": 6.842944751047132, "c.p._329_k_2022.pdf": 17.10736187761783, "C.A._194_2015.pdf": 6.842944751047132, "c.a._1476_2018.pdf": 3.421472375523566, "C.P._842_2016.pdf": 3.421472375523566, "cr.p.no.197_k_2019.pdf": 3.421472375523566, "c.p._1077_2018.pdf": 3.421472375523566, "crl.p._90_k_2023.pdf": 6.842944751047132, "c.a._84_k_2023.pdf": 3.421472375523566, "const.p._6_2023_dt_05_01_2023.pdf": 3.421472375523566, "crl.p._147_k_2020.pdf": 6.842944751047132, "j.p._712_2018.pdf": 3.421472375523566, "C.A.39_2010.pdf": 23.95030662866496, "smc_16_23.06.2014.pdf": 27.37177900418853, "const.p._9_2010_28122021.pdf": 13.685889502094264, "c.p._3933_2023.pdf": 10.264417126570699, "c.a._323_2018.pdf": 3.421472375523566, "smc_16._2011_24.06.2014.pdf": 13.685889502094264, "C.M.A._376-K_2014.pdf": 17.10736187761783, "crl.p._1557_2022.pdf": 6.842944751047132, "c.a._1113_2017.pdf": 3.421472375523566, "C.A._42_K_2016.pdf": 3.421472375523566, "C.P._1774_2015.pdf": 3.421472375523566, "C.P._1774_2014.pdf": 3.421472375523566, "S.M.C.16of2011dt-22-3-2013.pdf": 27.37177900418853, "Const.P._134_2012_21012019.pdf": 13.685889502094264, "crl.p._101_k_2021.pdf": 10.264417126570699, "c.a._1167_2020.pdf": 37.636196130759224, "c.m.a._490_2021_20022021.pdf": 6.842944751047132, "crl.p._231-k-2019.pdf": 3.421472375523566, "c.r.p._432_k_2022.pdf": 3.421472375523566, "crl.p._742_l_2019.pdf": 3.421472375523566, "crl.p._52_k_2023.pdf": 6.842944751047132, "c.p._1303_2020.pdf": 20.528834253141397, "CMA3258of2013inCP65of09DetailOrder.pdf": 3.421472375523566, "c.a._2797_2022.pdf": 3.421472375523566, "c.a._65_k_2019.pdf": 3.421472375523566, "C.A.83and84of2006.pdf": 3.421472375523566, "C.A.1122of2011.pdf": 3.421472375523566, "crl.p._1392_2022.pdf": 6.842944751047132}, "hydrant": {"H.R.C._10_K_2007.pdf": 6.741700694652055, "Const.P._38_2016.pdf": 47.191904862564385, "Const.P.33_2013.pdf": 33.70850347326027}, "hydrated": {"Const.P._38_2016.pdf": 7.840312983320164}, "hydrologic": {"Crl.O.P_57_2015.pdf": 7.840312983320164}, "hydraulic": {"Const.P.12of2010.pdf": 20.225102083956166, "C.P._78_K_2015.pdf": 6.741700694652055, "C.M.A._8215_2016.pdf": 74.1587076411726}, "hydel": {"C.A._104-L_2015.pdf": 5.760871441640328, "HRC7734-G_1003-GOF2009[UrduTranslation].pdf": 57.608714416403274, "HRC7734-G_1003-GOF2009[AllegedCorruptionInRentalPowerPlants].pdf": 80.65220018296459, "C.A._1515_2016.pdf": 11.521742883280655, "c.a._513_2014.pdf": 74.89132874132426, "hrc.14392of2013-01.07.2013.pdf": 11.521742883280655, "H.R.C.No.14392of2013andH.R.C.No.790-Gof2009.pdf": 5.760871441640328, "CJD_Pakistan_Steel_Mills_Case.pdf": 5.760871441640328}, "hydra": {"smc.18_2010_final.pdf": 7.840312983320164}, "hyde": {"Const.P._36_2016_dt_15_12_2017.pdf": 311.5437535443032, "H.R.C.19of1996[AsgharKhanCase]DetailedReasons.pdf": 6.230875070886063, "smc_1_2014.pdf": 12.461750141772127, "crp.328-329_2013.pdf": 6.230875070886063, "C.A._118_2016.pdf": 6.230875070886063}, "hyderzaman": {"crl.misc.a.86_2014.pdf": 7.840312983320164}, "hydro": {"HRC7734-G_1003-GOF2009[UrduTranslation].pdf": 23.52093894996049}, "hydropower": {"HRC7734-G_1003-GOF2009[UrduTranslation].pdf": 11.788805668529701, "c.p._3604_2018.pdf": 11.788805668529701, "c.r.p._292_2021_detailed.pdf": 5.8944028342648505, "c.a._513_2014.pdf": 11.788805668529701, "const.p._6_2023_dt_05_01_2023.pdf": 5.8944028342648505, "c.a._329_2022.pdf": 5.8944028342648505, "c.r.p._432_k_2022.pdf": 5.8944028342648505}, "hydroelectricity": {"HRC7734-G_1003-GOF2009[UrduTranslation].pdf": 7.1471658027602185, "HRC.14392of2013.pdf": 14.294331605520437}, "hydrocarbon": {"Const.P.46of2013-dt-27-12-2013.pdf": 12.097107028184219, "c.p._174_q_2021.pdf": 6.048553514092109, "C.A._2564_2001.pdf": 6.048553514092109, "c.a._1113_2017_dissenting_note.pdf": 6.048553514092109, "c.a._1113_2017.pdf": 6.048553514092109, "hrc_20107-G_2013.pdf": 6.048553514092109}, "hydroelectric": {"HRC7734-G_1003-GOF2009[AllegedCorruptionInRentalPowerPlants].pdf": 6.741700694652055, "c.a._513_2014.pdf": 74.1587076411726, "c.a._1113_2017.pdf": 6.741700694652055}, "hyderogeological": {"S.M.C._19_2016.pdf": 7.840312983320164}, "hydrogeology": {"S.M.C._19_2016.pdf": 7.840312983320164}, "hyderabbasi": {"c.a._1355_2006.pdf": 7.840312983320164}, "hydrological": {"c.p._1290_l_2019.pdf": 7.840312983320164}, "hydrogeological": {"c.p._1290_l_2019.pdf": 7.840312983320164}, "hydrogenate": {"c.a._1476_2018.pdf": 7.840312983320164}, "hyderi": {"C.M.A._376-K_2014.pdf": 7.840312983320164}, "hydrofluorocarbon": {"c.p._389_2022.pdf": 7.840312983320164}, "hyderabd": {"S.M.C.16of2011dt-22-3-2013.pdf": 7.840312983320164}, "hydrogen": {"H.R.C._17599_2018.pdf": 7.840312983320164}}