{"hygiene": {"c.p._1331_l_2017.pdf": 6.454018622200273, "Const.P._38_2016.pdf": 19.36205586660082, "c.p._5620_2021.pdf": 6.454018622200273, "H.R.C._17599_2018.pdf": 6.454018622200273}, "hygienic": {"Const.P._38_2016.pdf": 6.741700694652055, "Const.P.77-78-79 [Memogate]DetailedOrder.pdf": 6.741700694652055, "crl.p._1549_2021.pdf": 6.741700694652055}}