{"hyoid": {"crl.a._67_l_2020.pdf": 6.454018622200273, "crl.sh.a._16_2017.pdf": 6.454018622200273, "crl.a._585_2020.pdf": 6.454018622200273, "crl.p._1268_l_2021.pdf": 6.454018622200273}}