{"hysteria": {"S.M.C._28_2018.pdf": 6.741700694652055, "Const.P.12of2010.pdf": 6.741700694652055, "crl.a._95_2019.pdf": 6.741700694652055}}