{"ia": {"Const.P._29_2016.pdf": 4.795790545596741, "C.R.P._125_2014.pdf": 4.795790545596741, "smc.18_2010_final.pdf": 14.387371636790224, "S.M.C.24of2010[urdu-version].pdf": 4.795790545596741, "CAA_25.09.2013.pdf": 4.795790545596741, "c.r.p._296_2020_04022022.pdf": 4.795790545596741, "Const.P._24_2012.pdf": 4.795790545596741, "C.A._616_2014.pdf": 4.795790545596741, "c.p._398_l_2018.pdf": 4.795790545596741, "c.a.32_k_2018.pdf": 4.795790545596741, "C.A._1428_2016.pdf": 4.795790545596741, "C.R.P.193of2013.pdf": 4.795790545596741, "Const.P._2_2011.pdf": 19.183162182386965, "const.p._21_2023_11082023.pdf": 4.795790545596741, "C.P._3551_2015.pdf": 4.795790545596741, "cas_727-730_777_778_2014_etc.pdf": 4.795790545596741, "const.p.5_2011.pdf": 14.387371636790224, "S.M.C._3_2018.pdf": 4.795790545596741, "c.p._1496_k_2021.pdf": 4.795790545596741, "c.a._1474_2015.pdf": 14.387371636790224, "c.p.3531_2021.pdf": 4.795790545596741}}