{"iamd": {"crl.a._531_2019.pdf": 6.454018622200273, "Crl.A.126of2012.pdf": 12.908037244400546, "j.p._282_2017.pdf": 6.454018622200273, "j.p._462_2016.pdf": 6.454018622200273}}