{"iata": {"h.r.c_11827_s_2018.pdf": 7.1471658027602185, "C.A._539_2003.pdf": 28.588663211040874}}