{"ibadul": {"C.R.P._125_2014.pdf": 7.1471658027602185, "C.R.P.193of2013.pdf": 7.1471658027602185}, "ibad": {"c.m.a._4821_2018.pdf": 6.454018622200273, "c.p._1530_2019.pdf": 6.454018622200273, "c.a._1731_2021.pdf": 6.454018622200273, "CJD_Section 2-A_Case_as_on_26_06_2006.pdf": 6.454018622200273}, "iba": {"C.P._216-Q_2017.pdf": 14.294331605520437, "c.p._178_q_2023.pdf": 7.1471658027602185}, "ibadur": {"const.p._32_2023_03nov2023.pdf": 6.741700694652055, "CJD_Section 2-A_Case_as_on_26_06_2006.pdf": 20.225102083956166, "Const.P.31of2011.pdf": 6.741700694652055}, "iban": {"C.M.A._6155_2018.pdf": 14.294331605520437, "C.M.A.6309_2018_14072018.pdf": 14.294331605520437}, "ibadah": {"c.m.a._490_2021_20022021.pdf": 7.840312983320164}}