{"ibex": {"S.M.C._ 26_2007_30062018.pdf": 6.741700694652055, "S.M.C._26_2007_04072018.pdf": 6.741700694652055, "S.M.C._26_2007_02082018.pdf": 6.741700694652055}}