{"ibms": {"Order-DNC-nd-note.pdf": 6.741700694652055, "c.a._19_2022.pdf": 20.225102083956166, "S.M.C._3_2018.pdf": 6.741700694652055}}