{"ibrahim": {"Crl.A._24_2010.pdf": 2.619957158241839, "c.p._1676_l_2011.pdf": 2.619957158241839, "c.r.p._446_2022.pdf": 2.619957158241839, "H.R.C._14158_G_2016_dt_12_08_2016.pdf": 2.619957158241839, "Const.P.127of2012.pdf": 7.859871474725518, "ConstitutionPetitionNo21OF2007.pdf": 7.859871474725518, "crl.a._154_2020.pdf": 2.619957158241839, "hrc_42389-P_2013.pdf": 2.619957158241839, "C.A._503_2006.pdf": 2.619957158241839, "C.R.P._49_2016.pdf": 5.239914316483678, "Const.P_6of2011.pdf": 2.619957158241839, "cps_853-876_2014.pdf": 2.619957158241839, "SMC15OF2009.pdf": 13.099785791209195, "NRO_Judgment.pdf": 7.859871474725518, "Const.P._50_2018.pdf": 2.619957158241839, "Const.P.12of2010.pdf": 2.619957158241839, "Const.P.33_2013.pdf": 2.619957158241839, "Const.P._29_2016.pdf": 2.619957158241839, "C.R.P._125_2014.pdf": 13.099785791209195, "smc.18_2010_final.pdf": 5.239914316483678, "Const.P.77of2012[DetailedOrderFinal].pdf": 2.619957158241839, "c.p._2243_l_2019.pdf": 2.619957158241839, "c.p._4599_2017.pdf": 2.619957158241839, "Const.P._36_2016_dt_15_12_2017.pdf": 5.239914316483678, "Const.P.30of2013.pdf": 2.619957158241839, "CPLA_796_2007_ETC_SHORT_ORDER_REKO_DIQ_CASE.pdf": 5.239914316483678, "Ref.01_2012_addl.note_HJ.ejaz_afzal_khan.pdf": 7.859871474725518, "H.R.C.19of1996[AsgharKhanCase]DetailedReasonsUrduTranslation.pdf": 2.619957158241839, "j.p._147_2016.pdf": 2.619957158241839, "s.m.c._1_2022_detailed.pdf": 7.859871474725518, "C.A._870_2014.pdf": 2.619957158241839, "SMC16of2011_detailed_judgment.pdf": 2.619957158241839, "C.A._760_2016.pdf": 2.619957158241839, "smc.11_2011.pdf": 2.619957158241839, "H.R.C.19of1996[AsgharKhanCase]DetailedReasons.pdf": 2.619957158241839, "smc_1_2014.pdf": 2.619957158241839, "C.P.796of2007-dt-10-5-2013.pdf": 7.859871474725518, "c.p._757_l_2021.pdf": 2.619957158241839, "C.A._904_2013.pdf": 5.239914316483678, "ca.1038_2000.pdf": 5.239914316483678, "CJD_Reference by_the_President_of_Pakistan_under_Article_186.pdf": 2.619957158241839, "crp.328-329_2013.pdf": 15.719742949451035, "reference._1_2011_urdu.pdf": 2.619957158241839, "c.r.p._292_2021.pdf": 2.619957158241839, "const.p._9_2010_27122021.pdf": 5.239914316483678, "C.A.669-L_2013.pdf": 2.619957158241839, "18TH_AMENDMENT_ORDER.pdf": 5.239914316483678, "S.M.C._18_2016.pdf": 5.239914316483678, "crl.p._143_k_2021.pdf": 2.619957158241839, "j.p._516_2018.pdf": 2.619957158241839, "c.r.p._218_2013.pdf": 2.619957158241839, "Crl.M.A.486of2010dt-08-08-2012.pdf": 2.619957158241839, "S.M.C.18_2016_dt_06_01_2017.pdf": 10.479828632967356, "CMA No.1674of2013dt-2-4-2013.pdf": 2.619957158241839, "C.A._56_L_2018.pdf": 2.619957158241839, "c.a._515_2015.pdf": 2.619957158241839, "c.p._4540_2021.pdf": 2.619957158241839, "const.p._24_2023_02082023.pdf": 2.619957158241839, "c.p._95_2023_15082023.pdf": 5.239914316483678, "c.p._3923_2016.pdf": 2.619957158241839, "c.a._1076_2019.pdf": 2.619957158241839, "SMC5of2012-2dt[07-06-2012].pdf": 2.619957158241839, "Crl.A._1-K_2018.pdf": 2.619957158241839, "C.P._3068_2017.pdf": 2.619957158241839, "c.a._781_2017.pdf": 2.619957158241839, "const.p._24_2023_21072023.pdf": 2.619957158241839, "c.p._3506_2020.pdf": 2.619957158241839, "const.p.6_2023.pdf": 2.619957158241839, "crp_328-329_2013_short_order.pdf": 5.239914316483678, "c.r.p._296_2020_29012022.pdf": 2.619957158241839, "const.p._6_2023_08052023.pdf": 5.239914316483678, "c.r.p._296_2020_04022022.pdf": 2.619957158241839, "const.p._24_2023_23102023.pdf": 2.619957158241839, "S.M.C._ 26_2007_30062018.pdf": 2.619957158241839, "Const.P.No.77of2012[ShortOrder2.8.2012].pdf": 2.619957158241839, "const.p._2_2022_14102022.pdf": 2.619957158241839, "c.a._353_2010.pdf": 2.619957158241839, "c.p._490_k_2020.pdf": 5.239914316483678, "S.M.C._26_2007_04072018.pdf": 2.619957158241839, "c.p._4129_2019.pdf": 2.619957158241839, "C.P._3345_2016.pdf": 2.619957158241839, "c.p._3282_l_2022.pdf": 5.239914316483678, "j.p._73_2016.pdf": 5.239914316483678, "C.A._448_2014_DJ.pdf": 2.619957158241839, "C.A._1563_2014.pdf": 20.959657265934712, "C.A._300_2017.pdf": 2.619957158241839, "c.a._1219_2015.pdf": 2.619957158241839, "Const.P.33of2013.pdf": 2.619957158241839, "C.P._1812_L_2017.pdf": 2.619957158241839, "Crl.P._300_2018.pdf": 2.619957158241839, "C.P.No.2255of2010-dt-28-6-2013.pdf": 2.619957158241839, "const.p._9_2010.pdf": 2.619957158241839, "c.p._1542_2017.pdf": 2.619957158241839, "refernece_1_2022.pdf": 2.619957158241839, "C.A._305_2008.pdf": 2.619957158241839, "C.R.P._94_2014.pdf": 7.859871474725518, "C.A._2564_2001.pdf": 5.239914316483678, "C.R.P.193of2013.pdf": 13.099785791209195, "Crl.A.140of2005.pdf": 7.859871474725518, "c.r.p._292_2021_detailed.pdf": 2.619957158241839, "c.a._801_2021.pdf": 2.619957158241839, "const.p._18_2019.pdf": 2.619957158241839, "C.P._3551_2015.pdf": 2.619957158241839, "CRP.229_2006_in_CA.802_2006.pdf": 2.619957158241839, "C.P.No.2255of2010-dt-27-6-2013 .pdf": 5.239914316483678, "C.R.P._125_2017.pdf": 2.619957158241839, "Crl.M.A.No.486of2010-dt-26-6-2013.pdf": 2.619957158241839, "cas_727-730_777_778_2014_etc.pdf": 2.619957158241839, "Crl.A._21_P_2010.pdf": 2.619957158241839, "I.C.A._01_2007.pdf": 15.719742949451035, "c.a._414_2021.pdf": 2.619957158241839, "reference._2_2022.pdf": 5.239914316483678, "crl.p._994_2020.pdf": 2.619957158241839, "SMC5of2012-1dt[07-06-2012].pdf": 2.619957158241839, "S.M.C._3_2018.pdf": 2.619957158241839, "c.p._611_l_2018.pdf": 10.479828632967356, "const.p._24_2023_f.pdf": 2.619957158241839, "s.m.c._1_2022_07042022.pdf": 5.239914316483678, "c.p._4703_2017.pdf": 2.619957158241839, "C.A._69_2015.pdf": 2.619957158241839, "reference_1_2020.pdf": 2.619957158241839, "smc.16of2011.pdf": 2.619957158241839, "C.A.39_2010.pdf": 5.239914316483678, "c.a._1498_2018.pdf": 2.619957158241839, "const.p._9_2010_28122021.pdf": 5.239914316483678, "c.p._279_q_2020.pdf": 2.619957158241839, "j.p._553_2017.pdf": 2.619957158241839, "const.p._6_2023_111023.pdf": 2.619957158241839, "c.p._3215_2021.pdf": 2.619957158241839, "const.p.105-12_hamid_mir_case_20-12-12.pdf": 7.859871474725518, "C.M.A.NO2380OF2013-DT-25.4.2013.pdf": 5.239914316483678, "C.A._204-L_2015.pdf": 2.619957158241839, "reference_1_2011_06mar2024.pdf": 2.619957158241839, "c.a._329_2022.pdf": 2.619957158241839, "CJD_Constitution_Petition_No_36_of_2005.pdf": 5.239914316483678, "crl.p._90_p_2016.pdf": 2.619957158241839, "c.a._25_q_2018_dt_25_01_2024.pdf": 2.619957158241839, "c.p._258_2017.pdf": 2.619957158241839, "JR_The_State_through_NAB_VS_Haji_Nasim-ur-Rehman.pdf": 7.859871474725518, "Const.P._35_2016_dt_15_12_2017.pdf": 5.239914316483678, "ICA3,4,6TO11of2011dt2011.04.pdf": 2.619957158241839, "const.p._26_2016.pdf": 2.619957158241839, "c.a._491_2012.pdf": 2.619957158241839, "j.p._614_2016.pdf": 2.619957158241839, "reference._1_2011_08012024.pdf": 2.619957158241839, "SMCNo25of2009.pdf": 2.619957158241839, "crl.p._1269_2020.pdf": 2.619957158241839, "crl.a._293_2020.pdf": 2.619957158241839, "c.p._4657_2022.pdf": 2.619957158241839, "C.A._1169_2014.pdf": 5.239914316483678, "C.A._588_2017.pdf": 5.239914316483678, "C.A.876-879of2005.pdf": 7.859871474725518, "reference._1_2020.pdf": 2.619957158241839, "C.P._3912_2016.pdf": 2.619957158241839, "j.p._516_2018_detailed.pdf": 2.619957158241839, "c.p._1600_2021_dt_25_01_2024.pdf": 2.619957158241839, "C.P.784of2014.pdf": 2.619957158241839, "c.p._78_q_2016.pdf": 5.239914316483678, "crl.a._506_2020.pdf": 2.619957158241839, "c.r.p._296_2020.pdf": 2.619957158241839, "Criminal_Original_P93to98.pdf": 7.859871474725518, "CJD_Section 2-A_Case_as_on_26_06_2006.pdf": 47.1592288483531, "c.a._508_2020.pdf": 2.619957158241839, "C.A._118_2016.pdf": 5.239914316483678, "H.R.C._10842_P_2018.pdf": 2.619957158241839, "c.a._1547_2019.pdf": 2.619957158241839, "c.p._1303_2020.pdf": 5.239914316483678, "CJD_Pakistan_Steel_Mills_Case.pdf": 2.619957158241839, "Crl.Misc.A.786of2010inCrl.A.22of2002_dt180912.pdf": 5.239914316483678, "C.P.2255-2010-03.07.2013.pdf": 5.239914316483678, "C.A._622 _2008.pdf": 2.619957158241839,