{"ica": {"c.a._1476_2018_urdu.pdf": 6.74880972933116, "const.p.42of2011(UrduVersion).pdf": 3.37440486466558, "c.a._1729_2019.pdf": 6.74880972933116, "const.p.42of2011.pdf": 16.8720243233279, "C.A._2109_2016.pdf": 6.74880972933116, "c.p._2119_2018.pdf": 3.37440486466558, "cp_1646-l-2014_urdu_order_dt_16.10.2014.pdf": 3.37440486466558, "C.A._1406_2016.pdf": 10.12321459399674, "c.p._1057_2019.pdf": 70.86250215797719, "s.m.c._1_2023_01032023.pdf": 3.37440486466558, "i.c.a._1_2024_dn_20032024.pdf": 80.98571675197392, "i.c.a._2_2023.pdf": 13.49761945866232, "c.p._1857_2022.pdf": 67.4880972933116, "c.m.a._5777_2021.pdf": 6.74880972933116, "c.p._3532_2023.pdf": 6.74880972933116, "c.p._446_l_2019.pdf": 6.74880972933116, "C.R.P._100_2016.pdf": 47.241668105318126, "c.a._497_2020.pdf": 30.36964378199022, "C.P.2408-LOF2009.pdf": 3.37440486466558, "C.A._1149_2015.pdf": 10.12321459399674, "c.p._398_l_2018.pdf": 23.620834052659063, "C.P._1812_L_2017.pdf": 3.37440486466558, "c.p._271_2021.pdf": 10.12321459399674, "C.A._1428_2016.pdf": 13.49761945866232, "i.c.a._1_2024_15032024.pdf": 107.98095566929857, "c.p._835_2021.pdf": 26.99523891732464, "c.p._3739_2019.pdf": 13.49761945866232, "c.a._421_2018.pdf": 13.49761945866232, "c.p._3203_2017.pdf": 16.8720243233279, "c.a._1095_2018_13092019.pdf": 13.49761945866232, "c.p._2916_2019.pdf": 3.37440486466558, "c.p._883_l_2020.pdf": 3.37440486466558, "C.A._616_2006.pdf": 13.49761945866232, "C.P._565_2014.pdf": 6.74880972933116, "Const.Petition.24_2011_dt02062011.pdf": 3.37440486466558, "s.m.c._1_2023_27032023.pdf": 16.8720243233279, "C.A._110_L_2013.pdf": 3.37440486466558, "i.c.a._5_2023.pdf": 20.24642918799348, "C.P._3078_2016.pdf": 3.37440486466558, "c.p._1925_2020.pdf": 3.37440486466558, "I.C.A._01_2007.pdf": 64.11369242864602, "C.A._158_2006.pdf": 3.37440486466558, "c.p._819_2017.pdf": 26.99523891732464, "crl.p._713_l_2020.pdf": 10.12321459399674, "c.p.l.a.1974_l_2020.pdf": 30.36964378199022, "i.c.a._1_2024_1502024_an.pdf": 10.12321459399674, "c.a._1476_2018.pdf": 16.8720243233279, "C.A._26_K_2018.pdf": 3.37440486466558, "c.a._1481_2015.pdf": 3.37440486466558, "C.A._1011_2006.pdf": 23.620834052659063, "c.p._1092_2018.pdf": 3.37440486466558, "C.A._1216_2015.pdf": 3.37440486466558, "s.m.c._1_2023_12062023.pdf": 10.12321459399674, "ca.297_2014.pdf": 3.37440486466558, "C.A._1242_2013.pdf": 10.12321459399674, "c.p._42_2024_25012024.pdf": 6.74880972933116, "c.p._3215_2021.pdf": 3.37440486466558, "C.A._651_2012.pdf": 3.37440486466558, "I.C.A._4_2017.pdf": 57.36488269931486, "C.A._843_2012.pdf": 13.49761945866232, "C.A._1255_2012.pdf": 3.37440486466558, "c.a._1089_2015.pdf": 20.24642918799348, "c.p._740_2021.pdf": 10.12321459399674, "c.p.2124_2013.pdf": 3.37440486466558, "cp_1646-l_2014.pdf": 3.37440486466558, "JR_The_State_through_NAB_VS_Haji_Nasim-ur-Rehman.pdf": 3.37440486466558, "ICA3,4,6TO11of2011dt2011.04.pdf": 286.8244134965743, "c.p._6406_2021.pdf": 13.49761945866232, "C.P._4682_2017.pdf": 10.12321459399674, "c.a._49_2022.pdf": 3.37440486466558, "c.a._326_l_2020.pdf": 16.8720243233279, "c.p._1369_l_2019.pdf": 6.74880972933116, "C.P.784of2014.pdf": 13.49761945866232, "C.P._3078_2016_D.pdf": 3.37440486466558, "c.p._140_l_2015.pdf": 6.74880972933116, "c.p._1165_2021.pdf": 6.74880972933116, "C.P._606_2018.pdf": 10.12321459399674, "c.a._1547_2019.pdf": 10.12321459399674, "c.p._2447_l_2022.pdf": 6.74880972933116, "C.A.83and84of2006.pdf": 3.37440486466558, "i.c.a._1_2024_dt_21_02_2024.pdf": 16.8720243233279, "ICA-1-2012-Dt09.02.2012.pdf": 6.74880972933116, "JR_Fecto_Belarus_Tractor_Limited_Case.pdf": 26.99523891732464, "c.p._1431_2022.pdf": 10.12321459399674, "CPs987-989OF2011-DT19.10.2011.pdf": 6.74880972933116, "C.A._1646_2000.pdf": 3.37440486466558, "c.a._247_2021.pdf": 3.37440486466558}, "icap": {"Crl.O.P._59_2015.pdf": 6.741700694652055, "C.A.800Lof2013etc.pdf": 6.741700694652055, "Const.P._134_2012_21012019.pdf": 6.741700694652055}, "icao": {"h.r.c_11827_s_2018.pdf": 7.840312983320164}, "ican": {"c.p._323_l_2014.pdf": 7.840312983320164}, "icad": {"c.a._1474_2015.pdf": 7.840312983320164}, "icaro": {"C.A.876-879of2005.pdf": 15.680625966640328}}