{"icbae": {"const.p.42of2011(UrduVersion).pdf": 7.1471658027602185, "const.p.42of2011.pdf": 21.441497408280654}, "icb": {"HRC7734-G_1003-GOF2009[UrduTranslation].pdf": 134.8340138930411, "HRC7734-G_1003-GOF2009[AllegedCorruptionInRentalPowerPlants].pdf": 148.3174152823452, "Const.P.91of2011Dt-23-8-2012.pdf": 6.741700694652055}, "icbs": {"HRC7734-G_1003-GOF2009[AllegedCorruptionInRentalPowerPlants].pdf": 7.840312983320164}}