{"iccpr": {"S.M.C._28_2018.pdf": 34.56522864984197, "NRO_Judgment.pdf": 5.760871441640328, "c.p._1347_2019.pdf": 5.760871441640328, "c.p._3506_2020.pdf": 11.521742883280655, "Const.P._24_2012.pdf": 74.89132874132426, "c.r.p._420_2016.pdf": 5.760871441640328, "c.p._2414_l_2015.pdf": 5.760871441640328, "crl.p._476_l_2018.pdf": 34.56522864984197}, "icc": {"Const.P._29_2016.pdf": 31.20753392222943, "CPLA_796_2007_ETC_SHORT_ORDER_REKO_DIQ_CASE.pdf": 31.20753392222943, "C.P.796of2007-dt-10-5-2013.pdf": 124.83013568891772, "C.A._1084_2008.pdf": 26.006278268524525, "c.a._315_2022.pdf": 15.603766961114715, "c.p._3136_2022.pdf": 5.201255653704905, "reference._2_2022.pdf": 20.80502261481962, "c.a._ 870_2020.pdf": 10.40251130740981, "ref._2_2022_13092023_2.pdf": 5.201255653704905, "C.P.796of2007.pdf": 10.40251130740981, "c.a._722_2012.pdf": 10.40251130740981, "c.a._477_2021.pdf": 10.40251130740981, "c.a._1547_2019.pdf": 5.201255653704905, "ref._2_2022_13092023.pdf": 36.408789575934335}, "icca": {"C.P.796of2007.pdf": 7.840312983320164}}