{"ice": {"c.a._1476_2018_urdu.pdf": 15.396788346653864, "Const.P.12of2010.pdf": 5.132262782217954, "c.a._864_2017.pdf": 5.132262782217954, "crl.p._907_2020.pdf": 15.396788346653864, "HRC7734-G_1003-GOF2009[UrduTranslation].pdf": 5.132262782217954, "HRC7734-G_1003-GOF2009[AllegedCorruptionInRentalPowerPlants].pdf": 5.132262782217954, "HRC-4668of2006.pdf": 5.132262782217954, "j.p._403_2018.pdf": 5.132262782217954, "crl.p._994_2022.pdf": 5.132262782217954, "Const.P.No.33and34of2005-dt-27-6-2013.pdf": 5.132262782217954, "c.a._513_2014.pdf": 25.66131391108977, "crl.p._789_2023.pdf": 10.264525564435909, "C.M.A._2593_2008.pdf": 5.132262782217954, "crl.a._282_2019.pdf": 5.132262782217954, "CPs987-989OF2011-DT19.10.2011.pdf": 5.132262782217954}, "iceland": {"Const.P._29_2016.pdf": 14.294331605520437, "S.M.C._3_2018.pdf": 7.1471658027602185}, "icescr": {"c.p._1347_2019.pdf": 7.840312983320164}, "icepack": {"S.M.C._ 26_2007_30062018.pdf": 6.741700694652055, "S.M.C._26_2007_04072018.pdf": 6.741700694652055, "S.M.C._26_2007_02082018.pdf": 6.741700694652055}, "iceberg": {"const.p._17_2019_detailed_reasoning.pdf": 6.741700694652055, "c.p._280_k_2019.pdf": 6.741700694652055, "CMA.2243-2010.pdf": 6.741700694652055}, "iceso": {"ca_407_2013.pdf": 15.680625966640328}, "icesty": {"c.a._513_2014.pdf": 7.840312983320164}}