{"icp": {"Const.P._29_2016.pdf": 7.840312983320164}, "icpd": {"H.R.C._17599_2018.pdf": 7.840312983320164}}