{"icsid": {"Const.P._29_2016.pdf": 11.521742883280655, "CPLA_796_2007_ETC_SHORT_ORDER_REKO_DIQ_CASE.pdf": 86.41307162460491, "C.P.796of2007-dt-10-5-2013.pdf": 230.4348576656131, "reference._2_2022.pdf": 51.84784297476295, "ref._2_2022_13092023_2.pdf": 5.760871441640328, "C.P.796of2007.pdf": 17.282614324920985, "c.a._1547_2019.pdf": 5.760871441640328, "ref._2_2022_13092023.pdf": 51.84784297476295}}