{"idaho": {"ConstitutionPetitionNo21OF2007.pdf": 7.840312983320164}, "idara": {"Const.P.77of2012[DetailedOrderFinal].pdf": 6.741700694652055, "c.a._154_l_2018.pdf": 6.741700694652055, "c.p._1600_2021_dt_25_01_2024.pdf": 6.741700694652055}, "ida": {"c.p._590_2021.pdf": 7.840312983320164}}