{"idbp": {"Const.P._36_2016_dt_15_12_2017.pdf": 7.1471658027602185, "CJD_Section 2-A_Case_as_on_26_06_2006.pdf": 7.1471658027602185}, "idbl": {"S.M.C._ 26_2007_30062018.pdf": 13.48340138930411, "S.M.C._26_2007_04072018.pdf": 13.48340138930411, "S.M.C._26_2007_02082018.pdf": 13.48340138930411}, "idb": {"c.a._17_l_2019.pdf": 7.1471658027602185, "C.A._26_2009.pdf": 21.441497408280654}}