{"idiot": {"c.a._219_2015.pdf": 12.908037244400546, "crl.p._883_l_2022_urdu.pdf": 6.454018622200273, "S.M.C._03_2017.pdf": 6.454018622200273, "Crl.A._135_2013.pdf": 6.454018622200273}, "idiosyncratic": {"Const.P.40of2012-DetailJudgment[UrduTranslation]-dt-3.7.2012.pdf": 7.840312983320164}, "idiomatic": {"Const.P.40of2012-DetailJudgment[UrduTranslation]-dt-3.7.2012.pdf": 7.1471658027602185, "Const.P.12of2010.pdf": 7.1471658027602185}, "idiotic": {"crl.a._635_2019.pdf": 7.840312983320164}, "idiom": {"H.R.C.19of1996[AsgharKhanCase]DetailedReasonsUrduTranslation.pdf": 7.1471658027602185, "c.m.a._8758_2018_23nov2023.pdf": 7.1471658027602185}}