{"idol": {"Crl.O.P._09_2018.pdf": 39.201564916600816}, "idolatry": {"S.M.C._03_2017.pdf": 7.840312983320164}, "idoneus": {"c.a._21_2021.pdf": 15.680625966640328}, "idolize": {"c.p._2_2022_dissenting_note.pdf": 7.1471658027602185, "crl.p.203-l_2014.pdf": 7.1471658027602185}}