{"iee": {"c.p._55_2020.pdf": 100.06032123864306, "SMCNo25of2009.pdf": 114.3546528441635}}