{"iesco": {"Const.P.33_2013.pdf": 6.230875070886063, "c.a._749_2021.pdf": 12.461750141772127, "C.P._3551_2015.pdf": 12.461750141772127, "hrc.14392of2013-01.07.2013.pdf": 6.230875070886063, "c.p._1920_2022.pdf": 6.230875070886063}, "iesc": {"const.p._17_2020_dissenting_note_hj11.pdf": 7.840312983320164}}