{"ifc": {"reference._2_2022.pdf": 14.294331605520437, "ref._2_2022_13092023.pdf": 14.294331605520437}}