{"iffat": {"Const.P.77of2012[DetailedOrderFinal].pdf": 6.741700694652055, "Const.P.40of2012-DetailJudgment-dt-3.7.2012.pdf": 6.741700694652055, "c.m.a._7139_2019.pdf": 6.741700694652055}, "iffco": {"C.P._2066_2013.pdf": 101.92406878316213}}