{"ifrahim": {"Crl.A._80_L_2017.pdf": 7.840312983320164}, "ifran": {"const.p.39_90_2011.pdf": 6.454018622200273, "Const.P.39and90of2011-dt-3-5-2013.pdf": 6.454018622200273, "reference_1_2020.pdf": 6.454018622200273, "Const.P.22of2013.pdf": 6.454018622200273}, "ifraeem": {"C.R.P._94_2014.pdf": 7.1471658027602185, "C.A._1086_2014.pdf": 7.1471658027602185}}