{"ifs": {"const.p._24_2017.pdf": 7.1471658027602185, "HRC-4668of2006.pdf": 7.1471658027602185}}