{"igal": {"c.p._1193_2020.pdf": 7.840312983320164}, "igan": {"C.P._2167_2014.pdf": 7.840312983320164}}