{"ihad": {"CJD_Section 2-A_Case_as_on_26_06_2006.pdf": 7.840312983320164}, "ihata": {"c.a._419_2011.pdf": 15.680625966640328}}