{"ihsan": {"C.A._1171_2013.pdf": 4.662259152972219, "HRC19526of2013.pdf": 13.986777458916656, "crl.p._907_2020.pdf": 4.662259152972219, "C.A._353_2015.pdf": 4.662259152972219, "CMA No.1674of2013dt-2-4-2013.pdf": 4.662259152972219, "crl.p._1029_2020.pdf": 4.662259152972219, "crl.a._531_2019.pdf": 4.662259152972219, "c.a._444_2017.pdf": 4.662259152972219, "C.A._1515_2016.pdf": 4.662259152972219, "C.P._330_P_2013.pdf": 4.662259152972219, "C.A.800Lof2013etc.pdf": 4.662259152972219, "C.M.A._6250_2018.PDF": 4.662259152972219, "c.p._287_2019.pdf": 4.662259152972219, "H.R.C._39216_G_2018.pdf": 4.662259152972219, "const.p.105-12_hamid_mir_case_20-12-12.pdf": 4.662259152972219, "C.M.A.NO2380OF2013-DT-25.4.2013.pdf": 4.662259152972219, "crl.a._75_l_2021.pdf": 13.986777458916656, "c.p._6117_2021.pdf": 4.662259152972219, "j.p._317_2018.pdf": 4.662259152972219, "CJD_Section 2-A_Case_as_on_26_06_2006.pdf": 4.662259152972219, "c.a._1137_2014.pdf": 9.324518305944437, "c.p._84_p_2020.pdf": 9.324518305944437, "C.A._682_2008.pdf": 4.662259152972219, "c.p._4980_2021.pdf": 4.662259152972219}, "ihsanullah": {"c.p._1567_l_2019.pdf": 6.230875070886063, "c.p._1028_2019.pdf": 6.230875070886063, "c.a._329_2022.pdf": 6.230875070886063, "c.a._364_p_2019.pdf": 6.230875070886063, "c.p._3122_2020.pdf": 6.230875070886063}, "ihsanul": {"JR_Detailed_Judgment_in_Graduation_Qualification_Case.pdf": 6.741700694652055, "c.p._1171_2021.pdf": 6.741700694652055, "C.A._1000_2006.pdf": 33.70850347326027}, "ihsaan": {"c.p._287_2019.pdf": 15.680625966640328}}