{"ihtisham": {"Const.P_6of2011.pdf": 6.741700694652055, "crl.p._927_l_2021.pdf": 6.741700694652055, "c.r.p._420_2016.pdf": 13.48340138930411}, "ihtisab": {"CJD_Reference by_the_President_of_Pakistan_under_Article_186.pdf": 15.680625966640328}, "ihteshamul": {"crl.a._239_2020.pdf": 7.840312983320164}, "ihtasham": {"c.p._84_p_2020.pdf": 7.840312983320164}}