{"ijtehad": {"Const.P.12of2010.pdf": 7.840312983320164}, "ijt": {"H.R.C.19of1996[AsgharKhanCase]DetailedReasons.pdf": 7.840312983320164}}