{"ikhtiar": {"C.A._1171_2013.pdf": 6.741700694652055, "crl.p._692_2020.pdf": 6.741700694652055, "crl.a._75_l_2021.pdf": 13.48340138930411}, "ikhlaq": {"ConstitutionPetitionNo21OF2007.pdf": 10.264525564435909, "CP778-779.pdf": 20.529051128871817, "c.r.p_537_2019.pdf": 5.132262782217954, "C.R.P._383_2005.pdf": 15.396788346653864, "c.p._3645_2015.pdf": 5.132262782217954, "crl.r.p._15_2011.pdf": 5.132262782217954, "c.a._17_l_2019.pdf": 15.396788346653864, "C.A._280-L_2009.pdf": 5.132262782217954, "const.p._21_2023_11082023.pdf": 5.132262782217954, "Crl.M.A.No.486of2010-dt-26-6-2013.pdf": 5.132262782217954, "C.P._2537_2016.pdf": 5.132262782217954, "c.p._3958_2019.pdf": 5.132262782217954, "c.p._2222_2019.pdf": 5.132262782217954, "const.p._64_2013.pdf": 5.132262782217954, "c.p._2270_2019.pdf": 5.132262782217954}, "ikhlaque": {"Const.P._50_2018.pdf": 6.230875070886063, "crl.p._342_2018.pdf": 6.230875070886063, "crl.p._1017_2020.pdf": 6.230875070886063, "C.P._4876_2018.pdf": 12.461750141772127, "c.p._1017_2021.pdf": 6.230875070886063}, "ikhlaw": {"s.m.c._1_2020.pdf": 7.840312983320164}, "ikhla": {"c.p._490_k_2020.pdf": 7.1471658027602185, "CRP.229_2006_in_CA.802_2006.pdf": 7.1471658027602185}}