{"ikramullah": {"crl.a._184_2020.pdf": 5.067724261080383, "c.r.p._513_2014.pdf": 5.067724261080383, "j.p._587_2016.pdf": 5.067724261080383, "Crl.A._523_2017.pdf": 5.067724261080383, "C.A._2215_2006.pdf": 5.067724261080383, "crl.p._490_2019.pdf": 5.067724261080383, "C.M.A.3325_of_2012_dt_31-1-2013_ENG_URDU.pdf.pdf": 5.067724261080383, "s.m.c._1_2020.pdf": 5.067724261080383, "c.a._130_2021.pdf": 5.067724261080383, "crl.p._299_2020_01042020.pdf": 5.067724261080383, "S.M.C._ 26_2007_30062018.pdf": 5.067724261080383, "const.p.9_2014_detail_reasons.pdf": 5.067724261080383, "crl.a._139_2022.pdf": 5.067724261080383, "cp-733_of_2019_final.pdf": 10.135448522160766, "Crl.A._13_P_2009.pdf": 5.067724261080383, "Const.P._35_2016_dt_15_12_2017.pdf": 15.20317278324115}, "ikram": {"Const.P._134_2012.pdf": 3.2055839950905285, "c.a._803_2016.pdf": 3.2055839950905285, "NRO_Judgment.pdf": 9.616751985271586, "Const.P._50_2018.pdf": 3.2055839950905285, "cng_prices_order_21-12-12-alongwith_translation.pdf": 6.411167990181057, "Const.P.12of2010.pdf": 12.822335980362114, "S.M.C._20_2016.pdf": 3.2055839950905285, "Const.P._29_2016.pdf": 3.2055839950905285, "Const.P.77of2012[DetailedOrderFinal].pdf": 3.2055839950905285, "S.M.C.24of2010[urdu-version].pdf": 3.2055839950905285, "CPLA_796_2007_ETC_SHORT_ORDER_REKO_DIQ_CASE.pdf": 6.411167990181057, "crl.p._490_2019.pdf": 3.2055839950905285, "s.m.c._1_2022_detailed.pdf": 3.2055839950905285, "smc.24_2010.pdf": 3.2055839950905285, "C.P.796of2007-dt-10-5-2013.pdf": 3.2055839950905285, "S.M.C._01_2010.pdf": 3.2055839950905285, "c.p._1057_2019.pdf": 3.2055839950905285, "Crl.A._301_L_2017.pdf": 16.027919975452644, "18TH_AMENDMENT_ORDER.pdf": 6.411167990181057, "c.m.a._5602_2021.pdf": 3.2055839950905285, "c.a._389_2015.pdf": 3.2055839950905285, "crl.p._540_2020.pdf": 3.2055839950905285, "const.p.35_2013.pdf": 3.2055839950905285, "c.p._2420_2015.pdf": 6.411167990181057, "c.p._no.3846-2019.pdf": 3.2055839950905285, "c.m.a._4821_2018_15112021.pdf": 3.2055839950905285, "c.a._1444_2013.pdf": 3.2055839950905285, "const.p.6_2023.pdf": 3.2055839950905285, "c.r.p._296_2020_29012022.pdf": 3.2055839950905285, "c.r.p._296_2020_04022022.pdf": 9.616751985271586, "JR_Detailed_Judgment_in_Referendum_Case.pdf": 6.411167990181057, "S.M.C._ 26_2007_30062018.pdf": 3.2055839950905285, "Const.P.No.77of2012[ShortOrder2.8.2012].pdf": 3.2055839950905285, "c.a._17_l_2019.pdf": 3.2055839950905285, "crl.p._299_2020_07042020.pdf": 3.2055839950905285, "c.m.a._4821_2018_13102021.pdf": 3.2055839950905285, "c.a._353_2010.pdf": 9.616751985271586, "c.a._1295_2019.pdf": 3.2055839950905285, "S.M.C._26_2007_04072018.pdf": 3.2055839950905285, "c.a._797_2013.pdf": 3.2055839950905285, "JR_Constitution_Petition_No._15_17-24_and_512_of_2002.pdf": 3.2055839950905285, "const.p._17_2020_dissenting_note_hj11.pdf": 6.411167990181057, "H.R.C._69229_P_2018.pdf": 12.822335980362114, "c.a._3090_2022.pdf": 3.2055839950905285, "c.m.a._4821_2018.pdf": 6.411167990181057, "i.c.a._1_2024_15032024.pdf": 3.2055839950905285, "C.A._280-L_2009.pdf": 3.2055839950905285, "crl.a.19of2012.pdf": 3.2055839950905285, "h.r.c_11827_s_2018.pdf": 3.2055839950905285, "C.M.A._10618_2018_dt_13-12-2018.pdf": 3.2055839950905285, "const.p.37_2012_final.pdf": 3.2055839950905285, "c.a._1095_2018_13092019.pdf": 6.411167990181057, "C.A._139_2013.pdf": 3.2055839950905285, "SMC.13-2009.pdf": 3.2055839950905285, "Const.Petition.24_2011_dt02062011.pdf": 3.2055839950905285, "s.m.c._1_2023_27032023.pdf": 6.411167990181057, "C.P._3078_2016.pdf": 12.822335980362114, "crl.p._335_2020.pdf": 3.2055839950905285, "c.p._2148_2020.pdf": 3.2055839950905285, "c.a._263_2014.pdf": 3.2055839950905285, "Const.P.No.33and34of2005-dt-27-6-2013.pdf": 6.411167990181057, "c.m.a._4821_2018_14012022.pdf": 6.411167990181057, "crl.p._103_p_2022.pdf": 6.411167990181057, "C.A.800Lof2013etc.pdf": 6.411167990181057, "C.A._1095_2018.pdf": 6.411167990181057, "crl.p._713_l_2020.pdf": 3.2055839950905285, "crl.p._534_2019.pdf": 3.2055839950905285, "S.M.C._2_2018.pdf": 3.2055839950905285, "c.p._596_2021.pdf": 3.2055839950905285, "crl.p._1280_2019.pdf": 3.2055839950905285, "c.a._617_2020.pdf": 3.2055839950905285, "c.p._1133_l_2016.pdf": 3.2055839950905285, "s.m.c._1_2022_07042022.pdf": 3.2055839950905285, "crl.a._560_2020.pdf": 3.2055839950905285, "const.p._13_2023_09052023.pdf": 3.2055839950905285, "C.A.39_2010.pdf": 9.616751985271586, "c.a._1134_2020.pdf": 3.2055839950905285, "c.p._6482_2021.pdf": 3.2055839950905285, "const.p._6_2023_111023.pdf": 6.411167990181057, "S.M.C._26_2007_02082018.pdf": 3.2055839950905285, "C.A.No.427of2013.pdf": 6.411167990181057, "crl.a._437_2020.pdf": 3.2055839950905285, "Const.P._37_2017_dt_21_2_2018.pdf": 3.2055839950905285, "c.p._389_2022.pdf": 3.2055839950905285, "Const.P._134_2012_21012019.pdf": 3.2055839950905285, "C.A._845_2010.pdf": 6.411167990181057, "crl.p._1072_2021.pdf": 3.2055839950905285, "j.p._317_2018.pdf": 3.2055839950905285, "C.P.796of2007.pdf": 3.2055839950905285, "C.P.2255OF2010dt-8-4-2013.pdf": 3.2055839950905285, "C.P._3078_2016_D.pdf": 12.822335980362114, "c.p._3747_2023.pdf": 6.411167990181057, "CJD_Section 2-A_Case_as_on_26_06_2006.pdf": 6.411167990181057, "c.a._1546_2019.pdf": 6.411167990181057, "c.p._84_p_2020.pdf": 3.2055839950905285, "HR8340OF2010.pdf": 12.822335980362114, "C.P.2255-2010-03.07.2013.pdf": 3.2055839950905285, "c.p._6_l_2023.pdf": 3.2055839950905285, "const.p._10_2019.pdf": 3.2055839950905285, "j.p._462_2016.pdf": 9.616751985271586, "Const.P.5and15-HRC14144-DetailedReasons.pdf": 9.616751985271586, "c.a._17_2020.pdf": 3.2055839950905285, "c.a._1005_2009.pdf": 3.2055839950905285}, "ikramul": {"C.A._1084_2008.pdf": 19.36205586660082, "S.M.C._2_2018.pdf": 6.454018622200273, "Const.P._35_2016_dt_15_12_2017.pdf": 6.454018622200273, "HR8340OF2010.pdf": 6.454018622200273}, "ikrram": {"Crl.P._169_2007.pdf": 7.840312983320164}, "ikraam": {"const.p._13_2023.pdf": 7.840312983320164}, "ikramuddin": {"c.p._940_k_2022.pdf": 7.1471658027602185, "j.p._24_2016.pdf": 14.294331605520437}}