{"il": {"crl.a._599_2020_26032021.pdf": 5.643088405983945, "const.p._21_2022_15092023.pdf": 5.643088405983945, "S.M.C._2_2018.pdf": 5.643088405983945, "c.a._1113_2017_dissenting_note.pdf": 5.643088405983945, "C.A._204-L_2015.pdf": 5.643088405983945, "c.a._1113_2017.pdf": 5.643088405983945, "Crl.A._122_L_2017.pdf": 5.643088405983945, "c.a._1547_2019.pdf": 5.643088405983945, "c.a._231_2020.pdf": 5.643088405983945}}