{"ilceler": {"const.p._24_2017.pdf": 7.840312983320164}, "ilcad": {"c.a._1474_2015.pdf": 7.840312983320164}}