{"ilehan": {"URDU_CONST.P.05-2012-20.09.12.pdf": 6.454018622200273, "Const.P.40of2012-DetailJudgment[UrduTranslation]-dt-3.7.2012.pdf": 6.454018622200273, "C.M.A.No.1535and1536of2013.pdf": 6.454018622200273, "H.R.C.19of1996[AsgharKhanCase]DetailedReasonsUrduTranslation.pdf": 19.36205586660082}, "ileha": {"Const.P.40of2012-DetailJudgment[UrduTranslation]-dt-3.7.2012.pdf": 7.1471658027602185, "H.R.C.19of1996[AsgharKhanCase]DetailedReasonsUrduTranslation.pdf": 100.06032123864306}, "ileare": {"c.a._1295_2019.pdf": 7.840312983320164}}