{"ilihan": {"C.A._503_2006.pdf": 6.741700694652055, "H.R.C.19of1996[AsgharKhanCase]DetailedReasonsUrduTranslation.pdf": 13.48340138930411, "Crl.A._39_L_2015_Urdu.pdf": 6.741700694652055}, "ilia": {"Const.P.40of2012-DetailJudgment[UrduTranslation]-dt-3.7.2012.pdf": 7.1471658027602185, "H.R.C.19of1996[AsgharKhanCase]DetailedReasonsUrduTranslation.pdf": 71.47165802760219}, "ili": {"Const.P.12of2010Urdu.pdf": 7.840312983320164}, "iliaha": {"H.R.C.19of1996[AsgharKhanCase]DetailedReasonsUrduTranslation.pdf": 23.52093894996049}, "iliya": {"smc_1_2014.pdf": 15.680625966640328}, "iliac": {"crl.p._763_l_2016.pdf": 7.840312983320164}, "iligh": {"c.p._3148_2020.pdf": 7.840312983320164}}