{"iljaz": {"Crl.P.163_to_171_S.M.C.5_2005.pdf": 7.1471658027602185, "const.p.9_2014_detail_reasons.pdf": 7.1471658027602185}}