{"ilm": {"Crl.A._39_L_2015_Urdu.pdf": 6.230875070886063, "c.a._71_p_2014.pdf": 6.230875070886063, "c.a._71_p_2014_urdu.pdf": 6.230875070886063, "c.p._181_q_2021.pdf": 6.230875070886063, "C.A._125_K_2016_JPMC_Dissenting_Note.pdf": 6.230875070886063}, "ilmi": {"C.A._1208_2011.pdf": 7.840312983320164}}