{"ilo": {"Const.P_6of2011.pdf": 6.230875070886063, "c.p._1347_2019.pdf": 6.230875070886063, "c.r.p._255_2021.pdf": 24.923500283544254, "c.p._5620_2021.pdf": 6.230875070886063, "c.p._140_l_2015.pdf": 6.230875070886063}}