{"ilr": {"C.R.P._49_2016.pdf": 29.06748425859704, "Const.P._36_2016_dt_15_12_2017.pdf": 4.8445807097661735, "C.A._176_2015.pdf": 4.8445807097661735, "c.p._3532_2023.pdf": 4.8445807097661735, "crl.p._230_2019.pdf": 4.8445807097661735, "C.P._1598_2016.pdf": 4.8445807097661735, "C.A._2564_2001.pdf": 9.689161419532347, "c.a._801_2021.pdf": 4.8445807097661735, "C.P._4876_2018.pdf": 9.689161419532347, "CMA2745of2009etc.pdf": 4.8445807097661735, "c.a._1498_2018.pdf": 4.8445807097661735, "C.A._1447_2016.pdf": 4.8445807097661735, "c.a._329_2022.pdf": 4.8445807097661735, "c.p._448_p_2017.pdf": 4.8445807097661735, "c.a._1877_2016_dt_24_01_2024.pdf": 4.8445807097661735, "c.p.1795_2022.pdf": 4.8445807097661735, "crl.a._154_l_2013.pdf": 9.689161419532347, "C.A._542-L_2012.pdf": 4.8445807097661735, "crl.p._742_l_2019.pdf": 9.689161419532347, "S.M.C._7_2017_06022019.pdf": 4.8445807097661735}}