{"iltaf": {"Const.P_6of2011.pdf": 5.442417710521793, "NRO_Judgment.pdf": 5.442417710521793, "cng_prices_order_21-12-12-alongwith_translation.pdf": 5.442417710521793, "c.a._1000_2020.pdf": 5.442417710521793, "JR_Detailed_Judgment_in_Referendum_Case.pdf": 5.442417710521793, "j.p._385_2017.pdf": 27.212088552608968, "c.a._249_2020.pdf": 10.884835421043586, "crl.p._1146_2021.pdf": 5.442417710521793, "reference_1_2020.pdf": 5.442417710521793, "reference._1_2020.pdf": 5.442417710521793, "crl.p._46_p_2016.pdf": 5.442417710521793}}