{"imagination": {"Const.P._56_2003_E_dt_3-9-15.pdf": 6.510691009299184, "Const.P.127of2012.pdf": 6.510691009299184, "CPs.10-18of2011.pdf": 3.255345504649592, "SMC5of2012[UrduVersion]dt16-6-2012.pdf": 3.255345504649592, "C.A._503_2006.pdf": 3.255345504649592, "C.R.P._297_2017_Reserved.pdf": 3.255345504649592, "crl.a._400_2019.pdf": 3.255345504649592, "crl.p._632_2021.pdf": 3.255345504649592, "Crl.O.P_57_2015.pdf": 3.255345504649592, "NRO_Judgment.pdf": 3.255345504649592, "Const.P.12of2010.pdf": 9.766036513948777, "C.A._2215_2006.pdf": 3.255345504649592, "Const.P._29_2016.pdf": 3.255345504649592, "Crl.O.P._154_2017.pdf": 3.255345504649592, "c.a.149-150_2010.pdf": 3.255345504649592, "Const.P.NO.62OF2010_orderdt06062011.pdf": 3.255345504649592, "H.R.C.19of1996[AsgharKhanCase]DetailedReasonsUrduTranslation.pdf": 3.255345504649592, "ca.a_239_2020.pdf": 3.255345504649592, "I.C.A._7_2018.pdf": 3.255345504649592, "crl.a._95_2019.pdf": 16.27672752324796, "HRC7734-G_1003-GOF2009[UrduTranslation].pdf": 3.255345504649592, "CP778-779.pdf": 3.255345504649592, "H.R.C.19of1996[AsgharKhanCase]DetailedReasons.pdf": 3.255345504649592, "smc_1_2014.pdf": 6.510691009299184, "crp.328-329_2013.pdf": 6.510691009299184, "const.p._21_2022_15092023.pdf": 3.255345504649592, "i.c.a._1_2024_dn_20032024.pdf": 3.255345504649592, "Crl.A._104_2010.pdf": 3.255345504649592, "c.a._731_2016.pdf": 13.021382018598368, "C.R.P._383_2005.pdf": 3.255345504649592, "c.a._315_2022.pdf": 3.255345504649592, "C.A._992_2013.pdf": 3.255345504649592, "C.A._417-L_2009.pdf": 3.255345504649592, "c.p._5877_2021.pdf": 3.255345504649592, "c.p._609_2020.pdf": 3.255345504649592, "crl.p._231_2020.pdf": 3.255345504649592, "C.P._1662_2016.pdf": 3.255345504649592, "HRC-4668of2006.pdf": 3.255345504649592, "c.a._18_k_2021.pdf": 3.255345504649592, "C.A._1171_2017.pdf": 3.255345504649592, "const.p._17_2020_dissenting_note_hj11.pdf": 3.255345504649592, "C.A._1359_2014.pdf": 3.255345504649592, "c.p._398_l_2018.pdf": 3.255345504649592, "Crl.A._93_2013.pdf": 3.255345504649592, "j.p._496_2019.pdf": 3.255345504649592, "Crl.P.200of2009.pdf": 3.255345504649592, "C.A._725_2008.pdf": 3.255345504649592, "C.A._139_2013.pdf": 3.255345504649592, "C.A._1890_2002.pdf": 3.255345504649592, "c.a._1010_2020.pdf": 3.255345504649592, "c.p._1444_2019.pdf": 3.255345504649592, "C.A._467_2015.pdf": 3.255345504649592, "Crl.A._75_L_2017.pdf": 3.255345504649592, "C.A._654_2010.pdf": 3.255345504649592, "c.p._1354_2020.pdf": 3.255345504649592, "c.a._125_k_2016.pdf": 6.510691009299184, "c.p._2314_2022_dn.pdf": 9.766036513948777, "crl.p._124_2022.pdf": 3.255345504649592, "C.A._424_2015.pdf": 3.255345504649592, "C.P._3186_2015.pdf": 3.255345504649592, "C.A._794_2006.pdf": 3.255345504649592, "j.p._637_2016.pdf": 3.255345504649592, "Const.P.91of2011Dt-23-8-2012.pdf": 3.255345504649592, "c.p._686_k_2019.pdf": 3.255345504649592, "c.p._5633_2021.pdf": 3.255345504649592, "c.p._4703_2017.pdf": 3.255345504649592, "c.p._720_2020.pdf": 3.255345504649592, "CMA2745of2009etc.pdf": 6.510691009299184, "c.p._546_2021.pdf": 3.255345504649592, "Crl.O.P._47_2016.pdf": 3.255345504649592, "const.p._6_2023_dn.pdf": 3.255345504649592, "c.a._925_2020.pdf": 3.255345504649592, "c.a._364_p_2019.pdf": 3.255345504649592, "crl.a._75_l_2021.pdf": 3.255345504649592, "c.p._1550_2017.pdf": 3.255345504649592, "Crl.A.126of2012.pdf": 3.255345504649592, "c.a._491_2012.pdf": 9.766036513948777, "crl.p._519_2023_detailed_order.pdf": 3.255345504649592, "c.p._8_l_2023_r.pdf": 3.255345504649592, "SMCNo25of2009.pdf": 3.255345504649592, "c.a._24_k_2019.pdf": 3.255345504649592, "c.p._3413_2017.pdf": 3.255345504649592, "crl.p._1145_l_2020.pdf": 3.255345504649592, "c.p._3532_2023_additional_note.pdf": 3.255345504649592, "j.p._263_2018.pdf": 3.255345504649592, "C.A._1049_2011.pdf": 3.255345504649592, "C.P._3078_2016_D.pdf": 3.255345504649592, "CJD_Section 2-A_Case_as_on_26_06_2006.pdf": 9.766036513948777, "c.a._1546_2019.pdf": 3.255345504649592, "H.R.C._10842_P_2018.pdf": 6.510691009299184, "crl.m.a._1659_2019.pdf": 3.255345504649592, "S.M.C._7_2017_06022019.pdf": 3.255345504649592, "j.p._95_2017.pdf": 3.255345504649592, "c.p._1276_2020.pdf": 3.255345504649592, "JR_Fecto_Belarus_Tractor_Limited_Case.pdf": 3.255345504649592, "c.a._1692_2021.pdf": 3.255345504649592, "c.p._4980_2021.pdf": 3.255345504649592, "c.p._47_q_2016.pdf": 3.255345504649592}, "imam": {"Crl.A._24_2010.pdf": 26.99523891732464, "crl.a._184_2020.pdf": 3.37440486466558, "J.P._191_2018.pdf": 10.12321459399674, "ConstitutionPetitionNo21OF2007.pdf": 6.74880972933116, "c.p._852_2020.pdf": 3.37440486466558, "C.R.P._49_2016.pdf": 6.74880972933116, "C.A._90_2011_UrduVersion.pdf": 10.12321459399674, "Crl.A._39_L_2015.pdf": 10.12321459399674, "Crl.O.P_57_2015.pdf": 3.37440486466558, "NRO_Judgment.pdf": 3.37440486466558, "j.p._587_2016.pdf": 3.37440486466558, "Crl.A._523_2017.pdf": 6.74880972933116, "S.M.C.16of2011dt.4.4.2013.pdf": 3.37440486466558, "Const.P._29_2016.pdf": 3.37440486466558, "Const.P.77of2012[DetailedOrderFinal].pdf": 3.37440486466558, "j.p._42_2017.pdf": 3.37440486466558, "s.m.c._1_2022_detailed.pdf": 3.37440486466558, "SMC16of2011_detailed_judgment.pdf": 10.12321459399674, "Crl.A._94_2019.pdf": 37.118453511321384, "REVIEW_P_46&47_2011_full.pdf": 6.74880972933116, "c.a._601_2019.pdf": 3.37440486466558, "CP778-779.pdf": 3.37440486466558, "C.A._90_2011_EnglishVersion.pdf": 10.12321459399674, "c.p._1289_2020.pdf": 3.37440486466558, "smc.11_2011.pdf": 3.37440486466558, "C.P._2280_2015.pdf": 3.37440486466558, "crl.p._1359_2023.pdf": 3.37440486466558, "Crl.A._39_L_2015_Urdu.pdf": 10.12321459399674, "JR_Judgment_on_17th_Amendmend_and_Presidents_Uniform_Case.pdf": 3.37440486466558, "s.m.c._4_2022.pdf": 3.37440486466558, "Crl.A._382_2011.pdf": 3.37440486466558, "Crl.P.163_to_171_S.M.C.5_2005.pdf": 33.7440486466558, "c.a._315_2022.pdf": 3.37440486466558, "c.a._1076_2019.pdf": 3.37440486466558, "crl.p._1233_2023.pdf": 3.37440486466558, "c.a._675_2019.pdf": 3.37440486466558, "c.p._4296_2019.pdf": 3.37440486466558, "c.a._1241_2013.pdf": 3.37440486466558, "crl.p._370_2019.pdf": 3.37440486466558, "C.P._3122_2017.pdf": 3.37440486466558, "j.p._385_2017.pdf": 20.24642918799348, "C.A._308_2008.pdf": 3.37440486466558, "crl.p._762_2018.pdf": 3.37440486466558, "i.c.a._1_2024_15032024.pdf": 6.74880972933116, "c.a._982_2018_19022024.pdf": 13.49761945866232, "C.A._145_2010.pdf": 3.37440486466558, "crl.a._139_2022.pdf": 3.37440486466558, "c.a._801_2021.pdf": 6.74880972933116, "c.a._346_2020.pdf": 47.241668105318126, "const.p._17_2019_detailed_reasoning.pdf": 3.37440486466558, "c.p._3097_2015.pdf": 3.37440486466558, "C.A._2133_2006.pdf": 23.620834052659063, "j.p._943_2017.pdf": 3.37440486466558, "C.A._467_2015.pdf": 3.37440486466558, "SMC16of2011-dt.5.4.2013.pdf": 3.37440486466558, "c.p._2314_2022_dn.pdf": 23.620834052659063, "c.p._329_k_2022.pdf": 3.37440486466558, "crl.p._654_2020.pdf": 3.37440486466558, "crl.p._994_2020.pdf": 3.37440486466558, "i.c.a._1_2024_1502024_an.pdf": 6.74880972933116, "C.P._2853_2018.pdf": 3.37440486466558, "C.P._3186_2015.pdf": 6.74880972933116, "crl.a._108_2020.pdf": 6.74880972933116, "cp-733_of_2019_final.pdf": 13.49761945866232, "c.p._611_l_2018.pdf": 37.118453511321384, "c.p._1647_2018.pdf": 3.37440486466558, "s.m.c._1_2022_07042022.pdf": 3.37440486466558, "c.p._5632_2021.pdf": 3.37440486466558, "Crl.A._617_2017.pdf": 6.74880972933116, "c.p._2314_2022.pdf": 10.12321459399674, "c.p._1554_l_2020.pdf": 3.37440486466558, "c.a._1422_2019.pdf": 3.37440486466558, "c.p._1278_k_2023.pdf": 3.37440486466558, "S.M.C.16of2011dt-22-3-2013.pdf": 3.37440486466558, "C.A._1137_2012.pdf": 3.37440486466558, "c.p._1369_l_2019.pdf": 3.37440486466558, "c.a._97_2003.pdf": 57.36488269931486, "crl.p._742_l_2019.pdf": 3.37440486466558, "c.a._632_2019.pdf": 3.37440486466558, "c.a._1546_2019.pdf": 3.37440486466558, "c.p._3750_2020.pdf": 3.37440486466558, "C.R.P._309_2013.pdf": 3.37440486466558, "c.a._982_2018_08_jan_2024.pdf": 6.74880972933116,