{"imbalance": {"NRO_Judgment.pdf": 5.442417710521793, "CP778-779.pdf": 5.442417710521793, "crl.a._531_2019.pdf": 5.442417710521793, "C.A._1515_2016.pdf": 5.442417710521793, "crl.p._1371_2016.pdf": 5.442417710521793, "c.p._479_k_2020.pdf": 10.884835421043586, "Const.P.No.33and34of2005-dt-27-6-2013.pdf": 5.442417710521793, "s.m.c._1_2023_07042023.pdf": 10.884835421043586, "s.m.c._4_2021_26082021.pdf": 21.769670842087173, "CJD_Pakistan_Steel_Mills_Case.pdf": 10.884835421043586, "C.A._1646_2000.pdf": 5.442417710521793}, "imbed": {"Const.P.12of2010.pdf": 6.741700694652055, "c.p._2314_2022_dn.pdf": 6.741700694652055, "crl.a._547_2017.pdf": 6.741700694652055}, "imbue": {"Const.P.12of2010.pdf": 5.760871441640328, "C.A._233_2015.pdf": 5.760871441640328, "c.p._3429_2021.pdf": 5.760871441640328, "C.P.No.1017-Lof2011.pdf": 5.760871441640328, "c.p._1057_2019.pdf": 5.760871441640328, "const.p._21_2022_30102023.pdf": 5.760871441640328, "C.A._620_2006.pdf": 5.760871441640328, "c.a._65_k_2019.pdf": 5.760871441640328}, "imbroglio": {"H.R.C.19of1996[AsgharKhanCase]DetailedReasons.pdf": 7.1471658027602185, "c.p._490_k_2020.pdf": 7.1471658027602185}, "imbibe": {"Const.P._134_2012_21012019.pdf": 7.840312983320164}}