{"imcb": {"const.p.37_2012_final.pdf": 7.1471658027602185, "c.a._550_2020.pdf": 7.1471658027602185}, "imcg": {"const.p.37_2012_final.pdf": 7.840312983320164}, "imc": {"C.P._1069_K_2018.pdf": 221.56213988556678, "C.P.784of2014.pdf": 28.588663211040874}, "imcs": {"c.a._550_2020.pdf": 15.680625966640328}}