{"imdad": {"crl.a._400_2019.pdf": 9.498541059923696, "c.a._803_2016.pdf": 4.749270529961848, "C.R.P._125_2014.pdf": 18.99708211984739, "Crl.O.P.89of2011.pdf": 4.749270529961848, "const.p._9_2010_27122021.pdf": 4.749270529961848, "c.a._315_2022.pdf": 4.749270529961848, "c.a._675_2019.pdf": 4.749270529961848, "c.a._3090_2022.pdf": 4.749270529961848, "const.p._9_2010.pdf": 4.749270529961848, "C.R.P.193of2013.pdf": 18.99708211984739, "crl.p._1802_l_2017.pdf": 52.241975829580326, "Const.Petition.24_2011_dt02062011.pdf": 4.749270529961848, "c.a._634_2014.pdf": 4.749270529961848, "c.r.p._420_2016.pdf": 256.4606086179398, "c.p._2242_2022.pdf": 4.749270529961848, "Const.P.50-69of2011.pdf": 4.749270529961848, "const.p._9_2010_28122021.pdf": 4.749270529961848, "c.p._1017_2021.pdf": 4.749270529961848, "c.p._6482_2021.pdf": 4.749270529961848, "C.A._1049_2011.pdf": 9.498541059923696, "c.a._722_2012.pdf": 4.749270529961848, "crl.a._66_l_2020.pdf": 4.749270529961848}, "imdadullah": {"Const.P.77of2010-dt-21-12-2012.pdf": 7.840312983320164}, "imdadia": {"crl.r.p._2_2024.pdf": 7.840312983320164}}