{"imeprative": {"c.p._3436_l_2022.pdf": 7.840312983320164}, "imei": {"j.p._147_2016.pdf": 33.70850347326027, "Crl.A._122_L_2017.pdf": 6.741700694652055, "crl.p._277_2020.pdf": 6.741700694652055}, "imerman": {"const.p._17_2019_detailed_reasoning.pdf": 23.52093894996049}, "imex": {"c.a._ 870_2020.pdf": 31.361251933280656}, "imerys": {"c.a._1547_2019.pdf": 7.840312983320164}}