{"imf": {"Const.P.30of2013.pdf": 6.454018622200273, "const.p.30of2013_dt_22.05.2013.pdf": 6.454018622200273, "const.p._5_2023_14042023.pdf": 6.454018622200273, "Const.P.5and15-HRC14144-DetailedReasons.pdf": 32.270093111001366}}