{"imitation": {"Const.P.12of2010.pdf": 6.741700694652055, "Const.P.12of2010Urdu.pdf": 6.741700694652055, "const.p._17_2020_dissenting_note_hj11.pdf": 6.741700694652055}, "imitate": {"Const.PetitionNo.77of2010_12.10.2012.pdf": 7.840312983320164}, "imitaz": {"crl.p._299_2020_01042020.pdf": 7.840312983320164}}