{"imsg": {"const.p.37_2012_final.pdf": 7.840312983320164}, "imsb": {"const.p.37_2012_final.pdf": 14.294331605520437, "c.a._550_2020.pdf": 21.441497408280654}}