{"ink": {"SMC5of2012[UrduVersion]dt16-6-2012.pdf": 4.8445807097661735, "Const.P._50_2018.pdf": 4.8445807097661735, "JR_Detailed_Judgment_in_Referendum_Case.pdf": 9.689161419532347, "S.M.C._ 26_2007_30062018.pdf": 4.8445807097661735, "C.A._448_2014_DJ.pdf": 4.8445807097661735, "H.R.C._69229_P_2018.pdf": 4.8445807097661735, "crl.a.19of2012.pdf": 9.689161419532347, "const.p.37_2012_final.pdf": 4.8445807097661735, "C.A._307-L_2015.pdf": 14.53374212929852, "c.a._170_2017.pdf": 19.378322839064694, "const.p._39_16122019.pdf": 4.8445807097661735, "c.p._414_2021.pdf": 9.689161419532347, "C.A._194_2015.pdf": 9.689161419532347, "C.A._1033_2014.pdf": 9.689161419532347, "crl_r_p.8-l_2013.pdf": 4.8445807097661735, "C.A._42_K_2016.pdf": 4.8445807097661735, "cp_25-q__399_2014.pdf": 4.8445807097661735, "const.p._39_2019.pdf": 4.8445807097661735, "c.a._1547_2019.pdf": 4.8445807097661735, "c.a._317_l_2011.pdf": 43.601226387895565}, "inkling": {"c.p._2243_l_2019.pdf": 6.741700694652055, "C.A._794_2006.pdf": 6.741700694652055, "SMCNo25of2009.pdf": 13.48340138930411}, "inkeeping": {"c.a._21_2021.pdf": 7.840312983320164}}