{"inland": {"c.r.p._292_2021_sacked_employees.pdf": 3.078139048522408, "c.a._837_2011.pdf": 6.156278097044816, "j.p._587_2016.pdf": 3.078139048522408, "Const.P._36_2016_dt_15_12_2017.pdf": 30.78139048522408, "c.p._2143_l_2020.pdf": 6.156278097044816, "s.m.c._1_2022_detailed.pdf": 3.078139048522408, "CP778-779.pdf": 3.078139048522408, "c.p._757_l_2021.pdf": 9.234417145567225, "c.p._1026_l_2019.pdf": 3.078139048522408, "c.a._2434_2016.pdf": 12.312556194089632, "HRC7734-G_1003-GOF2009[AllegedCorruptionInRentalPowerPlants].pdf": 9.234417145567225, "c.p._1057_2019.pdf": 3.078139048522408, "c.p._6309_2021.pdf": 18.46883429113445, "c.a._1269_2013.pdf": 3.078139048522408, "C.A._1084_2008.pdf": 129.28184003794115, "const.p._17_2019_19062020.pdf": 6.156278097044816, "c.a._33_k_2018.pdf": 6.156278097044816, "C.A._992_2013.pdf": 95.42231050419466, "c.a._1518_2013.pdf": 6.156278097044816, "C.P._569-K_2016.pdf": 6.156278097044816, "c.p._283_l_2018.pdf": 18.46883429113445, "c.p._1417_2022.pdf": 12.312556194089632, "c.r.p._296_2020_29012022.pdf": 9.234417145567225, "c.r.p._296_2020_04022022.pdf": 18.46883429113445, "c.p._1972_l_2017.pdf": 3.078139048522408, "c.a._502_2017.pdf": 6.156278097044816, "c.p._310_l_2017.pdf": 6.156278097044816, "c.p._2732_l_2016.pdf": 21.546973339656855, "c.p._3472_2023.pdf": 3.078139048522408, "C.A._633_2007.pdf": 24.625112388179264, "c.r.p._426_2022_02sept2023.pdf": 15.39069524261204, "C.A._308_2008.pdf": 3.078139048522408, "c.p._490_k_2020.pdf": 15.39069524261204, "const.p._17_2020_dissenting_note_hj11.pdf": 12.312556194089632, "c.p._3282_l_2022.pdf": 86.18789335862742, "c.p._398_l_2018.pdf": 206.23531625100134, "c.a._759_2020.pdf": 3.078139048522408, "const.p._21_2022_29082023.pdf": 3.078139048522408, "c.a._1226_2016.pdf": 3.078139048522408, "C.A._94_2012.pdf": 3.078139048522408, "c.a._647_2018.pdf": 12.312556194089632, "c.r.p._292_2021_detailed.pdf": 3.078139048522408, "c.p._860_2019.pdf": 3.078139048522408, "c.p._1691_l_2018.pdf": 3.078139048522408, "c.a._433_2015.pdf": 6.156278097044816, "c.a._21_2021.pdf": 6.156278097044816, "c.p._479_k_2020.pdf": 3.078139048522408, "const.p._17_2019_detailed_reasoning.pdf": 30.78139048522408, "C.A._1509_2016.pdf": 21.546973339656855, "c.a._1032_2018.pdf": 21.546973339656855, "C.P._3551_2015.pdf": 6.156278097044816, "C.P._1069_K_2018.pdf": 3.078139048522408, "c.p._2021_l_2015.pdf": 3.078139048522408, "c.a._2444_2016.pdf": 9.234417145567225, "c.p._1148_l_2021.pdf": 30.78139048522408, "Const.P.No.33and34of2005-dt-27-6-2013.pdf": 3.078139048522408, "c.p._3286_2017.pdf": 6.156278097044816, "C.A._911_2015.pdf": 3.078139048522408, "c.p._1591_l_2017.pdf": 3.078139048522408, "c.p._560_k_2019.pdf": 18.46883429113445, "c.a._573_2013.pdf": 3.078139048522408, "C.A._1264_2006.pdf": 15.39069524261204, "c.p._648_l_2021_detailed.pdf": 9.234417145567225, "c.p._1345_l_2021.pdf": 6.156278097044816, "c.a._1476_2018.pdf": 9.234417145567225, "c.p._3317_2018.pdf": 6.156278097044816, "c.a._1481_2015.pdf": 3.078139048522408, "c.p._159_2021.pdf": 3.078139048522408, "c.p._1441_2021.pdf": 3.078139048522408, "c.a._1113_2017_dissenting_note.pdf": 3.078139048522408, "c.p._593_l_2021.pdf": 36.9376685822689, "c.p._846_l_2017.pdf": 3.078139048522408, "c.p._682_l_2017.pdf": 6.156278097044816, "C.A._457_2010.pdf": 6.156278097044816, "c.a._1314_2014.pdf": 6.156278097044816, "C.P._1707_2018.pdf": 3.078139048522408, "C.P._1983_2012.pdf": 6.156278097044816, "C.A._322_2018.pdf": 6.156278097044816, "c.p._349_l_2017.pdf": 86.18789335862742, "c.a._1521_2018.pdf": 12.312556194089632, "c.a._317_2022.pdf": 9.234417145567225, "c.p._1920_2022.pdf": 24.625112388179264, "c.a._354_2020.pdf": 6.156278097044816, "c.a._1113_2017.pdf": 3.078139048522408, "c.p._4599_2021.pdf": 15.39069524261204, "c.a._26_2015l.pdf": 3.078139048522408, "c.m.appeal._47_2020.pdf": 3.078139048522408, "c.a._1089_2015.pdf": 9.234417145567225, "C.P._3364_2016.pdf": 21.546973339656855, "c.p._3709_2022.pdf": 3.078139048522408, "c.a._94_2008.pdf": 3.078139048522408, "c.a._1422_2019.pdf": 6.156278097044816, "c.a._2440_2016.pdf": 3.078139048522408, "c.p._1842_l_2022.pdf": 24.625112388179264, "c.p._409_l_2021.pdf": 6.156278097044816, "C.A._2148_2016_dt_4-4-2018.pdf": 116.9692838438515, "c.p._4_k_2021.pdf": 3.078139048522408, "C.P._1638_2014.pdf": 6.156278097044816, "C.A._1262_2018.pdf": 15.39069524261204, "c.a._656_2011.pdf": 3.078139048522408, "c.p._3134_2022.pdf": 18.46883429113445, "c.a._243_2011.pdf": 3.078139048522408, "C.A._1049_2011.pdf": 9.234417145567225, "c.p._1600_2021_dt_25_01_2024.pdf": 3.078139048522408, "c.a._1125_2020.pdf": 6.156278097044816, "c.r.p._432_k_2022.pdf": 18.46883429113445, "c.p._1854_l_2022.pdf": 6.156278097044816, "C.A._116_K_2016.pdf": 36.9376685822689, "c.a._632_2019.pdf": 6.156278097044816, "c.p._2447_l_2022.pdf": 55.40650287340335, "C.A._682_2008.pdf": 27.703251436701674, "C.A._622 _2008.pdf": 21.546973339656855, "c.p._3200_l_2019.pdf": 6.156278097044816, "c.p._6_l_2023.pdf": 43.09394667931371, "c.p._4700_2021.pdf": 3.078139048522408, "JR_Fecto_Belarus_Tractor_Limited_Case.pdf": 3.078139048522408, "c.a._247_2021.pdf": 6.156278097044816}, "inline": {"Const.P.127of2012.pdf": 5.8944028342648505, "CJD_Reference by_the_President_of_Pakistan_under_Article_186.pdf": 5.8944028342648505, "S.M.C._19_2016.pdf": 5.8944028342648505, "c.p._1290_l_2019.pdf": 5.8944028342648505, "c.p._890_k_2023.pdf": 5.8944028342648505, "c.p._1336_l_2021.pdf": 5.8944028342648505, "Crl.O.P.6of2012.pdf": 5.8944028342648505}, "inlet": {"c.p._1133_l_2016.pdf": 7.840312983320164}}