{"inoperative": {"H.R.C._14158_G_2016_dt_12_08_2016.pdf": 4.28496492183075, "c.p._303_2019.pdf": 4.28496492183075, "C.A._90_2011_UrduVersion.pdf": 4.28496492183075, "NRO_Judgment.pdf": 4.28496492183075, "Const.P.12of2010.pdf": 12.85489476549225, "smc.18_2010_final.pdf": 4.28496492183075, "Const.P.77of2012[DetailedOrderFinal].pdf": 17.139859687323, "C.A._308_2014.pdf": 4.28496492183075, "crl.a._95_2019.pdf": 4.28496492183075, "C.A._90_2011_EnglishVersion.pdf": 4.28496492183075, "smc.11_2011.pdf": 17.139859687323, "C.P.796of2007-dt-10-5-2013.pdf": 8.5699298436615, "CJD_Reference by_the_President_of_Pakistan_under_Article_186.pdf": 4.28496492183075, "const.p._21_2022_15092023.pdf": 12.85489476549225, "HRC7734-G_1003-GOF2009[AllegedCorruptionInRentalPowerPlants].pdf": 4.28496492183075, "Crl.A._104_2010.pdf": 8.5699298436615, "c.r.p._421_2020_dissenting_notes.pdf": 4.28496492183075, "crl.m.a._62_p_2018.pdf": 4.28496492183075, "C.A._2105_2008.pdf": 8.5699298436615, "Const.P.No.77of2012[ShortOrder2.8.2012].pdf": 8.5699298436615, "C.P._3345_2016.pdf": 4.28496492183075, "s.m.c._4_2022_04apr2023.pdf": 4.28496492183075, "Crl.P.200of2009.pdf": 4.28496492183075, "c.r.p._421_2020.pdf": 4.28496492183075, "const.p._21_2022_30102023.pdf": 4.28496492183075, "SMC.13-2009.pdf": 25.7097895309845, "Const.Petition.24_2011_dt02062011.pdf": 4.28496492183075, "const.p._24_2023_f.pdf": 4.28496492183075, "c.a._1113_2017.pdf": 4.28496492183075, "Crl.A.126of2012.pdf": 4.28496492183075, "c.a._23_q_2017.pdf": 4.28496492183075, "c.p._183_2024_20032024.pdf": 4.28496492183075, "C.A._700_2017.pdf": 4.28496492183075, "c.a._722_2012.pdf": 8.5699298436615, "c.p._1303_2020.pdf": 4.28496492183075}, "inordinate": {"crl.s.m.r.p._84_2018.pdf": 3.3976617268298477, "c.p._1809_2020.pdf": 23.783632087808932, "Crl.A._39_L_2015.pdf": 10.192985180489543, "crl.p._1067_2020.pdf": 3.3976617268298477, "c.p._3436_l_2022.pdf": 10.192985180489543, "crl.a._635_2019.pdf": 3.3976617268298477, "crl.a._599_2020_26032021.pdf": 3.3976617268298477, "crp.328-329_2013.pdf": 3.3976617268298477, "crl.p._883_l_2022.pdf": 3.3976617268298477, "Crl.P.163_to_171_S.M.C.5_2005.pdf": 3.3976617268298477, "s.m.c._1_2023_01032023.pdf": 6.795323453659695, "S.M.C._18_2016.pdf": 3.3976617268298477, "crl.p._537_2021.pdf": 3.3976617268298477, "s.m.c._1_2023_31mar2023.pdf": 3.3976617268298477, "crl.p._21_p_2020.pdf": 3.3976617268298477, "j.p._210_2018.pdf": 3.3976617268298477, "j.p._415_2018.pdf": 3.3976617268298477, "crl.p._1054_2023.pdf": 6.795323453659695, "crl.p._1619_2022.pdf": 6.795323453659695, "crl.p._927_l_2021.pdf": 3.3976617268298477, "c.a._446_2021.pdf": 3.3976617268298477, "JR_Detailed_Judgment_in_Referendum_Case.pdf": 3.3976617268298477, "C.P._1340_2014.pdf": 6.795323453659695, "crl.p._1549_2021.pdf": 3.3976617268298477, "crl.p._146_k_2021.pdf": 3.3976617268298477, "j.p._403_2018.pdf": 6.795323453659695, "crl.a._531_2019.pdf": 3.3976617268298477, "crl.p._692_2020.pdf": 3.3976617268298477, "j.p._557_2016.pdf": 3.3976617268298477, "crl.p._235_l_2015.pdf": 3.3976617268298477, "crl.p._1212_l_2022.pdf": 3.3976617268298477, "Crl.P.200of2009.pdf": 3.3976617268298477, "crl.p._1371_2016.pdf": 3.3976617268298477, "crl.p._911_2020.pdf": 3.3976617268298477, "const.p._17_2019_detailed_reasoning.pdf": 3.3976617268298477, "s.m.c._1_2023_27032023.pdf": 10.192985180489543, "crl.p._203_2021.pdf": 3.3976617268298477, "crl.m.appeal._6_2020.pdf": 3.3976617268298477, "const.p.5_2011.pdf": 3.3976617268298477, "crl.p._124_2022.pdf": 6.795323453659695, "j.p._255_2017.pdf": 3.3976617268298477, "crl.p._534_2019.pdf": 3.3976617268298477, "c.p._1077_2018.pdf": 3.3976617268298477, "crl.p._352_l_2022.pdf": 3.3976617268298477, "crl.p._50_q_2017.pdf": 3.3976617268298477, "crl.p._90_k_2023.pdf": 3.3976617268298477, "c.p._1441_2021.pdf": 6.795323453659695, "c.a._1113_2017_dissenting_note.pdf": 3.3976617268298477, "J.P._217_2017.pdf": 3.3976617268298477, "crl.a._560_2020.pdf": 3.3976617268298477, "crl.a._475_2019.pdf": 3.3976617268298477, "c.p._469_l_2023.pdf": 3.3976617268298477, "c.r.p._526_2020.pdf": 3.3976617268298477, "Crl.P._634_2015.pdf": 3.3976617268298477, "crl.p._207_2023.pdf": 3.3976617268298477, "I.C.A._4_2017.pdf": 3.3976617268298477, "crl.p._163_2020.pdf": 3.3976617268298477, "crl.p._1557_2022.pdf": 10.192985180489543, "c.a._1113_2017.pdf": 3.3976617268298477, "s.m.c._1_2023_07042023.pdf": 3.3976617268298477, "c.a._491_2012.pdf": 3.3976617268298477, "crl.p._41_k_2023.pdf": 6.795323453659695, "c.r.p._266_2019_01112023.pdf": 3.3976617268298477, "c.a._1664_2014.pdf": 3.3976617268298477, "c.a._1685_2021.pdf": 3.3976617268298477, "C.P._3912_2016.pdf": 3.3976617268298477, "c.p._69_q_2015.pdf": 3.3976617268298477, "crl.p._1001_2016.pdf": 3.3976617268298477, "crl.p._273_l_2021.pdf": 3.3976617268298477, "crl.p._41_k_2023 etc.pdf": 6.795323453659695, "c.p._1854_l_2022.pdf": 10.192985180489543, "crl.p._656_l_2021.pdf": 3.3976617268298477, "Crl.P._1232_2016.pdf": 3.3976617268298477, "c.a._1191_2016.pdf": 3.3976617268298477, "crl.p._464_2020.pdf": 3.3976617268298477, "crl.p._716_2019.pdf": 3.3976617268298477, "crl.p._1392_2022.pdf": 6.795323453659695, "C.A._1646_2000.pdf": 10.192985180489543, "crl.p._62_l_2023.pdf": 3.3976617268298477, "crl.p._1152_2020.pdf": 3.3976617268298477, "C.P._632_2018.pdf": 30.57895554146863, "c.p._4387_2021_24012022.pdf": 3.3976617268298477, "clr.a._250_2020.pdf": 3.3976617268298477, "c.p._1824_2019.pdf": 3.3976617268298477, "crl.p._1072_l_2022.pdf": 3.3976617268298477}, "inopportune": {"Const.P.12of2010.pdf": 7.840312983320164}, "inordinately": {"const.p.42of2011.pdf": 5.8944028342648505, "crl.p._907_2020.pdf": 5.8944028342648505, "crl.p._624_2021.pdf": 5.8944028342648505, "c.p._3157_2022.pdf": 5.8944028342648505, "j.p._333_2013.pdf": 5.8944028342648505, "j.p._112_2017.pdf": 5.8944028342648505, "crl.p._996_2020.pdf": 5.8944028342648505}, "inortgagee": {"c.a._339_2016.pdf": 7.840312983320164}, "inorder": {"c.a._125_k_2016.pdf": 7.840312983320164}, "inovi": {"c.p._890_k_2023.pdf": 7.840312983320164}}