{"inroad": {"ConstitutionPetitionNo21OF2007.pdf": 5.537727890326118, "Const.P.12of2010.pdf": 33.22636734195671, "C.P._3122_2017.pdf": 5.537727890326118, "c.a._1095_2018_13092019.pdf": 5.537727890326118, "const.p._21_2023_11082023.pdf": 5.537727890326118, "c.p._596_2021.pdf": 5.537727890326118, "Crl.O.P._57_2015_Additional_Note.pdf": 5.537727890326118, "C.A._1242_2013.pdf": 5.537727890326118, "c.a._550_2020.pdf": 5.537727890326118, "C.M.A._8215_2016.pdf": 5.537727890326118}}