{"inward": {"Const.P.12of2010.pdf": 6.048553514092109, "smc.24_2010.pdf": 6.048553514092109, "c.a._1080_2011.pdf": 6.048553514092109, "c.a._1032_2018.pdf": 6.048553514092109, "S.M.C._2_2018.pdf": 12.097107028184219, "C.M.A._8215_2016.pdf": 12.097107028184219}}