{"inyatullah": {"c.p._2547_2019.pdf": 7.840312983320164}, "inyat": {"HR8340OF2010.pdf": 7.840312983320164}}