{"iota": {"c.p._1193_2020.pdf": 5.007099639263948, "Const.P._29_2016.pdf": 15.021298917791842, "crl.a._95_2019.pdf": 5.007099639263948, "Crl.A._39_L_2015_Urdu.pdf": 5.007099639263948, "C.P.796of2007-dt-10-5-2013.pdf": 5.007099639263948, "c.r.p._296_2020_04022022.pdf": 5.007099639263948, "C.A._633_2007.pdf": 5.007099639263948, "C.A._1171_2017.pdf": 5.007099639263948, "Crl.A._210_2015.pdf": 5.007099639263948, "crl.sh.a._23_2017.pdf": 5.007099639263948, "c.p._860_2019.pdf": 5.007099639263948, "c.a._801_2021.pdf": 5.007099639263948, "c.a._433_2020.pdf": 5.007099639263948, "crl.p._75_q_2021.pdf": 5.007099639263948, "c.p._2902_2018.pdf": 5.007099639263948, "c.a._1191_2016.pdf": 5.007099639263948, "JR_Fecto_Belarus_Tractor_Limited_Case.pdf": 5.007099639263948}}