{"ipps": {"C.M.A.No.3685of2012-dt-17-1-2013.pdf": 21.769670842087173, "HRC7734-G_1003-GOF2009[UrduTranslation].pdf": 136.06044276304482, "HRC7734-G_1003-GOF2009[AllegedCorruptionInRentalPowerPlants].pdf": 168.7149490261756, "c.r.p._421_2020_dissenting_notes.pdf": 16.327253131565378, "c.r.p._421_2020.pdf": 16.327253131565378, "c.a._513_2014.pdf": 5.442417710521793, "c.a._1113_2017_dissenting_note.pdf": 16.327253131565378, "hrc.14392of2013-01.07.2013.pdf": 21.769670842087173, "c.a._1113_2017.pdf": 16.327253131565378, "c.p._3263_2022.pdf": 16.327253131565378, "HRC.14392of2013.pdf": 5.442417710521793}, "ipp": {"HRC7734-G_1003-GOF2009[UrduTranslation].pdf": 90.35626071080382, "HRC7734-G_1003-GOF2009[AllegedCorruptionInRentalPowerPlants].pdf": 58.08616759980246, "Const.P.50-69of2011.pdf": 6.454018622200273, "c.a._1547_2019.pdf": 12.908037244400546}}