{"ir": {"C.R.P._49_2016.pdf": 4.406325778835018, "SMC15OF2009.pdf": 8.812651557670035, "c.p._3436_l_2022.pdf": 8.812651557670035, "Const.P.12of2010.pdf": 4.406325778835018, "C.A._2215_2006.pdf": 4.406325778835018, "c.p._2119_2018.pdf": 4.406325778835018, "CJD_Reference by_the_President_of_Pakistan_under_Article_186.pdf": 13.218977336505052, "Crl.O.P.89of2011.pdf": 4.406325778835018, "c.p._6309_2021.pdf": 4.406325778835018, "Const.P35of2013-dt-20-7-2013.pdf": 4.406325778835018, "C.A._992_2013.pdf": 8.812651557670035, "JR_Detailed_Judgment_in_Referendum_Case.pdf": 52.87590934602021, "C.A._1171_2017.pdf": 4.406325778835018, "const.p._17_2020_dissenting_note_hj11.pdf": 8.812651557670035, "const.p._17_2019_detailed_reasoning.pdf": 13.218977336505052, "c.p._669_l_2018.pdf": 44.06325778835018, "C.A._110_L_2013.pdf": 4.406325778835018, "c.p._414_2021.pdf": 4.406325778835018, "c.a._489_2013l.pdf": 8.812651557670035, "C.A.800Lof2013etc.pdf": 8.812651557670035, "c.p._682_l_2017.pdf": 17.62530311534007, "c.a._1314_2014.pdf": 4.406325778835018, "CMA2745of2009etc.pdf": 4.406325778835018, "c.p._349_l_2017.pdf": 44.06325778835018, "const.p._17_2020_dissenting_note_hj4.pdf": 4.406325778835018, "c.p._1920_2022.pdf": 13.218977336505052, "s.m.c._4_2021_26082021.pdf": 8.812651557670035, "c.p._4719_2017.pdf": 17.62530311534007, "C.A._1262_2018.pdf": 4.406325778835018, "c.p._2447_l_2022.pdf": 8.812651557670035, "c.p._3200_l_2019.pdf": 4.406325778835018}}