{"ire": {"ConstitutionPetitionNo21OF2007.pdf": 6.454018622200273, "crl.a._251_2020.pdf": 6.454018622200273, "const.p._17_2020_dissenting_note_hj4.pdf": 6.454018622200273, "c.p._323_l_2014.pdf": 6.454018622200273}, "ireland": {"c.p._3436_l_2022.pdf": 4.8445807097661735, "Const.P.12of2010.pdf": 43.601226387895565, "C.A._104-L_2015.pdf": 4.8445807097661735, "Const.P._29_2016.pdf": 4.8445807097661735, "Const.P.30of2013.pdf": 9.689161419532347, "H.R.C.19of1996[AsgharKhanCase]DetailedReasonsUrduTranslation.pdf": 33.91206496836321, "const.p._24_to_26_of_2023_04072023.pdf": 4.8445807097661735, "crl.a._95_2019.pdf": 14.53374212929852, "crl.p._1667_2021.pdf": 4.8445807097661735, "H.R.C.19of1996[AsgharKhanCase]DetailedReasons.pdf": 33.91206496836321, "smc_1_2014.pdf": 4.8445807097661735, "CJD_Reference by_the_President_of_Pakistan_under_Article_186.pdf": 24.222903548830867, "const.p._17_2020_dissenting_note_hj11.pdf": 4.8445807097661735, "const.p.37_2012_final.pdf": 9.689161419532347, "Crl.M.A._200_2019.pdf": 4.8445807097661735, "C.A._125_K_2016_JPMC_Dissenting_Note.pdf": 4.8445807097661735, "S.M.C._3_2018.pdf": 4.8445807097661735, "C.A._1793_2016.pdf": 4.8445807097661735, "Const.P.50-69of2011.pdf": 9.689161419532347, "s.m.c._4_2021_26082021.pdf": 4.8445807097661735}, "iredell": {"Const.P.77of2012[DetailedOrderFinal].pdf": 7.840312983320164}, "irelander": {"smc_1_2014.pdf": 7.840312983320164}}