{"irksome": {"ConstitutionPetitionNo21OF2007.pdf": 7.1471658027602185, "c.p._1743_2020_03032023.pdf": 7.1471658027602185}, "irk": {"ConstitutionPetitionNo21OF2007.pdf": 13.48340138930411, "const.p._6_2023_dn.pdf": 6.741700694652055, "Crl.A._582_2018.pdf": 6.741700694652055}}