{"irving": {"NRO_Judgment.pdf": 6.230875070886063, "const.p._6_2023_07032024.pdf": 6.230875070886063, "c.a._ 870_2020.pdf": 6.230875070886063, "C.A.876-879of2005.pdf": 6.230875070886063, "c.a._722_2012.pdf": 6.230875070886063}, "irvine": {"S.M.C._7_2017_06022019.pdf": 7.840312983320164}}