{"isfahani": {"ConstitutionPetitionNo5of2012[UrduTranslation].pdf": 18.145660542276328, "Order-DNC-nd-note.pdf": 66.5340886550132, "URDU_CONST.P.05-2012-20.09.12.pdf": 30.242767570460547, "Const.P._29_2016.pdf": 6.048553514092109, "smc.18_2010_final.pdf": 6.048553514092109, "ConstP5of2012_dt_20092012.pdf": 36.291321084552656}}