{"iskandar": {"NRO_Judgment.pdf": 7.1471658027602185, "crp.328-329_2013.pdf": 14.294331605520437}, "iskander": {"Const.P.12of2010.pdf": 6.741700694652055, "c.a._982_2018_19022024.pdf": 6.741700694652055, "c.a._982_2018_19022024_2.pdf": 6.741700694652055}, "isko": {"CMA2745of2009etc.pdf": 23.52093894996049}}