{"isolate": {"c.r.p._292_2021_sacked_employees.pdf": 4.406325778835018, "CPs.10-18of2011.pdf": 13.218977336505052, "c.a._465_2021.pdf": 8.812651557670035, "C.P.796of2007-UrduTranslation-dt-10-5-2013.pdf": 4.406325778835018, "Const.P.12of2010.pdf": 17.62530311534007, "crl.a._599_2020_26032021.pdf": 4.406325778835018, "H.R.C.19of1996[AsgharKhanCase]DetailedReasons.pdf": 4.406325778835018, "smc_1_2014.pdf": 8.812651557670035, "C.P.796of2007-dt-10-5-2013.pdf": 4.406325778835018, "s.m.c.12_2015.pdf": 4.406325778835018, "C.A._353_2015.pdf": 4.406325778835018, "c.a._446_2021.pdf": 4.406325778835018, "Const.P.87of2011.pdf": 4.406325778835018, "C.R.P._94_2014.pdf": 4.406325778835018, "c.a._982_2018_19022024.pdf": 4.406325778835018, "Crl.P.200of2009.pdf": 13.218977336505052, "C.A._1540_2006.pdf": 8.812651557670035, "const.p._17_2019_detailed_reasoning.pdf": 4.406325778835018, "const.p._39_16122019.pdf": 4.406325778835018, "c.a._202_2021.pdf": 4.406325778835018, "c.r.p._420_2016.pdf": 4.406325778835018, "Const.P.50-69of2011.pdf": 4.406325778835018, "c.a._982_2018_19022024_2.pdf": 4.406325778835018, "CMA2745of2009etc.pdf": 4.406325778835018, "const.p._32_2023_additional_note.pdf": 4.406325778835018, "c.p._803_2019.pdf": 4.406325778835018, "const.p._39_2019.pdf": 4.406325778835018, "c.m.a._490_2021_20022021.pdf": 4.406325778835018, "C.A._542-L_2012.pdf": 4.406325778835018, "Const.P.59of2011.pdf": 4.406325778835018, "C.M.A._8215_2016.pdf": 4.406325778835018}, "isolation": {"c.a._837_2011.pdf": 3.286436091719623, "Const.P.127of2012.pdf": 13.145744366878493, "ConstitutionPetitionNo21OF2007.pdf": 6.572872183439246, "CPs.10-18of2011.pdf": 6.572872183439246, "c.p._1567_l_2019.pdf": 3.286436091719623, "C.A._503_2006.pdf": 3.286436091719623, "crl.p._632_2021.pdf": 6.572872183439246, "NRO_Judgment.pdf": 6.572872183439246, "Const.P._50_2018.pdf": 3.286436091719623, "Const.P.12of2010.pdf": 19.71861655031774, "Const.P.87of2011[UrduVersion].pdf": 3.286436091719623, "Const.P.77of2012[DetailedOrderFinal].pdf": 3.286436091719623, "crl.a._599_2020_26032021.pdf": 3.286436091719623, "Ref.01_2012_addl.note_HJ.ejaz_afzal_khan.pdf": 3.286436091719623, "crl.a._95_2019.pdf": 3.286436091719623, "REVIEW_P_46&47_2011_full.pdf": 6.572872183439246, "Const.P.40of2012-DetailJudgment-dt-3.7.2012.pdf": 6.572872183439246, "Const.P.77-78-79 [Memogate]DetailedOrder.pdf": 3.286436091719623, "JR_Judgment_on_17th_Amendmend_and_Presidents_Uniform_Case.pdf": 3.286436091719623, "CJD_Reference by_the_President_of_Pakistan_under_Article_186.pdf": 3.286436091719623, "Const.P.56_2003_U_dt_8-9-2015.pdf": 3.286436091719623, "C.A._1406_2016.pdf": 3.286436091719623, "c.a._1474_2021.pdf": 3.286436091719623, "HRC7734-G_1003-GOF2009[AllegedCorruptionInRentalPowerPlants].pdf": 3.286436091719623, "C.M.A._3221_2012.pdf": 3.286436091719623, "i.c.a._1_2024_dn_20032024.pdf": 3.286436091719623, "crl.p._104_p_2023.pdf": 3.286436091719623, "crl.p._231_2020.pdf": 3.286436091719623, "c.p._3506_2020.pdf": 3.286436091719623, "crl.p._324_2020.pdf": 3.286436091719623, "const.p._6_2023_07032024.pdf": 3.286436091719623, "C.P._1700_2011.pdf": 3.286436091719623, "const.p._2_2022_14102022.pdf": 9.85930827515887, "crl.p._299_2020_07042020.pdf": 3.286436091719623, "C.A._1171_2017.pdf": 3.286436091719623, "Const.P.87of2011.pdf": 3.286436091719623, "c.p._1290_l_2019.pdf": 3.286436091719623, "c.a._64_2022.pdf": 3.286436091719623, "crl.p._955_l_2016.pdf": 3.286436091719623, "c.a._444_2017.pdf": 3.286436091719623, "refernece_1_2022.pdf": 3.286436091719623, "C.A._2564_2001.pdf": 3.286436091719623, "crl.a.19of2012.pdf": 3.286436091719623, "Crl.A.13-14-15and16of2004and53of2011.pdf": 3.286436091719623, "crl.p._1371_2016.pdf": 3.286436091719623, "c.a._1409_2013 .pdf": 3.286436091719623, "c.a._1095_2018_13092019.pdf": 6.572872183439246, "crl.p._982_l_2022.pdf": 3.286436091719623, "const.p._21_2023_11082023.pdf": 3.286436091719623, "C.A._1509_2016.pdf": 3.286436091719623, "const.p._39_16122019.pdf": 9.85930827515887, "C.A._911_2015.pdf": 3.286436091719623, "J.P.No.56of2005.pdf": 3.286436091719623, "c.a._414_2021.pdf": 3.286436091719623, "C.A.800Lof2013etc.pdf": 3.286436091719623, "C.A._158_2006.pdf": 3.286436091719623, "c.a._513_2014.pdf": 3.286436091719623, "c.a._1476_2018.pdf": 3.286436091719623, "C.P._3186_2015.pdf": 3.286436091719623, "c.a._11_2022.pdf": 3.286436091719623, "C.A._767_2014.pdf": 3.286436091719623, "c.p._2_2022_dissenting_note.pdf": 3.286436091719623, "const.p._6_2023_dt_05_01_2023.pdf": 3.286436091719623, "C.P._1787_2016.pdf": 3.286436091719623, "c.p._287_2019.pdf": 3.286436091719623, "const.p._24_2023_f.pdf": 3.286436091719623, "s.m.c._1_2023_12062023.pdf": 6.572872183439246, "reference_1_2020.pdf": 13.145744366878493, "const.p._6_2023_dn.pdf": 3.286436091719623, "c.p._1017_2021.pdf": 3.286436091719623, "crl.p._75_q_2021.pdf": 3.286436091719623, "c.a._2186_2017.pdf": 3.286436091719623, "crl.p._371_2020l.pdf": 3.286436091719623, "c.a._1422_2019.pdf": 3.286436091719623, "Crl.A.126of2012.pdf": 3.286436091719623, "c.a._24_k_2019.pdf": 3.286436091719623, "crl.r.p_1_2016.pdf": 3.286436091719623, "C.A._157_K_2016.pdf": 3.286436091719623, "crl.p._443_l_2020_dissenting_note.pdf": 3.286436091719623, "C.A.876-879of2005.pdf": 6.572872183439246, "c.a._57_k_2018.pdf": 3.286436091719623, "H.R.C._17599_2018.pdf": 3.286436091719623, "const.p._39_2019.pdf": 9.85930827515887, "crl.a._154_l_2013.pdf": 3.286436091719623, "C.A._150_2006.pdf": 3.286436091719623, "CJD_Section 2-A_Case_as_on_26_06_2006.pdf": 6.572872183439246, "c.p._2447_l_2022.pdf": 3.286436091719623, "c.a._2797_2022.pdf": 9.85930827515887, "c.p._3122_2020.pdf": 3.286436091719623, "Const.P.59of2011.pdf": 6.572872183439246, "s.m.c._1_2023_23022023.pdf": 3.286436091719623, "c.p._6_l_2023.pdf": 3.286436091719623, "c.p._2351_2019.pdf": 3.286436091719623, "c.p._4700_2021.pdf": 3.286436091719623, "c.a._764_2021.pdf": 3.286436091719623}, "iso": {"Crl.A._523_2017.pdf": 5.760871441640328, "Crl.A._94_2019.pdf": 5.760871441640328, "HRC7734-G_1003-GOF2009[UrduTranslation].pdf": 5.760871441640328, "HRC7734-G_1003-GOF2009[AllegedCorruptionInRentalPowerPlants].pdf": 5.760871441640328, "SMC.13-2009.pdf": 11.521742883280655, "crl.p._149_k_2020.pdf": 5.760871441640328, "c.p._1336_l_2021.pdf": 97.93481450788558, "CJD_Pakistan_Steel_Mills_Case.pdf": 23.04348576656131}}