{"ispahani": {"smc.18_2010_final.pdf": 7.840312983320164}, "ispr": {"S.J.C_347_2018.PDF": 11.28617681196789, "H.R.C.19of1996[AsgharKhanCase]DetailedReasonsUrduTranslation.pdf": 5.643088405983945, "H.R.C.19of1996[AsgharKhanCase]DetailedReasons.pdf": 5.643088405983945, "const.p.1_ 2012_etc.pdf": 5.643088405983945, "Crl.P.200of2009.pdf": 11.28617681196789, "C.P._842_2016.pdf": 5.643088405983945, "const.p._17_2020_dissenting_note_hj4.pdf": 5.643088405983945, "H.R.C._3654_2018.pdf": 11.28617681196789, "S.M.C._7_2017_06022019.pdf": 22.57235362393578}, "ispc": {"C.P._2093_2015.pdf": 7.1471658027602185, "CJD_Pakistan_Steel_Mills_Case.pdf": 14.294331605520437}, "isp": {"c.a._1011_2020.pdf": 107.20748704140328, "c.p._3317_2018.pdf": 28.588663211040874}, "isphaghula": {"crl.p._1004_2019.pdf": 7.840312983320164}}