{"itc": {"const.p._24_2023_02082023.pdf": 6.741700694652055, "C.A._1264_2006.pdf": 6.741700694652055, "C.A._457_2010.pdf": 6.741700694652055}, "itcs": {"C.A._308_2008.pdf": 7.1471658027602185, "c.a._632_2019.pdf": 7.1471658027602185}}