{"item": {"c.a._837_2011.pdf": 2.455817920531075, "crl.a._184_2020.pdf": 4.91163584106215, "Const.P.127of2012.pdf": 2.455817920531075, "ConstitutionPetitionNo21OF2007.pdf": 7.367453761593225, "HR-19of1996.pdf": 12.279089602655375, "Crl.A._479_2015.pdf": 4.91163584106215, "Const.P.105-2012-eng-urd.PDF": 4.91163584106215, "C.A._503_2006.pdf": 2.455817920531075, "S.M.C._28_2018.pdf": 4.91163584106215, "C.R.P._49_2016.pdf": 2.455817920531075, "C.M.A.No.3685of2012-dt-17-1-2013.pdf": 4.91163584106215, "Const.P.31of2011etc.pdf": 2.455817920531075, "c.p._1331_l_2017.pdf": 22.102361284779676, "c.a._803_2016.pdf": 2.455817920531075, "SMC15OF2009.pdf": 2.455817920531075, "NRO_Judgment.pdf": 7.367453761593225, "cng_prices_order_21-12-12-alongwith_translation.pdf": 4.91163584106215, "Const.P.12of2010.pdf": 36.837268807966126, "S.M.C.16of2011dt.4.4.2013.pdf": 9.8232716821243, "const.p.42of2011.pdf": 4.91163584106215, "Const.P.33_2013.pdf": 22.102361284779676, "Const.P._29_2016.pdf": 7.367453761593225, "smc.18_2010_final.pdf": 2.455817920531075, "Const.P.77of2012[DetailedOrderFinal].pdf": 4.91163584106215, "crl.a._635_2019.pdf": 2.455817920531075, "c.p._2243_l_2019.pdf": 2.455817920531075, "crl.a._599_2020_26032021.pdf": 2.455817920531075, "Crl.A._275_2011.pdf": 2.455817920531075, "Const.P.30of2013.pdf": 2.455817920531075, "S.M.C.24of2010[urdu-version].pdf": 2.455817920531075, "c.p._3952_2019.pdf": 12.279089602655375, "Const.P.NO.62OF2010_orderdt06062011.pdf": 2.455817920531075, "H.R.C.19of1996[AsgharKhanCase]DetailedReasonsUrduTranslation.pdf": 12.279089602655375, "S.M.C.18OF2010.pdf": 14.73490752318645, "C.A._861_2007.pdf": 2.455817920531075, "s.m.c._1_2022_detailed.pdf": 7.367453761593225, "c.a._371_2020.pdf": 4.91163584106215, "SMC16of2011_detailed_judgment.pdf": 7.367453761593225, "crl.a._95_2019.pdf": 2.455817920531075, "HRC7734-G_1003-GOF2009[UrduTranslation].pdf": 2.455817920531075, "CP778-779.pdf": 4.91163584106215, "smc.24_2010.pdf": 2.455817920531075, "Const.P.40of2012-DetailJudgment-dt-3.7.2012.pdf": 2.455817920531075, "smc.11_2011.pdf": 12.279089602655375, "H.R.C.19of1996[AsgharKhanCase]DetailedReasons.pdf": 19.6465433642486, "smc_1_2014.pdf": 4.91163584106215, "JR_Judgment_on_17th_Amendmend_and_Presidents_Uniform_Case.pdf": 4.91163584106215, "C.P._45_2015.pdf": 2.455817920531075, "CJD_Reference by_the_President_of_Pakistan_under_Article_186.pdf": 4.91163584106215, "Crl.P.163_to_171_S.M.C.5_2005.pdf": 4.91163584106215, "HRC7734-G_1003-GOF2009[AllegedCorruptionInRentalPowerPlants].pdf": 2.455817920531075, "c.p._1057_2019.pdf": 2.455817920531075, "C.A._1072_2005.pdf": 7.367453761593225, "cma.908_2014_14.04.2014.pdf": 2.455817920531075, "C.A._1084_2008.pdf": 4.91163584106215, "c.p._2580_2020.pdf": 4.91163584106215, "Const.P35of2013-dt-20-7-2013.pdf": 2.455817920531075, "c.a._639_2014.pdf": 2.455817920531075, "C.R.P._383_2005.pdf": 2.455817920531075, "const.p._24_2023_an_10012024_r.pdf": 12.279089602655375, "C.A._56_L_2018.pdf": 2.455817920531075, "c.r.p._421_2020_dissenting_notes.pdf": 2.455817920531075, "C.A._1600_2006.pdf": 2.455817920531075, "C.A._1079_2011.pdf": 2.455817920531075, "cma.3685-3686_of_2012_in_hrc.7734-g_of_2009_dt_31.01.2013.pdf": 2.455817920531075, "Constitution_Petition_No.18.pdf": 2.455817920531075, "C.M.A.2371of2012dt[07-06-2012].pdf": 2.455817920531075, "c.p._5877_2021.pdf": 2.455817920531075, "C.A._493_2011.pdf": 2.455817920531075, "c.a._307_2017.pdf": 2.455817920531075, "h.r.c._13316_p_2018.pdf": 2.455817920531075, "JR_Detailed_Judgment_in_Graduation_Qualification_Case.pdf": 4.91163584106215, "crl.p._520_2020.pdf": 2.455817920531075, "C.A._1348_2006.pdf": 9.8232716821243, "crl.p._1612_2021.pdf": 2.455817920531075, "C.A._1291_2005.pdf": 7.367453761593225, "Const.P.39of2007-dt-25-6-2013.pdf": 2.455817920531075, "c.r.p._296_2020_04022022.pdf": 4.91163584106215, "crl.p._370_2019.pdf": 4.91163584106215, "const.p.30of2013_dt_22.05.2013.pdf": 4.91163584106215, "c.p._5646_2021.pdf": 4.91163584106215, "c.p._943_k_2022.pdf": 2.455817920531075, "C.P._1067_2016.pdf": 2.455817920531075, "Const.P.20to27-39&45.pdf": 2.455817920531075, "C.R.P._100_2016.pdf": 2.455817920531075, "s.m.c._01_2020.pdf": 2.455817920531075, "C.A._633_2007.pdf": 2.455817920531075, "Crl.A._126_2010.pdf": 2.455817920531075, "c.p._116_2020_16112023.pdf": 2.455817920531075, "const.p.39_90_2011.pdf": 2.455817920531075, "Crl.A._107_L_2017.pdf": 2.455817920531075, "C.P._3345_2016.pdf": 7.367453761593225, "crl.a._177_2022.pdf": 4.91163584106215, "hrc_4925-g_2014.pdf": 4.91163584106215, "Crl.A._210_2015.pdf": 2.455817920531075, "C.A._95_2005.pdf": 2.455817920531075, "const.p.115_2011.pdf": 7.367453761593225, "C.P._1812_L_2017.pdf": 2.455817920531075, "C.A._1428_2016.pdf": 7.367453761593225, "Crl.R.P._47_2015.pdf": 2.455817920531075, "c.p._3767_2023.pdf": 9.8232716821243, "Crl.A._158_L_2017.pdf": 2.455817920531075, "Const.P._2_2011.pdf": 31.925632966903976, "c.a._421_2018.pdf": 4.91163584106215, "c.a._1095_2018_13092019.pdf": 4.91163584106215, "C.P._51_2015.pdf": 7.367453761593225, "c.r.p._421_2020.pdf": 2.455817920531075, "const.p._17_2019_detailed_reasoning.pdf": 7.367453761593225, "Crl.M.A._200_2019.pdf": 2.455817920531075, "C.A._1509_2016.pdf": 12.279089602655375, "C.A._307-L_2015.pdf": 2.455817920531075, "Const.Petition.24_2011_dt02062011.pdf": 2.455817920531075, "crl.p._994_2022.pdf": 4.91163584106215, "Const.P.39and90of2011-dt-3-5-2013.pdf": 2.455817920531075, "C.P._3551_2015.pdf": 2.455817920531075, "c.p._3136_2022.pdf": 7.367453761593225, "c.a.1540-1599_2013.pdf": 7.367453761593225, "const.p._39_16122019.pdf": 2.455817920531075, "C.A._467_2015.pdf": 7.367453761593225, "SMC16of2011-dt.5.4.2013.pdf": 2.455817920531075, "C.P._1069_K_2018.pdf": 4.91163584106215, "crl.p._910_2022 .pdf": 2.455817920531075, "Const.P.No.33and34of2005-dt-27-6-2013.pdf": 31.925632966903976, "c.a._40_2021.pdf": 2.455817920531075, "c.m.a._4821_2018_14012022.pdf": 4.91163584106215, "C.R.P._335_2014.pdf": 4.91163584106215, "c.p._1257_2020.pdf": 2.455817920531075, "c.p._34_2022.pdf": 2.455817920531075, "C.A._158_2006.pdf": 4.91163584106215, "C.A._1095_2018.pdf": 4.91163584106215, "c.p._648_l_2021_detailed.pdf": 14.73490752318645, "c.a._513_2014.pdf": 7.367453761593225, "c.a._458_2017.pdf": 7.367453761593225, "c.a._1476_2018.pdf": 4.91163584106215, "C.P._842_2016.pdf": 17.190725443717525, "c.a._11_2022.pdf": 2.455817920531075, "c.p._3317_2018.pdf": 4.91163584106215, "const.p.20_2013.pdf": 22.102361284779676, "c.a._202_2021.pdf": 4.91163584106215, "c.p._3958_2019.pdf": 2.455817920531075, "S.M.C._2_2018.pdf": 2.455817920531075, "cma_908_2014_22.04.2014.pdf": 7.367453761593225, "C.R.P._210_2015.pdf": 2.455817920531075, "crl.a._597_2018_dt_25_01_2024.pdf": 2.455817920531075, "C.A._767_2014.pdf": 127.7025318676159, "c.p._4618_2019.pdf": 2.455817920531075, "const.p._6_2023_dt_05_01_2023.pdf": 12.279089602655375, "Const.P.91of2011Dt-23-8-2012.pdf": 2.455817920531075, "c.a._1113_2017_dissenting_note.pdf": 19.6465433642486, "const.p._24_2023_f.pdf": 12.279089602655375, "Crl.A._274_2006.pdf": 9.8232716821243, "ca.297_2014.pdf": 4.91163584106215, "Const.P.50-69of2011.pdf": 2.455817920531075, "smc.16of2011.pdf": 7.367453761593225, "smc_16_23.06.2014.pdf": 2.455817920531075, "C.A._1242_2013.pdf": 2.455817920531075, "c.m.a._490_2021.pdf": 4.91163584106215, "c.a._323_2018.pdf": 2.455817920531075, "S.M.C14 of 2009.pdf": 2.455817920531075, "C.M.A._376-K_2014.pdf": 4.91163584106215, "JR_Varan_Case.pdf": 2.455817920531075, "Const.P.22of2013.pdf": 12.279089602655375, "Crl.P.No.426of2009&Crl.A.No.pdf": 2.455817920531075, "c.a._1113_2017.pdf": 27.013997125841826, "CJD_Constitution_Petition_No_36_of_2005.pdf": 2.455817920531075, "ConstitutionPetitionNo39of2009.pdf": 2.455817920531075, "c.a._527_2020.pdf": 4.91163584106215, "CMANo.4671of2012-dt-2-1-2013.pdf": 2.455817920531075, "c.a._188_2019.pdf": 2.455817920531075, "SMC24-2010.pdf": 2.455817920531075, "Const.P._35_2016_dt_15_12_2017.pdf": 9.8232716821243,