{"itne": {"C.A._651_2012.pdf": 21.441497408280654, "CPs987-989OF2011-DT19.10.2011.pdf": 64.32449222484196}}