{"ito": {"c.r.p._292_2021_sacked_employees.pdf": 4.795790545596741, "c.p._2597_2020.pdf": 14.387371636790224, "c.p._2256_l_2015.pdf": 100.71160145753157, "c.a._33_k_2018.pdf": 9.591581091193483, "c.r.p._296_2020_29012022.pdf": 119.89476363991854, "const.p._17_2020_dissenting_note_hj11.pdf": 139.0779258223055, "c.p._3121_2021.pdf": 23.978952727983707, "const.p._17_2019_detailed_reasoning.pdf": 19.183162182386965, "c.a._2444_2016.pdf": 4.795790545596741, "c.p._648_l_2021_detailed.pdf": 19.183162182386965, "const.p._43_2023.pdf": 4.795790545596741, "C.A._457_2010.pdf": 28.774743273580448, "Crl.O.P._47_2016.pdf": 4.795790545596741, "const.p._17_2020_dissenting_note_hj4.pdf": 196.62741236946638, "C.M.A._2593_2008.pdf": 9.591581091193483, "c.p._1920_2022.pdf": 9.591581091193483, "c.a._94_2008.pdf": 67.14106763835437, "c.p._389_2022.pdf": 14.387371636790224, "C.A._2148_2016_dt_4-4-2018.pdf": 76.73264872954786, "C.A._723_2013.pdf": 148.669506913499, "c.a._1275_2009.pdf": 124.69055418551528}}