{"ittanwali": {"Crl.A._39_L_2015.pdf": 23.52093894996049}, "itt": {"Const.P.12of2010.pdf": 7.840312983320164}, "ittefaq": {"Const.P._29_2016.pdf": 83.06591835489176, "CP778-779.pdf": 27.68863945163059, "ca.1038_2000.pdf": 16.613183670978355, "C.A._1563_2014.pdf": 11.075455780652236, "Crl.P._169_2007.pdf": 5.537727890326118, "C.A._616_2006.pdf": 5.537727890326118, "Const.P.No.33and34of2005-dt-27-6-2013.pdf": 11.075455780652236, "C.A._1242_2013.pdf": 16.613183670978355, "SMCNo25of2009.pdf": 5.537727890326118, "C.A.876-879of2005.pdf": 5.537727890326118}, "ittehad": {"SMC16of2011_detailed_judgment.pdf": 11.075455780652236, "H.R.C.19of1996[AsgharKhanCase]DetailedReasons.pdf": 16.613183670978355, "Const.P.No.10 of2013-Dt-25-3-2013.pdf": 11.075455780652236, "JR_Detailed_Judgment_in_Graduation_Qualification_Case.pdf": 5.537727890326118, "JR_Detailed_Judgment_in_Referendum_Case.pdf": 5.537727890326118, "C.P._2532_2015.pdf": 5.537727890326118, "const.p._18_2019.pdf": 11.075455780652236, "c.p._479_k_2020.pdf": 5.537727890326118, "Const.P.91of2011Dt-23-8-2012.pdf": 5.537727890326118, "C.A.39_2010.pdf": 5.537727890326118}, "ittifaq": {"CP778-779.pdf": 7.840312983320164}, "ittan": {"Crl.A._39_L_2015_Urdu.pdf": 7.840312983320164}, "ittafaq": {"c.a.482_2014.pdf": 7.840312983320164}}