{"itwould": {"c.p._479_k_2020.pdf": 7.840312983320164}, "itwar": {"c.p._4500_2017.pdf": 7.840312983320164}}