{"iudex": {"CP778-779.pdf": 7.840312983320164}, "iud": {"H.R.C._17599_2018.pdf": 15.680625966640328}}