{"ivan": {"C.M.A.3325_of_2012_dt_11-2-2013.pdf": 7.840312983320164}, "iva": {"c.p._407_k_2019.pdf": 13.48340138930411, "JR_Varan_Case.pdf": 6.741700694652055, "c.p._4719_2017.pdf": 40.45020416791233}}