{"ivor": {"Const.P.30of2013.pdf": 6.454018622200273, "H.R.C.19of1996[AsgharKhanCase]DetailedReasonsUrduTranslation.pdf": 6.454018622200273, "H.R.C.19of1996[AsgharKhanCase]DetailedReasons.pdf": 6.454018622200273, "const.p.9_2014_detail_reasons.pdf": 6.454018622200273}}