{"iwaz": {"c.p._3645_2015.pdf": 6.741700694652055, "C.A._774_2013.pdf": 6.741700694652055, "c.p._1647_2018.pdf": 6.741700694652055}, "iwad": {"c.p._1647_2018.pdf": 7.840312983320164}}