{"izzat": {"c.a._219_2015.pdf": 6.230875070886063, "c.a._1000_2020.pdf": 6.230875070886063, "c.a._849_2015.pdf": 6.230875070886063, "c.a._139_p_2013.pdf": 6.230875070886063, "crl.p._83_p_2013.pdf": 43.61612549620244}}