{"ja": {"crl.p._849_2019.pdf": 6.741700694652055, "c.a._108_2015.pdf": 20.225102083956166, "C.P._45_2015.pdf": 6.741700694652055}}