{"jaaro": {"c.a._675_2019.pdf": 7.840312983320164}, "jaamia": {"c.p._2693_2018.pdf": 7.840312983320164}, "jaal": {"j.p._154_2016.pdf": 7.840312983320164}, "jaan": {"c.p._4963_2018.pdf": 70.56281684988147}}