{"jajji": {"crl.a._251_2020.pdf": 21.441497408280654, "Crl.A._107_L_2017.pdf": 14.294331605520437}, "jajj": {"Crl.M.A_183_2019.pdf": 15.680625966640328}, "jajwali": {"s.m.c._01_2020_04052020.pdf": 7.840312983320164}}