{"japan": {"JR_Judgment_on_Legal_Framework_Order_2002.pdf": 4.795790545596741, "Const.P._29_2016.pdf": 4.795790545596741, "crl.a._95_2019.pdf": 4.795790545596741, "HRC7734-G_1003-GOF2009[UrduTranslation].pdf": 4.795790545596741, "C.P.796of2007-dt-10-5-2013.pdf": 4.795790545596741, "C.A._137-K_1976.pdf": 23.978952727983707, "HRC7734-G_1003-GOF2009[AllegedCorruptionInRentalPowerPlants].pdf": 4.795790545596741, "s.m.c._1_2020.pdf": 4.795790545596741, "const.p._24_2017.pdf": 9.591581091193483, "HRC-4668of2006.pdf": 4.795790545596741, "C.A._1171_2017.pdf": 9.591581091193483, "c.a._2016_2022.pdf": 4.795790545596741, "S.M.C._3_2018.pdf": 4.795790545596741, "c.a._1089_2015.pdf": 4.795790545596741, "SMCNo25of2009.pdf": 4.795790545596741, "Crl.P._1099_2016.pdf": 4.795790545596741, "c.p._1369_l_2019.pdf": 4.795790545596741, "C.P._2982_2016.pdf": 9.591581091193483, "c.r.p._432_k_2022.pdf": 4.795790545596741, "CMA3258of2013inCP65of09DetailOrder.pdf": 9.591581091193483, "Const.P.5and15-HRC14144-DetailedReasons.pdf": 4.795790545596741}, "japanese": {"Const.P._29_2016.pdf": 6.230875070886063, "crl.a._599_2020_26032021.pdf": 12.461750141772127, "crl.a._95_2019.pdf": 12.461750141772127, "c.a._722_2012.pdf": 6.230875070886063, "Const.P.5and15-HRC14144-DetailedReasons.pdf": 6.230875070886063}, "japanwala": {"c.a._1095_2018_13092019.pdf": 7.1471658027602185, "C.A._1095_2018.pdf": 7.1471658027602185}, "jappa": {"CJD_Section 2-A_Case_as_on_26_06_2006.pdf": 7.840312983320164}}