{"jaranwala": {"Crl.O.P._09_2018.pdf": 41.26081983985395, "Const.P_6of2011.pdf": 11.788805668529701, "I.C.A._7_2018.pdf": 5.8944028342648505, "c.p._1517_2022.pdf": 11.788805668529701, "j.p._943_2017.pdf": 11.788805668529701, "c.p._2447_l_2022.pdf": 5.8944028342648505, "JR_Fecto_Belarus_Tractor_Limited_Case.pdf": 5.8944028342648505}, "jarf": {"C.R.P._49_2016.pdf": 7.840312983320164}, "jarar": {"Const.P_6of2011.pdf": 6.741700694652055, "Crl.A._39_L_2015_Urdu.pdf": 6.741700694652055, "crl.p._166_l_2020.pdf": 6.741700694652055}, "jar": {"c.a._240_p_2014.pdf": 5.8944028342648505, "Const.P.12of2010.pdf": 5.8944028342648505, "C.A._1256_2008.pdf": 29.472014171324254, "crl.a._95_2019.pdf": 5.8944028342648505, "c.p._2836_2020.pdf": 47.155222674118804, "c.p._287_2019.pdf": 5.8944028342648505, "c.a._179_2016.pdf": 17.68320850279455}, "jarr": {"crl.p._490_2019.pdf": 7.840312983320164}, "jarb": {"c.p._1289_2020.pdf": 7.1471658027602185, "c.a._1269_2013.pdf": 7.1471658027602185}, "jara": {"c.a._108_2015.pdf": 7.840312983320164}, "jarral": {"c.p._3598_2020.pdf": 7.1471658027602185, "c.a._10_2021.pdf": 7.1471658027602185}, "jarejo": {"hrc_17082013.pdf": 7.840312983320164}, "jarranwala": {"crl.a._291_2020.pdf": 7.840312983320164}, "jarnally": {"c.a._1772_2008.pdf": 7.840312983320164}, "jarh": {"crl.p._1329_2023.pdf": 7.840312983320164}, "jaras": {"c.a._1547_2019.pdf": 15.680625966640328}, "jarki": {"c.a._2797_2022.pdf": 7.840312983320164}}