{"jashat": {"SMC5of2012[UrduVersion]dt16-6-2012.pdf": 7.840312983320164}, "jassim": {"C.R.P._297_2017_Reserved.pdf": 6.741700694652055, "Const.P._29_2016_28072016.pdf": 6.741700694652055, "Const.P._29_2016.pdf": 269.6680277860822}, "jas": {"C.R.P._49_2016.pdf": 7.1471658027602185, "Const.P.12of2010.pdf": 7.1471658027602185}, "jaskani": {"Const.P._134_2012.pdf": 7.1471658027602185, "Const.P._134_2012_21012019.pdf": 7.1471658027602185}, "jasim": {"Const.P._29_2016.pdf": 7.840312983320164}, "jasoo": {"C.R.P._125_2014.pdf": 14.294331605520437, "C.R.P.193of2013.pdf": 14.294331605520437}, "jaspal": {"c.p._2243_l_2019.pdf": 7.1471658027602185, "Const.P.30of2013.pdf": 14.294331605520437}, "jaswant": {"C.A._493_2011.pdf": 6.454018622200273, "const.p.9_2014_detail_reasons.pdf": 6.454018622200273, "c.p._448_p_2017.pdf": 6.454018622200273, "C.M.A._3986_2017.pdf": 12.908037244400546}, "jaseem": {"c.a._1172_2020.pdf": 23.52093894996049}, "jasmin": {"c.a._1113_2017.pdf": 7.840312983320164}, "jassica": {"c.a._722_2012.pdf": 7.840312983320164}, "jaswinder": {"C.A._510_2012.pdf": 7.840312983320164}}