{"jat": {"ConstitutionPetitionNo5of2012[UrduTranslation].pdf": 5.007099639263948, "Order-DNC-nd-note.pdf": 5.007099639263948, "NRO_Judgment.pdf": 15.021298917791842, "Const.P.12of2010.pdf": 5.007099639263948, "smc_1_2014.pdf": 5.007099639263948, "const.p._17_2019_19062020.pdf": 5.007099639263948, "C.A._1132_2007.pdf": 5.007099639263948, "Const.P.5of2012dt.25.5.2012.pdf": 5.007099639263948, "crl.p._1371_2016.pdf": 5.007099639263948, "const.p.37_2012_final.pdf": 5.007099639263948, "const.p._17_2019_detailed_reasoning.pdf": 10.014199278527895, "Crl.M.A._200_2019.pdf": 5.007099639263948, "SMC_24_2010_DT_01_03.pdf": 5.007099639263948, "Const.P.50-69of2011.pdf": 5.007099639263948, "c.p._4029_2019.pdf": 5.007099639263948, "ConstP.No.53of2007andConst.P.83of2012.pdf": 5.007099639263948, "ConstP5of2012_dt_20092012.pdf": 5.007099639263948}, "jatoi": {"C.R.P._49_2016.pdf": 22.576653236486667, "Const.P._134_2012.pdf": 3.7627755394144446, "crl.a._400_2019.pdf": 67.72995970946, "Const.P_6of2011.pdf": 3.7627755394144446, "S.M.C.16of2011dt.4.4.2013.pdf": 3.7627755394144446, "C.R.P._125_2014.pdf": 22.576653236486667, "C.A._233_2015.pdf": 7.525551078828889, "H.R.C.19of1996[AsgharKhanCase]DetailedReasonsUrduTranslation.pdf": 26.339428775901112, "SMC16of2011_detailed_judgment.pdf": 26.339428775901112, "CP778-779.pdf": 3.7627755394144446, "H.R.C.19of1996[AsgharKhanCase]DetailedReasons.pdf": 26.339428775901112, "Crl.O.P.89of2011.pdf": 7.525551078828889, "Crl.P.163_to_171_S.M.C.5_2005.pdf": 22.576653236486667, "const.p._9_2010_27122021.pdf": 7.525551078828889, "s.m.c._1_2020.pdf": 3.7627755394144446, "c.p._no.3846-2019.pdf": 22.576653236486667, "c.p._95_2023_15082023.pdf": 7.525551078828889, "Crl.A._1-K_2018.pdf": 15.051102157657779, "crl.r.p._15_2011.pdf": 7.525551078828889, "c.p._3472_2023.pdf": 7.525551078828889, "C.A._448_2014_DJ.pdf": 3.7627755394144446, "c.p._903_2023.pdf": 3.7627755394144446, "cp784of2013.pdf": 3.7627755394144446, "const.p._9_2010.pdf": 7.525551078828889, "const.p._21_2022_29082023.pdf": 7.525551078828889, "c.a._909_2020.pdf": 3.7627755394144446, "C.R.P.193of2013.pdf": 22.576653236486667, "C.A._301_2014.pdf": 3.7627755394144446, "c.a._982_2018_19022024.pdf": 3.7627755394144446, "const.p._17_2019_detailed_reasoning.pdf": 3.7627755394144446, "C.P._160-K_2016.pdf": 3.7627755394144446, "Const.P.No.1_2013_order_dated_10.01.2013.pdf": 11.288326618243333, "SMC16of2011-dt.5.4.2013.pdf": 3.7627755394144446, "cas_727-730_777_778_2014_etc.pdf": 30.102204315315557, "C.A._1611_2014.pdf": 3.7627755394144446, "reference_1_2020.pdf": 3.7627755394144446, "c.a._982_2018_19022024_2.pdf": 3.7627755394144446, "smc.16of2011.pdf": 3.7627755394144446, "smc_16_23.06.2014.pdf": 3.7627755394144446, "c.a._1498_2018.pdf": 3.7627755394144446, "const.p._9_2010_28122021.pdf": 7.525551078828889, "H.R.C._39216_G_2018.pdf": 3.7627755394144446, "const.p._17_2020_dissenting_note_hj4.pdf": 3.7627755394144446, "JR_Varan_Case.pdf": 3.7627755394144446, "C.P._529_2015.pdf": 52.678857551802224, "SMC16-2011_ord_dt_30-8-13.pdf": 3.7627755394144446, "Const.P._134_2012_21012019.pdf": 3.7627755394144446, "s.m.c._1_2020_25062020.pdf": 3.7627755394144446, "c.a._1167_2020.pdf": 18.813877697072222, "smc_1_2014_dt_27.02.2014.pdf": 3.7627755394144446, "reference._1_2020.pdf": 3.7627755394144446, "c.p._78_q_2016.pdf": 3.7627755394144446, "H.R.C.39216_G_2018.pdf": 3.7627755394144446, "H.R.C._10842_P_2018.pdf": 3.7627755394144446, "j.p._190_2017.pdf": 7.525551078828889, "C.A._622 _2008.pdf": 7.525551078828889, "crl.p._1290_2021.pdf": 3.7627755394144446, "c.m.a._6762_2020.pdf": 3.7627755394144446, "C.A._85_K_2015.pdf": 3.7627755394144446}, "jattan": {"Const.P._134_2012.pdf": 6.741700694652055, "Const.P._134_2012_21012019.pdf": 6.741700694652055, "c.p._3718_2023.pdf": 13.48340138930411}, "jatak": {"CONST.P.77OF2010-DT-05.04.12[URDU].pdf": 7.1471658027602185, "Const.PetitionNo.77of2010_12.10.2012.pdf": 7.1471658027602185}, "jatt": {"URDU_CONST.P.05-2012-20.09.12.pdf": 6.230875070886063, "C.A._233_2015.pdf": 6.230875070886063, "c.a._982_2018_19022024.pdf": 6.230875070886063, "cas_727-730_777_778_2014_etc.pdf": 6.230875070886063, "c.a._982_2018_08_jan_2024.pdf": 6.230875070886063}, "jatiel": {"CMA_1145-K_2013_in_SMC_16-2011_08-03-2013.pdf": 7.840312983320164}, "jati": {"Const.P._29_2016.pdf": 6.741700694652055, "Const.P.NO.62OF2010_orderdt06062011.pdf": 6.741700694652055, "const.p._10_2019.pdf": 6.741700694652055}, "jatska": {"c.a._108_2015.pdf": 7.840312983320164}, "jattak": {"Const.P.77of2010-DT-05-04-2012.pdf": 7.840312983320164}, "jatto": {"crl.p._1371_2016.pdf": 7.840312983320164}, "jatatar": {"const.p.37_2012_final.pdf": 7.840312983320164}, "jatkol": {"const.p.37_2012_final.pdf": 15.680625966640328}, "jathol": {"crl.a._475_2019.pdf": 7.840312983320164}, "jathiyah": {"c.a._329_2022.pdf": 7.840312983320164}, "jatjoo": {"cp_25-q__399_2014.pdf": 7.840312983320164}, "jatinder": {"C.A._510_2012.pdf": 7.840312983320164}}