{"jdw": {"Const.P._36_2016_dt_15_12_2017.pdf": 193.6205586660082, "C.A._1242_2013.pdf": 19.36205586660082, "c.p._349_l_2017.pdf": 6.454018622200273, "C.A._1049_2011.pdf": 6.454018622200273}}