{"je": {"C.A._654_2010.pdf": 7.1471658027602185, "c.a._513_2014.pdf": 7.1471658027602185}}