{"jealously": {"ConstitutionPetitionNo21OF2007.pdf": 4.895874004153724, "c.p._3637_2019.pdf": 4.895874004153724, "c.a._1520_2016.pdf": 4.895874004153724, "Const.P.12of2010.pdf": 4.895874004153724, "c.p._2243_l_2019.pdf": 4.895874004153724, "H.R.C.19of1996[AsgharKhanCase]DetailedReasons.pdf": 4.895874004153724, "c.p._3506_2020.pdf": 4.895874004153724, "c.r.p._296_2020_29012022.pdf": 4.895874004153724, "Crl.P._105_2017.pdf": 4.895874004153724, "const.p.9_2014_detail_reasons.pdf": 4.895874004153724, "CONST.P.9OF2009.pdf": 4.895874004153724, "const.p._17_2019_detailed_reasoning.pdf": 9.791748008307447, "C.A.800Lof2013etc.pdf": 4.895874004153724, "c.a._1476_2018.pdf": 4.895874004153724, "c.r.p._296_2020_hj10.pdf": 4.895874004153724, "CMA2745of2009etc.pdf": 4.895874004153724, "SMC24-2010.pdf": 4.895874004153724, "ICA3,4,6TO11of2011dt2011.04.pdf": 4.895874004153724, "C.P._3912_2016.pdf": 4.895874004153724}, "jealousy": {"NRO_Judgment.pdf": 7.1471658027602185, "C.A.876-879of2005.pdf": 7.1471658027602185}, "jean": {"Const.P.12of2010.pdf": 7.1471658027602185, "Const.P.12of2010Urdu.pdf": 14.294331605520437}, "jea": {"smc.24_2010.pdf": 7.840312983320164}, "jead": {"j.p._516_2018.pdf": 7.1471658027602185, "j.p._516_2018_detailed.pdf": 7.1471658027602185}, "jeanding": {"Crl.M.A.No.486of2010-dt-26-6-2013.pdf": 23.52093894996049}, "jeandin": {"Crl.M.A.No.486of2010-dt-26-6-2013.pdf": 7.840312983320164}, "jeacoke": {"c.a._329_2022.pdf": 7.840312983320164}}