{"jebel": {"C.R.P._297_2017_Reserved.pdf": 6.454018622200273, "Const.P._29_2016_28072016.pdf": 19.36205586660082, "c.a._188_2019.pdf": 6.454018622200273, "Const.P._35_2016_dt_15_12_2017.pdf": 19.36205586660082}}