{"ject": {"c.p._1084_2011.pdf": 7.840312983320164}, "jeckson": {"const.p._48_2019.pdf": 7.840312983320164}}