{"jeddah": {"C.R.P._297_2017_Reserved.pdf": 10.710812667064328, "Const.P._29_2016_28072016.pdf": 10.710812667064328, "Const.P._29_2016.pdf": 599.8055093556023, "S.M.C.24of2010[urdu-version].pdf": 16.06621900059649, "c.p._1665_2020.pdf": 5.355406333532164, "smc.24_2010.pdf": 5.355406333532164, "C.A._26_2009.pdf": 5.355406333532164, "C.A._6_2016.pdf": 16.06621900059649, "c.p._414_2021.pdf": 5.355406333532164, "SMC24-2010.pdf": 10.710812667064328, "Const.P._35_2016_dt_15_12_2017.pdf": 5.355406333532164, "Const.P.5and15-HRC14144-DetailedReasons.pdf": 5.355406333532164}, "jed": {"cng_prices_order_21-12-12-alongwith_translation.pdf": 12.461750141772127, "H.R.C._14158-G_2016_[19082016].pdf": 6.230875070886063, "c.a._1113_2017.pdf": 24.923500283544254, "c.p._797_2021.pdf": 6.230875070886063, "H.R.C._14158-G_2016.pdf": 6.230875070886063}}