{"jeet": {"Const.P.127of2012.pdf": 7.840312983320164}, "jeem": {"c.a._1257_2013.pdf": 42.88299481656131, "CJD_Reference by_the_President_of_Pakistan_under_Article_186.pdf": 21.441497408280654}, "jeevani": {"SMC15OF2009.pdf": 7.840312983320164}, "jeevanraju": {"Const.P.40of2012-DetailJudgment[UrduTranslation]-dt-3.7.2012.pdf": 7.1471658027602185, "Const.P.40of2012-DetailJudgment-dt-3.7.2012.pdf": 7.1471658027602185}, "jee": {"Const.P._29_2016.pdf": 6.230875070886063, "C.A.1074_2009_dt_13-2-2017.pdf": 6.230875070886063, "Crl.A._8_P_2017.pdf": 12.461750141772127, "c.p._3413_2017.pdf": 6.230875070886063, "Crl.A._218_2015.pdf": 6.230875070886063}, "jeevan": {"Const.P._29_2016.pdf": 7.840312983320164}, "jeep": {"smc.11_2011.pdf": 5.760871441640328, "c.p._593_2020.pdf": 11.521742883280655, "Crl.A.13-14-15and16of2004and53of2011.pdf": 34.56522864984197, "c.p._3855_2019.pdf": 5.760871441640328, "J.P.No.56of2005.pdf": 34.56522864984197, "const.p.6_2011_final.pdf": 5.760871441640328, "Crl.A._218_2015.pdf": 11.521742883280655, "crl.a._66_l_2020.pdf": 51.84784297476295}, "jeeand": {"smc_1_2014.pdf": 15.680625966640328}, "jeean": {"smc_1_2014.pdf": 15.680625966640328}, "jeebo": {"c.p._329_k_2022.pdf": 7.840312983320164}, "jeera": {"c.a._1772_2008.pdf": 7.840312983320164}, "jeelani": {"crl.p._371_2020l.pdf": 7.840312983320164}, "jeeva": {"smc.9_2011.pdf": 7.840312983320164}, "jeela": {"crl.a._145_l_2017.pdf": 7.840312983320164}}