{"jefferson": {"Const.P.12of2010.pdf": 64.54018622200273, "JR_Detailed_Judgment_in_Graduation_Qualification_Case.pdf": 6.454018622200273, "const.p._2_2022_14102022.pdf": 6.454018622200273, "c.p._448_p_2017.pdf": 6.454018622200273}, "jeffersonian": {"Const.P.12of2010.pdf": 7.840312983320164}, "jeffrey": {"Const.P._29_2016.pdf": 7.1471658027602185, "const.p._17_2020_dissenting_note_hj11.pdf": 7.1471658027602185}}