{"jeju": {"Crl.A._275_2011.pdf": 15.680625966640328}, "jej": {"c.a._1010_2020.pdf": 7.840312983320164}, "jejl": {"c.a._24_k_2019.pdf": 7.840312983320164}}