{"jekyll": {"crp.328-329_2013.pdf": 7.1471658027602185, "C.A._118_2016.pdf": 7.1471658027602185}}