{"jellani": {"C.M.A.64of2013dt-12-3-2013.pdf": 6.454018622200273, "Const.P.87of2011.pdf": 6.454018622200273, "reference_1_2020.pdf": 6.454018622200273, "const.p._5_2023_detailed_reasons.pdf": 6.454018622200273}, "jelly": {"C.P._2066_2013.pdf": 7.1471658027602185, "c.a._57_k_2018.pdf": 14.294331605520437}, "jell": {"C.A.876-879of2005.pdf": 7.840312983320164}}