{"jens": {"NRO_Judgment.pdf": 13.48340138930411, "crp.328-329_2013.pdf": 6.741700694652055, "Crl.O.P.6of2012.pdf": 20.225102083956166}, "jenning": {"Const.P._29_2016.pdf": 12.461750141772127, "Const.P.30of2013.pdf": 6.230875070886063, "H.R.C.19of1996[AsgharKhanCase]DetailedReasonsUrduTranslation.pdf": 6.230875070886063, "H.R.C.19of1996[AsgharKhanCase]DetailedReasons.pdf": 6.230875070886063, "const.p.9_2014_detail_reasons.pdf": 6.230875070886063}, "jenkins": {"Const.P._29_2016.pdf": 7.1471658027602185, "C.P._4876_2018.pdf": 21.441497408280654}, "jenco": {"HRC7734-G_1003-GOF2009[UrduTranslation].pdf": 7.840312983320164}, "jenny": {"smc_1_2014.pdf": 15.680625966640328}, "jena": {"C.P._4876_2018.pdf": 47.04187789992098}, "jennastron": {"c.a._324_2020.pdf": 7.840312983320164}}