{"jersey": {"NRO_Judgment.pdf": 10.264525564435909, "crl.a._241_2020.pdf": 5.132262782217954, "Const.P._29_2016.pdf": 30.793576693307728, "Const.P._36_2016_dt_15_12_2017.pdf": 71.85167895105135, "H.R.C.19of1996[AsgharKhanCase]DetailedReasonsUrduTranslation.pdf": 5.132262782217954, "H.R.C.19of1996[AsgharKhanCase]DetailedReasons.pdf": 5.132262782217954, "CJD_Reference by_the_President_of_Pakistan_under_Article_186.pdf": 5.132262782217954, "Crl.M.A_693_2018.pdf": 5.132262782217954, "const.p._6_2023_07032024.pdf": 5.132262782217954, "crl.a_01_l_2015.pdf": 5.132262782217954, "c.p._3767_2023.pdf": 20.529051128871817, "const.p._17_2019_detailed_reasoning.pdf": 5.132262782217954, "crl.r.p._5_2020.pdf": 5.132262782217954, "c.p._448_p_2017.pdf": 5.132262782217954, "Const.P._35_2016_dt_15_12_2017.pdf": 51.32262782217954}, "jeremy": {"NRO_Judgment.pdf": 7.1471658027602185, "const.p._6_2023_dt_05_01_2023.pdf": 14.294331605520437}, "jerusalem": {"smc_1_2014.pdf": 15.680625966640328}, "jerold": {"c.p._3347_2021.pdf": 7.840312983320164}, "jernaili": {"j.p._154_2016.pdf": 7.840312983320164}, "jernelsingh": {"J.P.No.56of2005.pdf": 7.840312983320164}}