{"jesus": {"c.a._1476_2018_urdu.pdf": 6.230875070886063, "Crl.A._39_L_2015.pdf": 12.461750141772127, "smc_1_2014.pdf": 12.461750141772127, "Const.P.77-78-79 [Memogate]DetailedOrder.pdf": 6.230875070886063, "Crl.A._39_L_2015_Urdu.pdf": 18.69262521265819}, "jessam": {"c.a._1095_2018_13092019.pdf": 7.1471658027602185, "C.A._1095_2018.pdf": 7.1471658027602185}, "jessel": {"c.a._1003_2019.pdf": 7.1471658027602185, "C.A.876-879of2005.pdf": 7.1471658027602185}, "jesrajah": {"C.A._622 _2008.pdf": 7.840312983320164}}