{"jews": {"c.a._1476_2018_urdu.pdf": 5.537727890326118, "Crl.A._39_L_2015.pdf": 5.537727890326118, "NRO_Judgment.pdf": 5.537727890326118, "H.R.C.19of1996[AsgharKhanCase]DetailedReasonsUrduTranslation.pdf": 5.537727890326118, "SMC16of2011_detailed_judgment.pdf": 5.537727890326118, "crl.a._95_2019.pdf": 5.537727890326118, "H.R.C.19of1996[AsgharKhanCase]DetailedReasons.pdf": 5.537727890326118, "smc_1_2014.pdf": 11.075455780652236, "Const.P.77-78-79 [Memogate]DetailedOrder.pdf": 5.537727890326118, "Crl.A._39_L_2015_Urdu.pdf": 5.537727890326118}, "jewelry": {"c.p._1331_l_2017.pdf": 6.230875070886063, "c.p._154_2019.pdf": 6.230875070886063, "Crl.A._301_L_2017.pdf": 6.230875070886063, "C.P._3912_2016.pdf": 6.230875070886063, "c.a._2797_2022.pdf": 6.230875070886063}, "jewellery": {"C.A._634_L_2012.pdf": 5.760871441640328, "Const.P._29_2016.pdf": 11.521742883280655, "j.p._147_2016.pdf": 40.326100091482296, "j.p._403_2018.pdf": 5.760871441640328, "crl.p._910_2022 .pdf": 11.521742883280655, "const.p._17_2020_dissenting_note_hj4.pdf": 5.760871441640328, "c.a._354_2020.pdf": 17.282614324920985, "ConstitutionPetitionNo39of2009.pdf": 5.760871441640328}, "jewellary": {"C.A._634_L_2012.pdf": 15.680625966640328}, "jewel": {"Const.P.12of2010.pdf": 6.741700694652055, "C.A._104-L_2015.pdf": 33.70850347326027, "c.p._2045_2019.pdf": 6.741700694652055}, "jewish": {"crl.a._599_2020_26032021.pdf": 6.230875070886063, "Crl.O.P._154_2017.pdf": 6.230875070886063, "SMC16of2011_detailed_judgment.pdf": 6.230875070886063, "crl.a._95_2019.pdf": 24.923500283544254, "smc_1_2014.pdf": 6.230875070886063}, "jew": {"smc.24_2010.pdf": 7.1471658027602185, "c.p._323_l_2014.pdf": 7.1471658027602185}, "jewan": {"c.a._315_2022.pdf": 7.1471658027602185, "crl.p._499_2019.pdf": 7.1471658027602185}, "jeweler": {"C.A.876-879of2005.pdf": 7.1471658027602185, "C.A._1049_2011.pdf": 7.1471658027602185}, "jewanlal": {"C.A._622 _2008.pdf": 7.840312983320164}}