{"jhelum": {"Order-DNC-nd-note.pdf": 4.313952458704002, "crl.s.m.r.p._84_2018.pdf": 17.25580983481601, "C.A._634_L_2012.pdf": 8.627904917408005, "Const.P._29_2016.pdf": 12.941857376112008, "Const.P.46of2013-dt-27-12-2013.pdf": 8.627904917408005, "j.p._14_2016.pdf": 4.313952458704002, "i.c.a._1_2024_dn_20032024.pdf": 4.313952458704002, "c.a._130_2021.pdf": 8.627904917408005, "C.A._417-L_2009.pdf": 21.56976229352001, "c.a._401_2015.pdf": 51.76742950444803, "c.a._307_2017.pdf": 4.313952458704002, "c.p._1290_l_2019.pdf": 4.313952458704002, "C.A._2564_2001.pdf": 4.313952458704002, "const.p.37_2012_final.pdf": 12.941857376112008, "S.M.C._03_2017.pdf": 21.56976229352001, "C.P._3551_2015.pdf": 4.313952458704002, "crl.a._398_2020.pdf": 8.627904917408005, "C.A._158_2006.pdf": 21.56976229352001, "crl.a._597_2018_dt_25_01_2024.pdf": 4.313952458704002, "c.p._469_l_2023.pdf": 4.313952458704002, "c.p._5796_2021.pdf": 8.627904917408005, "C.A._204-L_2015.pdf": 4.313952458704002, "c.a._2121_2017.pdf": 4.313952458704002, "c.a._2186_2017.pdf": 4.313952458704002, "Crl.A._324_2011.pdf": 4.313952458704002, "ConstP.No.53of2007andConst.P.83of2012.pdf": 4.313952458704002, "C.A.876-879of2005.pdf": 4.313952458704002, "H.R.C._17599_2018.pdf": 8.627904917408005, "c.p._1285_2020.pdf": 8.627904917408005, "crl.a._66_l_2020.pdf": 4.313952458704002, "c.p._2447_l_2022.pdf": 4.313952458704002, "CMA3258of2013inCP65of09DetailOrder.pdf": 4.313952458704002, "c.p._4700_2021.pdf": 4.313952458704002, "crl.p._950_2021.pdf": 4.313952458704002}, "jhe": {"c.a._240_p_2014.pdf": 7.840312983320164}, "jheel": {"const.p._9_2010_27122021.pdf": 7.1471658027602185, "c.p._1278_k_2023.pdf": 7.1471658027602185}}