{"jhil": {"c.a._2150_2019.pdf": 7.840312983320164}, "jhinjhin": {"c.a._1219_2015.pdf": 7.840312983320164}}