{"jho": {"CP778-779.pdf": 7.840312983320164}, "jhok": {"C.A._1219_2014.pdf": 7.1471658027602185, "C.M.A._6250_2018.PDF": 7.1471658027602185}, "jhoja": {"c.m.a._3932_2023.pdf": 7.840312983320164}, "jhonson": {"C.A.876-879of2005.pdf": 7.840312983320164}}