{"jianle": {"c.a._329_2022.pdf": 7.840312983320164}, "jiand": {"c.a._1191_2016.pdf": 7.840312983320164}}