{"jibendra": {"c.r.p._292_2021_sacked_employees.pdf": 5.442417710521793, "NRO_Judgment.pdf": 10.884835421043586, "Const.P.77of2012[DetailedOrderFinal].pdf": 5.442417710521793, "SMC16of2011_detailed_judgment.pdf": 10.884835421043586, "CJD_Reference by_the_President_of_Pakistan_under_Article_186.pdf": 10.884835421043586, "const.p._2_2022_14102022.pdf": 5.442417710521793, "Crl.A.140of2005.pdf": 5.442417710521793, "c.a._1095_2018_13092019.pdf": 5.442417710521793, "c.p._648_l_2021_detailed.pdf": 5.442417710521793, "CMA2745of2009etc.pdf": 5.442417710521793, "Crl.P.No.426of2009&Crl.A.No.pdf": 5.442417710521793}, "jibran": {"const.p._9_2010_27122021.pdf": 11.28617681196789, "crl.p._104_p_2023.pdf": 11.28617681196789, "const.p._17_2019_19062020.pdf": 11.28617681196789, "Crl.A._1-K_2018.pdf": 5.643088405983945, "const.p._9_2010.pdf": 11.28617681196789, "const.p._17_2019_detailed_reasoning.pdf": 11.28617681196789, "C.A._467_2015.pdf": 5.643088405983945, "const.p._9_2010_28122021.pdf": 11.28617681196789, "c.p._1165_2021.pdf": 5.643088405983945}}