{"jip": {"Const.P.87of2011[UrduVersion].pdf": 35.735829013801094, "Const.P.87of2011.pdf": 71.47165802760219}}