{"jirgas": {"crl.p._632_2021.pdf": 6.230875070886063, "C.P._809_P_2018.pdf": 6.230875070886063, "Const.P._24_2012.pdf": 68.5396257797467, "hrc_17082013.pdf": 6.230875070886063, "c.p._4657_2022.pdf": 6.230875070886063}, "jirga": {"crl.p._632_2021.pdf": 5.201255653704905, "Const.P.77-78-79 [Memogate]DetailedOrder.pdf": 5.201255653704905, "Crl.A._39_L_2015_Urdu.pdf": 46.811300883344146, "c.a._960_2017.pdf": 15.603766961114715, "crl.r.p._15_2011.pdf": 5.201255653704905, "C.P._809_P_2018.pdf": 31.20753392222943, "Const.P._24_2012.pdf": 31.20753392222943, "c.a._383_2013.pdf": 5.201255653704905, "c.p._4635_2018.pdf": 10.40251130740981, "c.a._317_2022.pdf": 10.40251130740981, "c.p._4657_2022.pdf": 15.603766961114715, "ConstP.No.53of2007andConst.P.83of2012.pdf": 5.201255653704905, "j.p._355_2018.pdf": 5.201255653704905, "C.A._1023_2016.pdf": 5.201255653704905}, "jirgah": {"c.p._1517_2022.pdf": 28.588663211040874, "c.a._438_2021.pdf": 42.88299481656131}}