{"jisvant": {"Const.P_6of2011.pdf": 7.840312983320164}, "jist": {"crl.a._599_2020_26032021.pdf": 7.840312983320164}, "jiskani": {"Crl.O.P.89of2011.pdf": 7.840312983320164}}