{"jit": {"C.R.P._297_2017_Reserved.pdf": 103.5060128826023, "S.M.C._28_2018.pdf": 4.704818767391014, "Const.P._29_2016_28072016.pdf": 183.48793192824957, "SMC15OF2009.pdf": 56.45782520869217, "S.M.C.16of2011dt.4.4.2013.pdf": 18.819275069564057, "Const.P._29_2016.pdf": 150.55420055651246, "Const.PetitionNo.77of2010_12.10.2012.pdf": 4.704818767391014, "Crl.O.P._154_2017.pdf": 28.228912604346085, "SMC16of2011_detailed_judgment.pdf": 47.04818767391014, "C.R.P.167of2012-dt-30-8-2012.pdf": 70.57228151086521, "C.A._467_2015.pdf": 9.409637534782028, "s.m.c._3_2022_13022023.pdf": 4.704818767391014, "CRP167of2012dt31-7-12.pdf": 4.704818767391014, "s.m.c._4_2021_11032024.pdf": 4.704818767391014, "c.m.a._7084_2020.pdf": 9.409637534782028, "H.R.C._39216_G_2018.pdf": 291.6987635782429, "C.M.A._2939_2017.pdf": 98.8011941152113, "Const.P._35_2016_dt_15_12_2017.pdf": 28.228912604346085, "c.p._3747_2023.pdf": 23.52409383695507, "Crl.A._218_2015.pdf": 14.114456302173043, "H.R.C.39216_G_2018.pdf": 98.8011941152113, "C.A._118_2016.pdf": 4.704818767391014, "C.M.A._3986_2017.pdf": 32.933731371737096}, "jitendra": {"crl.a._95_2019.pdf": 20.225102083956166, "C.A._394_2014.pdf": 6.741700694652055, "crl.a._48_2021.pdf": 6.741700694652055}, "jitter": {"crl.a._95_2019.pdf": 7.840312983320164}}