{"jivani": {"SMC15OF2009.pdf": 7.840312983320164}, "jivraj": {"Const.P._36_2016_dt_15_12_2017.pdf": 7.1471658027602185, "C.A._539_2003.pdf": 14.294331605520437}, "jivaji": {"crl.p._46_p_2016.pdf": 7.840312983320164}, "jivarajbhai": {"C.A._539_2003.pdf": 7.840312983320164}}