{"jiwan": {"CP778-779.pdf": 7.1471658027602185, "C.A._794_2006.pdf": 14.294331605520437}, "jiwa": {"H.R.C._69229_P_2018.pdf": 7.1471658027602185, "C.A._2148_2016_dt_4-4-2018.pdf": 7.1471658027602185}, "jiwani": {"C.A._833_2006.pdf": 7.840312983320164}, "jiwanram": {"C.A._622 _2008.pdf": 7.840312983320164}}