{"jiyajeerao": {"Const.P.77of2012[DetailedOrderFinal].pdf": 7.840312983320164}, "jiye": {"SMC16of2011_detailed_judgment.pdf": 7.840312983320164}}