{"jjvl": {"Const.P._2_2011.pdf": 40.45020416791233, "const.p.5_2011.pdf": 910.1295937780274, "C.A._700_2017.pdf": 6.741700694652055}}