{"jk": {"CPs.10-18of2011.pdf": 5.537727890326118, "Const.P.12of2010.pdf": 5.537727890326118, "Const.P._36_2016_dt_15_12_2017.pdf": 5.537727890326118, "smc.11_2011.pdf": 5.537727890326118, "C.P.796of2007-dt-10-5-2013.pdf": 5.537727890326118, "SMC.13-2009.pdf": 11.075455780652236, "c.p._1159_2019.pdf": 5.537727890326118, "CMA2745of2009etc.pdf": 5.537727890326118, "C.A.2234and2235of2005-dt-31-8-2013.pdf": 5.537727890326118, "SMCNo25of2009.pdf": 5.537727890326118}}