{"jljr": {"c.a._1113_2017_dissenting_note.pdf": 7.1471658027602185, "c.a._1113_2017.pdf": 7.1471658027602185}}