{"jo": {"Crl.P._927_2016.pdf": 5.760871441640328, "Const.P._29_2016.pdf": 5.760871441640328, "H.R.C.19of1996[AsgharKhanCase]DetailedReasonsUrduTranslation.pdf": 5.760871441640328, "crl.p._1667_2021.pdf": 5.760871441640328, "HRC7734-G_1003-GOF2009[UrduTranslation].pdf": 5.760871441640328, "Crl.O.P.89of2011.pdf": 5.760871441640328, "c.a._1400_2019.pdf": 11.521742883280655, "c.a._1005_2009.pdf": 5.760871441640328}}