{"jode": {"c.a._371_2020.pdf": 7.840312983320164}, "jodi": {"Crl.A._158_L_2017.pdf": 15.680625966640328}, "jodhpur": {"Crl.P.200of2009.pdf": 7.840312983320164}}