{"joji": {"crl.p._537_2021.pdf": 5.355406333532164, "crl.p._611_l_2023.pdf": 5.355406333532164, "crl.p._1619_2022.pdf": 5.355406333532164, "crl.p._150_l_2023.pdf": 5.355406333532164, "crl.p._1086_l_2022.pdf": 5.355406333532164, "crl.p._1212_l_2022.pdf": 5.355406333532164, "crl.p._352_l_2022.pdf": 5.355406333532164, "crl.p._90_k_2023.pdf": 5.355406333532164, "crl.p._1442_2022.pdf": 5.355406333532164, "crl.p._358_l_2022.pdf": 5.355406333532164, "crl.p._701_2023.pdf": 5.355406333532164, "crl.p._62_l_2023.pdf": 5.355406333532164}}