{"jordao": {"c.p._1290_l_2019.pdf": 7.840312983320164}, "jornot": {"Crl.M.A.No.486of2010-dt-26-6-2013.pdf": 7.840312983320164}, "jordan": {"S.M.C._3_2018.pdf": 7.840312983320164}, "joreji": {"C.M.A._376-K_2014.pdf": 7.840312983320164}, "joreign": {"Crl.A._582_2018.pdf": 7.840312983320164}}