{"joseph": {"c.a._1476_2018_urdu.pdf": 14.849823676271999, "Const.P.12of2010.pdf": 4.949941225423999, "crl.a._599_2020_26032021.pdf": 98.99882450847998, "C.A._233_2015.pdf": 4.949941225423999, "CJD_Reference by_the_President_of_Pakistan_under_Article_186.pdf": 4.949941225423999, "Const.P.No.10 of2013-Dt-25-3-2013.pdf": 29.699647352543998, "crl.p._1245_2020.pdf": 4.949941225423999, "crl.p._952_2021.pdf": 4.949941225423999, "c.a._1476_2018.pdf": 14.849823676271999, "c.a._1113_2017_dissenting_note.pdf": 9.899882450847999, "crl.a._120_2019.pdf": 4.949941225423999, "c.a._1113_2017.pdf": 9.899882450847999, "crl.p._371_2020l.pdf": 4.949941225423999, "SMCNo25of2009.pdf": 9.899882450847999, "Crl.O.P.6of2012.pdf": 4.949941225423999, "C.A.876-879of2005.pdf": 4.949941225423999, "c.a._722_2012.pdf": 4.949941225423999, "c.a._1547_2019.pdf": 4.949941225423999}, "jose": {"c.a._1476_2018_urdu.pdf": 6.230875070886063, "Const.P._29_2016.pdf": 6.230875070886063, "C.A._448_2014_DJ.pdf": 6.230875070886063, "C.R.P._94_2014.pdf": 18.69262521265819, "c.a._142_2019.pdf": 6.230875070886063}, "joshua": {"NRO_Judgment.pdf": 7.840312983320164}, "joster": {"cma_2774_2014_in_const.p.51_2010_dt_22.05.14.pdf": 7.840312983320164}, "joshi": {"Const.P.77of2012[DetailedOrderFinal].pdf": 6.230875070886063, "C.A._1406_2016.pdf": 6.230875070886063, "C.P._2093_2015.pdf": 6.230875070886063, "C.A._1086_2009.pdf": 6.230875070886063, "c.a._52_k_2022.pdf": 6.230875070886063}, "josh": {"S.M.C.16of2011dt-22-3-2013.pdf": 15.680625966640328}}