{"joyously": {"Const.P._50_2018.pdf": 7.840312983320164}, "joy": {"Const.P.12of2010.pdf": 5.643088405983945, "c.a._108_2015.pdf": 5.643088405983945, "Crl.A._39_L_2015_Urdu.pdf": 5.643088405983945, "const.p._9_2010_27122021.pdf": 5.643088405983945, "crl.s.a.07_2011.pdf": 5.643088405983945, "c.p._4296_2019.pdf": 11.28617681196789, "const.p._9_2010.pdf": 5.643088405983945, "const.p._9_2010_28122021.pdf": 5.643088405983945, "CJD_Constitution_Petition_No_36_of_2005.pdf": 11.28617681196789}, "joya": {"crl.p._916_l_2021.pdf": 6.741700694652055, "C.P._2814_2018.pdf": 6.741700694652055, "crl.a.19of2012.pdf": 6.741700694652055}, "joydeb": {"C.A._176_2015.pdf": 47.04187789992098}, "joyo": {"c.r.p._255_2021.pdf": 6.741700694652055, "C.A._1611_2014.pdf": 6.741700694652055, "c.p._1017_2021.pdf": 6.741700694652055}, "joyia": {"C.A._682_2008.pdf": 7.840312983320164}}