{"jp": {"j.p._587_2016.pdf": 5.007099639263948, "j.p._405_2021.pdf": 10.014199278527895, "crl.a._528_2019.pdf": 70.09939494969527, "C.P.796of2007-dt-10-5-2013.pdf": 5.007099639263948, "crl.p._1001_l_2017.pdf": 5.007099639263948, "j.p._557_2016.pdf": 15.021298917791842, "j.p._382_2017.pdf": 5.007099639263948, "j.p._255_2018.pdf": 10.014199278527895, "j.p._154_2016.pdf": 15.021298917791842, "J.P.No.56of2005.pdf": 10.014199278527895, "j.p._883_2017.pdf": 10.014199278527895, "j.p._201_2015.pdf": 5.007099639263948, "j.p._24_2016.pdf": 5.007099639263948, "Crl.A._218_2015.pdf": 20.02839855705579, "j.p._190_2017.pdf": 5.007099639263948, "crl.p._476_l_2018.pdf": 35.04969747484763, "Const.P.5and15-HRC14144-DetailedReasons.pdf": 5.007099639263948}}