{"jpmc": {"SMC16of2011_detailed_judgment.pdf": 12.908037244400546, "crl.p._105_k_2020.pdf": 6.454018622200273, "C.A._125_K_2016_JPMC_Dissenting_Note.pdf": 232.34467039920983, "c.a._125_k_2016.pdf": 38.72411173320164}, "jpmorgan": {"Const.P.5and15-HRC14144-DetailedReasons.pdf": 23.52093894996049}}