{"js": {"c.a._1496_2019.pdf": 4.582216445298682, "Const.P._29_2016.pdf": 4.582216445298682, "S.M.C.24of2010[urdu-version].pdf": 4.582216445298682, "SMC16of2011_detailed_judgment.pdf": 4.582216445298682, "smc.24_2010.pdf": 13.746649335896047, "c.p._1057_2019.pdf": 4.582216445298682, "c.p._1857_2022.pdf": 4.582216445298682, "c.p._167_p_2022.pdf": 4.582216445298682, "c.p._173_q_2023.pdf": 4.582216445298682, "C.A._1171_2017.pdf": 4.582216445298682, "C.P.41_66_2015.pdf": 4.582216445298682, "c.a._759_2020.pdf": 4.582216445298682, "Const.P.115-2012etc.pdf": 9.164432890597364, "C.A._467_2015.pdf": 4.582216445298682, "c.a._1476_2018.pdf": 4.582216445298682, "const.p.20_2013.pdf": 4.582216445298682, "c.a._1113_2017.pdf": 13.746649335896047, "SMC24-2010.pdf": 4.582216445298682, "c.p._167_p_2022_an.pdf": 4.582216445298682, "s.m.c._01_2020_18052020.pdf": 4.582216445298682, "c.p.1795_2022.pdf": 4.582216445298682, "C.M.A.5216OF2012.pdf": 4.582216445298682, "HR8340OF2010.pdf": 4.582216445298682, "S.M.C._7_2017_06022019.pdf": 4.582216445298682, "C.M.A._8215_2016.pdf": 4.582216445298682, "C.A._85_K_2015.pdf": 91.64432890597365}}