{"jsm": {"H.R.C.19of1996[AsgharKhanCase]DetailedReasonsUrduTranslation.pdf": 7.1471658027602185, "H.R.C.19of1996[AsgharKhanCase]DetailedReasons.pdf": 7.1471658027602185}, "jsmu": {"C.A._125_K_2016_JPMC_Dissenting_Note.pdf": 64.32449222484196, "c.a._125_k_2016.pdf": 7.1471658027602185}}