{"jt": {"CP778-779.pdf": 6.454018622200273, "c.p._1496_k_2021.pdf": 6.454018622200273, "c.p._349_l_2017.pdf": 12.908037244400546, "const.p._17_2020_dissenting_note_hj4.pdf": 6.454018622200273}}