{"jubilee": {"ConstitutionPetitionNo21OF2007.pdf": 15.603766961114715, "c.p._1809_2020.pdf": 5.201255653704905, "Const.P._97_2014.pdf": 5.201255653704905, "SMC16of2011_detailed_judgment.pdf": 5.201255653704905, "const.p._24_2023_an_10012024_r.pdf": 5.201255653704905, "HRC-4668of2006.pdf": 31.20753392222943, "SMC.13-2009.pdf": 10.40251130740981, "c.a._350_2020.pdf": 10.40251130740981, "const.p._24_2023_f.pdf": 5.201255653704905, "CJD_Constitution_Petition_No_36_of_2005.pdf": 98.8238574203932, "SMCNo25of2009.pdf": 10.40251130740981, "Crl.O.P.6of2012.pdf": 5.201255653704905, "C.A.83and84of2006.pdf": 5.201255653704905, "c.p._1965_2019.pdf": 10.40251130740981}, "jubilation": {"Const.P.12of2010.pdf": 15.680625966640328}, "jubalpur": {"C.P._842_2016.pdf": 7.840312983320164}}