{"juge": {"c.p._1193_2020.pdf": 7.840312983320164}, "juggernaut": {"Const.P.12of2010.pdf": 7.1471658027602185, "Const.P.12of2010Urdu.pdf": 7.1471658027602185}, "jug": {"Const.P.12of2010Urdu.pdf": 15.680625966640328}, "jughian": {"c.p._2243_l_2019.pdf": 7.840312983320164}, "jugglery": {"Const.P._36_2016_dt_15_12_2017.pdf": 7.840312983320164}, "jugnu": {"const.p._21_2022_15092023.pdf": 7.840312983320164}, "juggle": {"S.M.C._19_2016.pdf": 7.1471658027602185, "H.R.C._17599_2018.pdf": 7.1471658027602185}, "jugno": {"const.p._21_2022_29082023.pdf": 7.840312983320164}, "jugular": {"c.a._1476_2018.pdf": 7.840312983320164}, "jugnoo": {"c.r.p._420_2016.pdf": 6.741700694652055, "Const.P._134_2012_21012019.pdf": 6.741700694652055, "const.p._21_2022_18082023.pdf": 6.741700694652055}, "juggler": {"Crl.O.P.6of2012.pdf": 7.840312983320164}, "jugdment": {"C.R.P._412_2014.pdf": 7.840312983320164}}