{"jui": {"Const.P.87of2011[UrduVersion].pdf": 5.643088405983945, "const.p.6_2023.pdf": 5.643088405983945, "const.p._6_2023_08052023.pdf": 5.643088405983945, "crl.p._299_2020_07042020.pdf": 5.643088405983945, "C.A._508_2017.pdf": 11.28617681196789, "const.p._6_2023_13042023.pdf": 5.643088405983945, "s.m.c._1_2023_12062023.pdf": 11.28617681196789, "reference_1_2020.pdf": 5.643088405983945, "reference._1_2020.pdf": 5.643088405983945}, "juip": {"s.m.c._1_2023_01032023.pdf": 5.643088405983945, "const.p._9_2023_20042023.pdf": 5.643088405983945, "const.p.6_2023.pdf": 5.643088405983945, "const.p._2_2022_14102022.pdf": 5.643088405983945, "refernece_1_2022.pdf": 5.643088405983945, "const.p.20_2013.pdf": 5.643088405983945, "s.m.c._1_2023_12062023.pdf": 5.643088405983945, "const.p._6_2023_111023.pdf": 5.643088405983945, "crl.r.p._2_2024.pdf": 5.643088405983945}, "juice": {"crl.p._596_l_2022.pdf": 11.788805668529701, "crl.a._177_2022.pdf": 11.788805668529701, "crl.p._263_2023.pdf": 11.788805668529701, "crl.p._733_l_2018.pdf": 5.8944028342648505, "c.a._1113_2017.pdf": 5.8944028342648505, "CJD_Constitution_Petition_No_36_of_2005.pdf": 5.8944028342648505, "j.p._657_2016.pdf": 5.8944028342648505}, "juist": {"c.a._1029_2019.pdf": 7.840312983320164}}