{"jup": {"s.m.c._1_2022_detailed.pdf": 7.1471658027602185, "s.m.c._1_2022_07042022.pdf": 7.1471658027602185}}