{"jute": {"ConstitutionPetitionNo21OF2007.pdf": 5.442417710521793, "C.A._1084_2008.pdf": 21.769670842087173, "c.p._490_k_2020.pdf": 5.442417710521793, "c.a._1113_2017_dissenting_note.pdf": 10.884835421043586, "Const.P.50-69of2011.pdf": 5.442417710521793, "c.a._1113_2017.pdf": 16.327253131565378, "Crl.A._133_L_2017.pdf": 5.442417710521793, "C.A._542-L_2012.pdf": 5.442417710521793, "C.A._539_2003.pdf": 10.884835421043586, "c.p._4700_2021.pdf": 10.884835421043586, "JR_Fecto_Belarus_Tractor_Limited_Case.pdf": 5.442417710521793}, "jutial": {"Const.P._50_2018.pdf": 7.840312983320164}, "juty": {"Const.P._36_2016_dt_15_12_2017.pdf": 7.840312983320164}, "juter": {"H.R.C.19of1996[AsgharKhanCase]DetailedReasons.pdf": 7.840312983320164}, "juterrent": {"c.a._342_2014.pdf": 7.840312983320164}, "jutt": {"C.P._2814_2018.pdf": 7.1471658027602185, "Const.P.31of2011.pdf": 14.294331605520437}, "jutice": {"c.p._1554_l_2020.pdf": 7.840312983320164}, "jut": {"cp_25-q__399_2014.pdf": 7.840312983320164}, "juta": {"c.a._506_2011.pdf": 7.840312983320164}}