{"juxta": {"ConstitutionPetitionNo21OF2007.pdf": 17.282614324920985, "crl.a._95_2019.pdf": 5.760871441640328, "C.A.269_ETC_OF_2011.pdf": 5.760871441640328, "j.p._637_2016.pdf": 5.760871441640328, "const.p.20_2013.pdf": 5.760871441640328, "c.a._827_2020.pdf": 5.760871441640328, "CMA.2243-2010.pdf": 5.760871441640328, "HR8340OF2010.pdf": 5.760871441640328}, "juxtapose": {"ConstitutionPetitionNo21OF2007.pdf": 5.007099639263948, "CPs.10-18of2011.pdf": 5.007099639263948, "Const.P._29_2016.pdf": 5.007099639263948, "Ref.01_2012_addl.note_HJ.ejaz_afzal_khan.pdf": 10.014199278527895, "crl.p._104_p_2023.pdf": 5.007099639263948, "crl.p._596_l_2022.pdf": 5.007099639263948, "Crl.A._91_L_2017.pdf": 5.007099639263948, "j.p._36_2016.pdf": 5.007099639263948, "J.P.No.56of2005.pdf": 5.007099639263948, "crl.a._585_2020.pdf": 5.007099639263948, "crl.p._163_2020.pdf": 5.007099639263948, "crl.p._601_l_2021.pdf": 5.007099639263948, "C.A.876-879of2005.pdf": 5.007099639263948, "H.R.C._17599_2018.pdf": 5.007099639263948, "c.m.a._1243_2021_04042022.pdf": 5.007099639263948, "Crl.A._52_L_2013.pdf": 5.007099639263948, "Const.P.59of2011.pdf": 5.007099639263948}, "juxtaposition": {"ConstitutionPetitionNo21OF2007.pdf": 3.908487350595838, "C.R.P._49_2016.pdf": 3.908487350595838, "C.A._3_2018_dt-14-9-2018.pdf": 3.908487350595838, "C.A._104-L_2015.pdf": 7.816974701191676, "Const.P.77of2012[DetailedOrderFinal].pdf": 11.725462051787515, "C.A._3_2018.pdf": 3.908487350595838, "crl.a._599_2020_26032021.pdf": 7.816974701191676, "Ref.01_2012_addl.note_HJ.ejaz_afzal_khan.pdf": 7.816974701191676, "SMC16of2011_detailed_judgment.pdf": 3.908487350595838, "C.P.796of2007-dt-10-5-2013.pdf": 3.908487350595838, "Const.P.5of2013.pdf": 3.908487350595838, "C.A.669-L_2013.pdf": 3.908487350595838, "s.m.c._1_2023_31mar2023.pdf": 3.908487350595838, "c.a._33_k_2018.pdf": 3.908487350595838, "C.A._56_L_2018.pdf": 3.908487350595838, "C.A._1079_2011.pdf": 3.908487350595838, "c.a._446_2021.pdf": 3.908487350595838, "JR_Detailed_Judgment_in_Referendum_Case.pdf": 3.908487350595838, "C.A._633_2007.pdf": 3.908487350595838, "c.p._3186_2020.pdf": 3.908487350595838, "Crl.A._210_2015.pdf": 3.908487350595838, "crl.a._270_l_2012.pdf": 3.908487350595838, "C.P._3186_2015.pdf": 3.908487350595838, "c.a._84_k_2023.pdf": 3.908487350595838, "const.p._6_2023_dt_05_01_2023.pdf": 3.908487350595838, "Const.P.91of2011Dt-23-8-2012.pdf": 3.908487350595838, "const.p.6_2011_final.pdf": 3.908487350595838, "crl.a._120_2019.pdf": 3.908487350595838, "C.A._1525_2016.pdf": 3.908487350595838, "crl.p_1124_l_2015.pdf": 7.816974701191676, "C.A._651_2012.pdf": 3.908487350595838, "C.A._1447_2016.pdf": 3.908487350595838, "C.P._2515_2015.pdf": 3.908487350595838, "Crl.P.No.426of2009&Crl.A.No.pdf": 3.908487350595838, "C.A._9_2006.pdf": 3.908487350595838, "ICA3,4,6TO11of2011dt2011.04.pdf": 3.908487350595838, "C.R.P._420_2013.pdf": 3.908487350595838, "c.a._957_2014.pdf": 3.908487350595838, "crl.p._507_l_2021.pdf": 3.908487350595838, "cp_1545_2009.pdf": 3.908487350595838, "c.a._179_2016.pdf": 3.908487350595838, "c.a._1167_2020.pdf": 3.908487350595838, "crl.a._154_l_2013.pdf": 7.816974701191676, "c.p._84_p_2020.pdf": 3.908487350595838, "C.A._1475_2007.PDF": 3.908487350595838, "C.A.83and84of2006.pdf": 3.908487350595838, "Const.P.59of2011.pdf": 7.816974701191676, "j.p._95_2017.pdf": 3.908487350595838, "crl.p._950_2021.pdf": 3.908487350595838, "crl.a.264_2006.pdf": 3.908487350595838, "Const.P.5and15-HRC14144-DetailedReasons.pdf": 3.908487350595838}}