{"kaikaus": {"c.r.p._292_2021_sacked_employees.pdf": 4.795790545596741, "Const.P.127of2012.pdf": 4.795790545596741, "Const.P.12of2010.pdf": 4.795790545596741, "const.p.42of2011.pdf": 14.387371636790224, "C.R.P._383_2005.pdf": 9.591581091193483, "C.A._417-L_2009.pdf": 4.795790545596741, "const.p._2_2022_14102022.pdf": 9.591581091193483, "c.r.p._255_2021.pdf": 4.795790545596741, "C.A._1171_2017.pdf": 4.795790545596741, "crl.p._1710_l_2017.pdf": 4.795790545596741, "const.p._17_2020_dissenting_note_hj11.pdf": 4.795790545596741, "C.A._1428_2016.pdf": 4.795790545596741, "C.A._2564_2001.pdf": 4.795790545596741, "const.p._17_2019_detailed_reasoning.pdf": 4.795790545596741, "const.p._21_2023_11082023.pdf": 33.570533819177186, "c.p._1159_2019.pdf": 4.795790545596741, "crl.a._633_2019_15092023.pdf": 4.795790545596741, "c.a._1044_2015.pdf": 4.795790545596741, "c.p._280_k_2019.pdf": 4.795790545596741, "const.p._17_2020_dissenting_note_hj4.pdf": 4.795790545596741, "crl.a.264_2006.pdf": 14.387371636790224}, "kaif": {"Const.P.127of2012.pdf": 15.680625966640328}, "kaiser": {"ConstitutionPetitionNo21OF2007.pdf": 6.454018622200273, "c.p._490_k_2020.pdf": 6.454018622200273, "C.M.A._376-K_2014.pdf": 6.454018622200273, "c.a._722_2012.pdf": 6.454018622200273}, "kaim": {"Const.P._134_2012.pdf": 6.741700694652055, "const.p._9_2023_20042023.pdf": 6.741700694652055, "Const.P._134_2012_21012019.pdf": 6.741700694652055}, "kai": {"CONST.P.77OF2010-DT-05.04.12[URDU].pdf": 7.840312983320164}, "kaira": {"Const.P_6of2011.pdf": 19.36205586660082, "Urdu-Const.P-77-2010-12.10.2012.pdf": 6.454018622200273, "const.p._9_2023_20042023.pdf": 12.908037244400546, "c.p._490_k_2020.pdf": 6.454018622200273}, "kail": {"Crl.O.P_57_2015.pdf": 7.840312983320164}, "kailash": {"c.p._3436_l_2022.pdf": 6.741700694652055, "smc_1_2014.pdf": 94.38380972512877, "ICA3,4,6TO11of2011dt2011.04.pdf": 6.741700694652055}, "kaikus": {"Const.P.12of2010.pdf": 6.454018622200273, "c.p._2056_2022.pdf": 6.454018622200273, "const.p._21_2023_11082023.pdf": 6.454018622200273, "c.m.a._490_2021_20022021.pdf": 6.454018622200273}, "kaid": {"Const.P._29_2016.pdf": 78.40312983320163}, "kaisji": {"Const.P.5of2013.pdf": 7.840312983320164}, "kaikuus": {"C.A._461_2014.pdf": 7.840312983320164}, "kaimkhani": {"const.p._9_2023_20042023.pdf": 7.840312983320164}, "kainat": {"crl.p._1303_2021.pdf": 7.1471658027602185, "crl.p._287_2022.pdf": 14.294331605520437}, "kain": {"c.p._1133_l_2016.pdf": 7.840312983320164}}