{"kalra": {"ConstitutionPetitionNo21OF2007.pdf": 7.840312983320164}, "kalan": {"Crl.A._479_2015.pdf": 5.442417710521793, "crl.p._104_p_2023.pdf": 5.442417710521793, "c.p._3760_2019.pdf": 43.539341684174346, "crl.p._1267_2022.pdf": 5.442417710521793, "crl.p._172_p_2021.pdf": 5.442417710521793, "C.P._51_2015.pdf": 5.442417710521793, "crl.p._1075_l_2020.pdf": 5.442417710521793, "C.P._1774_2015.pdf": 10.884835421043586, "C.P._1774_2014.pdf": 10.884835421043586, "crl.p._368_2020.pdf": 5.442417710521793, "crl.p._1072_l_2022.pdf": 5.442417710521793}, "kala": {"crl.s.m.r.p._84_2018.pdf": 5.275363625858628, "Crl.P._927_2016.pdf": 5.275363625858628, "S.M.C.16of2011dt.4.4.2013.pdf": 10.550727251717255, "SMC16of2011_detailed_judgment.pdf": 5.275363625858628, "c.p._805_l_2019.pdf": 5.275363625858628, "c.p._262_p_2017.pdf": 5.275363625858628, "C.M.A._3854_2014_dt_31-3-2015.pdf": 5.275363625858628, "crl.p._1196_l_2015.pdf": 10.550727251717255, "crl_r_p.8-l_2013.pdf": 5.275363625858628, "C.A._446_2012.pdf": 5.275363625858628, "c.r.p._432_k_2022.pdf": 5.275363625858628, "Crl.A._218_2015.pdf": 5.275363625858628, "CMA3258of2013inCP65of09DetailOrder.pdf": 5.275363625858628}, "kalanori": {"Const.P._134_2012.pdf": 6.741700694652055, "S.M.C._01_2010.pdf": 6.741700694652055, "Const.P._134_2012_21012019.pdf": 6.741700694652055}, "kalat": {"CONST.P.77OF2010-DT-05.04.12[URDU].pdf": 6.230875070886063, "Urdu-Const.P-77-2010-12.10.2012.pdf": 6.230875070886063, "crl.p._36_q_2012.pdf": 6.230875070886063, "const.p.37_2012_final.pdf": 18.69262521265819, "crl.a._633_2019_15092023.pdf": 18.69262521265819}, "kallur": {"Const.P_6of2011.pdf": 7.1471658027602185, "j.p._36_2016.pdf": 7.1471658027602185}, "kalhoro": {"Const.P._38_2016.pdf": 31.154375354430318, "crl.p._1667_2021.pdf": 6.230875070886063, "C.P._1069_K_2018.pdf": 6.230875070886063, "j.p._637_2016.pdf": 6.230875070886063, "c.p._1017_2021.pdf": 6.230875070886063}, "kaloo": {"c.p._620_2021.pdf": 6.454018622200273, "SMC16of2011_detailed_judgment.pdf": 6.454018622200273, "Crl.P.163_to_171_S.M.C.5_2005.pdf": 6.454018622200273, "C.A._1219_2014.pdf": 6.454018622200273}, "kalij": {"Crl.O.P_57_2015.pdf": 7.840312983320164}, "kalima": {"Const.P.12of2010.pdf": 14.294331605520437, "crl.p._916_l_2021.pdf": 21.441497408280654}, "kalam": {"Const.P.12of2010.pdf": 6.230875070886063, "const.p.1_ 2012_etc.pdf": 6.230875070886063, "C.P._3186_2015.pdf": 12.461750141772127, "const.p._64_2013.pdf": 6.230875070886063, "C.A._1023_2016.pdf": 37.38525042531638}, "kalakot": {"S.M.C.16of2011dt.4.4.2013.pdf": 6.741700694652055, "SMC16of2011_detailed_judgment.pdf": 33.70850347326027, "S.M.C.16of2011dt-22-3-2013.pdf": 6.741700694652055}, "kalinga": {"CMA_1145-K_2013_in_SMC_16-2011_08-03-2013.pdf": 7.1471658027602185, "C.A._539_2003.pdf": 7.1471658027602185}, "kali": {"S.M.C._20_2016.pdf": 6.048553514092109, "ConstitutionPetitionNo.77of2010-dt-17-04-2012.pdf": 6.048553514092109, "crl.p._17_l_2018.pdf": 36.291321084552656, "c.a.32_k_2018.pdf": 6.048553514092109, "crl.p._763_l_2016.pdf": 24.194214056368438, "ca679-lof2012.pdf": 6.048553514092109}, "kalsum": {"S.M.C._20_2016.pdf": 6.454018622200273, "crl.p._540_2020.pdf": 6.454018622200273, "C.P.756-Lof2013-dt-10-5-2013.pdf": 6.454018622200273, "C.P.No.636of2013-dt-9-5-2013.pdf": 6.454018622200273}, "kal": {"Const.P._29_2016.pdf": 39.201564916600816}, "kaleem": {"Const.P._29_2016.pdf": 4.662259152972219, "C.R.P._125_2014.pdf": 13.986777458916656, "smc.11_2011.pdf": 9.324518305944437, "Crl.O.P.89of2011.pdf": 9.324518305944437, "c.p._167_p_2022.pdf": 18.649036611888874, "c.a._731_2016.pdf": 4.662259152972219, "c.a._675_2019.pdf": 4.662259152972219, "c.a._342_2014.pdf": 4.662259152972219, "C.A._1515_2016.pdf": 9.324518305944437, "C.R.P.193of2013.pdf": 13.986777458916656, "c.a._1172_2020.pdf": 4.662259152972219, "c.p._2314_2022_dn.pdf": 27.97355491783331, "c.p._2338_l_2017.pdf": 9.324518305944437, "c.p._2314_2022.pdf": 37.29807322377775, "C.A._605_2015.pdf": 4.662259152972219, "C.A._134-P_2013.pdf": 9.324518305944437, "crl.p._543_2020.pdf": 4.662259152972219, "j.p._24_2016.pdf": 13.986777458916656, "c.m.a._501_k_2023.pdf": 9.324518305944437, "c.a._1546_2019.pdf": 4.662259152972219, "c.p._3122_2020.pdf": 4.662259152972219, "C.R.P._309_2013.pdf": 9.324518305944437, "crl.a._160_2010.pdf": 9.324518305944437, "c.a._10_q_2021.pdf": 9.324518305944437}, "kalaas": {"c.p._2243_l_2019.pdf": 7.840312983320164}, "kalash": {"Const.P.30of2013.pdf": 6.741700694652055, "smc_1_2014.pdf": 114.60891180908493, "H.R.C._32642_2018.pdf": 6.741700694652055}, "kalika": {"C.A._1256_2008.pdf": 7.840312983320164}, "kalma": {"crl.p._916_l_2021.pdf": 13.48340138930411, "C.M.A._3221_2012.pdf": 6.741700694652055, "SMCNo25of2009.pdf": 6.741700694652055}, "kalri": {"SMC16of2011_detailed_judgment.pdf": 19.36205586660082, "C.A._424_2015.pdf": 6.454018622200273, "S.M.C.16of2011dt-22-3-2013.pdf": 6.454018622200273, "H.R.C._10842_P_2018.pdf": 38.72411173320164}, "kalashnikovs": {"crl.a._95_2019.pdf": 10.884835421043586, "Crl.A._160_L_2017.pdf": 10.884835421043586, "crl.p._280_2021.pdf": 5.442417710521793, "crl.p._1802_l_2017.pdf": 21.769670842087173, "Crl.A._195_L_2017.pdf": 5.442417710521793, "crl.p._560_l_2021.pdf": 5.442417710521793, "crl.sh.a._12_2017.pdf": 10.884835421043586, "C.A._69_2015.pdf": 5.442417710521793, "crl.p._245_2023.pdf": 10.884835421043586, "crl.p._687_2020.pdf": 5.442417710521793, "crl.p._52_k_2023.pdf": 10.884835421043586}, "kaloodi": {"c.p._3236_2019.pdf": 7.840312983320164}, "kale": {"c.p._1289_2020.pdf": 7.840312983320164}, "kalay": {"c.p._1289_2020.pdf": 6.454018622200273, "c.a._1772_2008.pdf": 12.908037244400546, "c.p._448_p_2017.pdf": 6.454018622200273, "clr.a._250_2020.pdf": 51.632148977602185}, "kalasara": {"smc.11_2011.pdf": 15.680625966640328}, "kalasra": {"smc.11_2011.pdf": 21.441497408280654, "C.R.P._309_2013.pdf": 14.294331605520437}, "kalwar": {"H.R.C.19of1996[AsgharKhanCase]DetailedReasons.pdf": 6.048553514092109, "c.a._621_2019.pdf": 12.097107028184219, "c.a._664_k_2017.pdf": 6.048553514092109, "CONST.P.9OF2009.pdf": 18.145660542276328, "ICA3,4,6TO11of2011dt2011.04.pdf": 6.048553514092109, "c.p._590_2021.pdf": 6.048553514092109}, "kallu": {"H.R.C.19of1996[AsgharKhanCase]DetailedReasons.pdf": 7.1471658027602185, "j.p._883_2017.pdf": 7.1471658027602185}, "kalayana": {"const.p._9_2010_27122021.pdf": 13.48340138930411, "const.p._9_2010.pdf": 13.48340138930411, "const.p._9_2010_28122021.pdf": 13.48340138930411}, "kalsoom": {"c.a._1348_2014.pdf": 11.28617681196789, "crl.p._47_p_2017.pdf": 5.643088405983945, "Crl.A._149_L_2017.pdf": 16.929265217951833, "const.p._21_2023_11082023.pdf": 5.643088405983945, "c.p._890_k_2023.pdf": 5.643088405983945, "c.a._822_2014.pdf": 5.643088405983945, "c.a._1664_2014.pdf": 5.643088405983945, "const.p._6_2023_addl_n.pdf": 5.643088405983945, "c.a._1005_2009.pdf": 11.28617681196789}, "kalashnikov": {"crl.p._509_2021.pdf": 9.409637534782028, "crl.p._493_2021.pdf": 4.704818767391014, "Crl.A._160_L_2017.pdf": 9.409637534782028, "Crl.A._104_2010.pdf": 4.704818767391014, "crl.p._442_2021.pdf": 4.704818767391014, "crl.r.p._52_2019.pdf": 4.704818767391014, "crl.p._1023_2020.pdf": 4.704818767391014, "Crl.A._93_2013.pdf": 47.04818767391014, "crl.p._1802_l_2017.pdf": 9.409637534782028, "j.p._382_2017.pdf": 14.114456302173043, "crl.p._1228_2020.pdf": 4.704818767391014, "Crl.A._195_L_2017.pdf": 4.704818767391014, "c.a._1772_2008.pdf": 4.704818767391014, "crl.m.a._1581_2021.pdf": 14.114456302173043, "crl.p._50_q_2017.pdf": 4.704818767391014, "Crl.P._488_2015.pdf": 9.409637534782028, "crl.p._893_2020.pdf": 4.704818767391014, "Crl.A._324_2011.pdf": 4.704818767391014, "crl.p._687_2020.pdf": 4.704818767391014, "crl.a._66_l_2020.pdf": 47.04818767391014, "crl.a_310_2006_12.03.2014.pdf": 4.704818767391014, "crl.p._52_k_2023.pdf": 9.409637534782028, "crl.p._950_2021.pdf": 14.114456302173043}, "kalpana": {"c.m.a._5602_2021.pdf": 6.454018622200273, "i.c.a._1_2024_dn_20032024.pdf": 6.454018622200273,