{"kapur": {"NRO_Judgment.pdf": 6.048553514092109, "C.A._1428_2016.pdf": 6.048553514092109, "crl.a.19of2012.pdf": 6.048553514092109, "const.p._17_2019_detailed_reasoning.pdf": 6.048553514092109, "crl.p._46_p_2016.pdf": 6.048553514092109, "c.a._799_2007.pdf": 18.145660542276328}, "kapra": {"Const.P.12of2010.pdf": 7.840312983320164}, "kapadia": {"Const.P.12of2010.pdf": 7.840312983320164}, "kapco": {"HRC7734-G_1003-GOF2009[UrduTranslation].pdf": 7.1471658027602185, "HRC7734-G_1003-GOF2009[AllegedCorruptionInRentalPowerPlants].pdf": 7.1471658027602185}, "kapri": {"const.p.37_2012_final.pdf": 7.840312983320164}, "kapoor": {"CMA2745of2009etc.pdf": 13.48340138930411, "c.p._3573_2020.pdf": 6.741700694652055, "c.a._799_2007.pdf": 6.741700694652055}, "kapitan": {"C.P._661_K_2015.pdf": 7.840312983320164}}