{"kazmi": {"Const.P.127of2012.pdf": 14.602632965174955, "C.Sh.A._1_2013.pdf": 3.6506582412937387, "H.R.C._18877_2018_03072019.pdf": 3.6506582412937387, "cps_853-876_2014.pdf": 3.6506582412937387, "S.M.C._20_2016.pdf": 7.3013164825874775, "Const.P.33_2013.pdf": 3.6506582412937387, "c.a._864_2017.pdf": 3.6506582412937387, "Const.P.30of2013.pdf": 3.6506582412937387, "S.M.C.24of2010[urdu-version].pdf": 3.6506582412937387, "CPLA_796_2007_ETC_SHORT_ORDER_REKO_DIQ_CASE.pdf": 7.3013164825874775, "s.m.c._1_2022_detailed.pdf": 7.3013164825874775, "c.a._601_2019.pdf": 3.6506582412937387, "HRC7734-G_1003-GOF2009[UrduTranslation].pdf": 3.6506582412937387, "smc.24_2010.pdf": 25.55460768905617, "smc.11_2011.pdf": 3.6506582412937387, "H.R.C.19of1996[AsgharKhanCase]DetailedReasons.pdf": 3.6506582412937387, "C.P.796of2007-dt-10-5-2013.pdf": 3.6506582412937387, "S.M.C._01_2010.pdf": 7.3013164825874775, "const.p._21_2022_15092023.pdf": 3.6506582412937387, "crl.p._883_l_2022.pdf": 3.6506582412937387, "HRC7734-G_1003-GOF2009[AllegedCorruptionInRentalPowerPlants].pdf": 3.6506582412937387, "const.p._9_2010_27122021.pdf": 3.6506582412937387, "C.R.P._315_2013_DT_19_03_2015.pdf": 3.6506582412937387, "j.p._516_2018.pdf": 3.6506582412937387, "CMA No.1674of2013dt-2-4-2013.pdf": 3.6506582412937387, "c.a._1355_2006.pdf": 3.6506582412937387, "C.A._176_2015.pdf": 7.3013164825874775, "c.p._4540_2021.pdf": 3.6506582412937387, "HRC-4668of2006.pdf": 3.6506582412937387, "C.A._185_2015.pdf": 3.6506582412937387, "c.a._17_l_2019.pdf": 3.6506582412937387, "c.p._1874_2022.pdf": 3.6506582412937387, "c.p._490_k_2020.pdf": 3.6506582412937387, "C.A._300_2017.pdf": 10.951974723881216, "Const.P.33of2013.pdf": 3.6506582412937387, "crl.a._270_l_2012.pdf": 3.6506582412937387, "const.p._9_2010.pdf": 3.6506582412937387, "const.p._21_2022_29082023.pdf": 3.6506582412937387, "c.p._3203_2017.pdf": 3.6506582412937387, "c.m.a._7139_2019.pdf": 3.6506582412937387, "H.R.C._18877_2018.pdf": 3.6506582412937387, "SMC_24_2010_DT_01_03.pdf": 3.6506582412937387, "C.A._1011_2006.pdf": 14.602632965174955, "c.r.p._420_2016.pdf": 3.6506582412937387, "s.m.c._1_2022_07042022.pdf": 7.3013164825874775, "const.p._9_2010_28122021.pdf": 3.6506582412937387, "crl.p._1075_l_2020.pdf": 3.6506582412937387, "const.p.105-12_hamid_mir_case_20-12-12.pdf": 14.602632965174955, "C.M.A.NO2380OF2013-DT-25.4.2013.pdf": 7.3013164825874775, "C.A._204-L_2015.pdf": 3.6506582412937387, "C.M.A._2593_2008.pdf": 3.6506582412937387, "c.m.a._3610_2022.pdf": 3.6506582412937387, "C.R.P._315_2013_DT_18_03_2015.pdf": 3.6506582412937387, "SMC24-2010.pdf": 3.6506582412937387, "c.p._4657_2022.pdf": 3.6506582412937387, "C.A._1137_2012.pdf": 3.6506582412937387, "Const.P._134_2012_21012019.pdf": 3.6506582412937387, "j.p._516_2018_detailed.pdf": 3.6506582412937387, "CMAs Nos.3685-3686of2012.pdf": 7.3013164825874775, "C.P.784of2014.pdf": 3.6506582412937387, "CJD_Section 2-A_Case_as_on_26_06_2006.pdf": 7.3013164825874775, "C.A._2352_2008.pdf": 3.6506582412937387, "HR8340OF2010.pdf": 3.6506582412937387, "C.A._510_2012.pdf": 3.6506582412937387, "C.R.P._309_2013.pdf": 3.6506582412937387, "const.p._21_2022_18082023.pdf": 3.6506582412937387}, "kazami": {"Const.P.127of2012.pdf": 7.840312983320164}, "kazi": {"c.p._1567_l_2019.pdf": 4.5081084731449605, "C.R.P._49_2016.pdf": 4.5081084731449605, "Const.P.12of2010.pdf": 9.016216946289921, "Const.P._29_2016.pdf": 13.52432541943488, "Const.P.NO.62OF2010_orderdt06062011.pdf": 9.016216946289921, "SMC16of2011_detailed_judgment.pdf": 4.5081084731449605, "smc.11_2011.pdf": 4.5081084731449605, "Crl.O.P._59_2015.pdf": 4.5081084731449605, "C.P._339_K_2017.pdf": 4.5081084731449605, "const.p._2_2022_14102022.pdf": 4.5081084731449605, "const.p.37_2012_final.pdf": 4.5081084731449605, "c.a._801_2021.pdf": 9.016216946289921, "Crl.M.A._200_2019.pdf": 9.016216946289921, "c.a._2433_2016.pdf": 4.5081084731449605, "C.P._1191_2017.pdf": 4.5081084731449605, "c.a._513_2014.pdf": 22.540542365724804, "crl.p._90_k_2023.pdf": 4.5081084731449605, "c.p._3958_2019.pdf": 4.5081084731449605, "smc_16_23.06.2014.pdf": 4.5081084731449605, "c.p._3455_2020.pdf": 4.5081084731449605, "c.m.a._501_k_2023.pdf": 9.016216946289921, "crl.m.a._130_k_2019.pdf": 4.5081084731449605, "CJD_Section 2-A_Case_as_on_26_06_2006.pdf": 4.5081084731449605, "HR8340OF2010.pdf": 9.016216946289921, "c.p._3122_2020.pdf": 4.5081084731449605, "C.R.P._309_2013.pdf": 4.5081084731449605, "C.A._539_2003.pdf": 4.5081084731449605, "c.p._231_2022.pdf": 4.5081084731449605}, "kazim": {"C.R.P._49_2016.pdf": 4.176751337190518, "H.R.C._18877_2018_03072019.pdf": 4.176751337190518, "CPLA_796_2007_ETC_SHORT_ORDER_REKO_DIQ_CASE.pdf": 8.353502674381035, "Ref.01_2012_addl.note_HJ.ejaz_afzal_khan.pdf": 8.353502674381035, "j.p._147_2016.pdf": 8.353502674381035, "Const.Petition No.77of2010-08-12-2012.pdf": 16.70700534876207, "C.P.796of2007-dt-10-5-2013.pdf": 20.883756685952587, "c.p._154_2019.pdf": 16.70700534876207, "c.p._3772_2019.pdf": 4.176751337190518, "s.m.c._1_2020.pdf": 4.176751337190518, "const.p._17_2019_19062020.pdf": 4.176751337190518, "Const.P.77of2010_dt_27-8-2013.pdf": 4.176751337190518, "crl.p._1086_l_2022.pdf": 4.176751337190518, "c.p._490_k_2020.pdf": 4.176751337190518, "crl.p._1212_l_2022.pdf": 4.176751337190518, "const.p._17_2019_detailed_reasoning.pdf": 4.176751337190518, "C.A._616_2006.pdf": 4.176751337190518, "Const.P.No.33and34of2005-dt-27-6-2013.pdf": 4.176751337190518, "crl.p._90_k_2023.pdf": 4.176751337190518, "Const.P.91of2011Dt-23-8-2012.pdf": 8.353502674381035, "c.r.p._420_2016.pdf": 4.176751337190518, "c.p._686_k_2019.pdf": 4.176751337190518, "Const.P.77of2010-dt-21-12-2012.pdf": 4.176751337190518, "c.p._1028_2019.pdf": 4.176751337190518, "ICA3,4,6TO11of2011dt2011.04.pdf": 20.883756685952587, "crl.p._41_k_2023.pdf": 4.176751337190518, "crl.p._507_l_2021.pdf": 4.176751337190518, "s.m.c._1_2020_25062020.pdf": 4.176751337190518, "crl.a._154_l_2013.pdf": 4.176751337190518, "C.P.796of2007.pdf": 12.530254011571554, "crl.p._41_k_2023 etc.pdf": 4.176751337190518, "Criminal_Original_P93to98.pdf": 8.353502674381035, "CJD_Pakistan_Steel_Mills_Case.pdf": 8.353502674381035, "c.p._342_k_2020.pdf": 8.353502674381035, "c.p._2351_2019.pdf": 4.176751337190518, "crl.p._701_2023.pdf": 4.176751337190518, "C.A._545_2015.pdf": 4.176751337190518, "crl.p._62_l_2023.pdf": 4.176751337190518, "c.p._2347_2022.pdf": 4.176751337190518}, "kazman": {"S.M.C.24of2010[urdu-version].pdf": 7.840312983320164}, "kazai": {"H.R.C.19of1996[AsgharKhanCase]DetailedReasonsUrduTranslation.pdf": 7.840312983320164}, "kazee": {"c.p._2129_2020.pdf": 7.840312983320164}, "kazani": {"c.a._1113_2017.pdf": 7.840312983320164}, "kazam": {"crl.p._1329_2023.pdf": 7.840312983320164}, "kazakhstan": {"c.p._1965_2019.pdf": 15.680625966640328}}