{"kb": {"c.a._837_2011.pdf": 13.746649335896047, "Order-DNC-nd-note.pdf": 4.582216445298682, "c.p._2243_l_2019.pdf": 4.582216445298682, "c.a._371_2020.pdf": 4.582216445298682, "HRC7734-G_1003-GOF2009[UrduTranslation].pdf": 4.582216445298682, "C.P.No.1017-Lof2011.pdf": 4.582216445298682, "HRC7734-G_1003-GOF2009[AllegedCorruptionInRentalPowerPlants].pdf": 4.582216445298682, "i.c.a._1_2024_dn_20032024.pdf": 4.582216445298682, "c.p._5877_2021.pdf": 4.582216445298682, "Const.P.87of2011.pdf": 9.164432890597364, "const.p._21_2022_30102023.pdf": 4.582216445298682, "c.a._914_l_2013.pdf": 4.582216445298682, "const.p._24_2023_26062023.pdf": 4.582216445298682, "c.a._350_2020.pdf": 9.164432890597364, "c.a._ 870_2020.pdf": 4.582216445298682, "S.M.C._8_2018.pdf": 4.582216445298682, "CMA2745of2009etc.pdf": 9.164432890597364, "c.p._3813_2019.pdf": 4.582216445298682, "crl.p_1124_l_2015.pdf": 4.582216445298682, "c.a._1089_2015.pdf": 9.164432890597364, "c.m.a._1243_2021.pdf": 9.164432890597364, "c.p._3413_2017.pdf": 4.582216445298682, "C.P._661_K_2015.pdf": 4.582216445298682, "C.A._622 _2008.pdf": 4.582216445298682, "c.p._2270_2023.pdf": 4.582216445298682, "c.p._4980_2021.pdf": 4.582216445298682}}