{"kc": {"c.a._10_2020.pdf": 7.1471658027602185, "C.A._125_K_2016_JPMC_Dissenting_Note.pdf": 7.1471658027602185}}