{"kcci": {"c.p._3215_2021.pdf": 7.1471658027602185, "C.M.A._376-K_2014.pdf": 35.735829013801094}}