{"kcy": {"Crl.O.P.89of2011.pdf": 35.735829013801094, "s.m.c._01_2020_18052020.pdf": 7.1471658027602185}}