{"kda": {"report_128_k_2021.pdf": 4.8445807097661735, "C.A._2215_2006.pdf": 222.85071264924397, "C.R.P._125_2014.pdf": 43.601226387895565, "crl.a._599_2020_26032021.pdf": 4.8445807097661735, "Crl.O.P._154_2017.pdf": 4.8445807097661735, "c.a._10_2020.pdf": 4.8445807097661735, "const.p._9_2010_27122021.pdf": 62.97954922696026, "const.p._24_2017.pdf": 24.222903548830867, "c.r.p._296_2020_04022022.pdf": 4.8445807097661735, "const.p._9_2010.pdf": 62.97954922696026, "C.R.P.193of2013.pdf": 38.75664567812939, "C.A._145_2010.pdf": 4.8445807097661735, "C.A._767_2014.pdf": 38.75664567812939, "Crl.A._35_K_2016.pdf": 4.8445807097661735, "const.p._9_2010_28122021.pdf": 58.13496851719408, "C.A._1481_2007.pdf": 58.13496851719408, "C.M.A._376-K_2014.pdf": 4.8445807097661735, "S.M.C.16of2011dt-22-3-2013.pdf": 9.689161419532347, "C.A._1000_2006.pdf": 24.222903548830867, "C.A._620_2006.pdf": 305.20858471526896}}