{"keate": {"C.P._2093_2015.pdf": 7.1471658027602185, "C.A._767_2014.pdf": 7.1471658027602185}, "keamari": {"C.M.A._376-K_2014.pdf": 7.840312983320164}, "keats": {"SMCNo25of2009.pdf": 7.840312983320164}}