{"kebab": {"c.p._1193_2020.pdf": 7.840312983320164}, "kebmaa": {"c.a._342_2014.pdf": 7.840312983320164}}