{"kei": {"c.a._1476_2018_urdu.pdf": 7.840312983320164}, "keith": {"H.R.C.19of1996[AsgharKhanCase]DetailedReasonsUrduTranslation.pdf": 6.048553514092109, "H.R.C.19of1996[AsgharKhanCase]DetailedReasons.pdf": 6.048553514092109, "c.p._1290_l_2019.pdf": 6.048553514092109, "c.p._3347_2021.pdf": 6.048553514092109, "const.p._17_2019_detailed_reasoning.pdf": 6.048553514092109, "c.m.a._1243_2021_04042022.pdf": 6.048553514092109}, "keittima": {"C.P._4876_2018.pdf": 31.361251933280656}}