{"kelash": {"Const.P.127of2012.pdf": 13.48340138930411, "const.p._9_2010_27122021.pdf": 6.741700694652055, "const.p._9_2010_28122021.pdf": 13.48340138930411}, "kellogg": {"crl.a._251_2020.pdf": 7.840312983320164}, "kelod": {"H.R.C._18877_2018_03072019.pdf": 7.840312983320164}, "kelsen": {"Const.P.12of2010.pdf": 25.816074488801092, "H.R.C.19of1996[AsgharKhanCase]DetailedReasonsUrduTranslation.pdf": 12.908037244400546, "H.R.C.19of1996[AsgharKhanCase]DetailedReasons.pdf": 12.908037244400546, "JR_Detailed_Judgment_in_Referendum_Case.pdf": 6.454018622200273}, "kelantan": {"Const.P.12of2010.pdf": 7.1471658027602185, "C.A._539_2003.pdf": 7.1471658027602185}, "kelu": {"Const.P.12of2010.pdf": 7.840312983320164}, "kel": {"HRC7734-G_1003-GOF2009[UrduTranslation].pdf": 7.1471658027602185, "HRC7734-G_1003-GOF2009[AllegedCorruptionInRentalPowerPlants].pdf": 7.1471658027602185}, "kellner": {"Const.P.77-78-79 [Memogate]DetailedOrder.pdf": 7.840312983320164}, "kelly": {"const.p.37_2012_final.pdf": 6.741700694652055, "Crl.A._322_2018.pdf": 6.741700694652055, "Const.P.50-69of2011.pdf": 6.741700694652055}}