{"kemari": {"C.A._305_2008.pdf": 7.840312983320164}, "kempt": {"c.r.p._420_2016.pdf": 7.840312983320164}, "kemc": {"C.A.2234and2235of2005-dt-31-8-2013.pdf": 7.840312983320164}}