{"kendra": {"Const.P.127of2012.pdf": 7.1471658027602185, "SMCNo25of2009.pdf": 7.1471658027602185}, "kenin": {"c.p._1193_2020.pdf": 7.840312983320164}, "kennedy": {"Const.P.12of2010.pdf": 6.741700694652055, "Const.P._29_2016.pdf": 13.48340138930411, "const.p._24_2023_26062023.pdf": 6.741700694652055}, "ken": {"Const.P._29_2016.pdf": 7.840312983320164}, "kenya": {"crl.p._1667_2021.pdf": 5.760871441640328, "C.P.796of2007-dt-10-5-2013.pdf": 23.04348576656131, "const.p.37_2012_final.pdf": 5.760871441640328, "s.m.c._3_2022_06012023.pdf": 11.521742883280655, "Const.P.No.33and34of2005-dt-27-6-2013.pdf": 28.804357208201637, "s.m.c._3_2022_13022023.pdf": 34.56522864984197, "const.p.20_2013.pdf": 17.282614324920985, "s.m.c._3_2022_13062023.pdf": 23.04348576656131}, "kenzie": {"CP778-779.pdf": 7.840312983320164}, "kenyan": {"C.P.796of2007-dt-10-5-2013.pdf": 14.294331605520437, "s.m.c._3_2022_13022023.pdf": 28.588663211040874}, "kendal": {"const.p._17_2019_19062020.pdf": 6.454018622200273, "c.r.p._296_2020_29012022.pdf": 6.454018622200273, "c.r.p._296_2020_04022022.pdf": 6.454018622200273, "const.p._17_2019_detailed_reasoning.pdf": 19.36205586660082}, "kenneth": {"C.A._633_2007.pdf": 6.454018622200273, "crl.a._48_2021.pdf": 6.454018622200273, "ref._2_2022_13092023_2.pdf": 6.454018622200273, "HR8340OF2010.pdf": 6.454018622200273}, "kent": {"C.A._2564_2001.pdf": 7.1471658027602185, "c.a._1547_2019.pdf": 7.1471658027602185}, "kennoway": {"c.a._350_2020.pdf": 7.840312983320164}, "kentucky": {"Const.P._29_2017.pdf": 7.840312983320164}, "kenderaan": {"c.a._722_2012.pdf": 15.680625966640328}}