{"kerala": {"Const.P.127of2012.pdf": 4.313952458704002, "Const.P.105-2012-eng-urd.PDF": 4.313952458704002, "Const.P.12of2010.pdf": 69.02323933926404, "Const.P.12of2010Urdu.pdf": 8.627904917408005, "Const.P.77of2012[DetailedOrderFinal].pdf": 8.627904917408005, "HRC7734-G_1003-GOF2009[UrduTranslation].pdf": 4.313952458704002, "smc.11_2011.pdf": 4.313952458704002, "Const.P.77-78-79 [Memogate]DetailedOrder.pdf": 4.313952458704002, "JR_Judgment_on_17th_Amendmend_and_Presidents_Uniform_Case.pdf": 4.313952458704002, "CJD_Reference by_the_President_of_Pakistan_under_Article_186.pdf": 12.941857376112008, "HRC7734-G_1003-GOF2009[AllegedCorruptionInRentalPowerPlants].pdf": 4.313952458704002, "C.A._176_2015.pdf": 4.313952458704002, "c.p._3950_2019.pdf": 4.313952458704002, "C.A._305_2008.pdf": 4.313952458704002, "C.A._2564_2001.pdf": 17.25580983481601, "SMC.13-2009.pdf": 12.941857376112008, "c.a.1540-1599_2013.pdf": 4.313952458704002, "C.A.800Lof2013etc.pdf": 4.313952458704002, "c.a._174_2012.pdf": 4.313952458704002, "C.A._767_2014.pdf": 8.627904917408005, "const.p._6_2023_dt_05_01_2023.pdf": 4.313952458704002, "c.a._1113_2017_dissenting_note.pdf": 4.313952458704002, "reference_1_2020.pdf": 4.313952458704002, "CMA2745of2009etc.pdf": 4.313952458704002, "JR_Varan_Case.pdf": 8.627904917408005, "c.a._1113_2017.pdf": 4.313952458704002, "SMC24-2010.pdf": 4.313952458704002, "C.A._446_2012.pdf": 4.313952458704002, "c.r.p._432_k_2022.pdf": 4.313952458704002, "crl.m.a._1659_2019.pdf": 4.313952458704002, "crl.p._46_p_2016.pdf": 4.313952458704002, "C.A._539_2003.pdf": 8.627904917408005, "c.p._4806_2019.pdf": 8.627904917408005, "c.a._404_2014.pdf": 4.313952458704002}, "ker": {"C.R.P._49_2016.pdf": 5.643088405983945, "c.a._803_2016.pdf": 5.643088405983945, "C.A._305_2008.pdf": 5.643088405983945, "C.A._2564_2001.pdf": 11.28617681196789, "C.A._767_2014.pdf": 5.643088405983945, "c.p._1496_k_2021.pdf": 5.643088405983945, "CMA2745of2009etc.pdf": 5.643088405983945, "C.A.2234and2235of2005-dt-31-8-2013.pdf": 5.643088405983945, "Crl.P._100_2017.pdf": 5.643088405983945}, "kerosene": {"c.p._620_2021.pdf": 7.1471658027602185, "H.R.C._17599_2018.pdf": 7.1471658027602185}, "kernel": {"Const.P.12of2010.pdf": 6.741700694652055, "c.a._ 870_2020.pdf": 6.741700694652055, "c.a._1547_2019.pdf": 20.225102083956166}, "kercheval": {"Const.P.12of2010.pdf": 15.680625966640328}, "keramat": {"c.a._307_2017.pdf": 7.1471658027602185, "c.a._775_2015.pdf": 7.1471658027602185}, "keretc": {"c.a.32_k_2018.pdf": 7.840312983320164}, "kerb": {"c.p._3767_2023.pdf": 50.03016061932153, "c.p._280_k_2019.pdf": 28.588663211040874}, "kermit": {"const.p._39_16122019.pdf": 7.1471658027602185, "const.p._39_2019.pdf": 7.1471658027602185}, "kerry": {"Const.P._35_2016_dt_15_12_2017.pdf": 15.680625966640328}}