{"kevalram": {"Const.P.31of2011etc.pdf": 15.680625966640328}, "kevananda": {"Const.P.12of2010.pdf": 7.840312983320164}}