{"kewal": {"c.a._1113_2017_dissenting_note.pdf": 7.1471658027602185, "c.a._1113_2017.pdf": 14.294331605520437}, "kewel": {"c.a._1113_2017.pdf": 7.840312983320164}, "kewat": {"c.a._2186_2017.pdf": 7.840312983320164}}