{"key": {"c.r.p._292_2021_sacked_employees.pdf": 2.7968878664009176, "ConstitutionPetitionNo21OF2007.pdf": 8.390663599202753, "CPs.10-18of2011.pdf": 2.7968878664009176, "Const.P._134_2012.pdf": 2.7968878664009176, "c.p._1331_l_2017.pdf": 5.593775732801835, "Crl.A._39_L_2015.pdf": 2.7968878664009176, "NRO_Judgment.pdf": 2.7968878664009176, "Const.P.40of2012-DetailJudgment[UrduTranslation]-dt-3.7.2012.pdf": 2.7968878664009176, "Const.P._50_2018.pdf": 5.593775732801835, "cng_prices_order_21-12-12-alongwith_translation.pdf": 8.390663599202753, "Const.P.12of2010.pdf": 41.953317996013766, "Const.P.87of2011[UrduVersion].pdf": 2.7968878664009176, "Const.P.12of2010Urdu.pdf": 27.968878664009175, "const.p.42of2011.pdf": 19.57821506480642, "C.A._2215_2006.pdf": 2.7968878664009176, "Const.P.33_2013.pdf": 13.984439332004587, "Const.P._29_2016.pdf": 2.7968878664009176, "Const.PetitionNo.77of2010_12.10.2012.pdf": 2.7968878664009176, "Const.P._36_2016_dt_15_12_2017.pdf": 2.7968878664009176, "Const.P.40of2012-AdditionalNoteofJusticeJawwadSKhawaja.pdf": 2.7968878664009176, "Const.P.30of2013.pdf": 5.593775732801835, "S.M.C.24of2010[urdu-version].pdf": 2.7968878664009176, "Const.P.NO.62OF2010_orderdt06062011.pdf": 5.593775732801835, "H.R.C.19of1996[AsgharKhanCase]DetailedReasonsUrduTranslation.pdf": 8.390663599202753, "j.p._147_2016.pdf": 8.390663599202753, "SMC16of2011_detailed_judgment.pdf": 5.593775732801835, "crl.a._95_2019.pdf": 8.390663599202753, "crl.a._528_2019.pdf": 2.7968878664009176, "CP778-779.pdf": 5.593775732801835, "Const.P.40of2012-DetailJudgment-dt-3.7.2012.pdf": 11.18755146560367, "smc.11_2011.pdf": 2.7968878664009176, "H.R.C.19of1996[AsgharKhanCase]DetailedReasons.pdf": 5.593775732801835, "Const.P.77-78-79 [Memogate]DetailedOrder.pdf": 2.7968878664009176, "Crl.A._39_L_2015_Urdu.pdf": 2.7968878664009176, "C.P.796of2007-dt-10-5-2013.pdf": 5.593775732801835, "CJD_Reference by_the_President_of_Pakistan_under_Article_186.pdf": 2.7968878664009176, "Const.P.56_2003_U_dt_8-9-2015.pdf": 2.7968878664009176, "Crl.O.P.89of2011.pdf": 5.593775732801835, "const.p.23of2012.pdf": 11.18755146560367, "Const.P.5of2013.pdf": 2.7968878664009176, "c.p._2256_l_2015.pdf": 5.593775732801835, "HRC7734-G_1003-GOF2009[AllegedCorruptionInRentalPowerPlants].pdf": 2.7968878664009176, "c.p._1057_2019.pdf": 2.7968878664009176, "C.A._1072_2005.pdf": 2.7968878664009176, "S.M.C._18_2016.pdf": 2.7968878664009176, "C.A._1084_2008.pdf": 2.7968878664009176, "c.a._749_2021.pdf": 2.7968878664009176, "const.p._24_2017.pdf": 2.7968878664009176, "c.a._639_2014.pdf": 2.7968878664009176, "C.A._1703_2013.pdf": 2.7968878664009176, "S.M.C.18_2016_dt_06_01_2017.pdf": 2.7968878664009176, "const.p._24_2023_an_10012024_r.pdf": 2.7968878664009176, "C.A._1079_2011.pdf": 2.7968878664009176, "c.a._1573_2017.pdf": 2.7968878664009176, "c.a._178_2020.pdf": 2.7968878664009176, "crl.p._894_l_2023.pdf": 2.7968878664009176, "C.A.212and213OF2011.pdf": 2.7968878664009176, "c.r.p._296_2020_04022022.pdf": 2.7968878664009176, "c.a._502_2017.pdf": 2.7968878664009176, "const.p.30of2013_dt_22.05.2013.pdf": 2.7968878664009176, "c.a._2150_2019.pdf": 2.7968878664009176, "c.p._943_k_2022.pdf": 2.7968878664009176, "SMC_26-2007_dt_20.02.2013.pdf": 2.7968878664009176, "const.p._2_2022_14102022.pdf": 2.7968878664009176, "C.P._781_2016.pdf": 5.593775732801835, "Const.P._24_2012.pdf": 2.7968878664009176, "Const.P.87of2011.pdf": 5.593775732801835, "c.a._353_2010.pdf": 2.7968878664009176, "C.A._308_2008.pdf": 2.7968878664009176, "C.A._26_2009.pdf": 2.7968878664009176, "C.A._359_2013.pdf": 2.7968878664009176, "c.a._24_2015.pdf": 2.7968878664009176, "H.R.C._69229_P_2018.pdf": 2.7968878664009176, "C.A._1563_2014.pdf": 2.7968878664009176, "C.A._95_2005.pdf": 2.7968878664009176, "C.A._1428_2016.pdf": 5.593775732801835, "C.A._1178_2008.pdf": 2.7968878664009176, "c.a._82_2016.pdf": 5.593775732801835, "C.A._305_2008.pdf": 2.7968878664009176, "c.p._2056_2022.pdf": 2.7968878664009176, "crl.p._1276_2023.pdf": 2.7968878664009176, "C.A._301_2014.pdf": 2.7968878664009176, "crl.a.19of2012.pdf": 2.7968878664009176, "Const.P._2_2011.pdf": 2.7968878664009176, "c.m.a.145_q_2022_dt_02_01_23.pdf": 2.7968878664009176, "const.p.37_2012_final.pdf": 2.7968878664009176, "c.a._1095_2018_13092019.pdf": 11.18755146560367, "c.p._2916_2019.pdf": 5.593775732801835, "C.A._1540_2006.pdf": 2.7968878664009176, "const.p._17_2019_detailed_reasoning.pdf": 8.390663599202753, "const.p._21_2022_30102023.pdf": 2.7968878664009176, "const.p._21_2023_11082023.pdf": 2.7968878664009176, "s.m.c._1_2023_27032023.pdf": 2.7968878664009176, "C.A._1890_2002.pdf": 2.7968878664009176, "C.P._3551_2015.pdf": 5.593775732801835, "const.p._39_16122019.pdf": 8.390663599202753, "cas_727-730_777_778_2014_etc.pdf": 5.593775732801835, "c.p._2009_2020.pdf": 2.7968878664009176, "C.A._654_2010.pdf": 2.7968878664009176, "C.A._1611_2014.pdf": 2.7968878664009176, "C.A._1086_2014.pdf": 2.7968878664009176, "C.A.800Lof2013etc.pdf": 5.593775732801835, "C.A._158_2006.pdf": 2.7968878664009176, "C.A._1095_2018.pdf": 2.7968878664009176, "Const.P._29_2017.pdf": 2.7968878664009176, "S.M.C._2_2018.pdf": 5.593775732801835, "c.a._617_2020.pdf": 2.7968878664009176, "const.p._24_2023_f.pdf": 11.18755146560367, "reference_1_2020.pdf": 2.7968878664009176, "Const.P.50-69of2011.pdf": 5.593775732801835, "crl.a._120_2019.pdf": 2.7968878664009176, "C.P._1707_2018.pdf": 2.7968878664009176, "c.p._546_2021.pdf": 2.7968878664009176, "c.p._1274_l_2013.pdf": 2.7968878664009176, "c.a._1521_2018.pdf": 2.7968878664009176, "C.A._1447_2016.pdf": 8.390663599202753, "C.A._1950_2007.pdf": 8.390663599202753, "const.p.105-12_hamid_mir_case_20-12-12.pdf": 5.593775732801835, "ref._2_2022_13092023_2.pdf": 2.7968878664009176, "c.a._1280_2019.pdf": 2.7968878664009176, "c.m.appeal._47_2020.pdf": 5.593775732801835, "c.m.a._2012_2023_10042023.pdf": 2.7968878664009176, "SMC24-2010.pdf": 2.7968878664009176, "c.a._94_2008.pdf": 2.7968878664009176, "Crl.A.126of2012.pdf": 2.7968878664009176, "c.a._661_2018.pdf": 2.7968878664009176, "C.R.P._420_2013.pdf": 2.7968878664009176, "SMCNo25of2009.pdf": 2.7968878664009176, "Crl.O.P.6of2012.pdf": 2.7968878664009176, "ca679-lof2012.pdf": 2.7968878664009176, "Const.P._134_2012_21012019.pdf": 2.7968878664009176, "Crl.A._176_2012.pdf": 2.7968878664009176, "c.a._1474_2015.pdf": 2.7968878664009176, "C.A.876-879of2005.pdf": 2.7968878664009176, "C.A._552_2015.pdf": 2.7968878664009176, "crl.p._298_2023.pdf": 2.7968878664009176, "H.R.C._17599_2018.pdf": 5.593775732801835, "c.p._607_2021.pdf": 2.7968878664009176, "const.p._39_2019.pdf": 8.390663599202753, "C.A._1049_2011.pdf": 8.390663599202753, "crl.a._154_l_2013.pdf": 2.7968878664009176, "C.P.784of2014.pdf": 5.593775732801835, "C.A._150_2006.pdf": 2.7968878664009176, "c.p._3747_2023.pdf": 2.7968878664009176, "c.a._1547_2019.pdf": 2.7968878664009176, "CMA3258of2013inCP65of09DetailOrder.pdf": 2.7968878664009176, "c.a._65_k_2019.pdf": 2.7968878664009176, "C.R.P._412_2014.pdf": 2.7968878664009176, "C.A.83and84of2006.pdf": 2.7968878664009176, "C.A._622 _2008.pdf": 2.7968878664009176, "Const.P.59of2011.pdf": 5.593775732801835, "C.M.A._8215_2016.pdf": 5.593775732801835, "c.p._4700_2021.pdf": 2.7968878664009176, "CPs987-989OF2011-DT19.10.2011.pdf": 2.7968878664009176, "crl.a.264_2006.pdf": 2.7968878664009176}, "keystone": {"Const.P.12of2010Urdu.pdf": 6.741700694652055, "c.a._1011_2020.pdf": 6.741700694652055, "const.p._6_2023_dt_05_01_2023.pdf": 6.741700694652055}, "keynes": {"Urdu-Const.P-77-2010-12.10.2012.pdf": 7.840312983320164}, "keyword": {"Const.P.NO.62OF2010_orderdt06062011.pdf": 6.230875070886063, "const.p._6_2023_dt_05_01_2023.pdf": 6.230875070886063, "C.A._457_2010.pdf": 6.230875070886063, "c.a._24_k_2019.pdf": 6.230875070886063, "c.a._179_2016.pdf": 12.461750141772127}, "keynote": {"smc_1_2014.pdf": 7.840312983320164}, "keyishian": {"c.p._3747_2023.pdf": 7.840312983320164}}