{"kheli": {"C.A._1171_2013.pdf": 7.1471658027602185, "C.A._1219_2014.pdf": 7.1471658027602185}, "khel": {"Crl.P._9-P_2016.pdf": 9.591581091193483, "Const.P_6of2011.pdf": 4.795790545596741, "Const.P.12of2010.pdf": 9.591581091193483, "reference._1_2011_urdu.pdf": 4.795790545596741, "j.p._169_2021.pdf": 4.795790545596741, "crl.p._188_p_2023.pdf": 4.795790545596741, "C.A._992_2013.pdf": 4.795790545596741, "c.a._178_2020.pdf": 14.387371636790224, "c.a._538_2022.pdf": 4.795790545596741, "const.p.115_2011.pdf": 4.795790545596741, "const.p.37_2012_final.pdf": 4.795790545596741, "c.a._42_p_2016.pdf": 4.795790545596741, "c.p._3097_2015.pdf": 4.795790545596741, "c.p._4635_2018.pdf": 33.570533819177186, "C.P._842_2016.pdf": 4.795790545596741, "c.a._908_2015.pdf": 4.795790545596741, "j.p._614_2016.pdf": 4.795790545596741, "C.A._134-P_2013.pdf": 9.591581091193483, "c.p._2270_2019.pdf": 4.795790545596741, "CJD_Section 2-A_Case_as_on_26_06_2006.pdf": 4.795790545596741, "Crl.A._218_2015.pdf": 4.795790545596741}, "khewra": {"Order-DNC-nd-note.pdf": 5.760871441640328, "Const.P._29_2016.pdf": 17.282614324920985, "Const.P.46of2013-dt-27-12-2013.pdf": 11.521742883280655, "C.A._158_2006.pdf": 5.760871441640328, "Const.P._35_2016_dt_15_12_2017.pdf": 5.760871441640328, "ConstP.No.53of2007andConst.P.83of2012.pdf": 5.760871441640328, "H.R.C._17599_2018.pdf": 11.521742883280655, "C.A._1049_2011.pdf": 5.760871441640328}, "khela": {"Const.P_6of2011.pdf": 6.741700694652055, "C.P._842_2016.pdf": 6.741700694652055, "c.a._139_p_2013.pdf": 40.45020416791233}, "khehro": {"Const.P._38_2016.pdf": 7.840312983320164}, "khetran": {"crl.p._907_2020.pdf": 6.454018622200273, "c.p._957_2020.pdf": 6.454018622200273, "C.P._3752_2018.pdf": 6.454018622200273, "c.a._1_2020.pdf": 19.36205586660082}, "khewat": {"c.a._840_2017.pdf": 5.643088405983945, "c.a._383_2013.pdf": 45.14470724787156, "c.a._408_2022.pdf": 5.643088405983945, "c.a._170_2017.pdf": 5.643088405983945, "c.p._3958_2019.pdf": 5.643088405983945, "c.p._287_2019.pdf": 5.643088405983945, "c.p._1133_l_2016.pdf": 5.643088405983945, "c.p._1647_2018.pdf": 5.643088405983945, "c.a._1300_2019.pdf": 5.643088405983945}, "khemu": {"const.p._17_2019_detailed_reasoning.pdf": 7.840312983320164}, "khewit": {"C.A._2133_2006.pdf": 7.840312983320164}, "kherakai": {"C.R.P._335_2014.pdf": 7.840312983320164}, "kheme": {"c.a._1400_2019.pdf": 15.680625966640328}, "khedkar": {"c.a._188_2019.pdf": 23.52093894996049}, "kheshkhely": {"CJD_Section 2-A_Case_as_on_26_06_2006.pdf": 7.840312983320164}}