{"khr": {"S.M.C._01_2010.pdf": 7.840312983320164}, "khradiya": {"j.p._345_2017.pdf": 7.840312983320164}}