{"khwaja": {"Const.P_6of2011.pdf": 15.826090877575883, "smc.18_2010_final.pdf": 15.826090877575883, "crp.328-329_2013.pdf": 5.275363625858628, "HRC7734-G_1003-GOF2009[AllegedCorruptionInRentalPowerPlants].pdf": 21.10145450343451, "const.p.6_2023.pdf": 5.275363625858628, "C.M.A.3325_of_2012_dt_11-2-2013.pdf": 5.275363625858628, "Const.P.39-2103.pdf": 5.275363625858628, "const.p._6_2023_111023.pdf": 5.275363625858628, "crl.a._547_2017.pdf": 5.275363625858628, "CJD_Section 2-A_Case_as_on_26_06_2006.pdf": 5.275363625858628, "smc.9_2011.pdf": 5.275363625858628, "H.R.C._10842_P_2018.pdf": 5.275363625858628, "Const.P.77of2011[MEMO SCANDAL CASE]-ShortOrder.pdf": 5.275363625858628}, "khwaza": {"Const.P_6of2011.pdf": 7.840312983320164}, "khwas": {"crl.p._1054_2023.pdf": 7.840312983320164}, "khwa": {"const.p._32_2023_additional_note.pdf": 7.840312983320164}, "khwar": {"Crl.A_6_P_2010.pdf": 7.840312983320164}}