{"kiani": {"Const.P.127of2012.pdf": 15.826090877575883, "NRO_Judgment.pdf": 5.275363625858628, "smc.11_2011.pdf": 21.10145450343451, "c.a._982_2018_19022024.pdf": 5.275363625858628, "crl.p._1303_2021.pdf": 5.275363625858628, "c.p._4737_2018.pdf": 5.275363625858628, "c.a._982_2018_19022024_2.pdf": 5.275363625858628, "c.a._1498_2018.pdf": 10.550727251717255, "C.A._446_2012.pdf": 5.275363625858628, "CJD_Section 2-A_Case_as_on_26_06_2006.pdf": 5.275363625858628, "smc.9_2011.pdf": 10.550727251717255, "C.R.P._309_2013.pdf": 21.10145450343451, "C.A._946_2014.pdf": 5.275363625858628}, "kiamari": {"Const.P._38_2016.pdf": 7.840312983320164}, "kia": {"Const.P.12of2010Urdu.pdf": 7.840312983320164}, "kiara": {"const.p._42_2022_07032024.pdf": 7.840312983320164}}