{"kiba": {"crl.p._1667_2021.pdf": 7.840312983320164}, "kibor": {"c.p._283_l_2018.pdf": 13.48340138930411, "c.a.1540-1599_2013.pdf": 6.741700694652055, "c.p._5632_2021.pdf": 6.741700694652055}, "kibzai": {"c.p._4305_2023.pdf": 15.680625966640328}, "kibriya": {"crl.a._82_2022.pdf": 15.680625966640328}}