{"kichi": {"Const.P_6of2011.pdf": 7.840312983320164}, "kickback": {"Const.P._38_2016.pdf": 5.067724261080383, "SMC15OF2009.pdf": 5.067724261080383, "NRO_Judgment.pdf": 5.067724261080383, "Const.P._29_2016.pdf": 10.135448522160766, "crp.328-329_2013.pdf": 5.067724261080383, "JR_Detailed_Judgment_in_Graduation_Qualification_Case.pdf": 5.067724261080383, "C.M.A._3325_2012_OrderDated_21-8-15.pdf": 5.067724261080383, "Crl.A.140of2005.pdf": 15.20317278324115, "const.p._21_2022_30102023.pdf": 5.067724261080383, "suo_motu_in_court.pdf": 5.067724261080383, "H.R.C._39216_G_2018.pdf": 15.20317278324115, "ConstitutionPetitionNo39of2009.pdf": 5.067724261080383, "Crl.O.P.6of2012.pdf": 10.135448522160766, "Const.P.73of2011.pdf": 5.067724261080383, "C.P._632_2018.pdf": 5.067724261080383, "c.a._1486_2017.pdf": 5.067724261080383}, "kick": {"Const.P._29_2016.pdf": 5.8944028342648505, "crl.a._599_2020_26032021.pdf": 5.8944028342648505, "crl.p._1017_2020.pdf": 17.68320850279455, "Crl.A.140of2005.pdf": 5.8944028342648505, "c.p._1691_l_2018.pdf": 5.8944028342648505, "j.p._355_2018.pdf": 5.8944028342648505, "crl.p._35_q_2017.pdf": 5.8944028342648505}}