{"kihota": {"Const.P.12of2010.pdf": 14.294331605520437, "CJD_Section 2-A_Case_as_on_26_06_2006.pdf": 7.1471658027602185}, "kihoto": {"Const.P.12of2010.pdf": 7.840312983320164}}