{"kiosk": {"S.J.C_347_2018.PDF": 6.741700694652055, "j.p._450_2015.pdf": 6.741700694652055, "C.A._1481_2007.pdf": 87.64210903047672}}