{"klasra": {"Const.P.40of2012-DetailJudgment[UrduTranslation]-dt-3.7.2012.pdf": 6.741700694652055, "Const.P._2_2011.pdf": 6.741700694652055, "const.p.20_2013.pdf": 6.741700694652055}, "klass": {"c.p._2243_l_2019.pdf": 7.840312983320164}, "klasara": {"Const.P.40of2012-DetailJudgment-dt-3.7.2012.pdf": 7.840312983320164}, "klaus": {"C.P.796of2007-dt-10-5-2013.pdf": 6.230875070886063, "c.p._3286_2017.pdf": 24.923500283544254, "c.p._560_k_2019.pdf": 12.461750141772127, "c.a._94_2008.pdf": 56.07787563797457, "c.r.p._432_k_2022.pdf": 6.230875070886063}, "klasson": {"c.p._2222_2019.pdf": 7.1471658027602185, "Crl.A._133_L_2017.pdf": 7.1471658027602185}, "klair": {"c.a._491_2012.pdf": 7.840312983320164}, "klasoon": {"c.p._446_l_2014.pdf": 7.1471658027602185, "c.p._3718_2023.pdf": 7.1471658027602185}}