{"kleinwort": {"C.R.P._49_2016.pdf": 7.1471658027602185, "c.a._1191_2014.pdf": 14.294331605520437}, "kleptocracy": {"NRO_Judgment.pdf": 23.52093894996049}, "kleptocratic": {"NRO_Judgment.pdf": 15.680625966640328}}