{"kline": {"c.p._757_l_2021.pdf": 6.741700694652055, "c.p._1600_2021_dt_25_01_2024.pdf": 6.741700694652055, "C.A._622 _2008.pdf": 6.741700694652055}, "klien": {"const.p._2_2022_14102022.pdf": 7.840312983320164}}