{"kluwer": {"c.p._3286_2017.pdf": 13.48340138930411, "c.a._94_2008.pdf": 6.741700694652055, "c.a._1547_2019.pdf": 6.741700694652055}}