{"kmc": {"report_128_k_2021.pdf": 245.34788232393345, "H.R.C._10_K_2007.pdf": 45.06389675337553, "Const.P._38_2016.pdf": 30.042597835583685, "j.p._587_2016.pdf": 5.007099639263948, "S.M.C._20_2016.pdf": 5.007099639263948, "C.R.P._125_2014.pdf": 30.042597835583685, "const.p._9_2010_27122021.pdf": 115.1632917030708, "const.p._24_2017.pdf": 25.03549819631974, "Crl.M.A_693_2018.pdf": 10.014199278527895, "const.p._9_2010.pdf": 5.007099639263948, "C.R.P.193of2013.pdf": 30.042597835583685, "const.p.37_2012_final.pdf": 15.021298917791842, "C.A._699_2017.pdf": 5.007099639263948, "c.a._73_k_2018.pdf": 15.021298917791842, "C.A._767_2014.pdf": 5.007099639263948, "const.p._9_2010_28122021.pdf": 25.03549819631974, "CJD_Pakistan_Steel_Mills_Case.pdf": 5.007099639263948}, "kmca": {"c.a._17_l_2019.pdf": 7.840312983320164}}