{"kms": {"const.p._24_2017.pdf": 6.454018622200273, "c.p._152_2022.pdf": 6.454018622200273, "C.A._1242_2013.pdf": 6.454018622200273, "C.M.A._8215_2016.pdf": 6.454018622200273}}