{"kn": {"c.a._444_2017.pdf": 13.48340138930411, "c.p._42_2024_25012024.pdf": 6.741700694652055, "C.M.A._8215_2016.pdf": 33.70850347326027}}