{"knell": {"ConstitutionPetitionNo21OF2007.pdf": 6.048553514092109, "c.a._803_2016.pdf": 6.048553514092109, "Const.P.12of2010.pdf": 18.145660542276328, "crp.328-329_2013.pdf": 6.048553514092109, "Const.Petition.24_2011_dt02062011.pdf": 6.048553514092109, "c.p._3813_2019.pdf": 6.048553514092109}, "kneejerk": {"Const.P.12of2010.pdf": 15.680625966640328}, "kneel": {"S.J.C_347_2018.PDF": 15.680625966640328}, "knee": {"H.R.C.19of1996[AsgharKhanCase]DetailedReasonsUrduTranslation.pdf": 5.760871441640328, "H.R.C.19of1996[AsgharKhanCase]DetailedReasons.pdf": 5.760871441640328, "crl.p._324_2020.pdf": 11.521742883280655, "crl.p._916_2020.pdf": 5.760871441640328, "crl.a_413-414_2013_18.02.2014.pdf": 5.760871441640328, "crl.p._1296_l_2013.pdf": 5.760871441640328, "crl.p._207_2023.pdf": 5.760871441640328, "crl.p._1720_2022.pdf": 11.521742883280655}, "kne": {"const.p._64_2013.pdf": 7.840312983320164}}