{"ko": {"c.a._1476_2018_urdu.pdf": 5.643088405983945, "c.p._1193_2020.pdf": 5.643088405983945, "CPs.10-18of2011.pdf": 5.643088405983945, "Crl.P._9-P_2016.pdf": 5.643088405983945, "Const.PetitionNo.77of2010_12.10.2012.pdf": 5.643088405983945, "Const.P.56_2003_U_dt_8-9-2015.pdf": 5.643088405983945, "Crl.O.P.89of2011.pdf": 5.643088405983945, "C.M.A._376-K_2014.pdf": 5.643088405983945, "c.p._258_2017.pdf": 5.643088405983945}}