{"koer": {"C.A._110_L_2013.pdf": 7.1471658027602185, "C.P._4876_2018.pdf": 28.588663211040874}, "koen": {"c.a._140_l_2015.pdf": 7.840312983320164}, "koeri": {"c.a._2121_2017.pdf": 7.840312983320164}}