{"kohli": {"Const.P.127of2012.pdf": 32.270093111001366, "Const.PetitionNo.77of2010_12.10.2012.pdf": 12.908037244400546, "Const.P.30of2013.pdf": 6.454018622200273, "ICA3,4,6TO11of2011dt2011.04.pdf": 6.454018622200273}, "koh": {"c.p._1193_2020.pdf": 7.840312983320164}, "kohinoor": {"C.R.P._49_2016.pdf": 5.275363625858628, "C.A._1084_2008.pdf": 21.10145450343451, "c.a._1518_2013.pdf": 5.275363625858628, "c.r.p._421_2020.pdf": 15.826090877575883, "c.a.1540-1599_2013.pdf": 10.550727251717255, "c.p._1591_l_2017.pdf": 5.275363625858628, "c.a._1113_2017_dissenting_note.pdf": 5.275363625858628, "c.a._1113_2017.pdf": 5.275363625858628, "C.A._2148_2016_dt_4-4-2018.pdf": 10.550727251717255, "c.p._2459_2017.pdf": 5.275363625858628, "C.A.876-879of2005.pdf": 5.275363625858628, "C.A._1049_2011.pdf": 5.275363625858628, "c.p._2447_l_2022.pdf": 5.275363625858628}, "kohat": {"Const.P._134_2012.pdf": 12.168370048205709, "Const.P_6of2011.pdf": 4.056123349401903, "Ref.01_2012_addl.note_HJ.ejaz_afzal_khan.pdf": 4.056123349401903, "c.a._95_p_2014.pdf": 8.112246698803807, "c.m.a._5602_2021.pdf": 8.112246698803807, "const.p.1_ 2012_etc.pdf": 20.280616747009518, "c.a._315_2022.pdf": 4.056123349401903, "c.m.a._4821_2018_15112021.pdf": 4.056123349401903, "c.a._1414_2021.pdf": 4.056123349401903, "c.m.a._4821_2018_13102021.pdf": 12.168370048205709, "c.p._44_2019.pdf": 4.056123349401903, "c.a._1833_2019.pdf": 12.168370048205709, "c.m.a._4821_2018.pdf": 8.112246698803807, "const.p.37_2012_final.pdf": 16.224493397607613, "c.r.p._421_2020.pdf": 4.056123349401903, "C.A._1122_2013.pdf": 4.056123349401903, "C.A._654_2010.pdf": 8.112246698803807, "c.p._1418_2023 .pdf": 20.280616747009518, "c.p._2314_2022_dn.pdf": 8.112246698803807, "c.p._4635_2018.pdf": 36.50511014461713, "c.a._513_2014.pdf": 4.056123349401903, "C.A.269_ETC_OF_2011.pdf": 16.224493397607613, "c.a._174_2012.pdf": 8.112246698803807, "C.R.P._210_2015.pdf": 4.056123349401903, "Crl.A._52_P_2009.pdf": 4.056123349401903, "C.A.39_2010.pdf": 8.112246698803807, "c.a._139_p_2013.pdf": 8.112246698803807, "c.a._1113_2017.pdf": 8.112246698803807, "crl.p._1205_2019.pdf": 4.056123349401903, "crl.p._1246_2019.pdf": 8.112246698803807, "j.p._614_2016.pdf": 8.112246698803807, "C.A._2148_2016_dt_4-4-2018.pdf": 4.056123349401903, "crl.p._83_p_2013.pdf": 4.056123349401903, "Crl.P._140_P_2014.pdf": 4.056123349401903, "Const.P._134_2012_21012019.pdf": 12.168370048205709, "C.A._1023_2016.pdf": 8.112246698803807, "C.A._1459_2018.pdf": 4.056123349401903, "C.P._3095_2017.pdf": 20.280616747009518, "Crl.A._218_2015.pdf": 4.056123349401903, "c.p._1066_2022.pdf": 36.50511014461713, "CMA3258of2013inCP65of09DetailOrder.pdf": 4.056123349401903, "C.R.P._247_ 2011.pdf": 12.168370048205709, "c.a._231_2020.pdf": 4.056123349401903, "Crl.A._12-P_2011.pdf": 12.168370048205709}, "kohla": {"Const.P_6of2011.pdf": 7.840312983320164}, "kohlu": {"C.A._704_2017.pdf": 12.097107028184219, "const.p.1_ 2012_etc.pdf": 18.145660542276328, "const.p.115_2011.pdf": 24.194214056368438, "const.p.37_2012_final.pdf": 30.242767570460547, "c.a._17_q_2021.pdf": 6.048553514092109, "crl.a.264_2006.pdf": 6.048553514092109}, "kohistan": {"C.M.A.2371of2012dt[07-06-2012].pdf": 29.472014171324254, "c.a._353_2010.pdf": 5.8944028342648505, "const.p.37_2012_final.pdf": 23.577611337059402, "J.P.No.56of2005.pdf": 5.8944028342648505, "C.A.800Lof2013etc.pdf": 5.8944028342648505, "C.A._1023_2016.pdf": 288.8257388789777, "CPs987-989OF2011-DT19.10.2011.pdf": 11.788805668529701}, "kohler": {"const.p._2_2022_14102022.pdf": 7.840312983320164}, "kohisar": {"c.p._490_k_2020.pdf": 7.1471658027602185, "Crl.A._210_2015.pdf": 7.1471658027602185}, "kohsar": {"Crl.A._210_2015.pdf": 14.294331605520437, "crl.p._225_2023.pdf": 7.1471658027602185}, "kohna": {"C.A._1219_2014.pdf": 7.840312983320164}, "kohluhas": {"const.p.37_2012_final.pdf": 7.840312983320164}, "kohay": {"const.p.37_2012_final.pdf": 7.840312983320164}, "koharee": {"C.A.2234and2235of2005-dt-31-8-2013.pdf": 7.840312983320164}}