{"kokab": {"Const.P._56_2003_E_dt_3-9-15.pdf": 6.048553514092109, "Ref.01_2012_addl.note_HJ.ejaz_afzal_khan.pdf": 6.048553514092109, "C.A._353_2015.pdf": 6.048553514092109, "C.P._1088_2016.pdf": 6.048553514092109, "const.p.9_2014_detail_reasons.pdf": 6.048553514092109, "hrc.14392_2013.pdf": 6.048553514092109}, "koklass": {"Crl.O.P_57_2015.pdf": 7.840312983320164}, "kokota": {"Urdu-Const.P-77-2010-12.10.2012.pdf": 15.680625966640328}, "kokhti": {"HRC7734-G_1003-GOF2009[UrduTranslation].pdf": 7.840312983320164}, "kokb": {"Const.P.56_2003_U_dt_8-9-2015.pdf": 7.840312983320164}}