{"kommer": {"const.p._2_2022_14102022.pdf": 7.840312983320164}, "komal": {"c.p._329_k_2022.pdf": 7.840312983320164}, "kompetenz": {"c.a._1547_2019.pdf": 15.680625966640328}}