{"kong": {"Const.P.12of2010.pdf": 11.521742883280655, "c.p._1274_l_2013.pdf": 5.760871441640328, "c.p._323_l_2014.pdf": 5.760871441640328, "C.A._157_K_2016.pdf": 5.760871441640328, "c.p.1795_2022.pdf": 5.760871441640328, "C.A._552_2015.pdf": 11.521742883280655, "c.a._1547_2019.pdf": 34.56522864984197, "C.A._622 _2008.pdf": 11.521742883280655}, "kono": {"HRC7734-G_1003-GOF2009[UrduTranslation].pdf": 7.840312983320164}, "koneur": {"c.a._982_2018_19022024.pdf": 7.840312983320164}, "konish": {"c.a._547_2012.pdf": 227.36907651628476}, "konkar": {"C.M.A._376-K_2014.pdf": 35.735829013801094, "c.m.a._8758_2018.pdf": 7.1471658027602185}, "konker": {"C.M.A._376-K_2014.pdf": 7.840312983320164}, "kondala": {"JR_Varan_Case.pdf": 7.840312983320164}, "konkan": {"c.a._1547_2019.pdf": 7.840312983320164}}