{"kooi": {"crl.p._883_l_2022_urdu.pdf": 7.840312983320164}, "koolsom": {"C.A._2133_2006.pdf": 7.840312983320164}, "koorikadam": {"c.p._1550_2017.pdf": 7.840312983320164}}