{"korean": {"ConstitutionPetitionNo21OF2007.pdf": 7.1471658027602185, "Const.P.5and15-HRC14144-DetailedReasons.pdf": 7.1471658027602185}, "kori": {"Const.P_6of2011.pdf": 7.840312983320164}, "korang": {"Const.P_6of2011.pdf": 7.840312983320164}, "korangi": {"Const.P._38_2016.pdf": 15.20317278324115, "S.M.C.16of2011dt.4.4.2013.pdf": 5.067724261080383, "smc.18_2010_final.pdf": 5.067724261080383, "S.M.C.18OF2010.pdf": 5.067724261080383, "SMC16of2011_detailed_judgment.pdf": 20.270897044321533, "HRC7734-G_1003-GOF2009[UrduTranslation].pdf": 5.067724261080383, "HRC7734-G_1003-GOF2009[AllegedCorruptionInRentalPowerPlants].pdf": 5.067724261080383, "const.p._9_2010_27122021.pdf": 25.338621305401915, "c.a._639_2014.pdf": 5.067724261080383, "c.p._283_k_2020.pdf": 5.067724261080383, "ca411to414of2013.pdf": 5.067724261080383, "const.p._9_2010.pdf": 20.270897044321533, "const.p._9_2010_28122021.pdf": 20.270897044321533, "crl.p._13_k_2023.pdf": 5.067724261080383, "c.a._506_2011.pdf": 5.067724261080383, "CMA3258of2013inCP65of09DetailOrder.pdf": 5.067724261080383}, "korea": {"NRO_Judgment.pdf": 5.8944028342648505, "Const.P.12of2010.pdf": 5.8944028342648505, "Const.P.12of2010Urdu.pdf": 11.788805668529701, "SMC16of2011_detailed_judgment.pdf": 5.8944028342648505, "c.a._1089_2015.pdf": 5.8944028342648505, "SMCNo25of2009.pdf": 5.8944028342648505, "Const.P.5and15-HRC14144-DetailedReasons.pdf": 5.8944028342648505}, "korai": {"C.R.P._125_2014.pdf": 20.225102083956166, "Crl.O.P.89of2011.pdf": 6.741700694652055, "C.R.P.193of2013.pdf": 20.225102083956166}, "koral": {"crl.p._849_2019.pdf": 13.48340138930411, "crl.p._1617_2022.pdf": 6.741700694652055, "crl.p._419_2020.pdf": 6.741700694652055}, "kortri": {"Const.P.NO.62OF2010_orderdt06062011.pdf": 7.840312983320164}, "koranic": {"CJD_Reference by_the_President_of_Pakistan_under_Article_186.pdf": 7.840312983320164}, "korkontzila": {"c.p._1057_2019.pdf": 7.840312983320164}, "koronadal": {"C.A._461_2014.pdf": 15.680625966640328}, "korjia": {"C.A._1219_2014.pdf": 7.840312983320164}, "korejo": {"Const.P.No.1_2013_order_dated_10.01.2013.pdf": 7.840312983320164}, "koreshi": {"C.P._816_2009.pdf": 7.1471658027602185, "C.P._816-L_2009.pdf": 7.1471658027602185}, "koreja": {"cas_727-730_777_778_2014_etc.pdf": 7.840312983320164}}