{"kosher": {"Const.P._29_2016.pdf": 7.840312983320164}, "kosovo": {"const.p._39_16122019.pdf": 7.1471658027602185, "const.p._39_2019.pdf": 7.1471658027602185}, "koshti": {"C.A.800Lof2013etc.pdf": 23.52093894996049}, "koshy": {"CMA2745of2009etc.pdf": 7.840312983320164}}