{"kourejo": {"Const.P.127of2012.pdf": 15.680625966640328}, "koura": {"C.A._1084_2008.pdf": 7.1471658027602185, "c.p._2447_l_2022.pdf": 7.1471658027602185}, "kousar": {"crl.p._445_l_2020.pdf": 6.454018622200273, "c.p._1831_2017.pdf": 12.908037244400546, "Crl.A._298_L_2017.pdf": 19.36205586660082, "crl.p._1152_2020.pdf": 6.454018622200273}, "koural": {"c.a._81_k_2022.pdf": 7.1471658027602185, "CJD_Section 2-A_Case_as_on_26_06_2006.pdf": 14.294331605520437}, "koukab": {"c.p._1319_2020.pdf": 7.840312983320164}, "kouro": {"crl.p._172_2020.pdf": 7.840312983320164}}