{"kowkab": {"Const.P._56_2003_E_dt_3-9-15.pdf": 20.225102083956166, "18TH_AMENDMENT_ORDER.pdf": 13.48340138930411, "c.a._1095_2018_13092019.pdf": 6.741700694652055}, "kowtow": {"Const.P.12of2010.pdf": 7.840312983320164}, "kowasjee": {"Const.P.5of2013.pdf": 7.840312983320164}}