{"kpi": {"c.a._749_2021.pdf": 35.735829013801094, "C.P._1247_2016.pdf": 7.1471658027602185}}