{"kpmtiat": {"c.a._1474_2021.pdf": 7.840312983320164}, "kpmg": {"Const.P._38_2016_2.pdf": 7.840312983320164}}