{"kppsc": {"ca.a_239_2020.pdf": 11.521742883280655, "c.a._240_2020.pdf": 5.760871441640328, "c.a._249_2020.pdf": 40.326100091482296, "c.a._232_2020.pdf": 11.521742883280655, "c.a._258_2020.pdf": 5.760871441640328, "c.a._290_2022.pdf": 69.13045729968394, "c.a._268_2020.pdf": 5.760871441640328, "c.a._231_2020.pdf": 5.760871441640328}}