{"kpt": {"H.R.C._10_K_2007.pdf": 5.760871441640328, "Const.P._38_2016.pdf": 28.804357208201637, "H.R.C.19of1996[AsgharKhanCase]DetailedReasonsUrduTranslation.pdf": 5.760871441640328, "H.R.C.19of1996[AsgharKhanCase]DetailedReasons.pdf": 5.760871441640328, "c.p._302_2019.pdf": 5.760871441640328, "smc.16of2011.pdf": 5.760871441640328, "smc_16_23.06.2014.pdf": 17.282614324920985, "C.P._661_K_2015.pdf": 23.04348576656131}}