{"krak": {"c.a._371_2020.pdf": 7.840312983320164}, "kray": {"HRC7734-G_1003-GOF2009[UrduTranslation].pdf": 7.840312983320164}, "kraf": {"S.M.C._ 26_2007_30062018.pdf": 7.1471658027602185, "S.M.C._26_2007_04072018.pdf": 7.1471658027602185}, "krachi": {"c.p._414_2021.pdf": 7.840312983320164}, "kraft": {"c.a._2092_2019.pdf": 15.680625966640328}, "kraipak": {"CMA2745of2009etc.pdf": 7.840312983320164}, "krakow": {"c.r.p._432_k_2022.pdf": 7.840312983320164}}