{"krishna": {"Const.P.127of2012.pdf": 13.986777458916656, "crl.s.m.r.p._84_2018.pdf": 4.662259152972219, "C.A._3_2018_dt-14-9-2018.pdf": 13.986777458916656, "Const.P.12of2010.pdf": 4.662259152972219, "smc.18_2010_final.pdf": 9.324518305944437, "C.A._3_2018.pdf": 13.986777458916656, "H.R.C.19of1996[AsgharKhanCase]DetailedReasonsUrduTranslation.pdf": 4.662259152972219, "H.R.C.19of1996[AsgharKhanCase]DetailedReasons.pdf": 4.662259152972219, "Const.P.77-78-79 [Memogate]DetailedOrder.pdf": 4.662259152972219, "const.p._24_2017.pdf": 4.662259152972219, "c.a._446_2021.pdf": 4.662259152972219, "i.c.a._1_2024_15032024.pdf": 4.662259152972219, "C.A._2564_2001.pdf": 9.324518305944437, "c.a._1095_2018_13092019.pdf": 4.662259152972219, "C.A._1890_2002.pdf": 4.662259152972219, "const.p._24_2023_f.pdf": 4.662259152972219, "CMA2745of2009etc.pdf": 9.324518305944437, "c.a._1498_2018.pdf": 4.662259152972219, "JR_Varan_Case.pdf": 4.662259152972219, "c.r.p._310_2018.pdf": 4.662259152972219, "c.r.p._432_k_2022.pdf": 4.662259152972219, "JR_Fecto_Belarus_Tractor_Limited_Case.pdf": 9.324518305944437, "CPs987-989OF2011-DT19.10.2011.pdf": 4.662259152972219, "c.a._142_2019.pdf": 4.662259152972219}, "krishan": {"Const.P.127of2012.pdf": 6.454018622200273, "c.a._1113_2017_dissenting_note.pdf": 6.454018622200273, "crl.p_1124_l_2015.pdf": 6.454018622200273, "c.a._1113_2017.pdf": 19.36205586660082}, "krishnaiah": {"Const.P.30of2013.pdf": 7.840312983320164}, "krishnaswami": {"c.p._2144_l_2011.pdf": 7.840312983320164}, "kristo": {"crl.p._230_2019.pdf": 7.840312983320164}, "krimov": {"JR_Detailed_Judgment_in_Referendum_Case.pdf": 7.840312983320164}, "krishnan": {"Const.Petition.24_2011_dt02062011.pdf": 14.294331605520437, "Const.P.50-69of2011.pdf": 7.1471658027602185}, "krishnaji": {"c.p._1159_2019.pdf": 7.1471658027602185, "C.A._510_2012.pdf": 7.1471658027602185}, "krishi": {"c.a._1113_2017.pdf": 7.840312983320164}, "kristmaswami": {"Crl.P._100_2017.pdf": 7.840312983320164}}