{"krl": {"C.A._654_2010.pdf": 7.1471658027602185, "CJD_Section 2-A_Case_as_on_26_06_2006.pdf": 7.1471658027602185}}