{"kropp": {"Const.P.No.33and34of2005-dt-27-6-2013.pdf": 7.840312983320164}, "kronke": {"c.a._1547_2019.pdf": 7.840312983320164}}