{"krushna": {"c.p._3436_l_2022.pdf": 7.840312983320164}, "kruy": {"c.p._2459_2017.pdf": 7.840312983320164}, "kruddson": {"C.A._1475_2007.PDF": 7.840312983320164}}