{"ksa": {"Crl.O.P._59_2015.pdf": 25.816074488801092, "C.A.800Lof2013etc.pdf": 32.270093111001366, "Const.P.39-2103.pdf": 6.454018622200273, "Crl.P._1099_2016.pdf": 25.816074488801092}}