{"ksrtc": {"Const.P.87of2011[UrduVersion].pdf": 7.1471658027602185, "Const.P.87of2011.pdf": 7.1471658027602185}, "ksr": {"c.p._2243_l_2019.pdf": 15.680625966640328}}