{"kuala": {"Const.P._2_2011.pdf": 7.840312983320164}, "kuari": {"const.p._21_2023_11082023.pdf": 7.840312983320164}, "kuar": {"c.a._1877_2016_dt_24_01_2024.pdf": 7.840312983320164}}