{"kubdani": {"Const.PetitionNo.77of2010_12.10.2012.pdf": 7.840312983320164}, "kubra": {"c.p._2210_l_2020.pdf": 7.840312983320164}}