{"kudira": {"Urdu-Const.P-77-2010-12.10.2012.pdf": 7.840312983320164}, "kudarat": {"C.A._461_2014.pdf": 7.840312983320164}, "kudumban": {"C.A._1149_2015.pdf": 7.840312983320164}, "kudni": {"CJD_Section 2-A_Case_as_on_26_06_2006.pdf": 7.840312983320164}}