{"kulsum": {"H.R.C._10_K_2007.pdf": 7.1471658027602185, "Const.P_6of2011.pdf": 14.294331605520437}, "kulsoom": {"Const.P._29_2016.pdf": 26.96680277860822, "c.m.a._284_281.pdf": 13.48340138930411, "c.p._1965_2019.pdf": 6.741700694652055}, "kulu": {"H.R.C.19of1996[AsgharKhanCase]DetailedReasonsUrduTranslation.pdf": 7.840312983320164}, "kuldeep": {"S.M.C.18OF2010.pdf": 7.840312983320164}, "kulshreshtha": {"c.p._3429_2021.pdf": 7.1471658027602185, "c.p._3747_2023.pdf": 7.1471658027602185}, "kulbhushan": {"const.p._24_2023_an_10012024_r.pdf": 7.1471658027602185, "const.p._24_2023_f.pdf": 7.1471658027602185}, "kulla": {"C.M.A._6250_2018.PDF": 7.840312983320164}, "kuldip": {"reference_1_2020.pdf": 23.52093894996049}}