{"kusten": {"c.a._1121_2018.pdf": 7.840312983320164}, "kushal": {"c.a._664_k_2017.pdf": 35.735829013801094, "c.p._2913_2021.pdf": 7.1471658027602185}, "kusumben": {"CJD_Pakistan_Steel_Mills_Case.pdf": 7.840312983320164}}