{"kwait": {"c.p._852_2020.pdf": 7.840312983320164}, "kwan": {"S.M.C.24of2010[urdu-version].pdf": 7.1471658027602185, "smc_1_2014.pdf": 7.1471658027602185}}