{"kwh": {"C.M.A.No.3685of2012-dt-17-1-2013.pdf": 13.48340138930411, "HRC7734-G_1003-GOF2009[UrduTranslation].pdf": 289.89312987003836, "HRC7734-G_1003-GOF2009[AllegedCorruptionInRentalPowerPlants].pdf": 289.89312987003836}}