{"kwsb": {"H.R.C._10_K_2007.pdf": 5.537727890326118, "Const.P._38_2016.pdf": 182.7450203807619, "C.R.P._125_2014.pdf": 38.76409523228283, "Crl.O.P.89of2011.pdf": 11.075455780652236, "const.p._9_2010_27122021.pdf": 11.075455780652236, "const.p._9_2010.pdf": 5.537727890326118, "C.R.P.193of2013.pdf": 38.76409523228283, "const.p._9_2010_28122021.pdf": 5.537727890326118, "c.a._1113_2017.pdf": 5.537727890326118, "Const.P.57 _2016.pdf": 5.537727890326118}}