{"laff": {"C.P._45_2015.pdf": 7.840312983320164}, "lafa": {"c.a._781_2017.pdf": 7.840312983320164}, "laffoy": {"C.A.800Lof2013etc.pdf": 7.840312983320164}}