{"laiq": {"ConstitutionPetitionNo21OF2007.pdf": 5.275363625858628, "crl.p._632_2021.pdf": 5.275363625858628, "crl.p._342_2018.pdf": 5.275363625858628, "crl.p._231_2020.pdf": 5.275363625858628, "crl.p._105_k_2020.pdf": 10.550727251717255, "crl.p._1228_2020.pdf": 5.275363625858628, "C.P._842_2016.pdf": 5.275363625858628, "c.a._20_2014.pdf": 10.550727251717255, "crl.p_1124_l_2015.pdf": 5.275363625858628, "crl.p._475_2022.pdf": 5.275363625858628, "crl.p._245_2023.pdf": 5.275363625858628, "S.M.C.16of2011dt-22-3-2013.pdf": 5.275363625858628, "crl.p._1145_l_2020.pdf": 5.275363625858628}, "laissez": {"Const.P.105-2012-eng-urd.PDF": 13.48340138930411, "c.p._1057_2019.pdf": 6.741700694652055, "Const.P.59of2011.pdf": 6.741700694652055}, "laird": {"Const.P.12of2010.pdf": 7.1471658027602185, "c.a._371_2020.pdf": 7.1471658027602185}, "laisa": {"Const.P.12of2010.pdf": 7.840312983320164}, "laikin": {"Const.P._29_2016.pdf": 7.840312983320164}, "laise": {"c.a._371_2020.pdf": 7.840312983320164}, "laif": {"SMC16of2011_detailed_judgment.pdf": 7.840312983320164}, "laiddown": {"c.a._1444_2013.pdf": 6.048553514092109, "c.a._1227_2016.pdf": 6.048553514092109, "C.P._1885_2017.pdf": 6.048553514092109, "C.P._423_K_2015.pdf": 6.048553514092109, "C.P._423-K_2015.pdf": 6.048553514092109, "Crl.P._751_2017.pdf": 6.048553514092109}, "lai": {"const.p.115_2011.pdf": 7.840312983320164}, "laila": {"C.P._4876_2018.pdf": 154.89644693280655, "c.m.a._3492_2022.pdf": 32.270093111001366, "c.r.p.557_2022_02sept2023.pdf": 19.36205586660082, "c.p._2414_l_2015.pdf": 12.908037244400546}, "lair": {"c.p._4703_2017.pdf": 7.840312983320164}, "lain": {"c.a._26_2015l.pdf": 7.1471658027602185, "crl.a._506_2020.pdf": 21.441497408280654}, "laiqzada": {"crl.p._145_l_2021.pdf": 7.840312983320164}, "lairg": {"S.M.C._7_2017_06022019.pdf": 7.840312983320164}}