{"lajij": {"c.a._801_2021.pdf": 7.840312983320164}, "lajya": {"crl.p._46_p_2016.pdf": 7.840312983320164}}