{"lavish": {"c.a._1476_2018_urdu.pdf": 7.840312983320164}, "lavishly": {"Crl.O.P_57_2015.pdf": 7.840312983320164}, "lavan": {"C.A.800Lof2013etc.pdf": 7.840312983320164}, "lavatory": {"C.A._800_2011.pdf": 7.840312983320164}}