{"lazy": {"Const.P.87of2011[UrduVersion].pdf": 7.1471658027602185, "Const.P.5of2013.pdf": 7.1471658027602185}, "laziness": {"crl.a._398_2020.pdf": 7.1471658027602185, "c.a._179_2016.pdf": 7.1471658027602185}, "lazard": {"reference._2_2022.pdf": 15.680625966640328}, "lazarus": {"C.P._1707_2018.pdf": 7.840312983320164}}