{"lbid": {"c.a._982_2018_19022024.pdf": 6.048553514092109, "c.p._2045_2019.pdf": 12.097107028184219, "c.p._42_2024_25012024.pdf": 18.145660542276328, "c.m.a._3932_2023.pdf": 6.048553514092109, "c.m.a._490_2021_20022021.pdf": 6.048553514092109, "c.a._1547_2019.pdf": 18.145660542276328}}