{"lcd": {"crl.a._184_2020.pdf": 14.294331605520437, "c.a._1295_2019.pdf": 7.1471658027602185}}