{"ld": {"Const.P.127of2012.pdf": 5.355406333532164, "Const.P.31of2011etc.pdf": 5.355406333532164, "C.A._90_2011_UrduVersion.pdf": 5.355406333532164, "Const.P.87of2011[UrduVersion].pdf": 5.355406333532164, "H.R.C.19of1996[AsgharKhanCase]DetailedReasonsUrduTranslation.pdf": 5.355406333532164, "H.R.C.19of1996[AsgharKhanCase]DetailedReasons.pdf": 5.355406333532164, "Const.P.5of2013.pdf": 5.355406333532164, "c.p._2547_2019.pdf": 5.355406333532164, "i.c.a._1_2024_15032024.pdf": 5.355406333532164, "c.a._982_2018_19022024.pdf": 5.355406333532164, "i.c.a._1_2024_1502024_an.pdf": 5.355406333532164, "c.a._982_2018_19022024_2.pdf": 5.355406333532164}}