{"lda": {"c.r.p._292_2021_sacked_employees.pdf": 18.99708211984739, "c.p._2243_l_2019.pdf": 56.991246359542174, "S.M.C._01_2010.pdf": 33.244893709732935, "const.p._24_2017.pdf": 37.99416423969478, "C.A._1519_2013.pdf": 66.48978741946587, "c.a._353_2010.pdf": 18.99708211984739, "c.p._1290_l_2019.pdf": 4.749270529961848, "C.P._1195_2019.pdf": 28.495623179771087, "C.A._2564_2001.pdf": 4.749270529961848, "c.a._982_2018_19022024.pdf": 9.498541059923696, "const.p._21_2022_30102023.pdf": 9.498541059923696, "c.p._2021_l_2015.pdf": 4.749270529961848, "C.A._167-Q_2005.pdf": 9.498541059923696, "const.p._6_2023_dt_05_01_2023.pdf": 4.749270529961848, "c.p._4835_2019.pdf": 4.749270529961848, "c.a._982_2018_19022024_2.pdf": 9.498541059923696, "smc.16of2011.pdf": 9.498541059923696, "c.a._152_l_2010.pdf": 33.244893709732935, "SMCNo25of2009.pdf": 4.749270529961848, "c.p._1948_l_2021.pdf": 4.749270529961848, "C.M.A._8215_2016.pdf": 52.241975829580326, "C.A._545_2015.pdf": 28.495623179771087}}