{"ldc": {"c.a._617_2020.pdf": 7.1471658027602185, "c.a._551_2020.pdf": 114.3546528441635}}