{"ldr": {"C.P._1598_2016.pdf": 7.1471658027602185, "Const.P.22of2013.pdf": 7.1471658027602185}}