{"lebanese": {"SMC16of2011_detailed_judgment.pdf": 14.294331605520437, "CP778-779.pdf": 7.1471658027602185}, "lebanon": {"crl.a._95_2019.pdf": 6.741700694652055, "const.p._24_2023_an_10012024_r.pdf": 6.741700694652055, "const.p._24_2023_f.pdf": 6.741700694652055}, "leboulanger": {"c.a._1547_2019.pdf": 15.680625966640328}}