{"lecturer": {"Const.P_6of2011.pdf": 5.442417710521793, "c.p._2119_2018.pdf": 5.442417710521793, "c.a._754_2020.pdf": 38.09692397365255, "c.p._4424_2021.pdf": 5.442417710521793, "c.a._902_2020.pdf": 5.442417710521793, "c.p._3107_2018.pdf": 10.884835421043586, "C.P._1958_2016.pdf": 16.327253131565378, "c.p._448_p_2017.pdf": 16.327253131565378, "c.p._2913_2021.pdf": 5.442417710521793, "C.A._845_2010.pdf": 5.442417710521793, "c.a._1546_2019.pdf": 5.442417710521793}, "lecture": {"Const.P.12of2010.pdf": 17.282614324920985, "Const.PetitionNo.77of2010_12.10.2012.pdf": 5.760871441640328, "REVIEW_P_46&47_2011_full.pdf": 5.760871441640328, "CJD_Reference by_the_President_of_Pakistan_under_Article_186.pdf": 5.760871441640328, "Crl.M.A_183_2019.pdf": 5.760871441640328, "c.a._1833_2019.pdf": 5.760871441640328, "c.p._2916_2019.pdf": 5.760871441640328, "Const.P._134_2012_21012019.pdf": 5.760871441640328}, "lectioni": {"c.a._371_2020.pdf": 7.840312983320164}, "lechnique": {"c.p._1057_2019.pdf": 7.840312983320164}, "lection": {"C.P._3181_2015.pdf": 7.840312983320164}}