{"ledger": {"crl.a._599_2020_26032021.pdf": 6.454018622200273, "crl.p._149_k_2020.pdf": 6.454018622200273, "c.p._3263_2022.pdf": 19.36205586660082, "c.p._4980_2021.pdf": 12.908037244400546}, "led": {"H.R.C._3654_2018.pdf": 7.840312983320164}}