{"leeway": {"C.R.P._49_2016.pdf": 5.760871441640328, "s.m.c._1_2022_detailed.pdf": 5.760871441640328, "smc_1_2014.pdf": 5.760871441640328, "c.p._419_2019.pdf": 5.760871441640328, "c.r.p._292_2021_detailed.pdf": 5.760871441640328, "s.m.c._1_2023_12062023.pdf": 5.760871441640328, "c.a._491_2012.pdf": 5.760871441640328, "c.p._389_2022.pdf": 5.760871441640328}, "lee": {"S.M.C._20_2016.pdf": 5.442417710521793, "crl.p._883_l_2022_urdu.pdf": 10.884835421043586, "S.M.C.24of2010[urdu-version].pdf": 5.442417710521793, "CJD_Reference by_the_President_of_Pakistan_under_Article_186.pdf": 5.442417710521793, "c.a._71_p_2014_urdu.pdf": 5.442417710521793, "crl.a._531_2019.pdf": 5.442417710521793, "crl.p._1371_2016.pdf": 5.442417710521793, "c.a._21_2021.pdf": 5.442417710521793, "const.p._17_2019_detailed_reasoning.pdf": 5.442417710521793, "C.A._1793_2016.pdf": 5.442417710521793, "CPs987-989OF2011-DT19.10.2011.pdf": 10.884835421043586}, "leela": {"c.m.a._5602_2021.pdf": 7.1471658027602185, "c.m.a._4821_2018.pdf": 7.1471658027602185}, "leena": {"c.a._513_2014.pdf": 7.840312983320164}, "leed": {"c.p._803_2019.pdf": 7.840312983320164}}