{"leftover": {"ConstitutionPetitionNo21OF2007.pdf": 6.048553514092109, "CJD_Reference by_the_President_of_Pakistan_under_Article_186.pdf": 6.048553514092109, "c.a._415_2018.pdf": 6.048553514092109, "const.p.115_2011.pdf": 6.048553514092109, "c.a._1476_2018.pdf": 6.048553514092109, "c.p._189_q_2017.pdf": 42.33987459864477}, "lefebvre": {"c.p._3347_2021.pdf": 7.840312983320164}}