{"leisure": {"Const.P._50_2018.pdf": 5.8944028342648505, "Const.P.77-78-79 [Memogate]DetailedOrder.pdf": 5.8944028342648505, "HRC7734-G_1003-GOF2009[AllegedCorruptionInRentalPowerPlants].pdf": 5.8944028342648505, "c.a._639_2014.pdf": 5.8944028342648505, "c.p._419_2020.pdf": 5.8944028342648505, "c.p._5620_2021.pdf": 5.8944028342648505, "c.p._1824_2019.pdf": 5.8944028342648505}, "leisurely": {"c.a._608_2021.pdf": 7.1471658027602185, "C.P._632_2018.pdf": 7.1471658027602185}, "leigh": {"Crl.M.A_693_2018.pdf": 7.840312983320164}, "leipsic": {"S.M.C._03_2017.pdf": 7.840312983320164}}