{"lejzor": {"Crl.A._479_2015.pdf": 6.741700694652055, "j.p._147_2016.pdf": 6.741700694652055, "Crl.A._115_2013.pdf": 6.741700694652055}, "lej": {"S.M.C.16of2011dt.4.4.2013.pdf": 7.1471658027602185, "Const.P.77of2010_dt_27-8-2013.pdf": 7.1471658027602185}}