{"lekin": {"Const.P._29_2016.pdf": 7.840312983320164}, "lekhu": {"c.p._4296_2019.pdf": 7.840312983320164}}