{"lela": {"c.p._1193_2020.pdf": 7.840312983320164}, "lella": {"Crl.M.A.No.486of2010-dt-26-6-2013.pdf": 7.840312983320164}}