{"lemani": {"CPs.10-18of2011.pdf": 7.840312983320164}, "lemley": {"s.m.c._1_2023_27032023.pdf": 23.52093894996049}}