{"leon": {"Const.P._134_2012.pdf": 6.454018622200273, "c.r.p._296_2020_04022022.pdf": 6.454018622200273, "const.p._17_2019_detailed_reasoning.pdf": 6.454018622200273, "Const.P._134_2012_21012019.pdf": 6.454018622200273}, "leopard": {"Crl.O.P_57_2015.pdf": 15.680625966640328}, "leo": {"c.m.a._5602_2021.pdf": 6.230875070886063, "c.p._3506_2020.pdf": 6.230875070886063, "c.m.a._4821_2018.pdf": 6.230875070886063, "c.m.a._4821_2018_14012022.pdf": 6.230875070886063, "C.M.A._8215_2016.pdf": 6.230875070886063}, "leonard": {"c.p._42_2024_25012024.pdf": 7.840312983320164}, "leong": {"C.P._661_K_2015.pdf": 23.52093894996049}}