{"lewis": {"c.a._1476_2018_urdu.pdf": 6.048553514092109, "Const.P.77of2012[DetailedOrderFinal].pdf": 6.048553514092109, "C.P._2093_2015.pdf": 6.048553514092109, "c.a._1476_2018.pdf": 6.048553514092109, "CMA2745of2009etc.pdf": 6.048553514092109, "c.p._448_p_2017.pdf": 12.097107028184219}, "lewahir": {"c.a._307_2017.pdf": 7.840312983320164}, "lewison": {"c.a._1280_2019.pdf": 15.680625966640328}, "lewisham": {"c.p._2717_l_2015.pdf": 7.840312983320164}}