{"lex": {"Const.P.127of2012.pdf": 9.08895223463167, "JR_Judgment_on_Legal_Framework_Order_2002.pdf": 4.544476117315835, "NRO_Judgment.pdf": 4.544476117315835, "Const.P.12of2010.pdf": 22.722380586579174, "Const.P.12of2010Urdu.pdf": 4.544476117315835, "smc.18_2010_final.pdf": 4.544476117315835, "H.R.C.19of1996[AsgharKhanCase]DetailedReasonsUrduTranslation.pdf": 9.08895223463167, "H.R.C.19of1996[AsgharKhanCase]DetailedReasons.pdf": 9.08895223463167, "C.P.796of2007-dt-10-5-2013.pdf": 4.544476117315835, "JR_Judgment_on_17th_Amendmend_and_Presidents_Uniform_Case.pdf": 4.544476117315835, "JR_Detailed_Judgment_in_Referendum_Case.pdf": 4.544476117315835, "C.A._1560_2008.pdf": 45.44476117315835, "JR_Constitution_Petition_No._15_17-24_and_512_of_2002.pdf": 4.544476117315835, "CONST.P.9OF2009.pdf": 9.08895223463167, "c.p._1775_2022.pdf": 4.544476117315835, "Const.P._29_2017.pdf": 4.544476117315835, "c.a._140_l_2015.pdf": 4.544476117315835, "c.a._1476_2018.pdf": 4.544476117315835, "const.p._6_2023_dt_05_01_2023.pdf": 4.544476117315835, "c.p._469_l_2023.pdf": 4.544476117315835, "ICA3,4,6TO11of2011dt2011.04.pdf": 18.17790446926334, "Crl.A.126of2012.pdf": 4.544476117315835, "const.p._6_2023_addl_n.pdf": 4.544476117315835, "C.A._700_2017.pdf": 4.544476117315835, "c.a._1137_2014.pdf": 4.544476117315835, "C.A._510_2012.pdf": 4.544476117315835, "CPs987-989OF2011-DT19.10.2011.pdf": 4.544476117315835}, "lexis": {"crl.a._251_2020.pdf": 5.643088405983945, "c.p._3436_l_2022.pdf": 5.643088405983945, "Crl.A._523_2017.pdf": 5.643088405983945, "c.p._1057_2019.pdf": 5.643088405983945, "c.p._517_l_2016.pdf": 5.643088405983945, "c.a._1476_2018.pdf": 5.643088405983945, "crl.p_1124_l_2015.pdf": 5.643088405983945, "c.p._2717_l_2015.pdf": 5.643088405983945, "c.a._764_2021.pdf": 5.643088405983945}, "lexisnexis": {"crl.a._251_2020.pdf": 11.28617681196789, "Const.P.12of2010.pdf": 5.643088405983945, "s.m.c._1_2022_detailed.pdf": 5.643088405983945, "crl.p._916_l_2021.pdf": 5.643088405983945, "crl.p._230_2019.pdf": 5.643088405983945, "c.p._1942_2022.pdf": 5.643088405983945, "crl.p._513_2020.pdf": 5.643088405983945, "c.a._458_2017.pdf": 11.28617681196789, "c.a._179_2016.pdf": 5.643088405983945}, "lexicon": {"Const.P.31of2011etc.pdf": 8.302867058412456, "c.a._803_2016.pdf": 8.302867058412456, "NRO_Judgment.pdf": 8.302867058412456, "c.p._3436_l_2022.pdf": 4.151433529206228, "Const.P.87of2011[UrduVersion].pdf": 12.454300587618684, "Const.P._36_2016_dt_15_12_2017.pdf": 4.151433529206228, "C.A._233_2015.pdf": 8.302867058412456, "SMC16of2011_detailed_judgment.pdf": 12.454300587618684, "smc.11_2011.pdf": 4.151433529206228, "Const.P.77-78-79 [Memogate]DetailedOrder.pdf": 8.302867058412456, "C.P.796of2007-dt-10-5-2013.pdf": 4.151433529206228, "c.a._97_2021.pdf": 4.151433529206228, "C.P._2093_2015.pdf": 4.151433529206228, "c.p._2467_2020.pdf": 4.151433529206228, "CMA No.5144of2011.pdf": 4.151433529206228, "c.a._446_2021.pdf": 16.605734116824912, "Const.P.87of2011.pdf": 12.454300587618684, "c.a._353_2010.pdf": 4.151433529206228, "H.R.C._69229_P_2018.pdf": 4.151433529206228, "crl.a.19of2012.pdf": 8.302867058412456, "c.a._21_2021.pdf": 4.151433529206228, "SMC.13-2009.pdf": 8.302867058412456, "Const.Petition.24_2011_dt02062011.pdf": 4.151433529206228, "c.a._561_2020.pdf": 4.151433529206228, "c.p._2021_2019.pdf": 4.151433529206228, "c.a._414_2021.pdf": 4.151433529206228, "c.p._1077_2018.pdf": 4.151433529206228, "c.p._1133_l_2016.pdf": 4.151433529206228, "c.p._2314_2022.pdf": 8.302867058412456, "JR_The_State_through_NAB_VS_Haji_Nasim-ur-Rehman.pdf": 4.151433529206228, "Const.P._35_2016_dt_15_12_2017.pdf": 4.151433529206228, "Crl.A.126of2012.pdf": 4.151433529206228, "Crl.O.P.6of2012.pdf": 4.151433529206228, "ConstP.No.53of2007andConst.P.83of2012.pdf": 4.151433529206228, "c.a._179_2016.pdf": 12.454300587618684, "c.a._1275_2009.pdf": 4.151433529206228, "c.p._2351_2019.pdf": 8.302867058412456, "c.p._4700_2021.pdf": 4.151433529206228, "c.a._764_2021.pdf": 4.151433529206228, "c.p._2270_2023.pdf": 8.302867058412456}, "lexsite": {"Const.P.12of2010.pdf": 7.840312983320164}, "lexicographer": {"Const.P.87of2011[UrduVersion].pdf": 6.741700694652055, "Const.P.87of2011.pdf": 6.741700694652055, "c.p._448_p_2017.pdf": 13.48340138930411}, "lexical": {"C.A._633_2007.pdf": 6.741700694652055, "c.a._455_2012.pdf": 6.741700694652055, "c.a._8_q_2017.pdf": 6.741700694652055}}