{"lhc": {"S.J.C_347_2018.PDF": 5.132262782217954, "Const.P.NO.62OF2010_orderdt06062011.pdf": 5.132262782217954, "Supreme_Judicial_Council_242_2015.pdf": 5.132262782217954, "crl.p._299_2020_01042020.pdf": 5.132262782217954, "c.p._3506_2020.pdf": 5.132262782217954, "C.R.P._100_2016.pdf": 20.529051128871817, "j.p._403_2018.pdf": 5.132262782217954, "c.p._42_2024.pdf": 41.058102257743634, "c.a._1095_2018_13092019.pdf": 30.793576693307728, "cas_727-730_777_778_2014_etc.pdf": 25.66131391108977, "s.m.c._2_2022_27052022.pdf": 5.132262782217954, "c.p._720_2020.pdf": 35.92583947552568, "c.p._42_2024_25012024.pdf": 41.058102257743634, "ConstitutionPetitionNo39of2009.pdf": 25.66131391108977, "j.p._614_2016.pdf": 15.396788346653864}}