{"lhr": {"Const.P._134_2012.pdf": 5.067724261080383, "C.A._3_2018_dt-14-9-2018.pdf": 5.067724261080383, "smc.18_2010_final.pdf": 10.135448522160766, "C.A._3_2018.pdf": 5.067724261080383, "Const.P35of2013-dt-20-7-2013.pdf": 5.067724261080383, "C.A._49_2015.pdf": 5.067724261080383, "C.A._2564_2001.pdf": 5.067724261080383, "C.A._03_2018.pdf": 5.067724261080383, "C.A._125_K_2016_JPMC_Dissenting_Note.pdf": 10.135448522160766, "C.A._194_2015.pdf": 5.067724261080383, "c.p._1336_l_2021.pdf": 5.067724261080383, "Crl.A.126of2012.pdf": 5.067724261080383, "Const.P._134_2012_21012019.pdf": 5.067724261080383, "CJD_Section 2-A_Case_as_on_26_06_2006.pdf": 5.067724261080383, "C.A._682_2008.pdf": 60.8126911329646, "c.p._3200_l_2019.pdf": 10.135448522160766}}