{"li": {"const.p._24_2017.pdf": 5.760871441640328, "JR_Detailed_Judgment_in_Graduation_Qualification_Case.pdf": 5.760871441640328, "const.p.115_2011.pdf": 5.760871441640328, "C.P._565_2014.pdf": 5.760871441640328, "c.p._42_2024_25012024.pdf": 5.760871441640328, "crl.a._239_2020.pdf": 5.760871441640328, "c.p._3747_2023.pdf": 5.760871441640328, "crl.a._145_l_2017.pdf": 5.760871441640328}}