{"liii": {"Const.P.127of2012.pdf": 6.048553514092109, "Const.P.NO.62OF2010_orderdt06062011.pdf": 30.242767570460547, "c.p._5877_2021.pdf": 6.048553514092109, "const.p.115_2011.pdf": 6.048553514092109, "crl.p._1371_2016.pdf": 6.048553514092109, "CMA2745of2009etc.pdf": 6.048553514092109}, "lii": {"Const.P.127of2012.pdf": 6.741700694652055, "j.p._497_2015.pdf": 6.741700694652055, "CJD_Pakistan_Steel_Mills_Case.pdf": 53.93360555721644}}