{"lilt": {"SMC15OF2009.pdf": 7.840312983320164}, "lil": {"Const.P.12of2010.pdf": 6.454018622200273, "h.r.c_11827_s_2018.pdf": 6.454018622200273, "c.a._ 870_2020.pdf": 6.454018622200273, "S.M.C._7_2017_06022019.pdf": 6.454018622200273}, "lilly": {"Const.P._29_2016.pdf": 10.884835421043586, "c.p._2243_l_2019.pdf": 5.442417710521793, "SMC16of2011_detailed_judgment.pdf": 5.442417710521793, "C.P._569-K_2016.pdf": 5.442417710521793, "c.r.p._296_2020_29012022.pdf": 10.884835421043586, "Crl.M.A._200_2019.pdf": 5.442417710521793, "C.P._3551_2015.pdf": 5.442417710521793, "C.A._1086_2009.pdf": 38.09692397365255, "C.A.876-879of2005.pdf": 5.442417710521793, "c.p._2447_l_2022.pdf": 10.884835421043586, "c.p._4700_2021.pdf": 5.442417710521793}, "lilla": {"Crl.A._94_2019.pdf": 6.454018622200273, "Crl.O.P_36_2017.pdf": 12.908037244400546, "C.A._535_2015.pdf": 6.454018622200273, "C.A._450_2010.pdf": 6.454018622200273}, "lila": {"Crl.O.P.89of2011.pdf": 7.840312983320164}, "lilley": {"C.A._417-L_2009.pdf": 31.361251933280656}, "lilaram": {"c.r.p._296_2020_29012022.pdf": 7.840312983320164}, "lillo": {"c.p._1290_l_2019.pdf": 7.840312983320164}, "lilavati": {"C.R.P._94_2014.pdf": 15.680625966640328}, "lile": {"c.p._2314_2022.pdf": 7.840312983320164}, "lilttaqwa": {"c.m.a._490_2021_20022021.pdf": 15.680625966640328}, "lillahi": {"c.m.a._490_2021_20022021.pdf": 7.840312983320164}, "lillah": {"crl.p._950_2021.pdf": 7.840312983320164}}