{"lion": {"c.r.p._292_2021_sacked_employees.pdf": 6.230875070886063, "S.M.C._ 26_2007_30062018.pdf": 6.230875070886063, "S.M.C._26_2007_04072018.pdf": 6.230875070886063, "S.M.C._26_2007_02082018.pdf": 6.230875070886063, "c.p._2459_2017.pdf": 6.230875070886063}, "lioness": {"Const.P._29_2016.pdf": 7.840312983320164}, "lionel": {"const.p._17_2019_detailed_reasoning.pdf": 7.840312983320164}, "lio": {"c.a._1134_2020.pdf": 7.840312983320164}}