{"ljaz": {"C.R.P._297_2017_Reserved.pdf": 6.454018622200273, "Const.P._29_2016.pdf": 6.454018622200273, "c.p._2148_2020.pdf": 6.454018622200273, "C.A._654_2010.pdf": 6.454018622200273}}