{"llaqa": {"C.A._503_2006.pdf": 7.1471658027602185, "Crl.A._115_2013.pdf": 7.1471658027602185}, "llam": {"const.p._21_2023_11082023.pdf": 70.56281684988147}}