{"llc": {"Const.P.77of2012[DetailedOrderFinal].pdf": 5.442417710521793, "c.a._371_2020.pdf": 5.442417710521793, "crl.a._95_2019.pdf": 5.442417710521793, "HRC7734-G_1003-GOF2009[UrduTranslation].pdf": 5.442417710521793, "HRC7734-G_1003-GOF2009[AllegedCorruptionInRentalPowerPlants].pdf": 10.884835421043586, "C.P._1616_2018.pdf": 5.442417710521793, "Const.P._35_2016_dt_15_12_2017.pdf": 152.3876958946102, "C.A._908_2012.pdf": 10.884835421043586, "c.p._2717_l_2015.pdf": 5.442417710521793, "C.A._552_2015.pdf": 5.442417710521793, "c.r.p._432_k_2022.pdf": 5.442417710521793}, "llcs": {"Const.P._35_2016_dt_15_12_2017.pdf": 15.680625966640328}}