{"llm": {"Const.P._56_2003_E_dt_3-9-15.pdf": 6.454018622200273, "const.p.42of2011.pdf": 6.454018622200273, "c.a._188_2020.pdf": 25.816074488801092, "C.P.2255-2010-03.07.2013.pdf": 19.36205586660082}}