{"llp": {"C.A._651_2012.pdf": 7.1471658027602185, "c.m.a._8758_2018_23nov2023.pdf": 7.1471658027602185}}