{"lm": {"c.p._620_2021.pdf": 18.69262521265819, "Const.P.56_2003_U_dt_8-9-2015.pdf": 6.230875070886063, "c.p._6309_2021.pdf": 18.69262521265819, "C.P._371_P_2016.pdf": 6.230875070886063, "c.a._700_2014.pdf": 6.230875070886063}}