{"lmg": {"SMC16of2011_detailed_judgment.pdf": 7.1471658027602185, "smc.16of2011.pdf": 7.1471658027602185}, "lmgs": {"SMC16of2011_detailed_judgment.pdf": 7.840312983320164}}