{"loan": {"c.a._837_2011.pdf": 3.1218141120250698, "c.a._1476_2018_urdu.pdf": 3.1218141120250698, "c.a._219_2015.pdf": 3.1218141120250698, "Const.P.105-2012-eng-urd.PDF": 3.1218141120250698, "C.P.796of2007-UrduTranslation-dt-10-5-2013.pdf": 3.1218141120250698, "Const.P._38_2016.pdf": 3.1218141120250698, "c.p._3637_2019.pdf": 34.33995523227577, "c.p._3224_2019.pdf": 3.1218141120250698, "Const.P._50_2018.pdf": 15.60907056012535, "crl.p._714_2023.pdf": 9.365442336075208, "S.M.C._20_2016.pdf": 3.1218141120250698, "Const.P._29_2016.pdf": 221.64880195377995, "smc.18_2010_final.pdf": 103.0198656968273, "Const.P._36_2016_dt_15_12_2017.pdf": 78.04535280062674, "C.A._233_2015.pdf": 6.2436282240501395, "Const.P.30of2013.pdf": 3.1218141120250698, "C.M.A.No.1535and1536of2013.pdf": 12.487256448100279, "Const.P.NO.62OF2010_orderdt06062011.pdf": 21.852698784175487, "H.R.C.19of1996[AsgharKhanCase]DetailedReasonsUrduTranslation.pdf": 24.974512896200558, "c.a._371_2020.pdf": 3.1218141120250698, "C.A._532_2015.pdf": 15.60907056012535, "HRC7734-G_1003-GOF2009[UrduTranslation].pdf": 3.1218141120250698, "CP778-779.pdf": 87.41079513670195, "c.p._3236_2019.pdf": 115.50712214492758, "smc.11_2011.pdf": 9.365442336075208, "H.R.C.19of1996[AsgharKhanCase]DetailedReasons.pdf": 15.60907056012535, "C.P.796of2007-dt-10-5-2013.pdf": 15.60907056012535, "ca.1038_2000.pdf": 12.487256448100279, "CJD_Reference by_the_President_of_Pakistan_under_Article_186.pdf": 3.1218141120250698, "c.a._73_2016.pdf": 3.1218141120250698, "Const.P.5of2013.pdf": 3.1218141120250698, "HRC7734-G_1003-GOF2009[AllegedCorruptionInRentalPowerPlants].pdf": 3.1218141120250698, "c.p._1057_2019.pdf": 3.1218141120250698, "CONST.P.20-27OF2009.pdf": 3.1218141120250698, "C.R.P._383_2005.pdf": 6.2436282240501395, "C.A._56_L_2018.pdf": 15.60907056012535, "c.r.p._421_2020_dissenting_notes.pdf": 6.2436282240501395, "c.a._1573_2017.pdf": 3.1218141120250698, "c.p._283_l_2018.pdf": 6.2436282240501395, "c.a._339_2016.pdf": 6.2436282240501395, "c.a._2150_2019.pdf": 3.1218141120250698, "JR_Detailed_Judgment_in_Referendum_Case.pdf": 3.1218141120250698, "S.M.C._ 26_2007_30062018.pdf": 15.60907056012535, "SMC_26-2007_dt_20.02.2013.pdf": 12.487256448100279, "C.P._1340_2014.pdf": 3.1218141120250698, "C.P._781_2016.pdf": 3.1218141120250698, "c.p._490_k_2020.pdf": 3.1218141120250698, "S.M.C._26_2007_04072018.pdf": 6.2436282240501395, "C.A._26_2009.pdf": 9.365442336075208, "c.a._342_2014.pdf": 6.2436282240501395, "C.A._1563_2014.pdf": 6.2436282240501395, "C.A._1338_2007.pdf": 34.33995523227577, "Crl.P._300_2018.pdf": 3.1218141120250698, "C.A._1428_2016.pdf": 3.1218141120250698, "C.A._280-L_2009.pdf": 24.974512896200558, "h.r.c_11827_s_2018.pdf": 3.1218141120250698, "Crl.A.140of2005.pdf": 18.730884672150417, "c.a._1095_2018_13092019.pdf": 3.1218141120250698, "c.r.p._421_2020.pdf": 6.2436282240501395, "crl.p._294_l_2023.pdf": 9.365442336075208, "const.p._17_2019_detailed_reasoning.pdf": 3.1218141120250698, "c.p._2658_2019.pdf": 15.60907056012535, "Crl.P._446_L_2016.pdf": 3.1218141120250698, "c.a._937_2018.pdf": 3.1218141120250698, "crl.p._495_2021.pdf": 3.1218141120250698, "c.p._329_k_2022.pdf": 15.60907056012535, "c.p._1591_l_2017.pdf": 15.60907056012535, "c.a._573_2013.pdf": 21.852698784175487, "C.A._167-Q_2005.pdf": 3.1218141120250698, "c.a._1476_2018.pdf": 3.1218141120250698, "C.A.269_ETC_OF_2011.pdf": 3.1218141120250698, "const.p.20_2013.pdf": 15.60907056012535, "const.p._5_2023_14042023.pdf": 3.1218141120250698, "C.A._767_2014.pdf": 12.487256448100279, "c.p._2_2022_dissenting_note.pdf": 3.1218141120250698, "Const.P.91of2011Dt-23-8-2012.pdf": 71.8017245765766, "c.a._1477_2019.pdf": 6.2436282240501395, "Crl.A._274_2006.pdf": 21.852698784175487, "c.a._1127_2011.pdf": 6.2436282240501395, "C.A.39_2010.pdf": 3.1218141120250698, "H.R.C._39216_G_2018.pdf": 6.2436282240501395, "C.A._1447_2016.pdf": 15.60907056012535, "JR_Varan_Case.pdf": 9.365442336075208, "c.p._2832_2018.pdf": 3.1218141120250698, "S.M.C._26_2007_02082018.pdf": 3.1218141120250698, "ConstitutionPetitionNo39of2009.pdf": 3.1218141120250698, "C.A._843_2012.pdf": 6.2436282240501395, "C.A._1255_2012.pdf": 3.1218141120250698, "C.A._441_2010.pdf": 12.487256448100279, "Const.P._35_2016_dt_15_12_2017.pdf": 9.365442336075208, "c.p._6406_2021.pdf": 3.1218141120250698, "c.a._23_q_2017.pdf": 6.2436282240501395, "s.m.c._4_2021_26082021.pdf": 3.1218141120250698, "SMCNo25of2009.pdf": 3.1218141120250698, "c.a._51_2011.pdf": 3.1218141120250698, "C.P._3451_2015.pdf": 15.60907056012535, "c.p._6117_2021.pdf": 3.1218141120250698, "crl.p._717_2023.pdf": 6.2436282240501395, "C.A._552_2015.pdf": 74.92353868860167, "c.p._189_q_2017.pdf": 9.365442336075208, "C.A._1049_2011.pdf": 3.1218141120250698, "CJD_Section 2-A_Case_as_on_26_06_2006.pdf": 3.1218141120250698, "smc.9_2011.pdf": 3.1218141120250698, "C.A._2352_2008.pdf": 3.1218141120250698, "CJD_Pakistan_Steel_Mills_Case.pdf": 15.60907056012535, "c.p._342_k_2020.pdf": 3.1218141120250698, "C.R.P._247_ 2011.pdf": 3.1218141120250698, "C.A._1313_2014.pdf": 6.2436282240501395, "c.a._799_2007.pdf": 3.1218141120250698, "Crl.O.P._57_2015_DN.pdf": 3.1218141120250698, "c.a._404_2014.pdf": 3.1218141120250698, "Const.P.5and15-HRC14144-DetailedReasons.pdf": 93.65442336075209}, "loading": {"c.m.a.4343_2014_etc_with_urdu_translation.pdf": 37.29807322377775, "C.M.A._4109_2015.pdf": 4.662259152972219, "c.p._1567_l_2019.pdf": 4.662259152972219, "Order-DNC-nd-note.pdf": 27.97355491783331, "crl.a._154_2020.pdf": 9.324518305944437, "hrc_42389-P_2013.pdf": 4.662259152972219, "crl.p._1359_2023_urdu.pdf": 51.284850682694405, "c.a._219_2015.pdf": 18.649036611888874, "Const.P.105-2012-eng-urd.PDF": 79.25840560052771, "j.p._147_2016.pdf": 4.662259152972219, "Crl.A._39_L_2015_Urdu.pdf": 79.25840560052771, "hrc_29388-K_2013.pdf": 18.649036611888874, "reference._1_2011_urdu.pdf": 9.324518305944437, "C.A._427_2009.pdf": 4.662259152972219, "C.A._1079_2011.pdf": 4.662259152972219, "C.P._371_P_2016.pdf": 32.63581407080553, "Const.P._2_2011.pdf": 4.662259152972219, "Crl.A._103_2010.pdf": 4.662259152972219, "c.a._ 870_2020.pdf": 4.662259152972219, "j.p._300_2022.pdf": 4.662259152972219, "c.p._1600_2021_dt_25_01_2024.pdf": 4.662259152972219, "crl.m.a._1659_2019.pdf": 9.324518305944437, "C.A.83and84of2006.pdf": 51.284850682694405, "crl.a._82_2022.pdf": 4.662259152972219}, "load": {"crl.a._184_2020.pdf": 3.889069264738737, "crl.a._154_2020.pdf": 3.889069264738737, "H.R.C._10_K_2007.pdf": 3.889069264738737, "C.P._272_2016.pdf": 3.889069264738737, "H.R.C._18877_2018_03072019.pdf": 19.445346323693684, "Const.P._38_2016.pdf": 3.889069264738737, "Const.P.12of2010.pdf": 3.889069264738737, "Const.P.33_2013.pdf": 3.889069264738737, "Const.P._29_2016.pdf": 3.889069264738737, "C.R.P._125_2014.pdf": 7.778138529477474, "Ref.01_2012_addl.note_HJ.ejaz_afzal_khan.pdf": 3.889069264738737, "SMC16of2011_detailed_judgment.pdf": 11.66720779421621, "HRC7734-G_1003-GOF2009[UrduTranslation].pdf": 46.66883117686484, "CP778-779.pdf": 3.889069264738737, "HRC7734-G_1003-GOF2009[AllegedCorruptionInRentalPowerPlants].pdf": 54.446969706342315, "C.A._1079_2011.pdf": 7.778138529477474, "C.A._394_2014.pdf": 3.889069264738737, "C.A._448_2014_DJ.pdf": 3.889069264738737, "C.A._95_2005.pdf": 3.889069264738737, "c.p._3598_2020.pdf": 62.22510823581979, "C.R.P.193of2013.pdf": 7.778138529477474, "c.p._669_l_2018.pdf": 7.778138529477474, "j.p._154_2016.pdf": 3.889069264738737, "c.a._937_2018.pdf": 3.889069264738737, "Crl.A._103_2010.pdf": 3.889069264738737, "J.P.No.56of2005.pdf": 3.889069264738737, "C.A.800Lof2013etc.pdf": 27.223484853171158, "Const.P.91of2011Dt-23-8-2012.pdf": 3.889069264738737, "Const.P.33of2013_09.07.13.pdf": 3.889069264738737, "crl.p._258_2020.pdf": 3.889069264738737, "C.P._1707_2018.pdf": 3.889069264738737, "c.p._280_k_2019.pdf": 3.889069264738737, "hrc.14392of2013-01.07.2013.pdf": 15.556277058954947, "crl.p._263_l_2015.pdf": 3.889069264738737, "h.r.c._20883_2018.pdf": 3.889069264738737,