{"lob": {"Const.P._50_2018.pdf": 7.840312983320164}, "lobby": {"Ref.01_2012_addl.note_HJ.ejaz_afzal_khan.pdf": 6.454018622200273, "c.p._2916_2019.pdf": 6.454018622200273, "C.P._1616_2018.pdf": 6.454018622200273, "CRP167of2012dt31-7-12.pdf": 6.454018622200273}, "lobo": {"crl.a._154_l_2013.pdf": 7.840312983320164}}