{"loeg": {"const.p._18_2019.pdf": 7.1471658027602185, "c.p._479_k_2020.pdf": 7.1471658027602185}}