{"lofty": {"Const.P.127of2012.pdf": 5.760871441640328, "Crl.A._39_L_2015.pdf": 5.760871441640328, "Const.P.12of2010.pdf": 5.760871441640328, "Const.P.12of2010Urdu.pdf": 5.760871441640328, "Const.P._29_2016.pdf": 5.760871441640328, "C.A.212and213OF2011.pdf": 5.760871441640328, "Const.P._35_2016_dt_15_12_2017.pdf": 5.760871441640328, "H.R.C._17599_2018.pdf": 5.760871441640328}, "loft": {"c.r.p._296_2020_29012022.pdf": 7.1471658027602185, "c.r.p._296_2020_hj10.pdf": 7.1471658027602185}}