{"lohibher": {"c.a._1079_2015.pdf": 7.840312983320164}, "lohr": {"SMC16of2011_detailed_judgment.pdf": 7.1471658027602185, "Const.P.77-78-79 [Memogate]DetailedOrder.pdf": 7.1471658027602185}, "lohi": {"smc.11_2011.pdf": 25.816074488801092, "c.p._3130_2020.pdf": 6.454018622200273, "H.R.C._4729_2011.pdf": 12.908037244400546, "crl.p._910_2022 .pdf": 6.454018622200273}, "lohari": {"crl.p._1088_2021.pdf": 6.741700694652055, "crl.a_413-414_2013_18.02.2014.pdf": 6.741700694652055, "Crl.A._52_L_2013.pdf": 6.741700694652055}, "lohark": {"C.M.A._376-K_2014.pdf": 7.840312983320164}, "lohar": {"C.M.A._376-K_2014.pdf": 6.454018622200273, "crl.a._75_l_2021.pdf": 6.454018622200273, "c.a._607_2021.pdf": 6.454018622200273, "crl.a._66_l_2020.pdf": 19.36205586660082}}