{"loin": {"NRO_Judgment.pdf": 7.1471658027602185, "CP778-779.pdf": 7.1471658027602185}, "lois": {"HRC7734-G_1003-GOF2009[UrduTranslation].pdf": 13.48340138930411, "HRC7734-G_1003-GOF2009[AllegedCorruptionInRentalPowerPlants].pdf": 13.48340138930411, "C.A._1428_2016.pdf": 6.741700694652055}, "loi": {"smc.11_2011.pdf": 42.88299481656131, "const.p.5_2011.pdf": 92.91315543588284}, "loise": {"c.p._154_2019.pdf": 15.680625966640328}, "loincloth": {"crl.sh.a._16_2017.pdf": 7.840312983320164}}