{"lopsided": {"Const.P._50_2018.pdf": 5.643088405983945, "Const.P.12of2010.pdf": 5.643088405983945, "c.p._2243_l_2019.pdf": 5.643088405983945, "const.p._21_2022_15092023.pdf": 5.643088405983945, "c.a._1219_2015.pdf": 5.643088405983945, "c.p._1542_2017.pdf": 5.643088405983945, "C.A._2564_2001.pdf": 5.643088405983945, "const.p_21_2022_dn.pdf": 5.643088405983945, "SMCNo25of2009.pdf": 5.643088405983945}, "lop": {"C.M.A._3221_2012.pdf": 7.840312983320164}, "lopez": {"c.r.p._296_2020_04022022.pdf": 7.840312983320164}}