{"loquondi": {"Const.P.127of2012.pdf": 7.840312983320164}, "loquitur": {"C.R.P._297_2017_Reserved.pdf": 6.741700694652055, "Const.P.12of2010.pdf": 6.741700694652055, "Const.P._29_2016.pdf": 6.741700694652055}}