{"louvain": {"c.a._1476_2018_urdu.pdf": 7.840312983320164}, "loud": {"ConstitutionPetitionNo21OF2007.pdf": 4.704818767391014, "Const.P.105-2012-eng-urd.PDF": 4.704818767391014, "Crl.A._39_L_2015.pdf": 4.704818767391014, "Const.P._50_2018.pdf": 4.704818767391014, "Const.P.12of2010.pdf": 9.409637534782028, "Const.P.12of2010Urdu.pdf": 4.704818767391014, "Const.P.77of2012[DetailedOrderFinal].pdf": 4.704818767391014, "SMC16of2011_detailed_judgment.pdf": 9.409637534782028, "I.C.A._7_2018.pdf": 4.704818767391014, "smc_1_2014.pdf": 4.704818767391014, "const.p.1_ 2012_etc.pdf": 4.704818767391014, "cma.3685-3686_of_2012_in_hrc.7734-g_of_2009_dt_31.01.2013.pdf": 4.704818767391014, "c.r.p._296_2020_29012022.pdf": 4.704818767391014, "crl.p._251_2020.pdf": 4.704818767391014, "crl.p._762_2018.pdf": 4.704818767391014, "Crl.P.200of2009.pdf": 4.704818767391014, "C.A.800Lof2013etc.pdf": 4.704818767391014, "SMC_24_2010_DT_01_03.pdf": 4.704818767391014, "CMA2745of2009etc.pdf": 4.704818767391014, "c.a._827_2020.pdf": 4.704818767391014, "C.M.A._592_K_2013_order_dt_26_03_2015.pdf": 4.704818767391014, "c.p._1839_2018.pdf": 4.704818767391014, "S.M.C._7_2017_06022019.pdf": 4.704818767391014}, "lounge": {"ConstitutionPetitionNo21OF2007.pdf": 6.048553514092109, "Const.P.12of2010.pdf": 6.048553514092109, "Const.P.33_2013.pdf": 12.097107028184219, "crl.p._606_2020.pdf": 6.048553514092109, "c.p._3121_2021.pdf": 6.048553514092109, "c.p._1839_2018.pdf": 6.048553514092109}, "loudspeaker": {"C.M.A.No.64of2013-dt13.3.2013.pdf": 12.097107028184219, "Const.P.87of2011[UrduVersion].pdf": 78.63119568319742, "CJD_Reference by_the_President_of_Pakistan_under_Article_186.pdf": 12.097107028184219, "crl.s.a.07_2011.pdf": 6.048553514092109, "Const.P.87of2011.pdf": 78.63119568319742, "Crl.A._178-L_2009.pdf": 12.097107028184219}, "loudly": {"crl.a._400_2019.pdf": 5.007099639263948, "NRO_Judgment.pdf": 5.007099639263948, "Const.P.12of2010.pdf": 5.007099639263948, "Const.P.12of2010Urdu.pdf": 10.014199278527895, "j.p._147_2016.pdf": 5.007099639263948, "SMC16of2011_detailed_judgment.pdf": 5.007099639263948, "Crl.A._39_L_2015_Urdu.pdf": 10.014199278527895, "Const.P.5of2013.pdf": 5.007099639263948, "Const.P.5of2013-dt-13-2-2013.pdf": 5.007099639263948, "crl.p._370_2019.pdf": 5.007099639263948, "const.p._17_2020_dissenting_note_hj11.pdf": 5.007099639263948, "c.p._1483_l_2018.pdf": 5.007099639263948, "crl.p._275_2021.pdf": 5.007099639263948, "Crl.A._137_L_2010.pdf": 5.007099639263948, "C.A._535_2015.pdf": 5.007099639263948, "NRO_REVIEW_CRP_129_DT18042011.pdf": 5.007099639263948, "C.M.A._592_K_2013_order_dt_26_03_2015.pdf": 5.007099639263948}, "lour": {"NRO_Judgment.pdf": 7.840312983320164}, "louis": {"Const.P.12of2010.pdf": 5.132262782217954, "AdditionalNoteConst.P.77of2012.pdf": 5.132262782217954, "Const.P.33_2013.pdf": 66.7194161688334, "CAA_25.09.2013.pdf": 15.396788346653864, "const.p.33-2013_dt_12.09.2013.pdf": 5.132262782217954, "const.p._17_2020_dissenting_note_hj11.pdf": 10.264525564435909, "NROCaseDt.10.01.2012.pdf": 5.132262782217954, "Const.P.33of2013.pdf": 5.132262782217954, "C.A._1428_2016.pdf": 5.132262782217954, "Const.P.91of2011Dt-23-8-2012.pdf": 5.132262782217954, "Const.P.33of2013_09.07.13.pdf": 5.132262782217954, "const.p._17_2020_dissenting_note_hj4.pdf": 5.132262782217954, "Crl.O.P.6of2012.pdf": 5.132262782217954, "CJD_Pakistan_Steel_Mills_Case.pdf": 15.396788346653864, "crl.a.264_2006.pdf": 5.132262782217954}, "louaillier": {"AdditionalNoteConst.P.77of2012.pdf": 7.840312983320164}, "loualli": {"Const.P.77of2012[DetailedOrderFinal].pdf": 23.52093894996049}, "louise": {"c.p._154_2019.pdf": 6.454018622200273, "C.A._1560_2008.pdf": 6.454018622200273, "SMCNo25of2009.pdf": 6.454018622200273, "c.p._962_2016 .pdf": 6.454018622200273}, "louder": {"C.A._1219_2014.pdf": 7.840312983320164}, "louisiana": {"const.p._17_2019_detailed_reasoning.pdf": 6.741700694652055, "c.p._4700_2021.pdf": 6.741700694652055, "Const.P.5and15-HRC14144-DetailedReasons.pdf": 6.741700694652055}, "lound": {"crl.p._1146_2021.pdf": 7.840312983320164}}