{"loyalty": {"ConstitutionPetitionNo5of2012[UrduTranslation].pdf": 4.079112867626602, "CPs.10-18of2011.pdf": 4.079112867626602, "Order-DNC-nd-note.pdf": 24.474677205759612, "C.P._272_2016.pdf": 8.158225735253204, "const.p.42of2011(UrduVersion).pdf": 4.079112867626602, "NRO_Judgment.pdf": 8.158225735253204, "Const.P.12of2010.pdf": 24.474677205759612, "AdditionalNoteConst.P.77of2012.pdf": 4.079112867626602, "Const.P.12of2010Urdu.pdf": 20.39556433813301, "Const.P._29_2016.pdf": 12.237338602879806, "ICA-1OF2012-UrduTranslation.pdf": 4.079112867626602, "c.p._2243_l_2019.pdf": 8.158225735253204, "Const.P.40of2012-AdditionalNoteofJusticeJawwadSKhawaja.pdf": 4.079112867626602, "C.A._233_2015.pdf": 4.079112867626602, "c.a.149-150_2010.pdf": 24.474677205759612, "H.R.C.19of1996[AsgharKhanCase]DetailedReasonsUrduTranslation.pdf": 8.158225735253204, "j.p._147_2016.pdf": 4.079112867626602, "s.m.c._1_2022_detailed.pdf": 20.39556433813301, "SMC16of2011_detailed_judgment.pdf": 8.158225735253204, "Const.P.77-78-79 [Memogate]DetailedOrder.pdf": 12.237338602879806, "C.P._45_2015.pdf": 4.079112867626602, "Const.P.5of2013.pdf": 20.39556433813301, "c.p._1057_2019.pdf": 4.079112867626602, "Const.P.77to85,89and92of2011[dt12.6.2012].pdf": 4.079112867626602, "c.p._419_2020.pdf": 4.079112867626602, "const.p._24_2023_an_10012024_r.pdf": 12.237338602879806, "c.p._2_2022_dissenting_note2.pdf": 4.079112867626602, "const.p._2_2022_14102022.pdf": 4.079112867626602, "NROCaseDt.10.01.2012.pdf": 20.39556433813301, "Crl.P.200of2009.pdf": 8.158225735253204, "Const.P.5of2012dt.25.5.2012.pdf": 4.079112867626602, "c.a._469_2021.pdf": 4.079112867626602, "c.p._2148_2020.pdf": 4.079112867626602, "C.P._145_2015.pdf": 4.079112867626602, "S.M.C._3_2018.pdf": 40.79112867626602, "c.p._2_2022_dissenting_note.pdf": 8.158225735253204, "const.p._24_2023_f.pdf": 20.39556433813301, "c.m.a._6762_2020_13032021.pdf": 4.079112867626602, "Crl.O.P.6of2012.pdf": 4.079112867626602, "c.m.a._490_2021_20022021.pdf": 8.158225735253204, "H.R.C._3654_2018.pdf": 4.079112867626602, "s.m.c._1_2022_note_hj4.pdf": 4.079112867626602, "crl.a.264_2006.pdf": 4.079112867626602}, "loyal": {"ConstitutionPetitionNo5of2012[UrduTranslation].pdf": 4.544476117315835, "Const.P.127of2012.pdf": 4.544476117315835, "Order-DNC-nd-note.pdf": 4.544476117315835, "C.P.796of2007-UrduTranslation-dt-10-5-2013.pdf": 4.544476117315835, "SMC15OF2009.pdf": 4.544476117315835, "Crl.A._39_L_2015.pdf": 4.544476117315835, "Const.P.40of2012-DetailJudgment[UrduTranslation]-dt-3.7.2012.pdf": 4.544476117315835, "Const.P._50_2018.pdf": 31.811332821210843, "Const.P.12of2010.pdf": 18.17790446926334, "Const.P.77of2010dt-08.09.2012[UrduTranslation].pdf": 4.544476117315835, "Const.P.12of2010Urdu.pdf": 9.08895223463167, "Const.P.NO.62OF2010_orderdt06062011.pdf": 4.544476117315835, "H.R.C.19of1996[AsgharKhanCase]DetailedReasonsUrduTranslation.pdf": 13.633428351947504, "s.m.c._1_2022_detailed.pdf": 4.544476117315835, "SMC16of2011_detailed_judgment.pdf": 4.544476117315835, "CP778-779.pdf": 4.544476117315835, "Const.P.77-78-79 [Memogate]DetailedOrder.pdf": 18.17790446926334, "C.P.796of2007-dt-10-5-2013.pdf": 4.544476117315835, "i.c.a._1_2024_dn_20032024.pdf": 4.544476117315835, "Const.P.77to85of2011-ShortOrder-1.pdf": 4.544476117315835, "c.p._2_2022_dissenting_note2.pdf": 4.544476117315835, "C.A._633_2007.pdf": 4.544476117315835, "const.p._2_2022_14102022.pdf": 4.544476117315835, "c.a._565_2011.pdf": 4.544476117315835, "Const.P.5of2012dt.25.5.2012.pdf": 4.544476117315835, "const.p._32_2023_additional_note.pdf": 4.544476117315835, "ICA3,4,6TO11of2011dt2011.04.pdf": 4.544476117315835}, "loyally": {"Const.P.12of2010.pdf": 18.69262521265819, "H.R.C.19of1996[AsgharKhanCase]DetailedReasonsUrduTranslation.pdf": 6.230875070886063, "const.p.23of2012.pdf": 6.230875070886063, "Const.P.22of2013.pdf": 6.230875070886063, "ConstP.No.53of2007andConst.P.83of2012.pdf": 6.230875070886063}, "loyalist": {"Const.P._29_2016.pdf": 28.588663211040874, "Const.P.NO.62OF2010_orderdt06062011.pdf": 7.1471658027602185}, "loyi": {"crl.p._1029_2020.pdf": 7.840312983320164}, "loyment": {"c.a._284_2017.pdf": 7.840312983320164}}