{"lpc": {"c.a._1477_2019.pdf": 12.908037244400546, "C.M.A.4918of2012-dt-26-4-2013.pdf": 6.454018622200273, "CMA.3393-2013_03.07.2013.pdf": 12.908037244400546, "c.p._140_l_2015.pdf": 6.454018622200273}}