{"lpg": {"S.M.C.24of2010[urdu-version].pdf": 5.355406333532164, "Const.P.77-78-79 [Memogate]DetailedOrder.pdf": 5.355406333532164, "C.P._3499_2016.pdf": 80.33109500298247, "Const.P._2_2011.pdf": 16.06621900059649, "c.a.1540-1599_2013.pdf": 21.421625334128656, "const.p.5_2011.pdf": 208.8608470077544, "c.a._1113_2017_dissenting_note.pdf": 5.355406333532164, "c.a._1113_2017.pdf": 5.355406333532164, "SMC24-2010.pdf": 5.355406333532164, "c.p._797_2021.pdf": 10.710812667064328, "hrc_20107-G_2013.pdf": 21.421625334128656, "C.A._700_2017.pdf": 10.710812667064328}, "lpgc": {"c.a.149-150_2010.pdf": 39.201564916600816}, "lpgcl": {"HRC7734-G_1003-GOF2009[UrduTranslation].pdf": 21.441497408280654, "HRC7734-G_1003-GOF2009[AllegedCorruptionInRentalPowerPlants].pdf": 21.441497408280654}, "lpgclo": {"HRC7734-G_1003-GOF2009[UrduTranslation].pdf": 7.840312983320164}, "lpgap": {"C.A._700_2017.pdf": 7.840312983320164}}