{"lpr": {"c.a._1653_2021.pdf": 7.1471658027602185, "c.p._231_k_2020.pdf": 7.1471658027602185}}