{"lrc": {"ConstitutionPetitionNo21OF2007.pdf": 6.741700694652055, "Const.P.12of2010.pdf": 33.70850347326027, "JR_Judgment_on_17th_Amendmend_and_Presidents_Uniform_Case.pdf": 6.741700694652055}}