{"lrh": {"Const.P.1of2012Dt-10.02.2012[ProductionOfDetenus].pdf": 37.38525042531638, "const.p.1_ 2012_etc.pdf": 18.69262521265819, "s.m.c._1_2020_19052020.pdf": 12.461750141772127, "c.a._925_2020.pdf": 12.461750141772127, "s.m.c._01_2020_18052020.pdf": 12.461750141772127}}