{"ls": {"c.p._349_l_2017.pdf": 6.741700694652055, "c.p._2717_l_2015.pdf": 6.741700694652055, "c.p._4806_2019.pdf": 67.41700694652054}}