{"ltr": {"cng_prices_order_21-12-12-alongwith_translation.pdf": 13.48340138930411, "Const.P.33and34of2005.pdf": 13.48340138930411, "CMA2745of2009etc.pdf": 6.741700694652055}}