{"ltu": {"c.a._837_2011.pdf": 4.949941225423999, "j.p._587_2016.pdf": 4.949941225423999, "c.p._2256_l_2015.pdf": 4.949941225423999, "C.A._1084_2008.pdf": 74.24911838135999, "c.a._502_2017.pdf": 4.949941225423999, "c.p._398_l_2018.pdf": 14.849823676271999, "C.A._1509_2016.pdf": 4.949941225423999, "C.P._3551_2015.pdf": 4.949941225423999, "c.a._1113_2017_dissenting_note.pdf": 4.949941225423999, "c.p._682_l_2017.pdf": 14.849823676271999, "c.p._349_l_2017.pdf": 84.14900083220799, "const.p._17_2020_dissenting_note_hj4.pdf": 4.949941225423999, "c.p._1920_2022.pdf": 4.949941225423999, "c.a._1113_2017.pdf": 4.949941225423999, "c.p._4599_2021.pdf": 4.949941225423999, "c.p._3134_2022.pdf": 4.949941225423999, "c.r.p._432_k_2022.pdf": 4.949941225423999, "c.p._4700_2021.pdf": 4.949941225423999}}