{"lump": {"SMC5of2012[UrduVersion]dt16-6-2012.pdf": 4.662259152972219, "SMC15OF2009.pdf": 4.662259152972219, "Const.P.33_2013.pdf": 18.649036611888874, "HRC7734-G_1003-GOF2009[UrduTranslation].pdf": 51.284850682694405, "c.p._1517_2022.pdf": 4.662259152972219, "HRC7734-G_1003-GOF2009[AllegedCorruptionInRentalPowerPlants].pdf": 79.25840560052771, "c.a._502_2017.pdf": 9.324518305944437, "HRC-4668of2006.pdf": 4.662259152972219, "c.p._657_2020.pdf": 4.662259152972219, "c.p._3203_2017.pdf": 4.662259152972219, "c.r.p._292_2021_detailed.pdf": 4.662259152972219, "c.p._492_k_2023.pdf": 13.986777458916656, "c.a.1540-1599_2013.pdf": 4.662259152972219, "c.a._11_2022.pdf": 4.662259152972219, "crl.a._120_2019.pdf": 4.662259152972219, "j.p._148_2022.pdf": 4.662259152972219, "const.p._32_2023_additional_note.pdf": 4.662259152972219, "Const.P._35_2016_dt_15_12_2017.pdf": 4.662259152972219, "c.a._491_2012.pdf": 4.662259152972219, "c.p._803_2019.pdf": 4.662259152972219, "C.A._1049_2011.pdf": 4.662259152972219, "C.A._150_2006.pdf": 4.662259152972219, "c.a._764_2021.pdf": 4.662259152972219, "c.p._47_q_2016.pdf": 4.662259152972219}, "lumbardar": {"C.A._634_L_2012.pdf": 6.230875070886063, "Const.P._29_2016.pdf": 18.69262521265819, "C.A._233_2015.pdf": 12.461750141772127, "C.A._461_2014.pdf": 18.69262521265819, "c.a._177_p_2020.pdf": 6.230875070886063}, "lumh": {"Const.P._38_2016.pdf": 7.840312983320164}, "luminary": {"Const.P.12of2010.pdf": 23.52093894996049}, "luminous": {"Const.P._29_2016.pdf": 7.1471658027602185, "C.A._2564_2001.pdf": 7.1471658027602185}, "luman": {"H.R.C.19of1996[AsgharKhanCase]DetailedReasonsUrduTranslation.pdf": 7.1471658027602185, "H.R.C.19of1996[AsgharKhanCase]DetailedReasons.pdf": 14.294331605520437}, "lumberdar": {"Crl.P.163_to_171_S.M.C.5_2005.pdf": 6.454018622200273, "c.a._471_l_2012.pdf": 6.454018622200273, "C.P._1476_2016.pdf": 6.454018622200273, "c.a._1300_2019.pdf": 6.454018622200273}, "lumber": {"c.r.p._296_2020_04022022.pdf": 7.1471658027602185, "C.A._767_2014.pdf": 28.588663211040874}, "lumpur": {"Const.P._2_2011.pdf": 7.840312983320164}, "lumhs": {"c.p._3933_2023.pdf": 31.361251933280656}, "lumba": {"const.p._32_2023_additional_note.pdf": 7.840312983320164}, "lum": {"c.p._4657_2022.pdf": 7.840312983320164}, "lumley": {"C.A.876-879of2005.pdf": 7.840312983320164}}