{"luqman": {"Const.P._134_2012.pdf": 5.201255653704905, "Const.P.31of2011etc.pdf": 5.201255653704905, "cma_2774_2014_in_const.p.51_2010_dt_22.05.14.pdf": 10.40251130740981, "j.p._147_2016.pdf": 5.201255653704905, "Crl.A._135_L_2017.pdf": 15.603766961114715, "S.M.C._13_2016_dt_31-03-2017.pdf": 5.201255653704905, "c.a._675_2019.pdf": 5.201255653704905, "c.a._875_2017.pdf": 5.201255653704905, "crl.a.19of2012.pdf": 98.8238574203932, "c.a._654_2021.pdf": 5.201255653704905, "c.p._3573_2020.pdf": 5.201255653704905, "Crl.A._8_P_2017.pdf": 10.40251130740981, "Const.P._134_2012_21012019.pdf": 5.201255653704905, "S.M.C._7_2017_06022019.pdf": 5.201255653704905}}