{"lurch": {"Const.P.12of2010.pdf": 12.461750141772127, "Const.P._29_2016.pdf": 6.230875070886063, "c.a._929_2017.pdf": 6.230875070886063, "crl.sh.a._23_2017.pdf": 6.230875070886063, "j.p._508_2016.pdf": 6.230875070886063}, "lurid": {"Const.P.12of2010.pdf": 7.840312983320164}, "lurk": {"Const.P.12of2010.pdf": 5.067724261080383, "j.p._405_2021.pdf": 5.067724261080383, "c.p._2243_l_2019.pdf": 5.067724261080383, "const.p._19_2022_01062022.pdf": 5.067724261080383, "Const.P.5of2013.pdf": 5.067724261080383, "crl.p._1245_2020.pdf": 5.067724261080383, "crl.p._540_l_2021.pdf": 5.067724261080383, "c.p._1125_2018.pdf": 5.067724261080383, "crl.p._457_l_2016.pdf": 5.067724261080383, "crl.p._166_l_2020.pdf": 5.067724261080383, "c.p._4029_2019.pdf": 5.067724261080383, "c.p._3213_l_2019.pdf": 5.067724261080383, "crl.p._549_2020.pdf": 5.067724261080383, "crl.p._996_2020.pdf": 5.067724261080383, "crl.p._1145_l_2019.pdf": 5.067724261080383, "Const.P.5and15-HRC14144-DetailedReasons.pdf": 5.067724261080383}, "lure": {"Crl.O.P._59_2015.pdf": 5.537727890326118, "c.a._446_2021.pdf": 5.537727890326118, "crl.p._1245_2020.pdf": 5.537727890326118, "const.p.115_2011.pdf": 5.537727890326118, "c.p._5178_2021.pdf": 5.537727890326118, "crl.sh.a._23_2017.pdf": 5.537727890326118, "c.p._722_p_2021.pdf": 5.537727890326118, "C.P._1707_2018.pdf": 11.075455780652236, "c.p._3213_l_2019.pdf": 5.537727890326118, "C.A._845_2010.pdf": 5.537727890326118}}