{"lust": {"c.a._1476_2018_urdu.pdf": 5.201255653704905, "crl.a._251_2020.pdf": 5.201255653704905, "Crl.A._39_L_2015.pdf": 5.201255653704905, "NRO_Judgment.pdf": 15.603766961114715, "Const.P.12of2010.pdf": 5.201255653704905, "c.p._2243_l_2019.pdf": 10.40251130740981, "C.R.P.167of2012-dt-30-8-2012.pdf": 5.201255653704905, "Crl.P.163_to_171_S.M.C.5_2005.pdf": 10.40251130740981, "crl.a._106_2020.pdf": 5.201255653704905, "crl.a._633_2019_15092023.pdf": 5.201255653704905, "JR_Varan_Case.pdf": 5.201255653704905, "crl.p._601_l_2021.pdf": 5.201255653704905, "c.m.a._3932_2023.pdf": 5.201255653704905, "crl.p._476_l_2018.pdf": 5.201255653704905}, "luster": {"Const.P.77of2012[DetailedOrderFinal].pdf": 6.454018622200273, "Const.P.40of2012-DetailJudgment-dt-3.7.2012.pdf": 12.908037244400546, "c.p._1345_l_2021.pdf": 6.454018622200273, "ConstP.No.53of2007andConst.P.83of2012.pdf": 6.454018622200273}, "lush": {"Const.P.NO.62OF2010_orderdt06062011.pdf": 7.840312983320164}, "lusty": {"crl.a._359_2018.pdf": 7.840312983320164}, "lusar": {"C.M.A._376-K_2014.pdf": 7.840312983320164}}