{"luther": {"c.p._1347_2019.pdf": 6.741700694652055, "c.p._5877_2021.pdf": 6.741700694652055, "c.r.p._296_2020_29012022.pdf": 6.741700694652055}, "lutkoh": {"smc_1_2014.pdf": 7.840312983320164}, "lutfi": {"c.a._183_2015.pdf": 7.840312983320164}, "luton": {"c.a.1540-1599_2013.pdf": 7.840312983320164}, "lutafpur": {"c.p._1530_2019.pdf": 7.840312983320164}, "lutafabad": {"C.M.A._6250_2018.PDF": 7.840312983320164}, "lute": {"SMCNo25of2009.pdf": 7.840312983320164}}