{"luxemburg": {"C.R.P._297_2017_Reserved.pdf": 6.741700694652055, "suo_motu_in_court.pdf": 6.741700694652055, "Const.P._35_2016_dt_15_12_2017.pdf": 13.48340138930411}, "luxurious": {"C.P._272_2016.pdf": 5.8944028342648505, "Const.P._29_2016.pdf": 5.8944028342648505, "H.R.C.19of1996[AsgharKhanCase]DetailedReasonsUrduTranslation.pdf": 11.788805668529701, "H.R.C.19of1996[AsgharKhanCase]DetailedReasons.pdf": 5.8944028342648505, "HRC-4668of2006.pdf": 11.788805668529701, "Const.P.87of2011.pdf": 5.8944028342648505, "c.a._1476_2018.pdf": 5.8944028342648505}, "luxury": {"Const.P_6of2011.pdf": 5.132262782217954, "SMC15OF2009.pdf": 5.132262782217954, "Const.P.12of2010.pdf": 10.264525564435909, "Const.P._29_2016.pdf": 10.264525564435909, "c.a._1573_2017.pdf": 5.132262782217954, "HRC-4668of2006.pdf": 5.132262782217954, "JR_Detailed_Judgment_in_Referendum_Case.pdf": 5.132262782217954, "c.p._593_2020.pdf": 15.396788346653864, "CJD_Constitution_Petition_No_36_of_2005.pdf": 5.132262782217954, "s.m.c._1_2020_25062020.pdf": 20.529051128871817, "H.R.C._17599_2018.pdf": 5.132262782217954, "crl.a._366_2010.pdf": 5.132262782217954, "crl.p.203-l_2014.pdf": 5.132262782217954, "C.M.A._8215_2016.pdf": 10.264525564435909, "c.p._1824_2019.pdf": 5.132262782217954}, "luxembourg": {"NRO_Judgment.pdf": 6.741700694652055, "JR_Detailed_Judgment_in_Referendum_Case.pdf": 6.741700694652055, "Const.P._35_2016_dt_15_12_2017.pdf": 13.48340138930411}}