{"lx": {"NRO_Judgment.pdf": 20.225102083956166, "Const.P.77of2012[DetailedOrderFinal].pdf": 6.741700694652055, "C.A._359_2013.pdf": 6.741700694652055}}