{"lxxxv": {"C.M.A.No.64of2013-dt13.3.2013.pdf": 11.521742883280655, "NRO_Judgment.pdf": 11.521742883280655, "C.A.669-L_2013.pdf": 5.760871441640328, "JR_Detailed_Judgment_in_Graduation_Qualification_Case.pdf": 5.760871441640328, "const.p.39_90_2011.pdf": 17.282614324920985, "C.R.P._94_2014.pdf": 5.760871441640328, "c.p._42_2024_25012024.pdf": 5.760871441640328, "c.a._188_2019.pdf": 17.282614324920985}, "lxxi": {"c.p._1809_2020.pdf": 6.454018622200273, "c.p._361_p_2018.pdf": 6.454018622200273, "J.P.No.56of2005.pdf": 6.454018622200273, "CJD_Section 2-A_Case_as_on_26_06_2006.pdf": 19.36205586660082}, "lxxvi": {"Const.P.77of2012[DetailedOrderFinal].pdf": 7.1471658027602185, "c.p._2021_2019.pdf": 7.1471658027602185}, "lxxx": {"C.P.No.1017-Lof2011.pdf": 7.840312983320164}, "lxxii": {"Const.P._29_2017.pdf": 7.840312983320164}, "lxx": {"c.p._4963_2018.pdf": 6.741700694652055, "CJD_Section 2-A_Case_as_on_26_06_2006.pdf": 26.96680277860822, "C.P._2167_2014.pdf": 6.741700694652055}, "lxxvii": {"c.p._448_p_2017.pdf": 7.1471658027602185, "c.p._1839_2018.pdf": 7.1471658027602185}, "lxxiv": {"c.p._3944_2019.pdf": 7.840312983320164}, "lxxxiv": {"CJD_Section 2-A_Case_as_on_26_06_2006.pdf": 7.840312983320164}}