{"lyer": {"Const.P.127of2012.pdf": 20.225102083956166, "H.R.C.19of1996[AsgharKhanCase]DetailedReasonsUrduTranslation.pdf": 6.741700694652055, "c.r.p._432_k_2022.pdf": 6.741700694652055}}