{"lynch": {"S.M.C._28_2018.pdf": 6.741700694652055, "crl.a._145_l_2017.pdf": 6.741700694652055, "Const.P.5and15-HRC14144-DetailedReasons.pdf": 6.741700694652055}, "lynn": {"crl.a._251_2020.pdf": 7.840312983320164}, "lynchpin": {"Const.P.12of2010.pdf": 6.454018622200273, "H.R.C.19of1996[AsgharKhanCase]DetailedReasons.pdf": 6.454018622200273, "const.p._24_2023_an_10012024_r.pdf": 6.454018622200273, "const.p._24_2023_f.pdf": 6.454018622200273}, "lynched": {"S.J.C_347_2018.PDF": 7.1471658027602185, "crl.a._145_l_2017.pdf": 14.294331605520437}, "lyndon": {"const.p.39_90_2011.pdf": 7.840312983320164}}