{"lyon": {"const.p._24_2017.pdf": 7.1471658027602185, "CMA3258of2013inCP65of09DetailOrder.pdf": 7.1471658027602185}}