{"ma": {"Const.P._56_2003_E_dt_3-9-15.pdf": 4.343805421853684, "CONST.P.77OF2010-DT-05.04.12[URDU].pdf": 4.343805421853684, "Const.P_6of2011.pdf": 143.34557892117158, "Crl.O.P_57_2015.pdf": 4.343805421853684, "Const.P.12of2010.pdf": 4.343805421853684, "const.p.42of2011.pdf": 26.062832531122105, "crl.p._883_l_2022_urdu.pdf": 4.343805421853684, "CPLA_796_2007_ETC_SHORT_ORDER_REKO_DIQ_CASE.pdf": 4.343805421853684, "Const.P.NO.62OF2010_orderdt06062011.pdf": 8.687610843707368, "H.R.C.19of1996[AsgharKhanCase]DetailedReasonsUrduTranslation.pdf": 4.343805421853684, "c.a._108_2015.pdf": 8.687610843707368, "Const.P.77of2010-DT-05-04-2012.pdf": 4.343805421853684, "CJD_Reference by_the_President_of_Pakistan_under_Article_186.pdf": 4.343805421853684, "Const.P.56_2003_U_dt_8-9-2015.pdf": 4.343805421853684, "C.M.A.3325_of_2012_dt_31-1-2013_ENG_URDU.pdf.pdf": 4.343805421853684, "const.p._9_2010_27122021.pdf": 13.031416265561052, "c.m.a._5602_2021.pdf": 4.343805421853684, "c.a._315_2022.pdf": 4.343805421853684, "c.a._675_2019.pdf": 4.343805421853684, "const.p._9_2010.pdf": 17.375221687414736, "C.R.P._94_2014.pdf": 4.343805421853684, "j.p._382_2017.pdf": 4.343805421853684, "c.p._1171_2021.pdf": 8.687610843707368, "C.P._4876_2018.pdf": 30.40663795297579, "c.p._1647_2018.pdf": 4.343805421853684, "const.p._9_2010_28122021.pdf": 13.031416265561052, "c.a._1167_2020.pdf": 4.343805421853684, "c.m.a._490_2021_20022021.pdf": 4.343805421853684, "CJD_Pakistan_Steel_Mills_Case.pdf": 4.343805421853684, "C.M.A._8215_2016.pdf": 4.343805421853684, "crl.a._39_k_2022.pdf": 8.687610843707368, "c.m.a._8758_2018.pdf": 13.031416265561052, "crl.a.264_2006.pdf": 13.031416265561052}}