{"mabsut": {"crl.p._883_l_2022.pdf": 7.840312983320164}, "mabood": {"crl.p._654_2020.pdf": 7.1471658027602185, "CJD_Section 2-A_Case_as_on_26_06_2006.pdf": 14.294331605520437}, "mabqool": {"C.A._794_2006.pdf": 7.840312983320164}}