{"mae": {"Const.P_6of2011.pdf": 6.741700694652055, "Const.P._29_2016.pdf": 6.741700694652055, "Const.P.5and15-HRC14144-DetailedReasons.pdf": 6.741700694652055}, "mael": {"c.a._108_2015.pdf": 7.840312983320164}, "maersk": {"c.p._560_k_2019.pdf": 15.680625966640328}}