{"mafia": {"Const.P._38_2016.pdf": 5.201255653704905, "Crl.A._39_L_2015.pdf": 249.66027137783544, "Const.P._29_2016.pdf": 5.201255653704905, "CONST.P.77OF2010-DT-06.04.12[URDU].pdf": 5.201255653704905, "SMC16of2011_detailed_judgment.pdf": 124.83013568891772, "SMC-16of2011-translation.pdf": 5.201255653704905, "JR_Detailed_Judgment_in_Graduation_Qualification_Case.pdf": 5.201255653704905, "Crl.A_04-K_2012.pdf": 5.201255653704905, "const.p.37_2012_final.pdf": 10.40251130740981, "C.A.800Lof2013etc.pdf": 5.201255653704905, "Crl.P._1099_2016.pdf": 10.40251130740981, "S.M.C.16of2011dt-22-3-2013.pdf": 10.40251130740981, "C.P._41_2008.pdf": 36.408789575934335, "C.M.A._8215_2016.pdf": 10.40251130740981}, "maf": {"Const.P.NO.62OF2010_orderdt06062011.pdf": 15.680625966640328}, "mafatlal": {"c.a._24_2015.pdf": 6.454018622200273, "Const.P.No.33and34of2005-dt-27-6-2013.pdf": 6.454018622200273, "CJD_Section 2-A_Case_as_on_26_06_2006.pdf": 6.454018622200273, "JR_Fecto_Belarus_Tractor_Limited_Case.pdf": 12.908037244400546}}