{"magistrate": {"c.r.p._292_2021_sacked_employees.pdf": 2.630826830478743, "REFERENCE-1-2011[OrderDt-17.01.2012].pdf": 2.630826830478743, "C.A._1171_2013.pdf": 18.4157878133512, "ConstitutionPetitionNo21OF2007.pdf": 5.261653660957486, "Crl.A._479_2015.pdf": 7.892480491436229, "Crl.P._9-P_2016.pdf": 2.630826830478743, "crl.a._154_2020.pdf": 5.261653660957486, "hrc_42389-P_2013.pdf": 15.784960982872459, "Crl.P._927_2016.pdf": 2.630826830478743, "crl.a._251_2020.pdf": 2.630826830478743, "const.p.42of2011(UrduVersion).pdf": 2.630826830478743, "H.R.C._18877_2018_03072019.pdf": 5.261653660957486, "c.a._803_2016.pdf": 13.154134152393715, "Crl.A._39_L_2015.pdf": 5.261653660957486, "NRO_Judgment.pdf": 28.93909513526617, "Crl.P._630_2017.pdf": 7.892480491436229, "Const.P._50_2018.pdf": 7.892480491436229, "Const.P.12of2010.pdf": 18.4157878133512, "Const.P.87of2011[UrduVersion].pdf": 2.630826830478743, "Crl.P._120_2016.pdf": 2.630826830478743, "const.p.42of2011.pdf": 7.892480491436229, "j.p._405_2021.pdf": 10.523307321914972, "Crl.P._724_2016.pdf": 10.523307321914972, "Const.P._29_2016.pdf": 23.677441474308687, "Const.P.77of2012[DetailedOrderFinal].pdf": 2.630826830478743, "c.p._2243_l_2019.pdf": 23.677441474308687, "crl.a._599_2020_26032021.pdf": 171.0037439811183, "Ref.01_2012_addl.note_HJ.ejaz_afzal_khan.pdf": 13.154134152393715, "c.p._3952_2019.pdf": 31.569921965744918, "j.p._147_2016.pdf": 5.261653660957486, "crl.p._916_l_2021.pdf": 2.630826830478743, "SMC16of2011_detailed_judgment.pdf": 2.630826830478743, "CP778-779.pdf": 7.892480491436229, "Crl.A._39_L_2015_Urdu.pdf": 5.261653660957486, "crl.a._03_p_2017.pdf": 5.261653660957486, "CJD_Reference by_the_President_of_Pakistan_under_Article_186.pdf": 13.154134152393715, "C.A._137-K_1976.pdf": 5.261653660957486, "H.R.C._32642_2018.pdf": 5.261653660957486, "c.a._608_2021.pdf": 5.261653660957486, "Crl.P.163_to_171_S.M.C.5_2005.pdf": 39.46240245718114, "C.P._2093_2015.pdf": 2.630826830478743, "crl.sh.a._9_2017.pdf": 2.630826830478743, "crl.p._540_2020.pdf": 13.154134152393715, "const.p.1_ 2012_etc.pdf": 15.784960982872459, "crl.a._231_2020.pdf": 2.630826830478743, "crl.p._801_l_2020.pdf": 2.630826830478743, "c.a._731_2016.pdf": 10.523307321914972, "const.p._24_2023_an_10012024_r.pdf": 10.523307321914972, "crl.p._624_2021.pdf": 5.261653660957486, "crl.p._299_2020_01042020.pdf": 7.892480491436229, "c.p._3923_2016.pdf": 2.630826830478743, "crl.p._574_2019.pdf": 2.630826830478743, "crl.p._1054_2023.pdf": 2.630826830478743, "C.P._78_K_2015.pdf": 2.630826830478743, "C.A.212and213OF2011.pdf": 2.630826830478743, "c.r.p._296_2020_04022022.pdf": 2.630826830478743, "crl.p._1029_2020.pdf": 2.630826830478743, "crl.p._230_2019.pdf": 57.87819027053234, "c.a._446_2021.pdf": 7.892480491436229, "Crl.P._105_2017.pdf": 2.630826830478743, "Const.P.20to27-39&45.pdf": 2.630826830478743, "crl.p._91_k_2020.pdf": 2.630826830478743, "crl.p._461_2023.pdf": 2.630826830478743, "Crl.A._126_2010.pdf": 18.4157878133512, "c.p._116_2020_16112023.pdf": 71.03232442292607, "crl.p._299_2020_07042020.pdf": 2.630826830478743, "crl.p._251_2020.pdf": 2.630826830478743, "crl.p._528_l_2023.pdf": 2.630826830478743, "c.a._201_2020.pdf": 5.261653660957486, "Crl.A._11_P_2017.pdf": 13.154134152393715, "Const.P._24_2012.pdf": 2.630826830478743, "Const.P.87of2011.pdf": 2.630826830478743, "crl.p._1549_2021.pdf": 2.630826830478743, "crl.p._1485_l_2019.pdf": 2.630826830478743, "Crl.M.A_183_2019.pdf": 47.35488294861737, "C.P._3345_2016.pdf": 2.630826830478743, "Crl.A._210_2015.pdf": 5.261653660957486, "crl.p._235_l_2015.pdf": 18.4157878133512, "crl.p._209_2018.pdf": 7.892480491436229, "crl.p._167_k_2022.pdf": 2.630826830478743, "crl.p._551_2020.pdf": 5.261653660957486, "crl.a._106_2020.pdf": 21.046614643829944, "crl.a._270_l_2012.pdf": 2.630826830478743, "crl.a.19of2012.pdf": 52.61653660957486, "j.p._105_2020.pdf": 5.261653660957486, "Crl.P.200of2009.pdf": 2.630826830478743, "crl.p._1371_2016.pdf": 2.630826830478743, "c.p._3203_2017.pdf": 2.630826830478743, "Crl.A.140of2005.pdf": 2.630826830478743, "const.p.37_2012_final.pdf": 10.523307321914972, "Crl.A._115_2013.pdf": 26.30826830478743, "crl.a._139_2022.pdf": 7.892480491436229, "c.a._1095_2018_13092019.pdf": 2.630826830478743, "C.P._51_2015.pdf": 5.261653660957486, "crl.p._445_l_2020.pdf": 5.261653660957486, "Crl.M.A._200_2019.pdf": 5.261653660957486, "j.p._255_2018.pdf": 7.892480491436229, "Const.Petition.24_2011_dt02062011.pdf": 15.784960982872459, "j.p._345_2017.pdf": 2.630826830478743, "Crl.M.A.No.486of2010-dt-26-6-2013.pdf": 2.630826830478743, "crl.m.a._365_l_2020.pdf": 5.261653660957486, "crl.p._1050_l_2020.pdf": 2.630826830478743, "Const.P.No.33and34of2005-dt-27-6-2013.pdf": 2.630826830478743, "crl.p._1255_2021.pdf": 2.630826830478743, "J.P.No.56of2005.pdf": 42.09322928765989, "c.p._1257_2020.pdf": 5.261653660957486, "crl.p._457_l_2016.pdf": 5.261653660957486, "c.a._1476_2018.pdf": 2.630826830478743, "C.P._842_2016.pdf": 52.61653660957486, "crl.p._1143_2019.pdf": 10.523307321914972, "c.p._1077_2018.pdf": 2.630826830478743, "C.A._710_2014.pdf": 34.20074879622366, "c.r.p._420_2016.pdf": 26.30826830478743, "c.p._152_2022.pdf": 2.630826830478743, "const.p._24_2023_f.pdf": 18.4157878133512, "crl.a._633_2019_15092023.pdf": 7.892480491436229, "crl_r_p.8-l_2013.pdf": 7.892480491436229, "ca.297_2014.pdf": 7.892480491436229, "J.P._217_2017.pdf": 5.261653660957486, "crl.sh.a._12_2017.pdf": 2.630826830478743, "smc.16of2011.pdf": 5.261653660957486, "crl.a._120_2019.pdf": 13.154134152393715, "crl.p._225_2023.pdf": 23.677441474308687, "c.r.p._526_2020.pdf": 2.630826830478743, "j.p._148_2022.pdf": 2.630826830478743, "Crl.P._634_2015.pdf": 2.630826830478743, "crl.p._207_2023.pdf": 2.630826830478743, "crl.a._48_2021.pdf": 15.784960982872459, "const.p._17_2020_dissenting_note_hj4.pdf": 2.630826830478743, "Crl.P.170of2013-dt-5-6-2013.pdf": 10.523307321914972, "crl.p._172_l_2023.pdf": 13.154134152393715, "S.M.C_15_2015.pdf": 2.630826830478743, "crl.p._577_2021.pdf": 2.630826830478743, "c.p._3209_2019.pdf": 2.630826830478743, "C.A._9_2006.pdf": 21.046614643829944, "Const.P._35_2016_dt_15_12_2017.pdf": 2.630826830478743, "const.p._2_2022.pdf": 2.630826830478743, "C.P._1774_2015.pdf": 5.261653660957486, "c.p._692_2020.pdf": 2.630826830478743, "C.P._1774_2014.pdf": 5.261653660957486, "crl.p._74_l_2018.pdf": 2.630826830478743, "j.p._614_2016.pdf": 13.154134152393715, "c.a._2440_2016.pdf": 7.892480491436229, "c.m.a._3932_2023.pdf": 2.630826830478743, "Crl.O.P.6of2012.pdf": 7.892480491436229, "Crl.A._496_2009.pdf": 36.8315756267024, "ConstP.No.53of2007andConst.P.83of2012.pdf": 7.892480491436229, "j.p._24_2016.pdf": 2.630826830478743, "crl.p._391_2020.pdf": 2.630826830478743, "Crl.A._582_2018.pdf": 13.154134152393715, "crl.p._83_p_2013.pdf": 7.892480491436229, "crl.p._594_2020.pdf": 5.261653660957486, "c.p._3587_2020.pdf": 2.630826830478743, "Crl.A._133_L_2017.pdf": 5.261653660957486, "crl.a.7_p_2017.pdf": 7.892480491436229, "crl.p._138_q_2020.pdf": 2.630826830478743, "crl.p._29_k_2022.pdf": 5.261653660957486, "c.m.a._8758_2018_23nov2023.pdf": 2.630826830478743, "C.P._41_2008.pdf": 2.630826830478743, "c.m.a._490_2021_20022021.pdf": 2.630826830478743, "crl.p._277_2020.pdf": 2.630826830478743, "crl.p._742_l_2019.pdf": 21.046614643829944, "c.p._1854_l_2022.pdf": 5.261653660957486, "Crl.A._218_2015.pdf": 26.30826830478743, "H.R.C._10842_P_2018.pdf": 13.154134152393715, "crl.p._52_k_2023.pdf": 13.154134152393715, "crl.p._46_p_2016.pdf": 7.892480491436229, "crl.p._29_q_2015.pdf": 2.630826830478743, "c.p._3122_2020.pdf": 2.630826830478743, "C.A.83and84of2006.pdf": 2.630826830478743, "crl.a._82_2022.pdf": 10.523307321914972, "S.M.C._7_2017_06022019.pdf": 5.261653660957486, "Crl.A._128_2010.pdf": 2.630826830478743, "crl.a._363_2021.pdf": 2.630826830478743, "CPs987-989OF2011-DT19.10.2011.pdf": 2.630826830478743, "crl.a._92_l_2017.pdf": 2.630826830478743, "const.p._10_2019.pdf": 15.784960982872459, "Crl.P._198_2016.pdf": 7.892480491436229,