{"mamukanjan": {"c.r.p._292_2021_sacked_employees.pdf": 6.048553514092109, "NRO_Judgment.pdf": 6.048553514092109, "Const.P.77of2012[DetailedOrderFinal].pdf": 12.097107028184219, "Crl.O.P.89of2011.pdf": 6.048553514092109, "const.p._21_2022_30102023.pdf": 18.145660542276328, "c.a._1113_2017.pdf": 12.097107028184219}, "mamoon": {"CPs.10-18of2011.pdf": 14.687622012461171, "Const.P.12of2010.pdf": 24.47937002076862, "Crl.P.163_to_171_S.M.C.5_2005.pdf": 4.895874004153724, "c.p._1057_2019.pdf": 4.895874004153724, "s.m.c._1_2023_01032023.pdf": 4.895874004153724, "c.a._130_2021.pdf": 4.895874004153724, "c.p._805_l_2019.pdf": 4.895874004153724, "c.m.a._5777_2021.pdf": 4.895874004153724, "c.p._4683_2018.pdf": 4.895874004153724, "c.p._3525_2018.pdf": 4.895874004153724, "C.P._3122_2017.pdf": 9.791748008307447, "const.p._2_2022_14102022.pdf": 4.895874004153724, "const.p.9_2014_detail_reasons.pdf": 9.791748008307447, "crl.p._1710_l_2017.pdf": 4.895874004153724, "c.a._681_2020.pdf": 4.895874004153724, "c.p._517_l_2016.pdf": 4.895874004153724, "c.p._4835_2019.pdf": 4.895874004153724, "s.m.c._1_2023_12062023.pdf": 4.895874004153724, "crl.a._75_l_2021.pdf": 4.895874004153724}, "mammal": {"Crl.O.P_57_2015.pdf": 7.840312983320164}, "mamoona": {"crl.a._599_2020_26032021.pdf": 7.840312983320164}, "mamnoon": {"s.m.c._1_2022_detailed.pdf": 7.1471658027602185, "Const.P._24_2012.pdf": 7.1471658027602185}, "mamta": {"c.a._108_2015.pdf": 7.840312983320164}, "mammalinamarjata": {"c.a._108_2015.pdf": 7.840312983320164}, "mamamooch": {"c.a._108_2015.pdf": 7.840312983320164}, "mamlik": {"CJD_Reference by_the_President_of_Pakistan_under_Article_186.pdf": 7.840312983320164}, "mamaraz": {"Crl.P.163_to_171_S.M.C.5_2005.pdf": 17.68320850279455, "crl.p._290_l_2015.pdf": 5.8944028342648505, "Crl.A._402_2013.pdf": 5.8944028342648505, "Crl.M.A._200_2019.pdf": 23.577611337059402, "Crl.A._176_2012.pdf": 5.8944028342648505, "crl.m.a._1659_2019.pdf": 5.8944028342648505, "crl.a.264_2006.pdf": 11.788805668529701}, "mammoth": {"const.p.115_2011.pdf": 7.840312983320164}, "mamtaj": {"crl.a._270_l_2012.pdf": 7.840312983320164}, "mamoo": {"c.a._801_2021.pdf": 7.840312983320164}, "mamdot": {"c.p._2032_2019.pdf": 13.48340138930411, "c.a._91_k_2017.pdf": 195.5093201449096, "C.A._1475_2007.PDF": 6.741700694652055}, "mamud": {"ICA3,4,6TO11of2011dt2011.04.pdf": 7.840312983320164}, "mamlook": {"CJD_Section 2-A_Case_as_on_26_06_2006.pdf": 7.840312983320164}, "mamun": {"H.R.C._10842_P_2018.pdf": 7.840312983320164}, "mamu": {"JR_Fecto_Belarus_Tractor_Limited_Case.pdf": 7.840312983320164}}