{"maqbool": {"c.a._837_2011.pdf": 4.744505684370066, "crl.p.240_2012.pdf": 9.489011368740131, "ConstitutionPetitionNo21OF2007.pdf": 2.372252842185033, "C.M.A._4109_2015.pdf": 2.372252842185033, "hrc_42389-P_2013.pdf": 4.744505684370066, "crl.s.m.r.p._84_2018.pdf": 4.744505684370066, "Crl.P._1188_2016.pdf": 4.744505684370066, "c.a._1079_2015.pdf": 4.744505684370066, "Const.P_6of2011.pdf": 2.372252842185033, "C.A._634_L_2012.pdf": 4.744505684370066, "crl.p._632_2021.pdf": 2.372252842185033, "Crl.O.P_57_2015.pdf": 2.372252842185033, "Const.P.12of2010.pdf": 4.744505684370066, "Crl.A._523_2017.pdf": 2.372252842185033, "C.A._1515_2013.pdf": 2.372252842185033, "C.R.P._125_2014.pdf": 4.744505684370066, "c.p._2243_l_2019.pdf": 4.744505684370066, "C.A._2109_2016.pdf": 9.489011368740131, "crl.p._849_2019.pdf": 2.372252842185033, "Ref.01_2012_addl.note_HJ.ejaz_afzal_khan.pdf": 7.116758526555099, "c.p._1665_2020.pdf": 2.372252842185033, "c.a._601_2019.pdf": 4.744505684370066, "CP778-779.pdf": 2.372252842185033, "C.A._80_L_2014.pdf": 2.372252842185033, "c.p._2119_2018.pdf": 2.372252842185033, "Const.P.77-78-79 [Memogate]DetailedOrder.pdf": 2.372252842185033, "S.M.C._01_2010.pdf": 2.372252842185033, "c.p._2144_l_2011.pdf": 2.372252842185033, "C.A._704_2017.pdf": 2.372252842185033, "s.m.c._1_2023_01032023.pdf": 2.372252842185033, "c.p._1882_2016.pdf": 4.744505684370066, "c.a._1348_2014.pdf": 2.372252842185033, "C.M.A._3221_2012.pdf": 2.372252842185033, "crl.p._493_2021.pdf": 2.372252842185033, "C.P._2093_2015.pdf": 2.372252842185033, "crl.p._1210_2020.pdf": 2.372252842185033, "C.A._353_2015.pdf": 2.372252842185033, "Crl.O.P._59_2015.pdf": 4.744505684370066, "C.R.P._315_2013_DT_19_03_2015.pdf": 2.372252842185033, "C.A._1628_2017.pdf": 2.372252842185033, "Crl.A._104_2010.pdf": 2.372252842185033, "const.p._17_2019_19062020.pdf": 9.489011368740131, "j.p._684_2016.pdf": 2.372252842185033, "C.R.P._383_2005.pdf": 2.372252842185033, "crl.p._1271_2019.pdf": 2.372252842185033, "C.P._569-K_2016.pdf": 2.372252842185033, "Const.P.77of2010_dt_27-8-2013.pdf": 2.372252842185033, "C.A._1132_2007.pdf": 2.372252842185033, "c.p._132_p_2021.pdf": 2.372252842185033, "C.A._49_2015.pdf": 2.372252842185033, "c.p._805_l_2019.pdf": 2.372252842185033, "c.a._1076_2019.pdf": 2.372252842185033, "crl.p._1316_2016.pdf": 2.372252842185033, "Crl.A._1-K_2018.pdf": 2.372252842185033, "C.A.1074_2009_dt_13-2-2017.pdf": 2.372252842185033, "JR_Detailed_Judgment_in_Graduation_Qualification_Case.pdf": 4.744505684370066, "C.A._1348_2006.pdf": 2.372252842185033, "c.a._675_2019.pdf": 2.372252842185033, "Crl.A._155_2018.pdf": 2.372252842185033, "crl.r.p._15_2011.pdf": 2.372252842185033, "c.r.p._296_2020_29012022.pdf": 16.60576989529523, "c.p._4296_2019.pdf": 2.372252842185033, "crl.p._280_2021.pdf": 2.372252842185033, "c.r.p._296_2020_04022022.pdf": 14.233517053110198, "c.a._2150_2019.pdf": 2.372252842185033, "crl.p._460_2021.pdf": 2.372252842185033, "c.p._2732_l_2016.pdf": 2.372252842185033, "j.p._36_2016.pdf": 2.372252842185033, "JR_Detailed_Judgment_in_Referendum_Case.pdf": 7.116758526555099, "C.A._394_2014.pdf": 2.372252842185033, "Const.P._39_2016.pdf": 2.372252842185033, "C.P.41_66_2015.pdf": 7.116758526555099, "C.A._1125_2007.pdf": 4.744505684370066, "C.A._27_2009.pdf": 2.372252842185033, "Crl.A_04-K_2012.pdf": 2.372252842185033, "c.a._797_2013.pdf": 2.372252842185033, "crl.p._172_p_2021.pdf": 2.372252842185033, "const.p.9_2014_detail_reasons.pdf": 2.372252842185033, "JR_Constitution_Petition_No._15_17-24_and_512_of_2002.pdf": 4.744505684370066, "crl.p._989_2021.pdf": 2.372252842185033, "C.A._1359_2014.pdf": 4.744505684370066, "C.M.A._3704_2015.pdf": 2.372252842185033, "C.P._1598_2016.pdf": 2.372252842185033, "Const.P._38_2016_2.pdf": 2.372252842185033, "c.p._18_p_2021.pdf": 2.372252842185033, "Crl.A._178-L_2009.pdf": 2.372252842185033, "crl.a_01_l_2015.pdf": 2.372252842185033, "C.A._1428_2016.pdf": 2.372252842185033, "c.p._1542_2017.pdf": 2.372252842185033, "j.p._333_2013.pdf": 2.372252842185033, "C.R.P.193of2013.pdf": 4.744505684370066, "c.a._982_2018_19022024.pdf": 7.116758526555099, "crl.a.19of2012.pdf": 4.744505684370066, "Crl.A.13-14-15and16of2004and53of2011.pdf": 2.372252842185033, "Crl.P.200of2009.pdf": 11.861264210925164, "c.a._1172_2020.pdf": 2.372252842185033, "c.a._1095_2018_13092019.pdf": 2.372252842185033, "C.P._51_2015.pdf": 54.56181537025576, "c.r.p._421_2020.pdf": 2.372252842185033, "c.a._433_2015.pdf": 2.372252842185033, "c.a._21_2021.pdf": 2.372252842185033, "const.p._18_2019.pdf": 2.372252842185033, "c.p._479_k_2020.pdf": 9.489011368740131, "const.p._17_2019_detailed_reasoning.pdf": 7.116758526555099, "c.a._42_p_2016.pdf": 2.372252842185033, "j.p._508_2016.pdf": 2.372252842185033, "c.p._3795_2021.pdf": 2.372252842185033, "crl.p._275_2021.pdf": 2.372252842185033, "C.P._3551_2015.pdf": 2.372252842185033, "c.p._1444_2019.pdf": 4.744505684370066, "crl.p._495_2021.pdf": 2.372252842185033, "crl.m.a._365_l_2020.pdf": 2.372252842185033, "Crl.A._436_2017.pdf": 2.372252842185033, "C.A._125_K_2016_JPMC_Dissenting_Note.pdf": 2.372252842185033, "c.p._1084_2011.pdf": 2.372252842185033, "Crl.A._137_L_2010.pdf": 9.489011368740131, "c.a._125_k_2016.pdf": 9.489011368740131, "c.p._2314_2022_dn.pdf": 2.372252842185033, "c.a._40_2021.pdf": 2.372252842185033, "C.A._194_2015.pdf": 4.744505684370066, "crl.p._1255_2021.pdf": 2.372252842185033, "c.p._517_l_2016.pdf": 2.372252842185033, "j.p._461_2013.pdf": 2.372252842185033, "C.A._1086_2014.pdf": 2.372252842185033, "C.A._167-Q_2005.pdf": 4.744505684370066, "C.A._1095_2018.pdf": 2.372252842185033, "Const.P._29_2017.pdf": 2.372252842185033, "crl.p._73_p_2021.pdf": 2.372252842185033, "C.P._3186_2015.pdf": 2.372252842185033, "c.m.a._7084_2020.pdf": 2.372252842185033, "C.A._794_2006.pdf": 2.372252842185033, "c.p._3317_2018.pdf": 4.744505684370066, "C.A._710_2014.pdf": 2.372252842185033, "Crl.A._9_L_2016.pdf": 2.372252842185033, "Crl.A._35_K_2016.pdf": 4.744505684370066, "crl.p._1280_2019.pdf": 2.372252842185033, "C.P._29_2017.pdf": 2.372252842185033, "c.m.a._1243_2021_short_order.pdf": 7.116758526555099, "C.M.A._6250_2018.PDF": 4.744505684370066, "Crl.A._466_2017.pdf": 2.372252842185033, "c.a._221_2018.pdf": 4.744505684370066, "c.r.p._296_2020_hj10.pdf": 2.372252842185033, "crl.p._166_l_2020.pdf": 2.372252842185033, "c.a._908_2015.pdf": 2.372252842185033, "c.p._873_2021.pdf": 2.372252842185033, "c.p._4703_2017.pdf": 2.372252842185033, "s.m.c._1_2023_12062023.pdf": 2.372252842185033, "c.a._597_2020.pdf": 2.372252842185033, "crl.p._1296_l_2013.pdf": 2.372252842185033, "c.a._982_2018_19022024_2.pdf": 7.116758526555099, "CMA2745of2009etc.pdf": 2.372252842185033, "c.m.a._490_2021.pdf": 2.372252842185033, "crl.p._1154_2021.pdf": 2.372252842185033, "j.p._302_2017.pdf": 2.372252842185033, "crl.a._547_2017.pdf": 2.372252842185033, "c.a._102_l_2017.pdf": 2.372252842185033, "c.a._822_2014.pdf": 2.372252842185033, "j.p._417_2019.pdf": 2.372252842185033, "const.p._17_2020_dissenting_note_hj4.pdf": 4.744505684370066, "I.C.A._4_2017.pdf": 2.372252842185033, "crl.p._1319_l_2021.pdf": 2.372252842185033, "C.A.404of2011.pdf": 2.372252842185033, "C.M.A._376-K_2014.pdf": 7.116758526555099, "c.a._354_2020.pdf": 4.744505684370066, "JR_Varan_Case.pdf": 4.744505684370066, "Crl.A._21-K_2016.pdf": 2.372252842185033, "Const.P.22of2013.pdf": 23.722528421850328, "j.p._201_2015.pdf": 2.372252842185033, "Const.P._46_2013.pdf": 2.372252842185033, "c.p._2314_2022.pdf": 2.372252842185033, "crl.p._577_2021.pdf": 2.372252842185033, "C.A._1255_2012.pdf": 4.744505684370066, "C.A._319_2014.pdf": 2.372252842185033, "C.R.P._315_2013_DT_18_03_2015.pdf": 2.372252842185033, "c.p._3031_2021.pdf": 2.372252842185033, "crl.p._1251_2022.pdf": 2.372252842185033, "C.P._1774_2015.pdf": 35.58379263277549, "C.P._1774_2014.pdf": 35.58379263277549, "c.m.a._1243_2021.pdf": 7.116758526555099, "C.M.A._592_K_2013_order_dt_26_03_2015.pdf": 2.372252842185033, "c.p._1975_2019.pdf": 2.372252842185033,