{"mbbs": {"C.A._3_2018_dt-14-9-2018.pdf": 5.201255653704905, "C.A._3_2018.pdf": 5.201255653704905, "s.m.c._4_2022.pdf": 20.80502261481962, "s.m.c._4_2022_30mar2023.pdf": 20.80502261481962, "c.a._64_2022.pdf": 20.80502261481962, "s.m.c._4_2022_04apr2023.pdf": 46.811300883344146, "h.r.c_11827_s_2018.pdf": 15.603766961114715, "c.p._2916_2019.pdf": 5.201255653704905, "c.p._1354_2020.pdf": 5.201255653704905, "c.p._3933_2023.pdf": 52.01255653704905, "C.A.2234and2235of2005-dt-31-8-2013.pdf": 20.80502261481962, "H.R.C._17599_2018.pdf": 5.201255653704905, "c.p._3747_2023.pdf": 5.201255653704905, "c.a._540_2020.pdf": 5.201255653704905}}