{"mc": {"report_128_k_2021.pdf": 5.275363625858628, "C.R.P._125_2014.pdf": 5.275363625858628, "Const.P.NO.62OF2010_orderdt06062011.pdf": 5.275363625858628, "CP778-779.pdf": 5.275363625858628, "smc.11_2011.pdf": 5.275363625858628, "const.p._9_2010_27122021.pdf": 5.275363625858628, "i.c.a._1_2024_dn_20032024.pdf": 5.275363625858628, "Crl.A._210_2015.pdf": 5.275363625858628, "const.p._9_2010.pdf": 5.275363625858628, "C.R.P.193of2013.pdf": 5.275363625858628, "c.p._560_k_2019.pdf": 52.753636258586276, "const.p._9_2010_28122021.pdf": 5.275363625858628, "c.a._94_2008.pdf": 379.8261810618212}}