{"mcb": {"C.A._104-L_2015.pdf": 4.662259152972219, "Const.P._36_2016_dt_15_12_2017.pdf": 13.986777458916656, "H.R.C.19of1996[AsgharKhanCase]DetailedReasonsUrduTranslation.pdf": 4.662259152972219, "H.R.C.19of1996[AsgharKhanCase]DetailedReasons.pdf": 13.986777458916656, "c.p._1057_2019.pdf": 4.662259152972219, "C.A._1189_2014.pdf": 9.324518305944437, "c.a._502_2017.pdf": 4.662259152972219, "c.a._446_2021.pdf": 4.662259152972219, "c.a._17_l_2019.pdf": 32.63581407080553, "c.a._8_q_2017.pdf": 4.662259152972219, "c.p._34_2022.pdf": 4.662259152972219, "C.R.P._210_2015.pdf": 9.324518305944437, "c.p._5632_2021.pdf": 9.324518305944437, "c.p._3287_2019.pdf": 4.662259152972219, "c.p._1920_2022.pdf": 4.662259152972219, "S.M.C._26_2007_02082018.pdf": 4.662259152972219, "C.A._441_2010.pdf": 27.97355491783331, "c.p._1842_l_2022.pdf": 4.662259152972219, "C.R.P._70_2018_dt_7_4_2018.pdf": 18.649036611888874, "c.p._3057_2019.pdf": 4.662259152972219, "c.p._6117_2021.pdf": 13.986777458916656, "c.r.p._310_2018.pdf": 4.662259152972219, "c.p._2014_l_2019.pdf": 9.324518305944437, "C.A._1646_2000.pdf": 4.662259152972219}, "mcbride": {"const.p._6_2023_dt_05_01_2023.pdf": 15.680625966640328}}