{"mcintyre": {"c.a._837_2011.pdf": 7.840312983320164}, "mci": {"h.r.c._318_1993.pdf": 14.294331605520437, "c.p._4500_2017.pdf": 21.441497408280654}, "mcinne": {"c.a._248_2014.pdf": 7.840312983320164}}