{"mckeithen": {"Const.P._29_2016.pdf": 7.840312983320164}, "mckinley": {"crl.a._95_2019.pdf": 7.840312983320164}}