{"mcleod": {"Const.P.87of2011[UrduVersion].pdf": 7.1471658027602185, "Const.P.87of2011.pdf": 7.1471658027602185}, "mcleish": {"Const.P._29_2016.pdf": 7.840312983320164}, "mcletchie": {"Const.P._29_2016.pdf": 7.840312983320164}, "mclachlan": {"c.p._1057_2019.pdf": 7.840312983320164}, "mclachlin": {"const.p._17_2020_dissenting_note_hj11.pdf": 6.741700694652055, "const.p._21_2022_30102023.pdf": 13.48340138930411, "crl.a._120_2019.pdf": 6.741700694652055}, "mclone": {"c.a._513_2014.pdf": 7.840312983320164}}