{"mcp": {"smc.24_2010.pdf": 7.1471658027602185, "C.A._125_K_2016_JPMC_Dissenting_Note.pdf": 35.735829013801094}}