{"mda": {"Const.P_6of2011.pdf": 5.442417710521793, "C.R.P._125_2014.pdf": 27.212088552608968, "c.m.a._7923_2019.pdf": 5.442417710521793, "c.p._2836_2020.pdf": 21.769670842087173, "C.R.P.193of2013.pdf": 27.212088552608968, "C.A._1011_2006.pdf": 114.29077192095765, "smc.16of2011.pdf": 5.442417710521793, "C.M.A._376-K_2014.pdf": 1213.6591494463598, "c.p._5718_2021.pdf": 65.30901252626151, "c.m.a._8758_2018_23nov2023.pdf": 59.866594815739724, "c.m.a._8758_2018.pdf": 16.327253131565378}}