{"mdcat": {"C.A._3_2018_dt-14-9-2018.pdf": 37.38525042531638, "C.A._3_2018.pdf": 37.38525042531638, "c.m.a._5777_2021.pdf": 168.2336269139237, "c.p._2916_2019.pdf": 37.38525042531638, "c.p._3747_2023.pdf": 205.6188773392401}}