{"mds": {"SMC16of2011_detailed_judgment.pdf": 6.741700694652055, "smc.11_2011.pdf": 6.741700694652055, "Const.P.33and34of2005.pdf": 6.741700694652055}}