{"mechanism": {"C.P._2350_2015.pdf": 2.227184876932094, "c.m.a.4343_2014_etc_with_urdu_translation.pdf": 4.454369753864188, "Const.P.127of2012.pdf": 6.681554630796281, "c.a._1476_2018_urdu.pdf": 6.681554630796281, "ConstitutionPetitionNo21OF2007.pdf": 4.454369753864188, "CPs.10-18of2011.pdf": 11.13592438466047, "c.a._465_2021.pdf": 2.227184876932094, "C.M.A.No.64of2013-dt13.3.2013.pdf": 2.227184876932094, "Const.P.105-2012-eng-urd.PDF": 2.227184876932094, "C.P.796of2007-UrduTranslation-dt-10-5-2013.pdf": 2.227184876932094, "S.M.C._28_2018.pdf": 6.681554630796281, "Const.P.31of2011etc.pdf": 6.681554630796281, "c.p._1331_l_2017.pdf": 6.681554630796281, "c.a._803_2016.pdf": 8.908739507728376, "Const.P._38_2016.pdf": 13.363109261592562, "c.a._1729_2019.pdf": 6.681554630796281, "Const.P._29_2016_28072016.pdf": 2.227184876932094, "C.A._1129_2013.pdf": 2.227184876932094, "NRO_Judgment.pdf": 22.27184876932094, "c.p._2063_2020.pdf": 2.227184876932094, "C.A._3_2018_dt-14-9-2018.pdf": 2.227184876932094, "cng_prices_order_21-12-12-alongwith_translation.pdf": 2.227184876932094, "Const.P.12of2010.pdf": 62.36117655409863, "Const.P.87of2011[UrduVersion].pdf": 6.681554630796281, "Const.P.33_2013.pdf": 6.681554630796281, "Const.P._29_2016.pdf": 17.81747901545675, "C.R.P._125_2014.pdf": 13.363109261592562, "Const.P.77of2012[DetailedOrderFinal].pdf": 6.681554630796281, "C.A._3_2018.pdf": 2.227184876932094, "crl.p._907_2020.pdf": 6.681554630796281, "c.p._2243_l_2019.pdf": 6.681554630796281, "Const.P._36_2016_dt_15_12_2017.pdf": 6.681554630796281, "C.A._233_2015.pdf": 8.908739507728376, "Const.P.30of2013.pdf": 2.227184876932094, "c.a.149-150_2010.pdf": 6.681554630796281, "Ref.01_2012_addl.note_HJ.ejaz_afzal_khan.pdf": 11.13592438466047, "C.M.A.No.1535and1536of2013.pdf": 4.454369753864188, "Const.P.NO.62OF2010_orderdt06062011.pdf": 2.227184876932094, "S.M.C.18OF2010.pdf": 2.227184876932094, "const.p._24_to_26_of_2023_04072023.pdf": 2.227184876932094, "s.m.c._1_2022_detailed.pdf": 2.227184876932094, "C.A._870_2014.pdf": 2.227184876932094, "ca.a_239_2020.pdf": 2.227184876932094, "Crl.A._94_2019.pdf": 2.227184876932094, "REVIEW_P_46&47_2011_full.pdf": 2.227184876932094, "crl.misc.a.86_2014.pdf": 2.227184876932094, "HRC7734-G_1003-GOF2009[UrduTranslation].pdf": 2.227184876932094, "Const.Petition No.77of2010-08-12-2012.pdf": 2.227184876932094, "smc.24_2010.pdf": 2.227184876932094, "Const.P.40of2012-DetailJudgment-dt-3.7.2012.pdf": 31.180588277049313, "smc.11_2011.pdf": 2.227184876932094, "Const.P.33and34of2005.pdf": 2.227184876932094, "Const.P.77-78-79 [Memogate]DetailedOrder.pdf": 6.681554630796281, "C.P.796of2007-dt-10-5-2013.pdf": 4.454369753864188, "Crl.O.P.96_12_Altaf_Hussain _1.pdf": 2.227184876932094, "JR_Judgment_on_17th_Amendmend_and_Presidents_Uniform_Case.pdf": 2.227184876932094, "s.m.c._4_2022.pdf": 4.454369753864188, "crl.a._03_p_2017.pdf": 2.227184876932094, "C.A._514_2008.pdf": 2.227184876932094, "const.p._21_2022_15092023.pdf": 8.908739507728376, "Crl.O.P.89of2011.pdf": 24.499033646253032, "const.p.23of2012.pdf": 2.227184876932094, "reference._1_2011_urdu.pdf": 2.227184876932094, "C.M.A._230_2019.pdf": 4.454369753864188, "HRC7734-G_1003-GOF2009[AllegedCorruptionInRentalPowerPlants].pdf": 4.454369753864188, "c.a._797_2017.pdf": 2.227184876932094, "c.p._1057_2019.pdf": 11.13592438466047, "c.a._73_2020.pdf": 2.227184876932094, "s.m.c._1_2020.pdf": 2.227184876932094, "const.p._24_2017.pdf": 2.227184876932094, "i.c.a._2_2023.pdf": 2.227184876932094, "Crl.M.A_693_2018.pdf": 2.227184876932094, "c.r.p._218_2013.pdf": 6.681554630796281, "c.a._731_2016.pdf": 2.227184876932094, "S.M.C.18_2016_dt_06_01_2017.pdf": 4.454369753864188, "c.p._361_p_2018.pdf": 2.227184876932094, "const.p._24_2023_an_10012024_r.pdf": 2.227184876932094, "c.p._283_l_2018.pdf": 8.908739507728376, "c.p._4540_2021.pdf": 2.227184876932094, "Const.P.77of2010_dt_27-8-2013.pdf": 2.227184876932094, "crl.misc.app_86_2014_order_dt_20.05.2014.pdf": 2.227184876932094, "crl.p._299_2020_01042020.pdf": 2.227184876932094, "c.p._1417_2022.pdf": 2.227184876932094, "c.p._3506_2020.pdf": 2.227184876932094, "C.A.212and213OF2011.pdf": 2.227184876932094, "c.r.p._296_2020_29012022.pdf": 2.227184876932094, "c.p._4296_2019.pdf": 2.227184876932094, "Const.P.39of2007-dt-25-6-2013.pdf": 2.227184876932094, "C.P._549-P_2015.pdf": 2.227184876932094, "c.a._1080_2011.pdf": 4.454369753864188, "c.a._2150_2019.pdf": 2.227184876932094, "c.p._943_k_2022.pdf": 15.590294138524657, "C.P._1067_2016.pdf": 2.227184876932094, "Crl.P._105_2017.pdf": 2.227184876932094, "JR_Detailed_Judgment_in_Referendum_Case.pdf": 2.227184876932094, "const.p._6_2023_07032024.pdf": 2.227184876932094, "C.A._633_2007.pdf": 4.454369753864188, "crl.p._299_2020_07042020.pdf": 6.681554630796281, "C.A._1171_2017.pdf": 2.227184876932094, "Const.P._24_2012.pdf": 2.227184876932094, "Const.P.87of2011.pdf": 20.044663892388844, "c.p._490_k_2020.pdf": 6.681554630796281, "crl.p._1485_l_2019.pdf": 2.227184876932094, "C.P._3345_2016.pdf": 11.13592438466047, "C.A._359_2013.pdf": 4.454369753864188, "c.a._248_2020.pdf": 2.227184876932094, "const.p.9_2014_detail_reasons.pdf": 2.227184876932094, "c.p._1290_l_2019.pdf": 2.227184876932094, "c.p._3059_2021.pdf": 2.227184876932094, "const.p._17_2020_dissenting_note_hj11.pdf": 2.227184876932094, "C.P._1195_2019.pdf": 2.227184876932094, "C.P._2532_2015.pdf": 2.227184876932094, "const.p._2_2024_06032024.pdf": 2.227184876932094, "crl.p._235_l_2015.pdf": 6.681554630796281, "NROCaseDt.10.01.2012.pdf": 2.227184876932094, "const.p.115_2011.pdf": 4.454369753864188, "c.p._2231_2020.pdf": 2.227184876932094, "i.c.a._1_2024_15032024.pdf": 11.13592438466047, "C.A._305_2008.pdf": 4.454369753864188, "C.R.P.193of2013.pdf": 13.363109261592562, "c.a._982_2018_19022024.pdf": 2.227184876932094, "h.r.c_11827_s_2018.pdf": 6.681554630796281, "C.A._725_2008.pdf": 11.13592438466047, "Crl.A.140of2005.pdf": 4.454369753864188, "const.p.37_2012_final.pdf": 2.227184876932094, "S.M.C._03_2017.pdf": 2.227184876932094, "c.a._1095_2018_13092019.pdf": 17.81747901545675, "c.p._2916_2019.pdf": 4.454369753864188, "c.p._1691_l_2018.pdf": 2.227184876932094, "c.p._479_k_2020.pdf": 8.908739507728376, "const.p._17_2019_detailed_reasoning.pdf": 20.044663892388844, "C.A._139_2013.pdf": 2.227184876932094, "c.a._377_2014.pdf": 4.454369753864188, "const.p._21_2023_11082023.pdf": 2.227184876932094, "SMC.13-2009.pdf": 2.227184876932094, "Const.Petition.24_2011_dt02062011.pdf": 11.13592438466047, "c.a._1032_2018.pdf": 2.227184876932094, "s.m.c._1_2023_27032023.pdf": 2.227184876932094, "C.P._2066_2013.pdf": 2.227184876932094, "c.p._492_k_2023.pdf": 2.227184876932094, "c.p._5620_2021.pdf": 8.908739507728376, "c.p._1775_2022.pdf": 2.227184876932094, "c.p._1925_2020.pdf": 2.227184876932094, "const.p._2_2022_21032022.pdf": 2.227184876932094, "cas_727-730_777_778_2014_etc.pdf": 2.227184876932094, "c.p._414_2021.pdf": 2.227184876932094, "c.p._2009_2020.pdf": 2.227184876932094, "C.A._125_K_2016_JPMC_Dissenting_Note.pdf": 2.227184876932094, "c.p._1418_2023 .pdf": 2.227184876932094, "Crl.A._137_L_2010.pdf": 2.227184876932094, "Const.P.No.33and34of2005-dt-27-6-2013.pdf": 11.13592438466047, "const.p.5_2011.pdf": 2.227184876932094, "c.a._414_2021.pdf": 4.454369753864188, "C.A.800Lof2013etc.pdf": 4.454369753864188, "c.p._34_2022.pdf": 4.454369753864188, "crl.o.p._4_k_2023.pdf": 4.454369753864188, "C.A._1095_2018.pdf": 2.227184876932094, "c.p._819_2017.pdf": 4.454369753864188, "reference._2_2022.pdf": 2.227184876932094, "crl.p._994_2020.pdf": 4.454369753864188, "c.a._513_2014.pdf": 13.363109261592562, "c.p._1530_2019.pdf": 2.227184876932094, "i.c.a._1_2024_1502024_an.pdf": 11.13592438466047, "c.a._1476_2018.pdf": 26.726218523185125, "C.P._3186_2015.pdf": 4.454369753864188, "c.p._3317_2018.pdf": 4.454369753864188, "c.a._136_2011.pdf": 2.227184876932094, "const.p.20_2013.pdf": 2.227184876932094, "c.a._1481_2015.pdf": 2.227184876932094, "c.a._202_2021.pdf": 2.227184876932094,