{"mega": {"Crl.A._24_2010.pdf": 4.343805421853684, "H.R.C._18877_2018_03072019.pdf": 4.343805421853684, "SMC15OF2009.pdf": 17.375221687414736, "Const.P.33_2013.pdf": 73.84469217151263, "Const.P._29_2016.pdf": 8.687610843707368, "smc.18_2010_final.pdf": 4.343805421853684, "Const.P.77of2012[DetailedOrderFinal].pdf": 4.343805421853684, "CAA_25.09.2013.pdf": 4.343805421853684, "SMC16of2011_detailed_judgment.pdf": 13.031416265561052, "smc.24_2010.pdf": 4.343805421853684, "Const.P.77-78-79 [Memogate]DetailedOrder.pdf": 4.343805421853684, "const.p._21_2022_15092023.pdf": 39.09424879668316, "const.p._24_2017.pdf": 4.343805421853684, "C.P._1067_2016.pdf": 8.687610843707368, "C.M.A._3325_2012_OrderDated_21-8-15.pdf": 13.031416265561052, "C.A._300_2017.pdf": 4.343805421853684, "const.p._21_2022_30102023.pdf": 13.031416265561052, "C.P._3551_2015.pdf": 4.343805421853684, "C.A._125_K_2016_JPMC_Dissenting_Note.pdf": 4.343805421853684, "C.M.A._1656_2015.pdf": 4.343805421853684, "Const.P.No.33and34of2005-dt-27-6-2013.pdf": 4.343805421853684, "C.A.800Lof2013etc.pdf": 4.343805421853684, "c.a._1476_2018.pdf": 4.343805421853684, "c.p._280_k_2019.pdf": 13.031416265561052, "ConstitutionPetitionNo39of2009.pdf": 4.343805421853684, "SMC24-2010.pdf": 8.687610843707368, "c.a._2440_2016.pdf": 34.75044337482947, "CMA.2243-2010.pdf": 13.031416265561052, "S.M.C._17_2016.pdf": 8.687610843707368, "ConstP.No.53of2007andConst.P.83of2012.pdf": 4.343805421853684, "c.p._1600_2021_dt_25_01_2024.pdf": 4.343805421853684, "CJD_Pakistan_Steel_Mills_Case.pdf": 4.343805421853684, "C.A.82-K-2015.pdf": 13.031416265561052}, "megaphone": {"Const.P.87of2011[UrduVersion].pdf": 7.1471658027602185, "Const.P.87of2011.pdf": 7.1471658027602185}, "megawatt": {"Const.P.NO.62OF2010_orderdt06062011.pdf": 12.908037244400546, "HRC7734-G_1003-GOF2009[UrduTranslation].pdf": 6.454018622200273, "HRC7734-G_1003-GOF2009[AllegedCorruptionInRentalPowerPlants].pdf": 6.454018622200273, "c.a._1547_2019.pdf": 6.454018622200273}, "meghee": {"Const.P.5of2013.pdf": 7.1471658027602185, "C.P.784of2014.pdf": 7.1471658027602185}, "megazone": {"HRC-4668of2006.pdf": 31.361251933280656}, "megatech": {"const.p._17_2020_dissenting_note_hj4.pdf": 23.52093894996049}, "meg": {"c.a._1089_2015.pdf": 71.47165802760219, "c.p._4700_2021.pdf": 7.1471658027602185}, "meghwar": {"c.a._52_k_2022.pdf": 7.840312983320164}, "megaw": {"c.a._1547_2019.pdf": 7.840312983320164}}