{"mei": {"c.p._1193_2020.pdf": 7.1471658027602185, "c.p.1795_2022.pdf": 7.1471658027602185}, "meiji": {"const.p._24_2017.pdf": 7.1471658027602185, "CMA3258of2013inCP65of09DetailOrder.pdf": 7.1471658027602185}, "meinhardt": {"Const.P._2_2011.pdf": 23.52093894996049}}