{"melamine": {"c.a._1476_2018_urdu.pdf": 7.840312983320164}, "melancholia": {"C.M.A._3854_2014_dt_17-04-2015.pdf": 7.840312983320164}, "meland": {"Const.P_6of2011.pdf": 7.840312983320164}, "melodious": {"Const.P._29_2016.pdf": 7.840312983320164}, "melt": {"crl.a._95_2019.pdf": 6.454018622200273, "c.a._801_2021.pdf": 6.454018622200273, "SMCNo25of2009.pdf": 6.454018622200273, "c.p._3134_2022.pdf": 19.36205586660082}, "mellow": {"CP778-779.pdf": 7.840312983320164}, "melissa": {"c.p._154_2019.pdf": 7.840312983320164}, "meltdown": {"HRC7734-G_1003-GOF2009[AllegedCorruptionInRentalPowerPlants].pdf": 7.1471658027602185, "Const.P.5and15-HRC14144-DetailedReasons.pdf": 28.588663211040874}, "mela": {"const.p.1_ 2012_etc.pdf": 18.69262521265819, "Const.P.115-2012etc.pdf": 6.230875070886063, "C.A._194_2015.pdf": 6.230875070886063, "const.p.20_2013.pdf": 12.461750141772127, "crl.p._601_l_2021.pdf": 6.230875070886063}, "mellin": {"c.a._444_2017.pdf": 15.680625966640328}, "melsi": {"Crl.A.13-14-15and16of2004and53of2011.pdf": 7.840312983320164}, "melvin": {"const.p._21_2022_30102023.pdf": 7.840312983320164}, "mellish": {"c.a._11_2022.pdf": 7.840312983320164}, "meld": {"s.m.c._1_2023_12062023.pdf": 7.840312983320164}, "melter": {"c.p._3134_2022.pdf": 31.361251933280656}, "melepurath": {"Crl.P._100_2017.pdf": 7.840312983320164}, "mellon": {"Const.P.5and15-HRC14144-DetailedReasons.pdf": 7.840312983320164}}