{"meo": {"c.r.p._446_2022.pdf": 27.212088552608968, "Const.P._38_2016.pdf": 5.442417710521793, "C.A._1129_2013.pdf": 87.07868336834869, "Const.P._36_2016_dt_15_12_2017.pdf": 5.442417710521793, "Crl.O.P.89of2011.pdf": 16.327253131565378, "c.p._211_q_2017.pdf": 27.212088552608968, "c.a._2150_2019.pdf": 38.09692397365255, "c.a._538_2022.pdf": 16.327253131565378, "C.A.404of2011.pdf": 5.442417710521793, "c.a._1621_2017.pdf": 5.442417710521793, "C.P._529_2015.pdf": 16.327253131565378}}