{"mfg": {"Const.P.12of2010.pdf": 6.454018622200273, "smc.11_2011.pdf": 6.454018622200273, "SMC.13-2009.pdf": 6.454018622200273, "c.a._1422_2019.pdf": 6.454018622200273}}