{"mg": {"SMC16of2011_detailed_judgment.pdf": 6.454018622200273, "crl.p._290_2020.pdf": 12.908037244400546, "CJD_Section 2-A_Case_as_on_26_06_2006.pdf": 6.454018622200273, "crl.p._1004_2019.pdf": 19.36205586660082}}