{"mhetre": {"c.p._2243_l_2019.pdf": 14.294331605520437, "C.M.A._8215_2016.pdf": 7.1471658027602185}}