{"mhpl": {"Const.P._2_2011.pdf": 171.53197926624523, "c.m.a._7139_2019.pdf": 21.441497408280654}}