{"mhz": {"C.P._3186_2017.pdf": 40.45020416791233, "cp_1545_2009.pdf": 6.741700694652055, "c.p._2459_2017.pdf": 6.741700694652055}}