{"mib": {"C.P._549-P_2015.pdf": 15.680625966640328}, "mible": {"Crl.A._582_2018.pdf": 7.840312983320164}}