{"michael": {"CPs.10-18of2011.pdf": 15.826090877575883, "Const.P.12of2010.pdf": 15.826090877575883, "Const.P.12of2010Urdu.pdf": 10.550727251717255, "Const.P._29_2016.pdf": 15.826090877575883, "Const.P._36_2016_dt_15_12_2017.pdf": 5.275363625858628, "C.A._233_2015.pdf": 5.275363625858628, "Const.P.77-78-79 [Memogate]DetailedOrder.pdf": 5.275363625858628, "C.P.796of2007-dt-10-5-2013.pdf": 5.275363625858628, "CJD_Reference by_the_President_of_Pakistan_under_Article_186.pdf": 10.550727251717255, "Crl.P.163_to_171_S.M.C.5_2005.pdf": 5.275363625858628, "c.r.p._296_2020_04022022.pdf": 5.275363625858628, "const.p._17_2020_dissenting_note_hj11.pdf": 5.275363625858628, "Crl.M.A._200_2019.pdf": 5.275363625858628}, "micheal": {"CPs.10-18of2011.pdf": 12.908037244400546, "Const.P.12of2010.pdf": 6.454018622200273, "smc_1_2014.pdf": 6.454018622200273, "smc_1_2014_dt_27.02.2014.pdf": 6.454018622200273}, "micor": {"C.P.796of2007-UrduTranslation-dt-10-5-2013.pdf": 7.1471658027602185, "C.P.796of2007-dt-10-5-2013.pdf": 7.1471658027602185}, "microbiological": {"Const.P._38_2016.pdf": 31.361251933280656}, "micah": {"NRO_Judgment.pdf": 7.840312983320164}, "microscopic": {"Const.P.12of2010.pdf": 7.1471658027602185, "C.M.A._376-K_2014.pdf": 7.1471658027602185}, "micro": {"crl.a._241_2020.pdf": 6.230875070886063, "const.p.6_2023.pdf": 6.230875070886063, "C.A._1419_2009.pdf": 6.230875070886063, "C.M.A._6155_2018.pdf": 6.230875070886063, "S.M.C.16of2011dt-22-3-2013.pdf": 6.230875070886063}, "microphone": {"Const.P._29_2016.pdf": 7.840312983320164}, "mich": {"Ref.01_2012_addl.note_HJ.ejaz_afzal_khan.pdf": 11.788805668529701, "c.p._1290_l_2019.pdf": 5.8944028342648505, "c.a._982_2018_19022024.pdf": 5.8944028342648505, "c.a._458_2017.pdf": 5.8944028342648505, "c.a._982_2018_19022024_2.pdf": 5.8944028342648505, "c.p._448_p_2017.pdf": 5.8944028342648505, "crl.a._122_l_2012.pdf": 5.8944028342648505}, "michel": {"c.r.p._296_2020_04022022.pdf": 7.840312983320164}, "mick": {"c.a._446_2021.pdf": 7.840312983320164}, "michigan": {"c.r.p._255_2021.pdf": 6.454018622200273, "Crl.O.P.6of2012.pdf": 12.908037244400546, "c.p._2270_2019.pdf": 6.454018622200273, "c.p._3747_2023.pdf": 6.454018622200273}, "microwave": {"C.A._1509_2016.pdf": 7.840312983320164}, "microfinance": {"c.p._329_k_2022.pdf": 86.2434428165218}, "michele": {"S.M.C._3_2018.pdf": 15.680625966640328}, "micromanage": {"c.a._617_2020.pdf": 7.840312983320164}, "micko": {"C.A.876-879of2005.pdf": 7.840312983320164}}