{"mifflin": {"SMC16of2011_detailed_judgment.pdf": 7.1471658027602185, "Const.P.77-78-79 [Memogate]DetailedOrder.pdf": 7.1471658027602185}}