{"mimat": {"c.p._1193_2020.pdf": 7.840312983320164}, "mimic": {"H.R.C.19of1996[AsgharKhanCase]DetailedReasons.pdf": 7.1471658027602185, "Crl.O.P.6of2012.pdf": 7.1471658027602185}, "mima": {"c.p._4700_2021.pdf": 7.840312983320164}}