{"miogynistic": {"C.A._90_2011_EnglishVersion.pdf": 7.840312983320164}, "mio": {"c.p._329_k_2022.pdf": 23.52093894996049}}