{"mitigate": {"crl.s.m.r.p._84_2018.pdf": 37.97261715485614, "Crl.A._190_2016.pdf": 3.797261715485614, "Crl.P._724_2016.pdf": 3.797261715485614, "Crl.O.P._154_2017.pdf": 3.797261715485614, "Const.P.NO.62OF2010_orderdt06062011.pdf": 3.797261715485614, "Const.P.40of2012-DetailJudgment-dt-3.7.2012.pdf": 7.594523430971228, "C.P.796of2007-dt-10-5-2013.pdf": 11.391785146456842, "c.a._797_2017.pdf": 3.797261715485614, "Crl.A._160_L_2017.pdf": 3.797261715485614, "s.m.c._1_2020_19052020.pdf": 7.594523430971228, "c.p._943_k_2022.pdf": 3.797261715485614, "s.m.c._01_2020.pdf": 3.797261715485614, "Crl.A._210_2015.pdf": 7.594523430971228, "C.P._2669_2016.pdf": 3.797261715485614, "C.A._1515_2016.pdf": 3.797261715485614, "C.A._2564_2001.pdf": 3.797261715485614, "Crl.A.13-14-15and16of2004and53of2011.pdf": 11.391785146456842, "crl.m.a._365_l_2020.pdf": 3.797261715485614, "Crl.A._103_2010.pdf": 7.594523430971228, "c.p._3855_2022.pdf": 3.797261715485614, "C.A.800Lof2013etc.pdf": 3.797261715485614, "Crl.A._3_P_2014.pdf": 3.797261715485614, "crl.p._457_l_2016.pdf": 3.797261715485614, "c.a._1772_2008.pdf": 15.189046861942456, "crl.a_413-414_2013_18.02.2014.pdf": 11.391785146456842, "const.p._6_2023_dt_05_01_2023.pdf": 3.797261715485614, "crl.a._85_2020.pdf": 3.797261715485614, "c.r.p._420_2016.pdf": 7.594523430971228, "const.p._42_2022_07032024.pdf": 3.797261715485614, "crl.a._633_2019_15092023.pdf": 11.391785146456842, "c.p._2602_2019.pdf": 7.594523430971228, "crl.a._120_2019.pdf": 3.797261715485614, "crl.a._190_2020.pdf": 3.797261715485614, "c.p._1336_l_2021.pdf": 3.797261715485614, "crl.p_1124_l_2015.pdf": 3.797261715485614, "c.p._958_2020.pdf": 3.797261715485614, "j.p._657_2016.pdf": 3.797261715485614, "crl.p._169_2020.pdf": 3.797261715485614, "crl.p._406_2017.pdf": 7.594523430971228, "Crl.A.126of2012.pdf": 7.594523430971228, "SMCNo25of2009.pdf": 3.797261715485614, "Crl.O.P.6of2012.pdf": 3.797261715485614, "Crl.A._199_2011.pdf": 3.797261715485614, "crl.a._446_2020.pdf": 3.797261715485614, "C.A._2669_2016.pdf": 3.797261715485614, "C.A._150_2006.pdf": 3.797261715485614, "Crl.P._751_2017.pdf": 34.17535543937053, "crl.a._66_l_2020.pdf": 3.797261715485614, "crl.a._82_2022.pdf": 7.594523430971228, "crl.p._476_l_2018.pdf": 3.797261715485614, "j.p._95_2017.pdf": 7.594523430971228, "C.M.A._8215_2016.pdf": 60.756187447769825, "c.p._4700_2021.pdf": 3.797261715485614, "c.a._370_2020.pdf": 3.797261715485614, "Crl.O.P.6of2012-dt-26-4-2012.pdf": 3.797261715485614, "crl.p._35_q_2017.pdf": 3.797261715485614, "crl.a._122_l_2012.pdf": 3.797261715485614}, "mitigation": {"crl.s.m.r.p._84_2018.pdf": 9.498541059923696, "Const.P.40of2012-DetailJudgment[UrduTranslation]-dt-3.7.2012.pdf": 4.749270529961848, "Const.P.NO.62OF2010_orderdt06062011.pdf": 9.498541059923696, "C.M.A._3221_2012.pdf": 4.749270529961848, "C.R.A._248_2009.pdf": 4.749270529961848, "c.m.a._7084_2020_opinion_hj_5.pdf": 9.498541059923696, "c.p._943_k_2022.pdf": 33.244893709732935, "const.p._2_2022_14102022.pdf": 4.749270529961848, "Crl.A._210_2015.pdf": 4.749270529961848, "c.p._55_2020.pdf": 14.247811589885544, "j.p._34_2020.pdf": 4.749270529961848, "c.p._3347_2021.pdf": 14.247811589885544, "Crl.A.13-14-15and16of2004and53of2011.pdf": 4.749270529961848, "Crl.A._103_2010.pdf": 4.749270529961848, "I.C.A._01_2007.pdf": 4.749270529961848, "const.p._42_2022_07032024.pdf": 28.495623179771087, "c.a._329_2022.pdf": 4.749270529961848, "SMCNo25of2009.pdf": 14.247811589885544, "c.p._389_2022.pdf": 18.99708211984739, "crl.p._9_q_2021.pdf": 4.749270529961848, "Crl.P._751_2017.pdf": 4.749270529961848, "C.M.A._8215_2016.pdf": 33.244893709732935}, "mithi": {"Const.P._38_2016.pdf": 25.816074488801092, "const.p.37_2012_final.pdf": 12.908037244400546, "c.p._329_k_2022.pdf": 12.908037244400546, "C.M.A._230_2019_09072019.pdf": 6.454018622200273}, "mit": {"j.p._587_2016.pdf": 5.8944028342648505, "Urdu-Const.P-77-2010-12.10.2012.pdf": 5.8944028342648505, "Const.P_3_2014.pdf": 5.8944028342648505, "C.A._1184_2011.pdf": 5.8944028342648505, "c.p._5620_2021.pdf": 5.8944028342648505, "C.P._423_K_2015.pdf": 11.788805668529701, "C.P._423-K_2015.pdf": 11.788805668529701}, "mitchell": {"Const.P.12of2010.pdf": 6.454018622200273, "Const.P._29_2016.pdf": 6.454018622200273, "C.A._2564_2001.pdf": 12.908037244400546, "c.p._3747_2023.pdf": 6.454018622200273}, "mithan": {"Const.P.NO.62OF2010_orderdt06062011.pdf": 14.294331605520437, "c.p._329_k_2022.pdf": 7.1471658027602185}, "mitha": {"SMC16of2011_detailed_judgment.pdf": 6.230875070886063, "crl.a._541_2020.pdf": 6.230875070886063, "c.p._1128_2020.pdf": 6.230875070886063, "Crl.A._76_L_2017.pdf": 6.230875070886063, "C.M.A._376-K_2014.pdf": 12.461750141772127}, "mithadar": {"SMC16of2011_detailed_judgment.pdf": 15.680625966640328}, "mitho": {"smc_1_2014.pdf": 12.908037244400546, "crl.p._442_2021.pdf": 6.454018622200273, "C.A._1219_2014.pdf": 6.454018622200273, "Const.P._46_2013.pdf": 6.454018622200273}, "mithial": {"c.a._339_2016.pdf": 7.840312983320164}, "mitroo": {"crl.p._370_2019.pdf": 7.840312983320164}, "mittal": {"C.P.41_66_2015.pdf": 7.840312983320164}, "mithri": {"C.A._1219_2014.pdf": 7.840312983320164}, "mithazai": {"const.p.115_2011.pdf": 7.840312983320164}, "mithu": {"c.a.32_k_2018.pdf": 6.454018622200273, "crl.p._1196_l_2015.pdf": 19.36205586660082, "crl.a._180_2020.pdf": 6.454018622200273, "crl.a._122_l_2012.pdf": 32.270093111001366}, "mitra": {"crl.a.19of2012.pdf": 6.741700694652055, "c.a._908_2015.pdf": 6.741700694652055, "c.p._2711_2019.pdf": 6.741700694652055}, "mithoo": {"Crl.A._115_2013.pdf": 6.741700694652055, "C.A._69_2015.pdf": 6.741700694652055, "crl.a._92_l_2017.pdf": 6.741700694652055}, "mittu": {"C.P._3752_2018.pdf": 7.840312983320164}, "mitiari": {"crl.p._147_k_2020.pdf": 7.840312983320164}, "mitro": {"crl.p._497_l_2023.pdf": 7.840312983320164}, "mitchel": {"ref._2_2022_13092023_2.pdf": 7.840312983320164}, "mithani": {"c.a._491_2012.pdf": 7.840312983320164}, "mitigative": {"SMCNo25of2009.pdf": 7.840312983320164}, "mitigatory": {"SMCNo25of2009.pdf": 15.680625966640328}, "mitt": {"c.p._3587_2020.pdf": 7.840312983320164}, "mitsos": {"C.P._661_K_2015.pdf": 7.840312983320164}, "mithra": {"crl.p._464_2020.pdf": 7.840312983320164}}