{"mkb": {"C.R.P._335_2014.pdf": 6.741700694652055, "c.p._846_l_2017.pdf": 40.45020416791233, "c.a._1113_2017.pdf": 6.741700694652055}}