{"mla": {"C.R.P._297_2017_Reserved.pdf": 12.097107028184219, "Const.P_6of2011.pdf": 6.048553514092109, "Const.P._29_2016_28072016.pdf": 6.048553514092109, "s.m.c._1_2022_detailed.pdf": 6.048553514092109, "smc_1_2014.pdf": 12.097107028184219, "s.m.c._3_2022_06012023.pdf": 12.097107028184219}}