{"mlc": {"crl.a._251_2020.pdf": 11.521742883280655, "crl.p._457_l_2021.pdf": 17.282614324920985, "c.p._211_q_2017.pdf": 5.760871441640328, "c.p._283_k_2020.pdf": 11.521742883280655, "c.a._1481_2015.pdf": 195.86962901577115, "j.p._324_2019.pdf": 17.282614324920985, "crl.p._35_q_2017.pdf": 11.521742883280655, "clr.a._250_2020.pdf": 5.760871441640328}}