{"mld": {"Crl.A._24_2010.pdf": 3.255345504649592, "c.p._1676_l_2011.pdf": 3.255345504649592, "ConstitutionPetitionNo21OF2007.pdf": 3.255345504649592, "C.A._503_2006.pdf": 3.255345504649592, "C.P.796of2007-UrduTranslation-dt-10-5-2013.pdf": 3.255345504649592, "C.R.P._49_2016.pdf": 26.042764037196736, "c.p._620_2021.pdf": 3.255345504649592, "C.M.A.64of2013dt-12-3-2013.pdf": 6.510691009299184, "Const.P.40of2012-DetailJudgment[UrduTranslation]-dt-3.7.2012.pdf": 9.766036513948777, "C.A._2215_2006.pdf": 6.510691009299184, "Const.P.77of2012[DetailedOrderFinal].pdf": 3.255345504649592, "Const.P._36_2016_dt_15_12_2017.pdf": 3.255345504649592, "crl.p._883_l_2022_urdu.pdf": 3.255345504649592, "c.a.149-150_2010.pdf": 6.510691009299184, "j.p._147_2016.pdf": 6.510691009299184, "C.A._1256_2008.pdf": 3.255345504649592, "c.a._371_2020.pdf": 3.255345504649592, "C.A._532_2015.pdf": 3.255345504649592, "CP778-779.pdf": 9.766036513948777, "C.R.P.167of2012-dt-30-8-2012.pdf": 6.510691009299184, "Const.P.40of2012-DetailJudgment-dt-3.7.2012.pdf": 13.021382018598368, "C.P.796of2007-dt-10-5-2013.pdf": 13.021382018598368, "C.P._45_2015.pdf": 3.255345504649592, "CJD_Reference by_the_President_of_Pakistan_under_Article_186.pdf": 6.510691009299184, "crl.p._883_l_2022.pdf": 3.255345504649592, "c.a._730_2015.pdf": 3.255345504649592, "Crl.P.163_to_171_S.M.C.5_2005.pdf": 9.766036513948777, "C.A._14_L_2013.pdf": 6.510691009299184, "c.a._621_2019.pdf": 3.255345504649592, "c.a._1355_2006.pdf": 3.255345504649592, "C.A._417-L_2009.pdf": 9.766036513948777, "C.A._1132_2007.pdf": 3.255345504649592, "c.a._13_q_2020.pdf": 3.255345504649592, "S.M.C._13_2016_dt_31-03-2017.pdf": 3.255345504649592, "crl.p._230_2019.pdf": 3.255345504649592, "c.a._17_l_2019.pdf": 6.510691009299184, "C.A._633_2007.pdf": 3.255345504649592, "Const.P.87of2011.pdf": 3.255345504649592, "C.A._1560_2008.pdf": 3.255345504649592, "const.p.9_2014_detail_reasons.pdf": 3.255345504649592, "crl.p._127_q_2021.pdf": 3.255345504649592, "C.A._616_2014.pdf": 3.255345504649592, "C.A._448_2014_DJ.pdf": 3.255345504649592, "H.R.C._69229_P_2018.pdf": 19.532073027897553, "C.A._300_2017.pdf": 6.510691009299184, "Crl.A.140of2005.pdf": 9.766036513948777, "c.a._1095_2018_13092019.pdf": 6.510691009299184, "c.p._2866_2015.pdf": 6.510691009299184, "C.A._1890_2002.pdf": 3.255345504649592, "c.p._492_k_2023.pdf": 3.255345504649592, "c.a.1540-1599_2013.pdf": 3.255345504649592, "Const.P.No.33and34of2005-dt-27-6-2013.pdf": 3.255345504649592, "C.P._145_2015.pdf": 3.255345504649592, "C.A._1095_2018.pdf": 3.255345504649592, "c.a._1772_2008.pdf": 9.766036513948777, "C.A._794_2006.pdf": 3.255345504649592, "c.p._3958_2019.pdf": 3.255345504649592, "C.A._1011_2006.pdf": 3.255345504649592, "crl_r_p.8-l_2013.pdf": 13.021382018598368, "reference_1_2020.pdf": 3.255345504649592, "C.R.P._561_2015.pdf": 3.255345504649592, "c.p._3573_2020.pdf": 3.255345504649592, "H.R.C._39216_G_2018.pdf": 3.255345504649592, "crl.p._1075_l_2020.pdf": 3.255345504649592, "Const.P.40of2012-ShortOrder[19.06.2012].pdf": 3.255345504649592, "c.p._6482_2021.pdf": 3.255345504649592, "crl.p_1124_l_2015.pdf": 3.255345504649592, "c.p._3215_2021.pdf": 3.255345504649592, "C.R.P._87_2015.pdf": 3.255345504649592, "c.a._1113_2017.pdf": 6.510691009299184, "c.a._152_2019.pdf": 3.255345504649592, "C.P._529_2015.pdf": 3.255345504649592, "C.A._1086_2009.pdf": 3.255345504649592, "crl.p._74_l_2018.pdf": 3.255345504649592, "ca679-lof2012.pdf": 3.255345504649592, "c.p._2000_l_2020.pdf": 6.510691009299184, "c.a._326_l_2020.pdf": 3.255345504649592, "c.p._1369_l_2019.pdf": 3.255345504649592, "C.A._1000_2006.pdf": 3.255345504649592, "Crl.A._135_2013.pdf": 3.255345504649592, "c.a._24_q_2014.pdf": 6.510691009299184, "c.a._57_k_2018.pdf": 3.255345504649592, "c.a._2015_2022.pdf": 6.510691009299184, "C.A._1049_2011.pdf": 3.255345504649592, "crl.p._440_2022 .pdf": 6.510691009299184, "c.p._1854_l_2022.pdf": 3.255345504649592, "const.p._5_2023_detailed_reasons.pdf": 3.255345504649592, "C.A._2352_2008.pdf": 3.255345504649592, "H.R.C._10842_P_2018.pdf": 9.766036513948777, "c.p._3750_2020.pdf": 3.255345504649592, "HR8340OF2010.pdf": 3.255345504649592, "c.p._5601_2021.pdf": 3.255345504649592, "C.A._510_2012.pdf": 3.255345504649592, "JR_Fecto_Belarus_Tractor_Limited_Case.pdf": 6.510691009299184, "C.A._1646_2000.pdf": 3.255345504649592, "const.p._10_2019.pdf": 3.255345504649592, "c.p._3249_2015.pdf": 3.255345504649592, "c.p._3718_2023.pdf": 3.255345504649592}}