{"mlj": {"Const.P.12of2010.pdf": 31.154375354430318, "JR_Judgment_on_17th_Amendmend_and_Presidents_Uniform_Case.pdf": 6.230875070886063, "c.r.p._421_2020_dissenting_notes.pdf": 6.230875070886063, "c.r.p._421_2020.pdf": 6.230875070886063, "c.p._349_l_2017.pdf": 6.230875070886063}}