{"mlo": {"SMC16of2011_detailed_judgment.pdf": 12.908037244400546, "crl.p._105_k_2020.pdf": 6.454018622200273, "c.a._174_2012.pdf": 83.90224208860354, "Crl.A._176_2012.pdf": 6.454018622200273}}