{"mm": {"Crl.A._190_2016.pdf": 5.355406333532164, "C.P.796of2007-dt-10-5-2013.pdf": 5.355406333532164, "crl.p._188_p_2023.pdf": 5.355406333532164, "crl.p._280_2021.pdf": 5.355406333532164, "crl.a._15_q_2020.pdf": 5.355406333532164, "crl.p._124_2022.pdf": 5.355406333532164, "C.A._1242_2013.pdf": 5.355406333532164, "Crl.A._298_L_2017.pdf": 10.710812667064328, "Crl.A._324_2011.pdf": 5.355406333532164, "c.a._1167_2020.pdf": 5.355406333532164, "CJD_Pakistan_Steel_Mills_Case.pdf": 10.710812667064328, "C.M.A._8215_2016.pdf": 10.710812667064328}}