{"mmbtu": {"const.p.42of2011(UrduVersion).pdf": 16.613183670978355, "cng_prices_order_21-12-12-alongwith_translation.pdf": 22.150911561304472, "const.p.42of2011.pdf": 16.613183670978355, "Const.P.33and34of2005.pdf": 22.150911561304472, "c.r.p._421_2020_dissenting_notes.pdf": 22.150911561304472, "C.A._992_2013.pdf": 5.537727890326118, "c.r.p._421_2020.pdf": 22.150911561304472, "c.a._1113_2017_dissenting_note.pdf": 11.075455780652236, "c.a._1113_2017.pdf": 11.075455780652236, "c.a._1547_2019.pdf": 5.537727890326118}, "mmbtus": {"C.A._992_2013.pdf": 23.52093894996049}}