{"mmmm": {"c.a._108_2015.pdf": 7.840312983320164}, "mmm": {"C.P._3499_2016.pdf": 15.680625966640328}}