{"moazam": {"Const.P_6of2011.pdf": 5.537727890326118, "SMC15OF2009.pdf": 5.537727890326118, "crl.a._95_2019.pdf": 5.537727890326118, "c.a._401_2015.pdf": 5.537727890326118, "c.m.a._4821_2018_13102021.pdf": 5.537727890326118, "c.a._396_2018.pdf": 5.537727890326118, "c.a._1772_2008.pdf": 5.537727890326118, "hrc.14392of2013-01.07.2013.pdf": 5.537727890326118, "c.p._4963_2018.pdf": 5.537727890326118, "c.a._1685_2021.pdf": 5.537727890326118}, "moazzam": {"C.A._3_2018_dt-14-9-2018.pdf": 4.949941225423999, "smc.18_2010_final.pdf": 74.24911838135999, "C.A._3_2018.pdf": 4.949941225423999, "S.M.C.18OF2010.pdf": 9.899882450847999, "HRC7734-G_1003-GOF2009[UrduTranslation].pdf": 4.949941225423999, "HRC7734-G_1003-GOF2009[AllegedCorruptionInRentalPowerPlants].pdf": 4.949941225423999, "ca_297_2014.pdf": 4.949941225423999, "S.M.C._ 26_2007_30062018.pdf": 4.949941225423999, "S.M.C._26_2007_04072018.pdf": 4.949941225423999, "crl.o.p.4-k_2023_dt_21_12_2023.pdf": 4.949941225423999, "c.a._1772_2008.pdf": 4.949941225423999, "ca.297_2014.pdf": 4.949941225423999, "S.M.C._26_2007_02082018.pdf": 4.949941225423999, "c.a._188_2019.pdf": 9.899882450847999, "H.R.C._20171_B_2018.pdf": 4.949941225423999, "C.A.876-879of2005.pdf": 4.949941225423999, "HR8340OF2010.pdf": 4.949941225423999, "HRC.14392of2013.pdf": 4.949941225423999}, "moa": {"C.P._2669_2016.pdf": 32.270093111001366, "C.A._2669_2016.pdf": 32.270093111001366, "C.A._150_2006.pdf": 174.25850279940738, "H.R.C._3654_2018.pdf": 12.908037244400546}, "moahzam": {"Crl.A.13-14-15and16of2004and53of2011.pdf": 7.840312983320164}, "moach": {"smc.16of2011.pdf": 7.1471658027602185, "C.M.A._376-K_2014.pdf": 14.294331605520437}, "moambar": {"c.a._329_2022.pdf": 7.840312983320164}, "moas": {"C.A._150_2006.pdf": 15.680625966640328}}