{"mockery": {"Const.P.127of2012.pdf": 5.067724261080383, "Const.P.40of2012-DetailJudgment[UrduTranslation]-dt-3.7.2012.pdf": 25.338621305401915, "c.p._3436_l_2022.pdf": 10.135448522160766, "Const.P.12of2010.pdf": 5.067724261080383, "AdditionalNoteConst.P.77of2012.pdf": 5.067724261080383, "s.m.c._1_2022_detailed.pdf": 5.067724261080383, "C.A._461_2014.pdf": 5.067724261080383, "const.p._2_2022_14102022.pdf": 5.067724261080383, "crl.p._588_l_2023.pdf": 5.067724261080383, "c.p._47_2016.pdf": 5.067724261080383, "crl.p._124_2022.pdf": 5.067724261080383, "C.A._424_2015.pdf": 5.067724261080383, "c.p._42_2024_25012024.pdf": 5.067724261080383, "c.a._957_2014.pdf": 5.067724261080383, "c.p._3985_2019.pdf": 5.067724261080383, "H.R.C._10842_P_2018.pdf": 10.135448522160766}, "mock": {"Const.P.40of2012-DetailJudgment[UrduTranslation]-dt-3.7.2012.pdf": 11.521742883280655, "AdditionalNoteConst.P.77of2012.pdf": 11.521742883280655, "Const.P.NO.62OF2010_orderdt06062011.pdf": 5.760871441640328, "CP778-779.pdf": 5.760871441640328, "crl.p._518_2022.pdf": 11.521742883280655, "Const.P._134_2012_21012019.pdf": 5.760871441640328, "Const.P._74_2015.pdf": 11.521742883280655, "crl.a.264_2006.pdf": 5.760871441640328}, "mochko": {"SMC16of2011_detailed_judgment.pdf": 7.1471658027602185, "smc.16of2011.pdf": 7.1471658027602185}, "moch": {"crl.r.p._52_2019.pdf": 6.741700694652055, "C.P._689-L_2015.pdf": 6.741700694652055, "c.a._1772_2008.pdf": 6.741700694652055}}