{"moffitt": {"Const.P.12of2010.pdf": 7.840312983320164}, "mofid": {"Const.P.77of2012[DetailedOrderFinal].pdf": 7.840312983320164}, "mofussil": {"C.A._137-K_1976.pdf": 7.840312983320164}, "mofa": {"C.A._6_2016.pdf": 6.454018622200273, "s.m.c._3_2022_13022023.pdf": 25.816074488801092, "s.m.c._3_2022_13062023.pdf": 6.454018622200273, "c.p._1840_2016.pdf": 6.454018622200273}, "moffett": {"c.p._4700_2021.pdf": 7.840312983320164}}