{"mokhlesur": {"c.p._1517_2022.pdf": 7.840312983320164}, "mokurari": {"C.A._1890_2002.pdf": 7.840312983320164}, "mokarari": {"C.A._1890_2002.pdf": 15.680625966640328}, "mokal": {"C.P._3186_2015.pdf": 7.840312983320164}, "mokhi": {"C.M.A._376-K_2014.pdf": 7.840312983320164}}