{"momentary": {"c.m.a.4343_2014_etc_with_urdu_translation.pdf": 5.007099639263948, "c.a._1520_2016.pdf": 5.007099639263948, "Const.P.12of2010.pdf": 5.007099639263948, "I.C.A._7_2018.pdf": 5.007099639263948, "j.p._865_2017.pdf": 5.007099639263948, "j.p._557_2016.pdf": 5.007099639263948, "crl.p._235_l_2015.pdf": 5.007099639263948, "j.p._255_2018.pdf": 5.007099639263948, "j.p._154_2016.pdf": 5.007099639263948, "crl.a._398_2020.pdf": 5.007099639263948, "crl.sh.a._12_2017.pdf": 5.007099639263948, "Crl.A._67_L_2017.pdf": 5.007099639263948, "j.p._883_2017.pdf": 5.007099639263948, "j.p._553_2017.pdf": 5.007099639263948, "Const.P.73of2011.pdf": 5.007099639263948, "c.a._1191_2016.pdf": 5.007099639263948, "crl.a._82_2022.pdf": 5.007099639263948}, "momineen": {"ConstitutionPetitionNo21OF2007.pdf": 23.52093894996049}, "moment": {"ConstitutionPetitionNo21OF2007.pdf": 2.75271664808778, "CPs.10-18of2011.pdf": 2.75271664808778, "SMC5of2012[UrduVersion]dt16-6-2012.pdf": 2.75271664808778, "Order-DNC-nd-note.pdf": 2.75271664808778, "C.R.P._49_2016.pdf": 2.75271664808778, "c.a._803_2016.pdf": 8.258149944263339, "Crl.A._609_2014.pdf": 2.75271664808778, "NRO_Judgment.pdf": 2.75271664808778, "Const.P._50_2018.pdf": 2.75271664808778, "Const.P.12of2010.pdf": 63.312482906018936, "Const.P.87of2011[UrduVersion].pdf": 2.75271664808778, "AdditionalNoteConst.P.77of2012.pdf": 2.75271664808778, "C.A._104-L_2015.pdf": 2.75271664808778, "Const.P.12of2010Urdu.pdf": 5.50543329617556, "Const.P._29_2016.pdf": 5.50543329617556, "smc.18_2010_final.pdf": 2.75271664808778, "Const.P.77of2012[DetailedOrderFinal].pdf": 2.75271664808778, "Urdu-Const.P-77-2010-12.10.2012.pdf": 2.75271664808778, "crl.a._599_2020_26032021.pdf": 2.75271664808778, "Crl.A._275_2011.pdf": 2.75271664808778, "S.J.C_347_2018.PDF": 2.75271664808778, "H.R.C.19of1996[AsgharKhanCase]DetailedReasonsUrduTranslation.pdf": 5.50543329617556, "S.M.C.18OF2010.pdf": 2.75271664808778, "const.p._24_to_26_of_2023_04072023.pdf": 2.75271664808778, "s.m.c._1_2022_detailed.pdf": 8.258149944263339, "c.a._371_2020.pdf": 2.75271664808778, "C.A._870_2014.pdf": 2.75271664808778, "SMC16of2011_detailed_judgment.pdf": 2.75271664808778, "crl.a._95_2019.pdf": 2.75271664808778, "Crl.A._94_2019.pdf": 2.75271664808778, "SMC-16of2011-translation.pdf": 2.75271664808778, "Const.P.40of2012-DetailJudgment-dt-3.7.2012.pdf": 2.75271664808778, "H.R.C.19of1996[AsgharKhanCase]DetailedReasons.pdf": 8.258149944263339, "smc_1_2014.pdf": 16.516299888526678, "Const.P.33and34of2005.pdf": 2.75271664808778, "Const.P.77-78-79 [Memogate]DetailedOrder.pdf": 13.7635832404389, "c.p._154_2019.pdf": 2.75271664808778, "C.A._514_2008.pdf": 2.75271664808778, "CJD_Reference by_the_President_of_Pakistan_under_Article_186.pdf": 2.75271664808778, "crp.328-329_2013.pdf": 5.50543329617556, "c.m.appeal_39_2021.pdf": 2.75271664808778, "Crl.A._589_2006.pdf": 2.75271664808778, "c.p._2144_l_2011.pdf": 2.75271664808778, "c.a._797_2017.pdf": 5.50543329617556, "C.P.No.240and241-Kof2013.pdf": 2.75271664808778, "C.R.P._315_2013_DT_19_03_2015.pdf": 2.75271664808778, "Crl.M.A_693_2018.pdf": 2.75271664808778, "j.p._684_2016.pdf": 2.75271664808778, "const.p.1_ 2012_etc.pdf": 5.50543329617556, "const.p._24_2023_an_10012024_r.pdf": 2.75271664808778, "j.p._210_2018.pdf": 2.75271664808778, "C.A._992_2013.pdf": 2.75271664808778, "Const.P.77to85of2011-ShortOrder-1.pdf": 5.50543329617556, "const.p.6_2023.pdf": 5.50543329617556, "c.r.p._296_2020_29012022.pdf": 2.75271664808778, "c.p._2_2022_dissenting_note2.pdf": 2.75271664808778, "c.p._943_k_2022.pdf": 2.75271664808778, "c.a._446_2021.pdf": 5.50543329617556, "C.A._633_2007.pdf": 2.75271664808778, "const.p._2_2022_14102022.pdf": 8.258149944263339, "Const.P.87of2011.pdf": 2.75271664808778, "c.p._3011_2021.pdf": 2.75271664808778, "const.p.9_2014_detail_reasons.pdf": 2.75271664808778, "c.a._64_2022.pdf": 2.75271664808778, "C.R.P._268_2015.pdf": 2.75271664808778, "C.P._60_K_2018.pdf": 2.75271664808778, "s.m.c._1_2020_20042020.pdf": 2.75271664808778, "Crl.P._169_2007.pdf": 2.75271664808778, "Const.P.77-2011[MemoScandal]dt.30.12.2011.pdf": 5.50543329617556, "crl.p._6_p_2015.pdf": 2.75271664808778, "C.A._2564_2001.pdf": 5.50543329617556, "j.p._496_2019.pdf": 5.50543329617556, "crl.a.19of2012.pdf": 2.75271664808778, "Crl.A.13-14-15and16of2004and53of2011.pdf": 2.75271664808778, "Crl.P.200of2009.pdf": 8.258149944263339, "C.A._725_2008.pdf": 2.75271664808778, "c.a._647_2018.pdf": 2.75271664808778, "crl.p._1371_2016.pdf": 13.7635832404389, "Crl.A.140of2005.pdf": 2.75271664808778, "s.m.c._4_2021_23082021.pdf": 2.75271664808778, "crl.p._911_2020.pdf": 2.75271664808778, "c.p._479_k_2020.pdf": 2.75271664808778, "const.p._17_2019_detailed_reasoning.pdf": 5.50543329617556, "const.p._21_2023_11082023.pdf": 2.75271664808778, "C.P._565_2014.pdf": 2.75271664808778, "Const.Petition.24_2011_dt02062011.pdf": 8.258149944263339, "c.p._3097_2015.pdf": 2.75271664808778, "C.A._1890_2002.pdf": 2.75271664808778, "CRP.229_2006_in_CA.802_2006.pdf": 2.75271664808778, "j.p._943_2017.pdf": 2.75271664808778, "crl.p._1431_2019.pdf": 2.75271664808778, "c.a._547_2012.pdf": 5.50543329617556, "c.p._4459_2018.pdf": 2.75271664808778, "Const.P.No.33and34of2005-dt-27-6-2013.pdf": 5.50543329617556, "C.P._1616_2018.pdf": 2.75271664808778, "J.P.No.56of2005.pdf": 8.258149944263339, "c.p._648_l_2021_detailed.pdf": 2.75271664808778, "C.P._396_2017.pdf": 2.75271664808778, "C.A.269_ETC_OF_2011.pdf": 2.75271664808778, "const.p._6_2023_13042023.pdf": 5.50543329617556, "c.p._3958_2019.pdf": 2.75271664808778, "C.A._288_2013.pdf": 2.75271664808778, "crl.a._597_2018_dt_25_01_2024.pdf": 2.75271664808778, "c.a._171_2019.pdf": 2.75271664808778, "const.p._6_2023_dt_05_01_2023.pdf": 5.50543329617556, "c.a._616_2020.pdf": 2.75271664808778, "const.p._24_2023_f.pdf": 11.01086659235112, "s.m.c._1_2023_12062023.pdf": 5.50543329617556, "crl.a._120_2019.pdf": 2.75271664808778, "CMA2745of2009etc.pdf": 5.50543329617556, "Crl.P._488_2015.pdf": 2.75271664808778, "j.p._148_2022.pdf": 2.75271664808778, "C.A._1950_2007.pdf": 2.75271664808778, "crl.p._789_2023.pdf": 2.75271664808778, "crl.p._163_2020.pdf": 2.75271664808778, "C.A.404of2011.pdf": 2.75271664808778, "C.M.A._376-K_2014.pdf": 2.75271664808778, "c.a._81_k_2022.pdf": 5.50543329617556, "ICA3,4,6TO11of2011dt2011.04.pdf": 11.01086659235112, "crl.p._53_q_2020.pdf": 5.50543329617556, "c.a._2440_2016.pdf": 2.75271664808778, "s.m.c._4_2021_26082021.pdf": 8.258149944263339, "Crl.P._1099_2016.pdf": 2.75271664808778, "crl.p._9_q_2021.pdf": 2.75271664808778, "j.p._355_2018.pdf": 8.258149944263339, "Crl.A._582_2018.pdf": 2.75271664808778, "c.p._659_2019.pdf": 2.75271664808778, "j.p._263_2018.pdf": 2.75271664808778, "Crl.A._135_2013.pdf": 2.75271664808778, "c.p._3041_2020.pdf": 2.75271664808778, "C.M.A.4918of2012-dt-26-4-2013.pdf": 2.75271664808778, "C.A._845_2010.pdf": 8.258149944263339, "c.p.1795_2022.pdf": 2.75271664808778, "c.a._1275_2009.pdf": 5.50543329617556, "crl.a._154_l_2013.pdf": 2.75271664808778, "crl.a._446_2020.pdf": 5.50543329617556, "C.P.784of2014.pdf": 2.75271664808778, "C.A._150_2006.pdf": 2.75271664808778, "crl.a._506_2020.pdf": 8.258149944263339, "crl.m.a._130_k_2019.pdf": 2.75271664808778, "c.p._962_2016 .pdf": 2.75271664808778, "crl.a._66_l_2020.pdf": 2.75271664808778, "Crl.P._100_2017.pdf": 2.75271664808778, "C.P._3181_2015.pdf": 2.75271664808778, "const.p._5_2023_detailed_reasons.pdf": 2.75271664808778, "c.p._1165_2021.pdf": 2.75271664808778, "Crl.A._154_L_2017.pdf": 2.75271664808778, "C.P._2167_2014.pdf": 2.75271664808778, "HR8340OF2010.pdf": 2.75271664808778, "crl.a._82_2022.pdf": 5.50543329617556, "S.M.C._7_2017_06022019.pdf": 2.75271664808778, "c.p._2351_2019.pdf": 2.75271664808778, "C.M.A._8215_2016.pdf": 2.75271664808778, "CPs987-989OF2011-DT19.10.2011.pdf": 8.258149944263339, "c.a._1486_2017.pdf": 2.75271664808778, "j.p._462_2016.pdf": 2.75271664808778, "C.A._1207_2004.pdf": 2.75271664808778, "c.p._1965_2019.pdf": 2.75271664808778,