{"moot": {"Const.P.127of2012.pdf": 15.051102157657779, "c.a._240_p_2014.pdf": 3.7627755394144446, "SMC15OF2009.pdf": 3.7627755394144446, "NRO_Judgment.pdf": 3.7627755394144446, "C.A._3_2018_dt-14-9-2018.pdf": 3.7627755394144446, "cng_prices_order_21-12-12-alongwith_translation.pdf": 3.7627755394144446, "C.A._104-L_2015.pdf": 3.7627755394144446, "Const.P.77of2012[DetailedOrderFinal].pdf": 3.7627755394144446, "C.A._3_2018.pdf": 3.7627755394144446, "C.A._03_2017.pdf": 3.7627755394144446, "C.P.796of2007-dt-10-5-2013.pdf": 3.7627755394144446, "crp.328-329_2013.pdf": 7.525551078828889, "c.a._929_2017.pdf": 3.7627755394144446, "crl.p._614_2017.pdf": 3.7627755394144446, "c.a._515_2015.pdf": 3.7627755394144446, "C.A._1519_2013.pdf": 3.7627755394144446, "C.A._417-L_2009.pdf": 3.7627755394144446, "C.A._176_2015.pdf": 3.7627755394144446, "C.A.1074_2009_dt_13-2-2017.pdf": 3.7627755394144446, "c.a._446_2021.pdf": 3.7627755394144446, "c.a._353_2010.pdf": 3.7627755394144446, "crl.a._531_2019.pdf": 3.7627755394144446, "i.c.a._1_2024_15032024.pdf": 3.7627755394144446, "C.A._280-L_2009.pdf": 3.7627755394144446, "c.p._3767_2023.pdf": 3.7627755394144446, "C.A._94_2012.pdf": 3.7627755394144446, "crl.p._1371_2016.pdf": 7.525551078828889, "c.p.l.a.6052_2021.pdf": 3.7627755394144446, "c.a._801_2021.pdf": 3.7627755394144446, "c.p._479_k_2020.pdf": 3.7627755394144446, "const.p._17_2019_detailed_reasoning.pdf": 3.7627755394144446, "c.a._377_2014.pdf": 3.7627755394144446, "c.p._957_2020.pdf": 3.7627755394144446, "c.a._2433_2016.pdf": 3.7627755394144446, "J.P.No.56of2005.pdf": 3.7627755394144446, "C.A.800Lof2013etc.pdf": 3.7627755394144446, "i.c.a._1_2024_1502024_an.pdf": 3.7627755394144446, "C.A.269_ETC_OF_2011.pdf": 11.288326618243333, "c.p._2032_2019.pdf": 3.7627755394144446, "crl.a._633_2019_15092023.pdf": 7.525551078828889, "C.A.39_2010.pdf": 18.813877697072222, "c.m.a._1824_2021.pdf": 3.7627755394144446, "const.p._6_2023_dn.pdf": 3.7627755394144446, "Crl.P.No.426of2009&Crl.A.No.pdf": 11.288326618243333, "c.p._2314_2022.pdf": 3.7627755394144446, "c.a._1877_2016_dt_24_01_2024.pdf": 3.7627755394144446, "ICA3,4,6TO11of2011dt2011.04.pdf": 3.7627755394144446, "c.a._23_q_2017.pdf": 11.288326618243333, "SMCNo25of2009.pdf": 3.7627755394144446, "ca679-lof2012.pdf": 3.7627755394144446, "c.p._3587_2020.pdf": 3.7627755394144446, "c.a._1685_2021.pdf": 3.7627755394144446, "C.A.876-879of2005.pdf": 3.7627755394144446, "c.a._180_2015.pdf": 3.7627755394144446, "H.R.C._10842_P_2018.pdf": 3.7627755394144446, "c.a._317_l_2011.pdf": 3.7627755394144446, "C.A._682_2008.pdf": 3.7627755394144446, "C.A._510_2012.pdf": 3.7627755394144446, "Crl.A._12-P_2011.pdf": 3.7627755394144446}, "moosa": {"C.A._503_2006.pdf": 5.537727890326118, "CP778-779.pdf": 5.537727890326118, "c.p._2547_2019.pdf": 5.537727890326118, "Crl.P.200of2009.pdf": 5.537727890326118, "const.p._21_2023_11082023.pdf": 11.075455780652236, "const.p._6_2023_dt_05_01_2023.pdf": 5.537727890326118, "ICA3,4,6TO11of2011dt2011.04.pdf": 5.537727890326118, "c.r.p._432_k_2022.pdf": 5.537727890326118, "HR8340OF2010.pdf": 5.537727890326118, "JR_Fecto_Belarus_Tractor_Limited_Case.pdf": 5.537727890326118}, "moorehead": {"NRO_Judgment.pdf": 6.741700694652055, "Const.P.12of2010.pdf": 6.741700694652055, "s.m.c._4_2021_26082021.pdf": 13.48340138930411}, "moon": {"c.p._3436_l_2022.pdf": 21.10145450343451, "Const.P._29_2016.pdf": 5.275363625858628, "C.P._45_2015.pdf": 5.275363625858628, "Crl.P.163_to_171_S.M.C.5_2005.pdf": 5.275363625858628, "c.p._490_k_2020.pdf": 5.275363625858628, "crl.a._270_l_2012.pdf": 5.275363625858628, "c.p._920_p_2023.pdf": 10.550727251717255, "H.R.C._14158_G_2016_dt_28_07_2016.pdf": 5.275363625858628, "C.P._145_2015.pdf": 5.275363625858628, "JR_Varan_Case.pdf": 5.275363625858628, "c.p._3985_2019.pdf": 10.550727251717255, "crl.p._796_l_2021.pdf": 5.275363625858628, "Const.P.5and15-HRC14144-DetailedReasons.pdf": 5.275363625858628}, "moonis": {"smc.18_2010_final.pdf": 58.08616759980246, "S.M.C.18OF2010.pdf": 90.35626071080382, "const.p.20_2013.pdf": 6.454018622200273, "h.r.c._20883_2018.pdf": 6.454018622200273}, "mooring": {"Const.P.77of2012[DetailedOrderFinal].pdf": 5.8944028342648505, "Const.P.77-78-79 [Memogate]DetailedOrder.pdf": 5.8944028342648505, "i.c.a._1_2024_dn_20032024.pdf": 5.8944028342648505, "const.p._2_2022_14102022.pdf": 35.3664170055891, "c.a._982_2018_19022024.pdf": 5.8944028342648505, "c.p._4737_2018.pdf": 5.8944028342648505, "c.a._982_2018_19022024_2.pdf": 5.8944028342648505}, "mood": {"Const.P.40of2012-AdditionalNoteofJusticeJawwadSKhawaja.pdf": 6.048553514092109, "S.M.C.18OF2010.pdf": 6.048553514092109, "SMC16of2011_detailed_judgment.pdf": 6.048553514092109, "smc.11_2011.pdf": 6.048553514092109, "SMC.13-2009.pdf": 6.048553514092109, "c.r.p._420_2016.pdf": 30.242767570460547}, "moore": {"H.R.C.19of1996[AsgharKhanCase]DetailedReasonsUrduTranslation.pdf": 6.454018622200273, "c.p._1862_l_2021.pdf": 6.454018622200273, "crl.a._633_2019_15092023.pdf": 6.454018622200273, "s.m.c._4_2021_26082021.pdf": 6.454018622200273}, "moola": {"H.R.C.19of1996[AsgharKhanCase]DetailedReasonsUrduTranslation.pdf": 7.840312983320164}, "moor": {"H.R.C.19of1996[AsgharKhanCase]DetailedReasons.pdf": 12.461750141772127, "C.P._264_2017.pdf": 6.230875070886063, "const.p._2_2022_14102022.pdf": 6.230875070886063, "H.R.C._69229_P_2018.pdf": 6.230875070886063, "S.M.C._7_2017_06022019.pdf": 6.230875070886063}, "mooda": {"Crl.P.163_to_171_S.M.C.5_2005.pdf": 7.840312983320164}, "mookerjee": {"crl.p._230_2019.pdf": 7.840312983320164}, "moo": {"const.p._21_2023_11082023.pdf": 14.294331605520437, "Const.P._29_2017.pdf": 7.1471658027602185}, "moody": {"SMC.13-2009.pdf": 7.840312983320164}, "moolji": {"Const.Petition.24_2011_dt02062011.pdf": 7.840312983320164}, "moopil": {"JR_Varan_Case.pdf": 7.840312983320164}, "moolchand": {"c.a._23_q_2017.pdf": 7.840312983320164}, "mooting": {"Const.P._134_2012_21012019.pdf": 15.680625966640328}, "moonlit": {"j.p._317_2018.pdf": 7.840312983320164}}