{"moqashid": {"Const.P.12of2010Urdu.pdf": 7.840312983320164}, "moqra": {"c.a._1498_2016.pdf": 7.840312983320164}}