{"mowjee": {"Const.P._29_2016.pdf": 7.1471658027602185, "c.p._490_k_2020.pdf": 21.441497408280654}, "mow": {"crl.a._177_2022.pdf": 33.70850347326027, "crl.p._733_l_2018.pdf": 33.70850347326027, "j.p._657_2016.pdf": 33.70850347326027}, "mowadat": {"c.r.p._420_2016.pdf": 47.04187789992098}, "mowaz": {"crl_r_p.8-l_2013.pdf": 15.680625966640328}}