{"moyer": {"Const.P.12of2010.pdf": 15.680625966640328}, "moyra": {"C.A._1890_2002.pdf": 7.840312983320164}}