{"moza": {"Const.P_6of2011.pdf": 12.097107028184219, "C.A._774_2013.pdf": 6.048553514092109, "c.a._1476_2018.pdf": 12.097107028184219, "c.a._2015_2022.pdf": 12.097107028184219, "C.P._357_2016.pdf": 6.048553514092109, "C.A.1628_2014.pdf": 12.097107028184219}, "mozang": {"Const.P_6of2011.pdf": 7.1471658027602185, "crl.p._797_l_2021.pdf": 7.1471658027602185}, "mozuh": {"Const.P_6of2011.pdf": 7.840312983320164}, "mozah": {"C.A._774_2013.pdf": 7.840312983320164}, "mozia": {"C.A._467_2015.pdf": 7.840312983320164}}