{"mplj": {"smc.11_2011.pdf": 6.741700694652055, "SMC.13-2009.pdf": 6.741700694652055, "CMA2745of2009etc.pdf": 13.48340138930411}}