{"mqm": {"Order-DNC-nd-note.pdf": 8.5699298436615, "Const.P.31of2011etc.pdf": 17.139859687323, "NRO_Judgment.pdf": 4.28496492183075, "Const.P.40of2012-DetailJudgment[UrduTranslation]-dt-3.7.2012.pdf": 12.85489476549225, "Const.P.87of2011[UrduVersion].pdf": 42.8496492183075, "CMA_1145-K_2013_in_SMC_16-2011_08-03-2013.pdf": 8.5699298436615, "H.R.C.19of1996[AsgharKhanCase]DetailedReasonsUrduTranslation.pdf": 38.56468429647675, "SMC16of2011_detailed_judgment.pdf": 192.82342148238374, "C.A._760_2016.pdf": 25.7097895309845, "SMC-16of2011-translation.pdf": 12.85489476549225, "Const.P.40of2012-DetailJudgment-dt-3.7.2012.pdf": 8.5699298436615, "H.R.C.19of1996[AsgharKhanCase]DetailedReasons.pdf": 38.56468429647675, "Crl.O.P.96_12_Altaf_Hussain _1.pdf": 77.1293685929535, "Crl.O.P.89of2011.pdf": 4.28496492183075, "const.p._24_2017.pdf": 4.28496492183075, "const.p._9_2023_20042023.pdf": 4.28496492183075, "const.p.6_2023.pdf": 12.85489476549225, "JR_Detailed_Judgment_in_Referendum_Case.pdf": 4.28496492183075, "Const.P.87of2011.pdf": 51.419579061969, "const.p._17_2020_dissenting_note_hj11.pdf": 21.42482460915375, "c.r.p._266_2019_28oct2023.pdf": 17.139859687323, "c.p._479_k_2020.pdf": 4.28496492183075, "const.p._17_2019_detailed_reasoning.pdf": 29.99475445281525, "c.a._125_k_2016.pdf": 4.28496492183075, "const.p._6_2023_13042023.pdf": 4.28496492183075, "const.p.20_2013.pdf": 4.28496492183075, "ca.297_2014.pdf": 4.28496492183075, "reference_1_2020.pdf": 8.5699298436615, "const.p._6_2023_111023.pdf": 4.28496492183075, "const.p._17_2020_dissenting_note_hj4.pdf": 34.279719374646, "const.p._9_2023.pdf": 4.28496492183075, "ca.38-45_2014.pdf": 4.28496492183075, "Const.P._35_2016_dt_15_12_2017.pdf": 4.28496492183075, "c.r.p._266_2019_01112023.pdf": 12.85489476549225, "S.M.C._7_2017_06022019.pdf": 8.5699298436615}}