{"mrc": {"H.R.C.19of1996[AsgharKhanCase]DetailedReasonsUrduTranslation.pdf": 6.454018622200273, "H.R.C.19of1996[AsgharKhanCase]DetailedReasons.pdf": 6.454018622200273, "C.A._125_K_2016_JPMC_Dissenting_Note.pdf": 6.454018622200273, "c.p._1278_k_2023.pdf": 12.908037244400546}}