{"mrf": {"c.p._657_2020.pdf": 6.741700694652055, "C.A._1428_2016.pdf": 6.741700694652055, "c.p._4725_2018.pdf": 6.741700694652055}}