{"mrinal": {"crl.a._251_2020.pdf": 7.840312983320164}, "mrioodeen": {"c.a._2434_2016.pdf": 7.840312983320164}, "mrityunjoy": {"Crl.O.P.6of2012.pdf": 7.840312983320164}}