{"mrp": {"c.p._3772_2019.pdf": 6.741700694652055, "Const.P.39of2011dt-11-4-2013.pdf": 13.48340138930411, "Const.P._74_2015.pdf": 6.741700694652055}}