{"msc": {"Const.P._56_2003_E_dt_3-9-15.pdf": 5.8944028342648505, "Const.P_6of2011.pdf": 17.68320850279455, "const.p.42of2011.pdf": 53.049625508383656, "Const.P.56_2003_U_dt_8-9-2015.pdf": 11.788805668529701, "C.A.404of2011.pdf": 5.8944028342648505, "c.m.appeal._47_2020.pdf": 5.8944028342648505, "c.r.p._432_k_2022.pdf": 5.8944028342648505}}