{"msn": {"Crl.A._39_L_2015.pdf": 7.1471658027602185, "Crl.A._39_L_2015_Urdu.pdf": 7.1471658027602185}}