{"mt": {"SMC15OF2009.pdf": 44.301823122608944, "c.a._749_2021.pdf": 5.537727890326118, "c.a.32_k_2018.pdf": 5.537727890326118, "S.M.C._03_2017.pdf": 5.537727890326118, "C.A.800Lof2013etc.pdf": 5.537727890326118, "c.a._1772_2008.pdf": 5.537727890326118, "C.A._1242_2013.pdf": 5.537727890326118, "Crl.A._135_2013.pdf": 5.537727890326118, "C.R.P._247_ 2011.pdf": 5.537727890326118, "c.a._528_l_2012.pdf": 5.537727890326118}}