{"mti": {"c.a._1474_2021.pdf": 6.741700694652055, "c.a._925_2020.pdf": 60.67530625186849, "c.p._2092_2019.pdf": 26.96680277860822}}