{"muah": {"Const.P.87of2011[UrduVersion].pdf": 7.840312983320164}, "muaz": {"crl.p._907_2020.pdf": 7.840312983320164}, "mua": {"H.R.C.19of1996[AsgharKhanCase]DetailedReasonsUrduTranslation.pdf": 6.741700694652055, "c.p._1084_2011.pdf": 6.741700694652055, "c.a._171_2019.pdf": 6.741700694652055}, "muawiya": {"CJD_Reference by_the_President_of_Pakistan_under_Article_186.pdf": 7.840312983320164}, "muazam": {"c.m.a._4821_2018_15112021.pdf": 7.840312983320164}, "muazzam": {"crl.p._520_2020.pdf": 7.1471658027602185, "CJD_Section 2-A_Case_as_on_26_06_2006.pdf": 7.1471658027602185}, "muahmmad": {"c.p._1874_2022.pdf": 7.840312983320164}, "muan": {"C.A._1219_2014.pdf": 7.840312983320164}, "muavia": {"c.a._1227_2016.pdf": 7.840312983320164}, "muazzmi": {"c.p._2009_2020.pdf": 7.840312983320164}, "muafi": {"j.p._553_2017.pdf": 31.361251933280656}, "mualim": {"crl.m.a._1566_2016.pdf": 7.840312983320164}, "muazaffar": {"HR8340OF2010.pdf": 7.840312983320164}, "muazajat": {"c.p._3249_2015.pdf": 7.840312983320164}}