{"mufti": {"Const.P._56_2003_E_dt_3-9-15.pdf": 4.895874004153724, "Const.P._29_2016.pdf": 4.895874004153724, "crl.p._883_l_2022_urdu.pdf": 4.895874004153724, "c.p._1517_2022.pdf": 24.47937002076862, "C.A._514_2008.pdf": 4.895874004153724, "Const.P.56_2003_U_dt_8-9-2015.pdf": 4.895874004153724, "crl.p._883_l_2022.pdf": 4.895874004153724, "const.p.1_ 2012_etc.pdf": 9.791748008307447, "s.m.c._01_2020_04052020.pdf": 4.895874004153724, "s.m.c._1_2020_20042020.pdf": 4.895874004153724, "c.p._3767_2023.pdf": 4.895874004153724, "j.p._105_2020.pdf": 9.791748008307447, "C.A._1540_2006.pdf": 14.687622012461171, "C.A._2133_2006.pdf": 4.895874004153724, "C.P._3078_2016.pdf": 4.895874004153724, "C.A._651_2012.pdf": 4.895874004153724, "c.a._317_2022.pdf": 9.791748008307447, "C.M.A_687_2017.pdf": 4.895874004153724, "C.P._3078_2016_D.pdf": 4.895874004153724}, "muffle": {"hrc_42389-P_2013.pdf": 16.327253131565378, "C.A._1406_2016.pdf": 5.442417710521793, "c.r.p._296_2020_29012022.pdf": 5.442417710521793, "crl.a._416_2020.pdf": 10.884835421043586, "crl.p._1710_l_2017.pdf": 5.442417710521793, "s.m.c._1_2023_27032023.pdf": 5.442417710521793, "crl.a._475_2019.pdf": 5.442417710521793, "Crl.A._122_L_2017.pdf": 5.442417710521793, "Crl.A._218_2015.pdf": 5.442417710521793, "crl.a_310_2006_12.03.2014.pdf": 5.442417710521793, "S.M.C._7_2017_06022019.pdf": 5.442417710521793}, "muftie": {"NRO_Judgment.pdf": 7.840312983320164}, "mufassil": {"c.p._1517_2022.pdf": 21.441497408280654, "Crl.M.A._200_2019.pdf": 21.441497408280654}, "mufiya": {"Crl.A._39_L_2015_Urdu.pdf": 243.04970248292508}, "mufassal": {"C.A._137-K_1976.pdf": 7.840312983320164}, "muffling": {"const.p._17_2020_dissenting_note_hj11.pdf": 7.840312983320164}, "muffasil": {"Crl.M.A._200_2019.pdf": 7.840312983320164}, "mufatih": {"c.p._1647_2018.pdf": 7.840312983320164}, "mufap": {"C.A._1049_2011.pdf": 7.840312983320164}}