{"mukhtar": {"Crl.A._24_2010.pdf": 6.771931374133313, "c.p._1676_l_2011.pdf": 3.3859656870666566, "C.A._219-L_2015.pdf": 3.3859656870666566, "crl.a._251_2020.pdf": 3.3859656870666566, "C.R.P._49_2016.pdf": 6.771931374133313, "c.a._1079_2015.pdf": 3.3859656870666566, "Crl.A._39_L_2015.pdf": 57.56141668013316, "Const.P._29_2016.pdf": 6.771931374133313, "C.R.P._125_2014.pdf": 13.543862748266626, "Const.P.77of2012[DetailedOrderFinal].pdf": 3.3859656870666566, "Crl.A._275_2011.pdf": 3.3859656870666566, "C.A._2109_2016.pdf": 3.3859656870666566, "H.R.C.19of1996[AsgharKhanCase]DetailedReasonsUrduTranslation.pdf": 6.771931374133313, "s.m.c._1_2022_detailed.pdf": 3.3859656870666566, "SMC16of2011_detailed_judgment.pdf": 6.771931374133313, "H.R.C.19of1996[AsgharKhanCase]DetailedReasons.pdf": 6.771931374133313, "Crl.A._39_L_2015_Urdu.pdf": 47.40351961893319, "ca.1038_2000.pdf": 3.3859656870666566, "const.p._21_2022_15092023.pdf": 3.3859656870666566, "Crl.O.P.89of2011.pdf": 3.3859656870666566, "Crl.P.163_to_171_S.M.C.5_2005.pdf": 135.43862748266628, "c.a._1348_2014.pdf": 3.3859656870666566, "j.p._169_2021.pdf": 3.3859656870666566, "crl.p._104_p_2023.pdf": 3.3859656870666566, "Crl.A._104_2010.pdf": 3.3859656870666566, "crl.p._290_l_2015.pdf": 13.543862748266626, "c.p._3923_2016.pdf": 3.3859656870666566, "Crl.A._1-K_2018.pdf": 3.3859656870666566, "c.a._1000_2020.pdf": 3.3859656870666566, "crl.r.p._15_2011.pdf": 3.3859656870666566, "C.P._78_K_2015.pdf": 3.3859656870666566, "c.p._3532_2023.pdf": 3.3859656870666566, "c.r.p._296_2020_04022022.pdf": 3.3859656870666566, "crl.p._230_2019.pdf": 3.3859656870666566, "JR_Detailed_Judgment_in_Referendum_Case.pdf": 3.3859656870666566, "C.P._3122_2017.pdf": 3.3859656870666566, "c.p._116_2020_16112023.pdf": 3.3859656870666566, "const.p._2_2022_14102022.pdf": 3.3859656870666566, "C.A._508_2017.pdf": 3.3859656870666566, "Crl.A._107_L_2017.pdf": 27.087725496533253, "c.a._248_2020.pdf": 3.3859656870666566, "const.p.9_2014_detail_reasons.pdf": 3.3859656870666566, "crl.p._1710_l_2017.pdf": 10.15789706119997, "C.A._448_2014_DJ.pdf": 3.3859656870666566, "c.a._232_2020.pdf": 3.3859656870666566, "C.P._1598_2016.pdf": 3.3859656870666566, "c.p._18_p_2021.pdf": 3.3859656870666566, "c.p._2682_2022.pdf": 3.3859656870666566, "refernece_1_2022.pdf": 3.3859656870666566, "c.p._1483_l_2018.pdf": 3.3859656870666566, "C.R.P.193of2013.pdf": 13.543862748266626, "c.r.p._292_2021_detailed.pdf": 3.3859656870666566, "c.a._170_2017.pdf": 3.3859656870666566, "C.P._3078_2016.pdf": 6.771931374133313, "j.p._461_2013.pdf": 3.3859656870666566, "reference._2_2022.pdf": 3.3859656870666566, "c.p._3958_2019.pdf": 3.3859656870666566, "crl.p._1443_2021.pdf": 10.15789706119997, "C.M.A._6250_2018.PDF": 6.771931374133313, "const.p._6_2023_dt_05_01_2023.pdf": 3.3859656870666566, "const.p.6_2011_final.pdf": 3.3859656870666566, "c.p._1647_2018.pdf": 3.3859656870666566, "s.m.c._1_2022_07042022.pdf": 3.3859656870666566, "c.a._908_2015.pdf": 3.3859656870666566, "smc.16of2011.pdf": 3.3859656870666566, "crl.p._1075_l_2020.pdf": 3.3859656870666566, "j.p._553_2017.pdf": 16.929828435333285, "c.a._1521_2018.pdf": 6.771931374133313, "JR_Varan_Case.pdf": 6.771931374133313, "Const.P.22of2013.pdf": 3.3859656870666566, "crl.a._437_2020.pdf": 13.543862748266626, "c.p._4657_2022.pdf": 10.15789706119997, "c.p._2711_2019.pdf": 3.3859656870666566, "crl.p._996_2020.pdf": 3.3859656870666566, "Crl.A._104_L_2017.pdf": 6.771931374133313, "c.p._231_k_2020.pdf": 3.3859656870666566, "C.P._3078_2016_D.pdf": 6.771931374133313, "CJD_Section 2-A_Case_as_on_26_06_2006.pdf": 20.31579412239994, "crl.p._852_2021.pdf": 3.3859656870666566, "c.a._508_2020.pdf": 3.3859656870666566, "C.A._622 _2008.pdf": 6.771931374133313, "C.R.P._247_ 2011.pdf": 3.3859656870666566, "C.M.A._8215_2016.pdf": 6.771931374133313, "c.p._4700_2021.pdf": 3.3859656870666566, "j.sh.p._03_2020.pdf": 3.3859656870666566, "c.a._404_2014.pdf": 6.771931374133313}, "mukhtiar": {"Const.P_6of2011.pdf": 15.021298917791842, "C.A._634_L_2012.pdf": 5.007099639263948, "C.P._1800_2015.pdf": 5.007099639263948, "C.R.P._125_2014.pdf": 5.007099639263948, "c.a._675_2019.pdf": 5.007099639263948, "c.p._1787_l_2022.pdf": 5.007099639263948, "crl.p_77_p_2020.pdf": 10.014199278527895, "crl.p._952_2021.pdf": 5.007099639263948, "c.r.p._758_2019.pdf": 5.007099639263948, "C.R.P.193of2013.pdf": 5.007099639263948, "crl.a.19of2012.pdf": 5.007099639263948, "c.a._1292_2021.pdf": 5.007099639263948, "crl.p._103_p_2022.pdf": 5.007099639263948, "c.p._3988_2019.pdf": 5.007099639263948, "smc.16of2011.pdf": 5.007099639263948, "c.m.a._1824_2021.pdf": 15.021298917791842, "j.p._190_2017.pdf": 20.02839855705579}, "mukesh": {"Const.P_6of2011.pdf": 5.201255653704905, "c.p._1628_2020.pdf": 5.201255653704905, "Const.PetitionNo.77of2010_12.10.2012.pdf": 5.201255653704905, "Urdu-Const.P-77-2010-12.10.2012.pdf": 5.201255653704905, "C.A._760_2016.pdf": 5.201255653704905, "S.M.C._19_2016.pdf": 5.201255653704905, "c.a._10_k_2019.pdf": 5.201255653704905, "C.A._301_2014.pdf": 5.201255653704905, "const.p._21_2022_30102023.pdf": 5.201255653704905, "c.p._407_k_2019.pdf": 15.603766961114715, "const.p._6_2023_dt_05_01_2023.pdf": 5.201255653704905, "c.p._1017_2021.pdf": 5.201255653704905, "c.a._81_k_2022.pdf": 10.40251130740981, "c.r.p._432_k_2022.pdf": 5.201255653704905}, "mukhtiarkar": {"Const.P_6of2011.pdf": 5.067724261080383, "S.M.C.16of2011dt.4.4.2013.pdf": 15.20317278324115, "C.A._2215_2006.pdf": 5.067724261080383, "Crl.O.P.89of2011.pdf": 5.067724261080383, "S.M.C._18_2016.pdf": 5.067724261080383, "c.p._943_k_2022.pdf": 5.067724261080383, "c.a._1295_2019.pdf": 20.270897044321533, "crl.o.p.4-k_2023_dt_21_12_2023.pdf": 5.067724261080383, "c.a._39_k_2021.pdf": 10.135448522160766, "SMC16of2011-dt.5.4.2013.pdf": 10.135448522160766, "C.A._194_2015.pdf": 5.067724261080383, "C.M.A._376-K_2014.pdf": 5.067724261080383, "c.a._81_k_2022.pdf": 15.20317278324115, "C.A._42_K_2016.pdf": 10.135448522160766, "c.a._52_k_2022.pdf": 45.60951834972345, "c.m.a._8758_2018_23nov2023.pdf": 15.20317278324115}, "mukko": {"Const.P_6of2011.pdf": 7.840312983320164}, "mukharji": {"NRO_Judgment.pdf": 15.680625966640328}, "mukti": {"NRO_Judgment.pdf": 6.741700694652055, "SMC16of2011_detailed_judgment.pdf": 20.225102083956166, "Const.P.77-78-79 [Memogate]DetailedOrder.pdf": 6.741700694652055}, "mukherjea": {"Const.P.12of2010.pdf": 26.96680277860822, "Const.P.12of2010Urdu.pdf": 6.741700694652055, "Const.P.77of2012[DetailedOrderFinal].pdf": 6.741700694652055}, "muktadar": {"Const.P.12of2010.pdf": 7.840312983320164}, "mukta": {"S.M.C._20_2016.pdf": 7.840312983320164}, "muktajee": {"S.M.C._20_2016.pdf": 7.840312983320164}, "muksi": {"C.R.P._125_2014.pdf": 7.1471658027602185, "C.R.P.193of2013.pdf": 7.1471658027602185}, "mukhlaf": {"H.R.C.19of1996[AsgharKhanCase]DetailedReasonsUrduTranslation.pdf": 15.680625966640328}, "mukarramah": {"smc.24_2010.pdf": 6.741700694652055, "Crl.O.P._59_2015.pdf": 6.741700694652055, "SMC24-2010.pdf": 6.741700694652055}, "mukhi": {"smc_1_2014.pdf": 15.680625966640328}, "mukarma": {"Crl.O.P._59_2015.pdf": 7.840312983320164}, "mukhtiyarkar": {"C.P._339_K_2017.pdf": 7.840312983320164}, "mukarram": {"C.A._718_2007.pdf": 12.461750141772127, "crl.o.p.4-k_2023_dt_21_12_2023.pdf": 6.230875070886063, "const.p._21_2023_11082023.pdf": 6.230875070886063, "c.p._1125_2018.pdf": 6.230875070886063, "C.R.P._87_2015.pdf": 6.230875070886063}, "mukh": {"S.M.C._ 26_2007_30062018.pdf": 6.741700694652055, "S.M.C._26_2007_04072018.pdf": 6.741700694652055, "S.M.C._26_2007_02082018.pdf": 6.741700694652055}, "mukherjee": {"const.p._17_2020_dissenting_note_hj11.pdf": 6.454018622200273, "c.p._1842_l_2022.pdf": 6.454018622200273, "C.A.83and84of2006.pdf": 6.454018622200273, "Const.P.59of2011.pdf": 6.454018622200273}, "mukherji": {"C.A._1890_2002.pdf": 7.840312983320164}, "mukkaddami": {"C.A._1890_2002.pdf": 7.840312983320164}, "mukhtarkar": {"c.p._329_k_2022.pdf": 14.294331605520437, "S.M.C.16of2011dt-22-3-2013.pdf": 14.294331605520437},