{"muqeem": {"report_128_k_2021.pdf": 12.908037244400546, "const.p._9_2010_27122021.pdf": 6.454018622200273, "const.p._9_2010.pdf": 12.908037244400546, "const.p._9_2010_28122021.pdf": 6.454018622200273}, "muqaddi": {"Crl.A._479_2015.pdf": 7.1471658027602185, "CMA_1145-K_2013_in_SMC_16-2011_08-03-2013.pdf": 7.1471658027602185}, "muqaddam": {"Crl.A._479_2015.pdf": 7.1471658027602185, "c.p._1057_2019.pdf": 7.1471658027602185}, "muqtada": {"S.M.C.24of2010[urdu-version].pdf": 7.840312983320164}, "muqasat": {"CPLA_796_2007_ETC_SHORT_ORDER_REKO_DIQ_CASE.pdf": 7.840312983320164}, "muqsit": {"CPLA_796_2007_ETC_SHORT_ORDER_REKO_DIQ_CASE.pdf": 6.230875070886063, "C.P.796of2007-dt-10-5-2013.pdf": 6.230875070886063, "Crl.O.P._59_2015.pdf": 6.230875070886063, "C.M.A.NO2380OF2013-DT-25.4.2013.pdf": 6.230875070886063, "C.P.796of2007.pdf": 6.230875070886063}, "muqam": {"H.R.C.19of1996[AsgharKhanCase]DetailedReasonsUrduTranslation.pdf": 7.840312983320164}, "muqatil": {"crl.p._1667_2021.pdf": 15.680625966640328}, "muqtadara": {"Const.P.56_2003_U_dt_8-9-2015.pdf": 7.840312983320164}, "muqar": {"c.a._73_2016.pdf": 15.680625966640328}, "muqtadir": {"s.m.c._1_2023_01032023.pdf": 5.537727890326118, "const.p._24_2023_02082023.pdf": 5.537727890326118, "const.p.6_2023.pdf": 5.537727890326118, "const.p._6_2023_08052023.pdf": 5.537727890326118, "const.p._32_2023_02nov2023.pdf": 5.537727890326118, "const.p_32_2023_dt_23-10-23.pdf": 5.537727890326118, "C.A._1563_2014.pdf": 5.537727890326118, "const.p._32_2023_03nov2023.pdf": 5.537727890326118, "s.m.c._1_2023_12062023.pdf": 5.537727890326118, "const.p._6_2023_111023.pdf": 5.537727890326118}, "muqtedir": {"const.p._14_2023.pdf": 11.521742883280655, "crl.p._519_2023_11052023.pdf": 5.760871441640328, "const.p._24_2023_23102023.pdf": 5.760871441640328, "const.p._13_2023.pdf": 11.521742883280655, "const.p._24_2023_f.pdf": 5.760871441640328, "const.p._13_2023_09052023.pdf": 23.04348576656131, "crl.p._519_2023_detailed_order.pdf": 5.760871441640328, "c.m.a._3932_2023.pdf": 11.521742883280655}, "muqsat": {"CMA No.1674of2013dt-2-4-2013.pdf": 6.741700694652055, "const.p.105-12_hamid_mir_case_20-12-12.pdf": 6.741700694652055, "c.a._491_2012.pdf": 6.741700694652055}, "muqatadir": {"c.p._446_l_2019.pdf": 7.840312983320164}, "muqadas": {"c.m.a._6336_2023.pdf": 6.230875070886063, "c.a._408_2022.pdf": 6.230875070886063, "c.a._908_2015.pdf": 18.69262521265819, "crl.a._560_2020.pdf": 6.230875070886063, "c.p.1795_2022.pdf": 6.230875070886063}, "muqtadar": {"i.c.a._5_2023.pdf": 7.840312983320164}, "muqaddas": {"const.p.6_2011_final.pdf": 6.741700694652055, "crl.p._1268_l_2021.pdf": 6.741700694652055, "CJD_Section 2-A_Case_as_on_26_06_2006.pdf": 6.741700694652055}, "muqarab": {"C.P._3195-L_2016.pdf": 7.840312983320164}, "muqadar": {"c.a._231_2020.pdf": 7.840312983320164}}