{"muzzamil": {"C.A._1171_2013.pdf": 7.840312983320164}, "muzaffar": {"c.r.p._446_2022.pdf": 7.458878238293706, "Const.P.127of2012.pdf": 7.458878238293706, "Const.P.105-2012-eng-urd.PDF": 3.729439119146853, "Const.P.31of2011etc.pdf": 7.458878238293706, "Const.P_6of2011.pdf": 7.458878238293706, "Crl.A._609_2014.pdf": 3.729439119146853, "SMC15OF2009.pdf": 3.729439119146853, "c.a._53_2015.pdf": 3.729439119146853, "c.p._2537_2020.pdf": 3.729439119146853, "Const.P.87of2011[UrduVersion].pdf": 3.729439119146853, "Const.P.59of2011dt-9-4-2013[UrduTranslation].pdf": 3.729439119146853, "crl.a._599_2020_26032021.pdf": 59.67102590634965, "c.a.149-150_2010.pdf": 3.729439119146853, "H.R.C.19of1996[AsgharKhanCase]DetailedReasonsUrduTranslation.pdf": 14.917756476587412, "C.A._80_L_2014.pdf": 3.729439119146853, "c.a._108_2015.pdf": 3.729439119146853, "H.R.C.19of1996[AsgharKhanCase]DetailedReasons.pdf": 14.917756476587412, "Crl.O.P.89of2011.pdf": 14.917756476587412, "c.p._3772_2019.pdf": 3.729439119146853, "C.M.A.3325_of_2012_dt_31-1-2013_ENG_URDU.pdf.pdf": 14.917756476587412, "Crl.A._301_L_2017.pdf": 3.729439119146853, "c.a._515_2015.pdf": 7.458878238293706, "c.a._799_2021.pdf": 3.729439119146853, "C.A._417-L_2009.pdf": 3.729439119146853, "crl.p._520_2020.pdf": 3.729439119146853, "crl.p._519_2023_11052023.pdf": 3.729439119146853, "c.a._2150_2019.pdf": 11.188317357440559, "const.p._6_2023_07032024.pdf": 7.458878238293706, "C.A._1208_2011.pdf": 3.729439119146853, "Const.P.87of2011.pdf": 3.729439119146853, "crl.p._955_l_2016.pdf": 3.729439119146853, "c.a._39_k_2021.pdf": 3.729439119146853, "Const.P._2_2011.pdf": 7.458878238293706, "Crl.P.200of2009.pdf": 7.458878238293706, "Crl.A.140of2005.pdf": 3.729439119146853, "c.p._5178_2021.pdf": 3.729439119146853, "C.M.A._3854_2014_dt_31-3-2015.pdf": 3.729439119146853, "c.p._517_l_2016.pdf": 7.458878238293706, "const.p.5_2011.pdf": 7.458878238293706, "Const.P.59of2011dt-9-4-2013.pdf": 3.729439119146853, "cr.p.no.197_k_2019.pdf": 3.729439119146853, "Const.P.91of2011Dt-23-8-2012.pdf": 3.729439119146853, "Const.P._72_2015.pdf": 11.188317357440559, "CMA2745of2009etc.pdf": 3.729439119146853, "c.p._469_l_2023.pdf": 3.729439119146853, "c.p._280_k_2019.pdf": 7.458878238293706, "hrc.14392of2013-01.07.2013.pdf": 3.729439119146853, "j.p._324_2019.pdf": 3.729439119146853, "Const.P.22of2013.pdf": 3.729439119146853, "crl.p._519_2023_detailed_order.pdf": 3.729439119146853, "c.a._607_2021.pdf": 3.729439119146853, "ConstP.No.53of2007andConst.P.83of2012.pdf": 11.188317357440559, "C.A._588_2017.pdf": 14.917756476587412, "c.a._1522_2013.pdf": 3.729439119146853, "c.a._451_2017.pdf": 3.729439119146853, "c.p._2270_2019.pdf": 3.729439119146853, "c.p._962_2016 .pdf": 7.458878238293706, "c.p._84_p_2020.pdf": 3.729439119146853, "Const.P.59of2011.pdf": 3.729439119146853, "c.a._1191_2014.pdf": 7.458878238293706, "c.p._3249_2015.pdf": 14.917756476587412}, "muzammal": {"Const.P.127of2012.pdf": 28.588663211040874, "smc_3_2014_10.03.2014.pdf": 7.1471658027602185}, "muzamil": {"Const.P.127of2012.pdf": 6.230875070886063, "C.A._503_2006.pdf": 6.230875070886063, "crl.p._1054_2023.pdf": 6.230875070886063, "C.A._833_2006.pdf": 6.230875070886063, "c.a._52_k_2022.pdf": 6.230875070886063}, "muzammil": {"hrc_42389-P_2013.pdf": 5.760871441640328, "c.p._42_2024.pdf": 5.760871441640328, "c.p._42_2024_25012024.pdf": 5.760871441640328, "C.A._204-L_2015.pdf": 17.282614324920985, "CJD_Section 2-A_Case_as_on_26_06_2006.pdf": 5.760871441640328, "HR8340OF2010.pdf": 5.760871441640328, "Const.P.57 _2016.pdf": 5.760871441640328, "c.a._231_2020.pdf": 5.760871441640328}, "muzzamal": {"hrc_42389-P_2013.pdf": 7.840312983320164}, "muzaffargarh": {"Const.P._134_2012.pdf": 4.795790545596741, "Const.P.NO.62OF2010_orderdt06062011.pdf": 28.774743273580448, "Crl.P.163_to_171_S.M.C.5_2005.pdf": 4.795790545596741, "C.A._14_L_2013.pdf": 4.795790545596741, "C.P._3460_2015.pdf": 9.591581091193483, "C.P._3499_2016.pdf": 52.75369600156415, "j.p._467_2017.pdf": 4.795790545596741, "crl.r.p._15_2011.pdf": 9.591581091193483, "j.p._73_2016.pdf": 9.591581091193483, "crl.p._952_2021.pdf": 4.795790545596741, "crl.p._1308_2022.pdf": 4.795790545596741, "c.a._1002_2015.pdf": 4.795790545596741, "const.p.37_2012_final.pdf": 19.183162182386965, "c.p._1647_2018.pdf": 4.795790545596741, "c.p._3988_2019.pdf": 4.795790545596741, "C.A._1242_2013.pdf": 4.795790545596741, "Const.P._134_2012_21012019.pdf": 4.795790545596741, "smc_6_2014.pdf": 9.591581091193483, "crl.p._1329_2023.pdf": 9.591581091193483, "j.p._190_2017.pdf": 4.795790545596741, "crl.p._1290_2021.pdf": 4.795790545596741}, "muzha": {"Const.P_6of2011.pdf": 7.840312983320164}, "muzzle": {"c.p._2243_l_2019.pdf": 7.1471658027602185, "Crl.A._106_L_2017.pdf": 7.1471658027602185}, "muzaffarabad": {"Ref.01_2012_addl.note_HJ.ejaz_afzal_khan.pdf": 6.048553514092109, "CP778-779.pdf": 12.097107028184219, "C.A._340_2002.pdf": 6.048553514092109, "c.p._1787_l_2022.pdf": 6.048553514092109, "c.a._1113_2017_dissenting_note.pdf": 6.048553514092109, "c.a._1113_2017.pdf": 6.048553514092109}, "muzafar": {"C.M.A.3325_of_2012_dt_31-1-2013_ENG_URDU.pdf.pdf": 12.097107028184219, "c.a._130_2021.pdf": 6.048553514092109, "c.a._307_2017.pdf": 6.048553514092109, "cr.p.no.197_k_2019.pdf": 6.048553514092109, "c.a._188_2019.pdf": 6.048553514092109, "j.p._351_2017.pdf": 6.048553514092109}, "muzzafargarh": {"Crl.P.163_to_171_S.M.C.5_2005.pdf": 15.680625966640328}, "muzara": {"c.p._2547_2019.pdf": 7.840312983320164}, "muzamill": {"crl.p._1054_2023.pdf": 7.840312983320164}, "muzzaffargarh": {"C.P._3499_2016.pdf": 28.588663211040874, "C.A._1242_2013.pdf": 7.1471658027602185}, "muzakir": {"c.a._675_2019.pdf": 7.840312983320164}, "muzaffargar": {"j.p._467_2017.pdf": 7.840312983320164}, "muzafargarrah": {"c.p._1787_l_2022.pdf": 7.840312983320164}, "muza": {"c.a._2186_2017.pdf": 7.840312983320164}, "muzffar": {"JR_The_State_through_NAB_VS_Haji_Nasim-ur-Rehman.pdf": 7.840312983320164}, "muzzafar": {"c.a._248_2014.pdf": 54.88219088324115}, "muzzfar": {"c.a._248_2014.pdf": 7.840312983320164}}