{"mvo": {"crl.p._74_l_2018.pdf": 92.91315543588284, "hrc_20107-G_2013.pdf": 21.441497408280654}}