{"mw": {"C.M.A.No.3685of2012-dt-17-1-2013.pdf": 23.577611337059402, "c.a.149-150_2010.pdf": 23.577611337059402, "HRC7734-G_1003-GOF2009[UrduTranslation].pdf": 630.701103266339, "HRC7734-G_1003-GOF2009[AllegedCorruptionInRentalPowerPlants].pdf": 813.4275911285494, "hrc.14392of2013-01.07.2013.pdf": 17.68320850279455, "c.a._1547_2019.pdf": 5.8944028342648505, "CJD_Pakistan_Steel_Mills_Case.pdf": 11.788805668529701}}