{"myers": {"c.r.p._292_2021_sacked_employees.pdf": 6.741700694652055, "smc.11_2011.pdf": 6.741700694652055, "C.A._1428_2016.pdf": 13.48340138930411}, "myer": {"Ref.01_2012_addl.note_HJ.ejaz_afzal_khan.pdf": 15.680625966640328}}