{"mynoodeen": {"c.a._13_q_2020.pdf": 7.840312983320164}, "myna": {"SMCNo25of2009.pdf": 7.840312983320164}}