{"myra": {"c.p._154_2019.pdf": 7.1471658027602185, "c.p._962_2016 .pdf": 7.1471658027602185}, "myriad": {"c.a._71_p_2014.pdf": 6.048553514092109, "Crl.O.P.89of2011.pdf": 6.048553514092109, "Const.P_3_2014.pdf": 6.048553514092109, "const.p._21_2022_30102023.pdf": 6.048553514092109, "C.A.800Lof2013etc.pdf": 6.048553514092109, "C.A.83and84of2006.pdf": 6.048553514092109}}