{"myth": {"c.a._219_2015.pdf": 5.275363625858628, "C.R.P._297_2017_Reserved.pdf": 5.275363625858628, "crl.a._251_2020.pdf": 10.550727251717255, "Const.P._29_2016_28072016.pdf": 5.275363625858628, "Const.P.12of2010.pdf": 52.753636258586276, "Const.P.12of2010Urdu.pdf": 31.652181755151766, "Const.P._29_2016.pdf": 10.550727251717255, "S.M.C._19_2016.pdf": 5.275363625858628, "const.p._17_2020_dissenting_note_hj11.pdf": 5.275363625858628, "const.p._21_2022_30102023.pdf": 5.275363625858628, "J.P.No.56of2005.pdf": 5.275363625858628, "c.r.p._420_2016.pdf": 5.275363625858628, "c.m.a._8758_2018_23nov2023.pdf": 5.275363625858628}, "mythical": {"Const.P.12of2010.pdf": 7.840312983320164}}