{"naadat": {"c.p._1193_2020.pdf": 7.840312983320164}, "naaz": {"Crl.P._927_2016.pdf": 7.840312983320164}, "naa": {"H.R.C._10_K_2007.pdf": 7.840312983320164}, "naaju": {"c.a._53_2015.pdf": 31.361251933280656}, "naas": {"Const.P.40of2012-DetailJudgment[UrduTranslation]-dt-3.7.2012.pdf": 28.588663211040874, "S.M.C.24of2010[urdu-version].pdf": 7.1471658027602185}, "naam": {"Crl.P._630_2017.pdf": 7.1471658027602185, "Const.P.12of2010Urdu.pdf": 7.1471658027602185}, "naac": {"Const.P._50_2018.pdf": 7.840312983320164}, "naazir": {"j.p._345_2017.pdf": 31.361251933280656}, "naag": {"I.C.A._4_2017.pdf": 7.840312983320164}}