{"nacem": {"Const.P_6of2011.pdf": 7.1471658027602185, "c.r.p._421_2020.pdf": 7.1471658027602185}, "nachari": {"Const.P_6of2011.pdf": 7.840312983320164}, "nac": {"Const.P._50_2018.pdf": 7.840312983320164}, "nacional": {"Const.P.12of2010.pdf": 7.840312983320164}, "nackvi": {"Const.P._29_2016.pdf": 101.92406878316213}, "nacta": {"Const.P.30of2013.pdf": 19.36205586660082, "c.a._71_p_2014.pdf": 6.454018622200273, "C.R.P._210_2015.pdf": 19.36205586660082, "c.p._1092_2018.pdf": 12.908037244400546}, "nach": {"C.M.A.3325_of_2012_dt_31-1-2013_ENG_URDU.pdf.pdf": 7.840312983320164}, "nack": {"C.P._731_K_2018.pdf": 7.1471658027602185, "Const.P._38_2016_2.pdf": 7.1471658027602185}}