{"najam": {"Const.P._56_2003_E_dt_3-9-15.pdf": 4.704818767391014, "Const.P.127of2012.pdf": 9.409637534782028, "c.a._219_2015.pdf": 4.704818767391014, "cps_853-876_2014.pdf": 4.704818767391014, "S.M.C.16of2011dt.4.4.2013.pdf": 9.409637534782028, "Ref.01_2012_addl.note_HJ.ejaz_afzal_khan.pdf": 9.409637534782028, "const.p._24_to_26_of_2023_04072023.pdf": 9.409637534782028, "smc.11_2011.pdf": 4.704818767391014, "Const.P.77-78-79 [Memogate]DetailedOrder.pdf": 4.704818767391014, "const.p._9_2010_27122021.pdf": 4.704818767391014, "C.A._417-L_2009.pdf": 4.704818767391014, "const.p.9_2014_detail_reasons.pdf": 14.114456302173043, "cpla_784_2014.pdf": 14.114456302173043, "j.p._255_2018.pdf": 9.409637534782028, "crl.o.p._4_k_2023.pdf": 4.704818767391014, "c.p._3215_2021.pdf": 4.704818767391014, "C.A.404of2011.pdf": 4.704818767391014, "crl.a._239_2020.pdf": 4.704818767391014, "c.a._154_l_2018.pdf": 4.704818767391014, "S.M.C.16of2011dt-22-3-2013.pdf": 9.409637534782028, "C.P.784of2014.pdf": 70.57228151086521, "C.R.P._309_2013.pdf": 9.409637534782028, "C.A.82-K-2015.pdf": 4.704818767391014}, "najmul": {"Const.P.127of2012.pdf": 5.760871441640328, "HRC7734-G_1003-GOF2009[AllegedCorruptionInRentalPowerPlants].pdf": 5.760871441640328, "const.p.6_2023.pdf": 5.760871441640328, "C.A._300_2017.pdf": 17.282614324920985, "const.p._6_2023_111023.pdf": 5.760871441640328, "C.A._204-L_2015.pdf": 5.760871441640328, "C.M.A._2593_2008.pdf": 5.760871441640328, "C.A._1137_2012.pdf": 5.760871441640328}, "najamuddin": {"ConstitutionPetitionNo21OF2007.pdf": 6.454018622200273, "Const.P_6of2011.pdf": 12.908037244400546, "crl.p._54_p_2012.pdf": 12.908037244400546, "c.a._364_2023.pdf": 6.454018622200273}, "najeeb": {"C.R.P._297_2017_Reserved.pdf": 5.537727890326118, "Const.P._29_2016.pdf": 5.537727890326118, "JR_Judgment_on_17th_Amendmend_and_Presidents_Uniform_Case.pdf": 5.537727890326118, "Crl.O.P.89of2011.pdf": 5.537727890326118, "C.A._185_2015.pdf": 16.613183670978355, "c.p._490_k_2020.pdf": 5.537727890326118, "crl.p._14_q_2021.pdf": 5.537727890326118, "C.A._307-L_2015.pdf": 5.537727890326118, "c.p._5632_2021.pdf": 11.075455780652236, "Const.P.22of2013.pdf": 5.537727890326118}, "naji": {"C.P.796of2007-UrduTranslation-dt-10-5-2013.pdf": 6.454018622200273, "C.P.796of2007-dt-10-5-2013.pdf": 6.454018622200273, "c.p._no.3846-2019.pdf": 12.908037244400546, "I.C.A._4_2017.pdf": 51.632148977602185}, "najaf": {"S.M.C._28_2018.pdf": 5.8944028342648505, "Crl.P.163_to_171_S.M.C.5_2005.pdf": 5.8944028342648505, "const.p.6_2011_final.pdf": 5.8944028342648505, "H.R.C._39216_G_2018.pdf": 5.8944028342648505, "crl.a._48_2021.pdf": 5.8944028342648505, "crl.p._408_l_2021.pdf": 5.8944028342648505, "H.R.C.39216_G_2018.pdf": 17.68320850279455}, "najmuddin": {"SMC15OF2009.pdf": 7.840312983320164}, "najeebullah": {"crl.p._342_2018.pdf": 5.8944028342648505, "Const.P.77of2012[DetailedOrderFinal].pdf": 5.8944028342648505, "c.a._446_2021.pdf": 5.8944028342648505, "C.A._1122_2013.pdf": 5.8944028342648505, "C.A._1109_2013.pdf": 5.8944028342648505, "c.a._52_k_2022.pdf": 11.788805668529701, "crl.p._35_q_2017.pdf": 35.3664170055891}, "najibuddin": {"C.M.A.No.1535and1536of2013.pdf": 7.840312983320164}, "najab": {"H.R.C.19of1996[AsgharKhanCase]DetailedReasonsUrduTranslation.pdf": 7.1471658027602185, "C.P._731_K_2018.pdf": 7.1471658027602185}, "najamul": {"c.a._601_2019.pdf": 5.8944028342648505, "HRC7734-G_1003-GOF2009[UrduTranslation].pdf": 5.8944028342648505, "C.A._176_2015.pdf": 5.8944028342648505, "c.p._490_k_2020.pdf": 5.8944028342648505, "j.p._255_2018.pdf": 11.788805668529701, "c.m.a._3610_2022.pdf": 5.8944028342648505, "C.A._2352_2008.pdf": 5.8944028342648505}, "najma": {"smc.11_2011.pdf": 5.355406333532164, "Crl.A._301_L_2017.pdf": 5.355406333532164, "j.p._499_2015.pdf": 5.355406333532164, "c.a._185_l_2015.pdf": 5.355406333532164, "c.a._1476_2018.pdf": 5.355406333532164, "C.P._1787_2016.pdf": 10.710812667064328, "Crl.A._67_L_2017.pdf": 5.355406333532164, "crl.p._75_q_2021.pdf": 16.06621900059649, "c.a._23_q_2017.pdf": 10.710812667064328, "c.a._1546_2019.pdf": 5.355406333532164, "C.A._510_2012.pdf": 5.355406333532164, "C.R.P._309_2013.pdf": 5.355406333532164}, "najri": {"C.A._904_2013.pdf": 7.840312983320164}, "naje": {"Crl.O.P.89of2011.pdf": 7.840312983320164}, "najmi": {"c.a._353_2010.pdf": 7.840312983320164}, "najuib": {"c.p._490_k_2020.pdf": 7.840312983320164}, "najibullah": {"c.a._23_2017.pdf": 7.1471658027602185, "CMA2745of2009etc.pdf": 7.1471658027602185}, "najm": {"C.P._816_2009.pdf": 7.1471658027602185, "C.P._816-L_2009.pdf": 7.1471658027602185}, "najeem": {"H.R.C._39216_G_2018.pdf": 7.840312983320164}, "najib": {"crl.a._154_l_2013.pdf": 31.361251933280656}, "najammuddin": {"C.A.83and84of2006.pdf": 15.680625966640328}, "najaat": {"c.p._3718_2023.pdf": 7.840312983320164}}