{"nala": {"CPs.10-18of2011.pdf": 6.230875070886063, "const.p._9_2010_27122021.pdf": 12.461750141772127, "h.r.c._13316_p_2018.pdf": 6.230875070886063, "const.p._9_2010_28122021.pdf": 12.461750141772127, "s.m.c._1_2020_25062020.pdf": 6.230875070886063}, "nalla": {"Const.P._38_2016.pdf": 32.270093111001366, "const.p._9_2010_27122021.pdf": 25.816074488801092, "crl.o.p.4-k_2023_dt_21_12_2023.pdf": 6.454018622200273, "const.p._9_2010_28122021.pdf": 25.816074488801092}, "nalc": {"Const.P._50_2018.pdf": 7.840312983320164}, "nallah": {"const.p._9_2010_27122021.pdf": 5.537727890326118, "crl.o.p.4-k_2023_dt_21_12_2023.pdf": 27.68863945163059, "const.p._9_2010.pdf": 27.68863945163059, "const.p.37_2012_final.pdf": 5.537727890326118, "J.P.No.56of2005.pdf": 5.537727890326118, "crl.o.p._4_k_2023.pdf": 66.45273468391342, "const.p.20_2013.pdf": 22.150911561304472, "const.p._9_2010_28122021.pdf": 5.537727890326118, "Const.P.20of2013-dt-28-6-2013.pdf": 22.150911561304472, "c.m.a._8758_2018_23nov2023.pdf": 5.537727890326118}, "nalanda": {"C.A._417-L_2009.pdf": 15.680625966640328}, "nal": {"c.a._2150_2019.pdf": 7.840312983320164}, "nalah": {"const.p._9_2010.pdf": 54.88219088324115}, "nalinbhai": {"C.A._305_2008.pdf": 7.840312983320164}, "nalakath": {"c.p._1550_2017.pdf": 7.840312983320164}, "nallathambi": {"C.A._150_2006.pdf": 7.840312983320164}}