{"nant": {"c.p._1193_2020.pdf": 7.840312983320164}, "nan": {"c.p._1193_2020.pdf": 6.741700694652055, "Const.P.No.33and34of2005-dt-27-6-2013.pdf": 6.741700694652055, "c.a._1547_2019.pdf": 6.741700694652055}, "nankana": {"hrc_42389-P_2013.pdf": 92.38073007992318, "Crl.A._39_L_2015.pdf": 20.529051128871817, "C.A._697_2008.pdf": 10.264525564435909, "Crl.A._39_L_2015_Urdu.pdf": 15.396788346653864, "c.p._398_l_2018.pdf": 5.132262782217954, "const.p.37_2012_final.pdf": 15.396788346653864, "c.r.p._421_2020.pdf": 5.132262782217954, "crl.p._445_l_2020.pdf": 5.132262782217954, "C.P.No.636of2013-dt-9-5-2013.pdf": 5.132262782217954, "j.p._499_2015.pdf": 10.264525564435909, "C.M.A._6250_2018.PDF": 5.132262782217954, "c.p._349_l_2017.pdf": 5.132262782217954, "C.A._843_2012.pdf": 5.132262782217954, "crl.a._446_2020.pdf": 10.264525564435909, "smc.9_2011.pdf": 5.132262782217954}, "nano": {"Const.P_6of2011.pdf": 13.48340138930411, "Const.P._38_2016.pdf": 26.96680277860822, "constp.p._47_2023.pdf": 6.741700694652055}, "nandla": {"Const.P_6of2011.pdf": 47.04187789992098}, "nannah": {"Crl.A._39_L_2015.pdf": 7.840312983320164}, "nance": {"NRO_Judgment.pdf": 7.1471658027602185, "C.A._1000_2006.pdf": 7.1471658027602185}, "nanhku": {"c.p._3436_l_2022.pdf": 7.840312983320164}, "nani": {"Const.P.12of2010.pdf": 7.1471658027602185, "C.A.1122of2011.pdf": 7.1471658027602185}, "nand": {"C.A._2215_2006.pdf": 15.680625966640328}, "nanji": {"crl.a._599_2020_26032021.pdf": 6.741700694652055, "CONST.P.20-27OF2009.pdf": 20.225102083956166, "c.a._506_2011.pdf": 6.741700694652055}, "nands": {"H.R.C.19of1996[AsgharKhanCase]DetailedReasonsUrduTranslation.pdf": 7.840312983320164}, "nandini": {"Const.P.77-78-79 [Memogate]DetailedOrder.pdf": 6.454018622200273, "C.A.800Lof2013etc.pdf": 6.454018622200273, "crl.p_1124_l_2015.pdf": 6.454018622200273, "SMC24-2010.pdf": 6.454018622200273}, "nanha": {"Crl.A._39_L_2015_Urdu.pdf": 7.840312983320164}, "nanda": {"c.p._34_q_2019.pdf": 7.1471658027602185, "C.A._1890_2002.pdf": 7.1471658027602185}, "nannu": {"c.a._389_2015.pdf": 7.1471658027602185, "c.a._1005_2009.pdf": 7.1471658027602185}, "nanhelal": {"C.R.P._383_2005.pdf": 23.52093894996049}, "nana": {"c.a._801_2021.pdf": 7.840312983320164}, "nanannnnnnan": {"c.a._513_2014.pdf": 7.840312983320164}, "nander": {"c.a._849_2015.pdf": 7.1471658027602185, "c.a._139_p_2013.pdf": 7.1471658027602185}, "nanjiani": {"const.p._17_2020_dissenting_note_hj4.pdf": 7.840312983320164}, "nandipur": {"Const.P.67of2011-dt-10.6.2013.pdf": 7.840312983320164}, "nanhey": {"Crl.A._135_2013.pdf": 7.840312983320164}, "nanavati": {"crl.a._154_l_2013.pdf": 7.840312983320164}, "naniki": {"smc.9_2011.pdf": 7.840312983320164}, "nanjee": {"CJD_Pakistan_Steel_Mills_Case.pdf": 7.840312983320164}, "nanak": {"c.a._419_2011.pdf": 15.680625966640328}}