{"nape": {"Const.P.12of2010.pdf": 7.840312983320164}, "napi": {"SMC16of2011_detailed_judgment.pdf": 19.36205586660082, "C.A._137-K_1976.pdf": 6.454018622200273, "c.m.a._5602_2021.pdf": 6.454018622200273, "c.m.a._4821_2018_14012022.pdf": 6.454018622200273}, "napper": {"HRC7734-G_1003-GOF2009[UrduTranslation].pdf": 7.840312983320164}, "naper": {"HRC7734-G_1003-GOF2009[UrduTranslation].pdf": 39.201564916600816}, "napa": {"smc_1_2014_dt_27.02.2014.pdf": 133.28532071644278}}