{"naught": {"Const.P.127of2012.pdf": 16.988308634149238, "C.R.P._49_2016.pdf": 3.3976617268298477, "Crl.A._39_L_2015.pdf": 3.3976617268298477, "Const.P.12of2010.pdf": 10.192985180489543, "S.M.C._20_2016.pdf": 3.3976617268298477, "crl.a._599_2020_26032021.pdf": 3.3976617268298477, "j.p._147_2016.pdf": 3.3976617268298477, "j.p._169_2021.pdf": 3.3976617268298477, "crl.p._104_p_2023.pdf": 3.3976617268298477, "c.p._2944_2019.pdf": 3.3976617268298477, "crl.a._297_2020.pdf": 3.3976617268298477, "c.p._3130_2020.pdf": 3.3976617268298477, "crl.p._596_l_2022.pdf": 3.3976617268298477, "Crl.A._1-K_2018.pdf": 6.795323453659695, "crl.p._1619_2022.pdf": 3.3976617268298477, "JR_Detailed_Judgment_in_Graduation_Qualification_Case.pdf": 3.3976617268298477, "crl.p._150_l_2023.pdf": 3.3976617268298477, "j.p._865_2017.pdf": 3.3976617268298477, "crl.s.a.07_2011.pdf": 3.3976617268298477, "c.a._840_2017.pdf": 3.3976617268298477, "crl.p._317_l_2023.pdf": 3.3976617268298477, "j.p._206_2019.pdf": 3.3976617268298477, "c.a._797_2013.pdf": 3.3976617268298477, "crl.p._1710_l_2017.pdf": 3.3976617268298477, "j.p._557_2016.pdf": 3.3976617268298477, "c.p._398_l_2018.pdf": 3.3976617268298477, "crl.p._328_2023.pdf": 3.3976617268298477, "c.a._441_2021.pdf": 3.3976617268298477, "C.A._774_2013.pdf": 6.795323453659695, "crl.p._1212_l_2022.pdf": 3.3976617268298477, "c.p._4349_2018.pdf": 3.3976617268298477, "c.a._226_p_2018.pdf": 3.3976617268298477, "crl.p._263_2023.pdf": 3.3976617268298477, "c.a._377_2014.pdf": 3.3976617268298477, "const.p._21_2022_30102023.pdf": 3.3976617268298477, "j.p._255_2018.pdf": 3.3976617268298477, "j.p._154_2016.pdf": 3.3976617268298477, "c.a._2433_2016.pdf": 3.3976617268298477, "c.p._2658_2019.pdf": 3.3976617268298477, "crl.p._275_2021.pdf": 3.3976617268298477, "crl.p._1228_2020.pdf": 3.3976617268298477, "ca_407_2013.pdf": 3.3976617268298477, "C.P._1885_2017.pdf": 3.3976617268298477, "C.P._1616_2018.pdf": 3.3976617268298477, "crl.a._208_2022.pdf": 3.3976617268298477, "C.A._654_2007.pdf": 3.3976617268298477, "crl.p._733_l_2018.pdf": 3.3976617268298477, "c.p._4703_2017.pdf": 3.3976617268298477, "crl.a._560_2020.pdf": 3.3976617268298477, "C.A.39_2010.pdf": 3.3976617268298477, "j.p._883_2017.pdf": 3.3976617268298477, "j.p._148_2022.pdf": 3.3976617268298477, "crl.a._190_2020.pdf": 3.3976617268298477, "j.p._553_2017.pdf": 3.3976617268298477, "C.P._2515_2015.pdf": 3.3976617268298477, "crl.p._1557_2022.pdf": 3.3976617268298477, "c.a._2121_2017.pdf": 3.3976617268298477, "crl.p._245_2023.pdf": 3.3976617268298477, "C.A._9_2006.pdf": 3.3976617268298477, "c.p._448_p_2017.pdf": 3.3976617268298477, "c.a._1089_2015.pdf": 6.795323453659695, "c.a._2619_2016.pdf": 3.3976617268298477, "JR_The_State_through_NAB_VS_Haji_Nasim-ur-Rehman.pdf": 3.3976617268298477, "c.a._827_2020.pdf": 3.3976617268298477, "crl.p._41_k_2023.pdf": 3.3976617268298477, "c.a._23_p_2017.pdf": 3.3976617268298477, "Crl.P._1099_2016.pdf": 3.3976617268298477, "Crl.A._496_2009.pdf": 3.3976617268298477, "j.p._355_2018.pdf": 3.3976617268298477, "c.a.482_2014.pdf": 3.3976617268298477, "j.p._300_2022.pdf": 3.3976617268298477, "C.A._1085_2017.pdf": 3.3976617268298477, "crl.a._446_2020.pdf": 3.3976617268298477, "crl.p._41_k_2023 etc.pdf": 3.3976617268298477, "c.a._508_2020.pdf": 3.3976617268298477, "C.P._3181_2015.pdf": 3.3976617268298477, "C.M.A._3986_2017.pdf": 3.3976617268298477, "j.p._190_2017.pdf": 3.3976617268298477, "c.p._1948_l_2021.pdf": 3.3976617268298477, "Const.P.59of2011.pdf": 3.3976617268298477, "crl.a._82_2022.pdf": 3.3976617268298477, "crl.p._1392_2022.pdf": 3.3976617268298477, "const.p._10_2019.pdf": 3.3976617268298477, "C.A._1207_2004.pdf": 3.3976617268298477, "Crl.A._201_2018.pdf": 3.3976617268298477}, "nauman": {"Crl.A._479_2015.pdf": 5.442417710521793, "Const.P._29_2016_28072016.pdf": 5.442417710521793, "SMC15OF2009.pdf": 21.769670842087173, "Const.P.20to27-39&45.pdf": 10.884835421043586, "Crl.A._75_L_2017.pdf": 10.884835421043586, "c.a._617_2020.pdf": 5.442417710521793, "c.p._5632_2021.pdf": 5.442417710521793, "H.R.C._39216_G_2018.pdf": 5.442417710521793, "hrc.14392of2013-01.07.2013.pdf": 5.442417710521793, "C.M.A._2939_2017.pdf": 5.442417710521793, "C.M.A._3986_2017.pdf": 5.442417710521793}, "naushahro": {"Const.P._134_2012.pdf": 6.048553514092109, "c.p._943_k_2022.pdf": 12.097107028184219, "C.A._301_2014.pdf": 18.145660542276328, "j.p._508_2016.pdf": 6.048553514092109, "crl.p._100_k_2020.pdf": 6.048553514092109, "Const.P._134_2012_21012019.pdf": 6.048553514092109}, "nausheroferoz": {"Const.P._134_2012.pdf": 7.1471658027602185, "Const.P._134_2012_21012019.pdf": 7.1471658027602185}, "naushik": {"CONST.P.77OF2010-DT-05.04.12[URDU].pdf": 7.840312983320164}, "naushir": {"CONST.P.77OF2010-DT-05.04.12[URDU].pdf": 7.840312983320164}, "naushero": {"Const.P._38_2016.pdf": 6.454018622200273, "j.p._637_2016.pdf": 19.36205586660082, "JR_Varan_Case.pdf": 6.454018622200273, "C.P._367-K_2016.pdf": 32.270093111001366}, "nausherwani": {"Const.P._36_2016_dt_15_12_2017.pdf": 6.230875070886063, "c.a._981_2018.pdf": 6.230875070886063, "c.a._982_2018_19022024.pdf": 12.461750141772127, "C.R.P._561_2015.pdf": 6.230875070886063, "c.a._982_2018_08_jan_2024.pdf": 6.230875070886063}, "nauseam": {"c.a._782_2014.pdf": 7.840312983320164}, "naul": {"C.A._1256_2008.pdf": 15.680625966640328}, "naudaro": {"HRC7734-G_1003-GOF2009[UrduTranslation].pdf": 7.840312983320164}, "naudero": {"HRC7734-G_1003-GOF2009[UrduTranslation].pdf": 7.1471658027602185, "HRC7734-G_1003-GOF2009[AllegedCorruptionInRentalPowerPlants].pdf": 64.32449222484196}, "nausherwan": {"c.p._3236_2019.pdf": 7.840312983320164}, "naureen": {"smc.11_2011.pdf": 12.097107028184219, "c.a._1219_2015.pdf": 18.145660542276328, "c.a._936_2020.pdf": 6.048553514092109, "c.a._451_2017.pdf": 6.048553514092109, "C.R.P._309_2013.pdf": 12.097107028184219, "c.a._762_l_2012.pdf": 18.145660542276328}, "naukundi": {"C.P.796of2007-dt-10-5-2013.pdf": 7.840312983320164}, "naubahar": {"const.p.1_ 2012_etc.pdf": 31.361251933280656}, "naushad": {"Const.P.77of2010_dt_27-8-2013.pdf": 7.1471658027602185, "c.a._491_2012.pdf": 7.1471658027602185}, "nauroz": {"crl.p._1029_2020.pdf": 7.840312983320164}, "naushehro": {"crl.p._230_2019.pdf": 7.840312983320164}, "nausheen": {"c.p._490_k_2020.pdf": 7.840312983320164}, "naulakha": {"c.a._999_2017.pdf": 7.840312983320164}, "naushaba": {"c.p._3127_2020.pdf": 7.840312983320164}, "nausea": {"c.p._2129_2020.pdf": 7.840312983320164}, "nauseatic": {"crl.a._270_l_2012.pdf": 7.1471658027602185, "crl.a._319_l_2017.pdf": 7.1471658027602185}, "nausharo": {"const.p.37_2012_final.pdf": 23.52093894996049}, "nauseatingly": {"Crl.M.A._200_2019.pdf": 7.840312983320164}, "nau": {"C.A._167-Q_2005.pdf": 7.1471658027602185, "C.M.A._6250_2018.PDF": 7.1471658027602185}, "naudszus": {"c.a._ 870_2020.pdf": 7.840312983320164}, "nausher": {"c.a._1011_2016.pdf": 31.361251933280656}, "naumana": {"SMCNo25of2009.pdf": 7.840312983320164}, "naurang": {"Crl.A._135_2013.pdf": 7.1471658027602185, "crl.p._1720_2022.pdf": 14.294331605520437}, "naurus": {"C.A.876-879of2005.pdf": 7.840312983320164}, "nausheroferoze": {"Crl.P._751_2017.pdf": 7.840312983320164}}