{"nayyab": {"C.P._2350_2015.pdf": 4.621437158451963, "crl.p._149_l_2022.pdf": 4.621437158451963, "Crl.A._523_2017.pdf": 4.621437158451963, "CMA3470OF2013_08.07.2013.pdf": 4.621437158451963, "H.R.C._14158-G_2016_[19082016].pdf": 4.621437158451963, "const.p._2_2022_14102022.pdf": 4.621437158451963, "crl.p._299_2020_07042020.pdf": 4.621437158451963, "Crl.A._254_2014.pdf": 4.621437158451963, "C.P._781_2016.pdf": 4.621437158451963, "C.P._935_2015.pdf": 4.621437158451963, "C.R.P._268_2015.pdf": 4.621437158451963, "C.A._6_2016.pdf": 9.242874316903926, "refernece_1_2022.pdf": 4.621437158451963, "Crl.A._115_2013.pdf": 4.621437158451963, "S.M.C._03_2017.pdf": 4.621437158451963, "H.R.C._14158_G_2016_dt_28_07_2016.pdf": 4.621437158451963, "crl.p._1154_2021.pdf": 4.621437158451963, "Crl.P._32_2017.pdf": 4.621437158451963, "crl.p._167_p_2021.pdf": 4.621437158451963, "crl.p._299_2020.pdf": 4.621437158451963, "crl.p._1313_l_2021.pdf": 4.621437158451963, "crl.p._978_2021.pdf": 4.621437158451963, "C.P._2167_2014.pdf": 9.242874316903926, "H.R.C._14158-G_2016.pdf": 9.242874316903926, "Crl.A._201_2018.pdf": 4.621437158451963}, "nayyer": {"c.r.p._292_2021_sacked_employees.pdf": 6.230875070886063, "Const.P_6of2011.pdf": 6.230875070886063, "c.p._4185_2019.pdf": 6.230875070886063, "c.p._280_k_2019.pdf": 6.230875070886063, "c.p._3249_2015.pdf": 6.230875070886063}, "nayab": {"H.R.C._14158_G_2016_dt_12_08_2016.pdf": 4.749270529961848, "c.a._1079_2015.pdf": 4.749270529961848, "Const.P.87of2011[UrduVersion].pdf": 4.749270529961848, "c.p._1665_2020.pdf": 4.749270529961848, "C.P._45_2015.pdf": 4.749270529961848, "C.R.P._315_2013_DT_19_03_2015.pdf": 4.749270529961848, "crl.p._299_2020_01042020.pdf": 4.749270529961848, "crl.p._1016_l_2021.pdf": 4.749270529961848, "c.r.p._255_2021.pdf": 4.749270529961848, "Const.P.87of2011.pdf": 4.749270529961848, "c.a._1389_2014.pdf": 4.749270529961848, "c.a._469_2021.pdf": 4.749270529961848, "C.P._145_2015.pdf": 4.749270529961848, "C.R.P._561_2015.pdf": 4.749270529961848, "crl.a._518_2010.pdf": 4.749270529961848, "C.R.P._315_2013_DT_18_03_2015.pdf": 4.749270529961848, "C.A._825_2015.pdf": 4.749270529961848, "crl.p._408_l_2021.pdf": 4.749270529961848, "H.R.C._17599_2018.pdf": 4.749270529961848, "c.p._3041_2018.pdf": 4.749270529961848, "crl.p._636_2022.pdf": 4.749270529961848, "C.A._1313_2014.pdf": 4.749270529961848}, "nayak": {"Const.P.127of2012.pdf": 12.097107028184219, "const.p._21_2022_15092023.pdf": 6.048553514092109, "c.a._21_2021.pdf": 6.048553514092109, "const.p._21_2022_30102023.pdf": 6.048553514092109, "J.P.No.56of2005.pdf": 6.048553514092109, "Const.P.73of2011.pdf": 6.048553514092109}, "nay": {"ConstitutionPetitionNo21OF2007.pdf": 5.132262782217954, "C.R.P._297_2017_Reserved.pdf": 5.132262782217954, "c.a._1079_2015.pdf": 5.132262782217954, "Const.P._29_2016_28072016.pdf": 5.132262782217954, "Const.P.12of2010.pdf": 25.66131391108977, "Const.P.33_2013.pdf": 5.132262782217954, "Const.P._29_2016.pdf": 10.264525564435909, "crl.a._95_2019.pdf": 5.132262782217954, "C.A._137-K_1976.pdf": 5.132262782217954, "c.a._982_2018_19022024.pdf": 5.132262782217954, "C.A._125_K_2016_JPMC_Dissenting_Note.pdf": 5.132262782217954, "crl_r_p.8-l_2013.pdf": 5.132262782217954, "C.M.A._376-K_2014.pdf": 5.132262782217954, "ICA3,4,6TO11of2011dt2011.04.pdf": 15.396788346653864, "H.R.C._10842_P_2018.pdf": 5.132262782217954}, "nayyar": {"Const.P._29_2016.pdf": 12.530254011571554, "Const.P.40of2012-DetailJudgment-dt-3.7.2012.pdf": 4.176751337190518, "smc.11_2011.pdf": 4.176751337190518, "H.R.C._32642_2018.pdf": 4.176751337190518, "Crl.P.163_to_171_S.M.C.5_2005.pdf": 4.176751337190518, "c.r.p._292_2021.pdf": 4.176751337190518, "c.p._no.3846-2019.pdf": 4.176751337190518, "HRC-4668of2006.pdf": 8.353502674381035, "c.p._4185_2019.pdf": 20.883756685952587, "C.P._3122_2017.pdf": 4.176751337190518, "S.M.C._ 26_2007_30062018.pdf": 4.176751337190518, "S.M.C._26_2007_04072018.pdf": 4.176751337190518, "h.r.c_11827_s_2018.pdf": 8.353502674381035, "Const.P._2_2011.pdf": 4.176751337190518, "const.p.37_2012_final.pdf": 4.176751337190518, "c.r.p._292_2021_detailed.pdf": 4.176751337190518, "Const.P.46and47of2010.pdf": 4.176751337190518, "cas_727-730_777_778_2014_etc.pdf": 4.176751337190518, "s.m.c._4_2021_11032024.pdf": 4.176751337190518, "S.M.C._3_2018.pdf": 4.176751337190518, "S.M.C._2_2018.pdf": 4.176751337190518, "s.m.c._4_2021_29012024_r.pdf": 4.176751337190518, "S.M.C._8_2018.pdf": 4.176751337190518, "Crl.A._67_L_2017.pdf": 4.176751337190518, "c.p._4029_2019.pdf": 4.176751337190518, "I.C.A._4_2017.pdf": 4.176751337190518, "S.M.C._26_2007_02082018.pdf": 4.176751337190518, "C.M.A._6155_2018.pdf": 4.176751337190518, "SMC24-2010.pdf": 4.176751337190518, "C.M.A.6309_2018_14072018.pdf": 4.176751337190518, "C.P._639_2019.pdf": 4.176751337190518, "H.R.C.39216_G_2018.pdf": 4.176751337190518, "smc.9_2011.pdf": 4.176751337190518, "H.R.C._3654_2018.pdf": 4.176751337190518, "C.R.P._309_2013.pdf": 8.353502674381035, "Const.P.57 _2016.pdf": 4.176751337190518, "Const.P._74_2015.pdf": 4.176751337190518, "s.m.c._4_2021_dt_30_01_2024.pdf": 4.176751337190518, "c.m.a._8758_2018.pdf": 4.176751337190518}, "nayani": {"c.p._490_k_2020.pdf": 7.840312983320164}, "nayandgi": {"c.a.1540-1599_2013.pdf": 7.840312983320164}, "nayini": {"reference_1_2020.pdf": 7.840312983320164}, "nayar": {"reference_1_2020.pdf": 23.52093894996049}, "nayera": {"j.p._462_2016.pdf": 23.52093894996049}}