{"nbbiap": {"Const.P.33_2013.pdf": 122.6263538218052, "CAA_25.09.2013.pdf": 32.270093111001366, "Const.P._2_2011.pdf": 6.454018622200273, "Const.P.33of2013_09.07.13.pdf": 6.454018622200273}, "nbbia": {"Const.P.33_2013.pdf": 54.88219088324115}}