{"nbfis": {"C.A._1406_2016.pdf": 23.52093894996049}, "nbfc": {"Const.P.59of2011.pdf": 7.840312983320164}}