{"nca": {"C.A._654_2010.pdf": 21.441497408280654, "c.m.a._8758_2018_23nov2023.pdf": 21.441497408280654}}