{"nch": {"c.a._730_2015.pdf": 7.840312983320164}, "nchr": {"c.p._2045_2019.pdf": 23.52093894996049}, "nchd": {"Const.P.50-69of2011.pdf": 15.680625966640328}}