{"ncl": {"smc.24_2010.pdf": 28.588663211040874, "C.P._2515_2015.pdf": 64.32449222484196}}