{"ndma": {"Const.P.NO.62OF2010_orderdt06062011.pdf": 64.26487600238596, "const.p._9_2010_27122021.pdf": 5.355406333532164, "s.m.c._1_2020.pdf": 48.19865700178948, "s.m.c._1_2020_19052020.pdf": 48.19865700178948, "c.p._943_k_2022.pdf": 48.19865700178948, "s.m.c._01_2020_04052020.pdf": 16.06621900059649, "const.p._9_2010.pdf": 5.355406333532164, "s.m.c._1_2020_20042020.pdf": 5.355406333532164, "s.m.c._1_2020_08062020.pdf": 42.84325066825731, "Const.P.22of2013.pdf": 5.355406333532164, "s.m.c._1_2020_25062020.pdf": 85.68650133651462, "s.m.c._01_2020_18052020.pdf": 21.421625334128656}, "ndmc": {"Const.P.NO.62OF2010_orderdt06062011.pdf": 15.680625966640328}}