{"ndp": {"smc_1_2014.pdf": 15.680625966640328}, "ndps": {"crl.a._48_2021.pdf": 15.680625966640328}, "ndpp": {"c.m.a._1243_2021.pdf": 15.680625966640328}}