{"ne": {"c.p._1193_2020.pdf": 5.760871441640328, "C.A._93_2015.pdf": 5.760871441640328, "C.R.P._125_2014.pdf": 5.760871441640328, "C.A._137-K_1976.pdf": 5.760871441640328, "C.R.P.193of2013.pdf": 5.760871441640328, "c.p._323_l_2014.pdf": 11.521742883280655, "c.p._3413_2017.pdf": 5.760871441640328, "c.p._1303_2020.pdf": 5.760871441640328}}