{"ned": {"c.a._371_2020.pdf": 11.521742883280655, "C.P._78_K_2015.pdf": 5.760871441640328, "C.A.39_2010.pdf": 11.521742883280655, "C.M.A._376-K_2014.pdf": 5.760871441640328, "C.P._423_K_2015.pdf": 5.760871441640328, "c.a._735_2016.pdf": 23.04348576656131, "C.P._423-K_2015.pdf": 5.760871441640328, "c.p._1593_l_2020.pdf": 5.760871441640328}}