{"nefarious": {"SMC15OF2009.pdf": 4.704818767391014, "Crl.A._39_L_2015.pdf": 4.704818767391014, "j.p._405_2021.pdf": 4.704818767391014, "SMC16of2011_detailed_judgment.pdf": 14.114456302173043, "crl.a._95_2019.pdf": 4.704818767391014, "smc_1_2014.pdf": 4.704818767391014, "Crl.A._39_L_2015_Urdu.pdf": 9.409637534782028, "Const.P.5of2013.pdf": 4.704818767391014, "Crl.P.163_to_171_S.M.C.5_2005.pdf": 4.704818767391014, "Crl.A._104_2010.pdf": 4.704818767391014, "c.u.o._18_2024_dt_21_02_2024.pdf": 4.704818767391014, "c.p._47_2016.pdf": 4.704818767391014, "crl.a._208_2022.pdf": 4.704818767391014, "C.A._424_2015.pdf": 4.704818767391014, "const.p.6_2011_final.pdf": 4.704818767391014, "smc.16of2011.pdf": 4.704818767391014, "c.a._20_2014.pdf": 4.704818767391014, "C.M.A._376-K_2014.pdf": 4.704818767391014, "ICA3,4,6TO11of2011dt2011.04.pdf": 4.704818767391014, "crl.p._443_l_2020_dissenting_note.pdf": 9.409637534782028, "c.p._3041_2020.pdf": 9.409637534782028, "H.R.C._10842_P_2018.pdf": 9.409637534782028, "j.p._95_2017.pdf": 4.704818767391014}, "nef": {"Const.P.50-69of2011.pdf": 23.52093894996049}}