{"nehar": {"Crl.A._39_L_2015.pdf": 23.52093894996049}, "nehru": {"NRO_Judgment.pdf": 27.68863945163059, "Const.P._50_2018.pdf": 27.68863945163059, "Const.P.12of2010.pdf": 127.36774147750072, "H.R.C.19of1996[AsgharKhanCase]DetailedReasonsUrduTranslation.pdf": 5.537727890326118, "H.R.C.19of1996[AsgharKhanCase]DetailedReasons.pdf": 5.537727890326118, "crp.328-329_2013.pdf": 5.537727890326118, "Crl.O.P.89of2011.pdf": 16.613183670978355, "c.p._2_2022_dissenting_note.pdf": 5.537727890326118, "c.a._491_2012.pdf": 5.537727890326118, "JR_Fecto_Belarus_Tractor_Limited_Case.pdf": 5.537727890326118}, "nehal": {"Crl.O.P._154_2017.pdf": 21.441497408280654, "crl.a._633_2019_15092023.pdf": 7.1471658027602185}, "nehri": {"c.a._2150_2019.pdf": 7.840312983320164}, "nehang": {"c.p._2836_2020.pdf": 7.840312983320164}, "nehla": {"C.M.A._6250_2018.PDF": 7.840312983320164}, "neha": {"c.a._1113_2017_dissenting_note.pdf": 14.294331605520437, "c.a._1113_2017.pdf": 14.294331605520437}}