{"neki": {"Const.P.127of2012.pdf": 6.741700694652055, "const.p._21_2023_11082023.pdf": 6.741700694652055, "CMA2745of2009etc.pdf": 6.741700694652055}, "nek": {"Const.P._38_2016.pdf": 6.048553514092109, "C.A._2564_2001.pdf": 6.048553514092109, "C.P._3078_2016.pdf": 12.097107028184219, "C.A.800Lof2013etc.pdf": 12.097107028184219, "C.P._842_2016.pdf": 6.048553514092109, "C.P._3078_2016_D.pdf": 12.097107028184219}, "nekmard": {"crl.p._90_k_2023.pdf": 7.840312983320164}}