{"nelson": {"Const.P._29_2016.pdf": 11.788805668529701, "H.R.C.19of1996[AsgharKhanCase]DetailedReasonsUrduTranslation.pdf": 5.8944028342648505, "H.R.C.19of1996[AsgharKhanCase]DetailedReasons.pdf": 5.8944028342648505, "c.p._1290_l_2019.pdf": 5.8944028342648505, "c.m.a.no20&21of2009.pdf": 5.8944028342648505, "c.r.p._420_2016.pdf": 5.8944028342648505, "ConstitutionPetitionNo39of2009.pdf": 5.8944028342648505}, "nelofar": {"const.p._9_2010_27122021.pdf": 6.741700694652055, "const.p._9_2010.pdf": 6.741700694652055, "const.p._9_2010_28122021.pdf": 6.741700694652055}, "nelofer": {"C.P._357_2016.pdf": 7.840312983320164}}