{"net": {"Const.P.127of2012.pdf": 6.297930202182041, "J.P._191_2018.pdf": 3.1489651010910205, "C.P.796of2007-UrduTranslation-dt-10-5-2013.pdf": 6.297930202182041, "c.p._1331_l_2017.pdf": 3.1489651010910205, "Const.P._38_2016.pdf": 3.1489651010910205, "Crl.A._609_2014.pdf": 3.1489651010910205, "SMC15OF2009.pdf": 3.1489651010910205, "crl.p._1067_2020.pdf": 3.1489651010910205, "cng_prices_order_21-12-12-alongwith_translation.pdf": 6.297930202182041, "Const.P.12of2010.pdf": 9.446895303273061, "C.A._2215_2006.pdf": 3.1489651010910205, "Const.P.33_2013.pdf": 3.1489651010910205, "Const.P._29_2016.pdf": 15.744825505455102, "Crl.A._94_2019.pdf": 3.1489651010910205, "HRC7734-G_1003-GOF2009[UrduTranslation].pdf": 44.08551141527428, "CP778-779.pdf": 3.1489651010910205, "smc.11_2011.pdf": 6.297930202182041, "Const.P.33and34of2005.pdf": 6.297930202182041, "C.P.796of2007-dt-10-5-2013.pdf": 15.744825505455102, "CJD_Reference by_the_President_of_Pakistan_under_Article_186.pdf": 3.1489651010910205, "HRC7734-G_1003-GOF2009[AllegedCorruptionInRentalPowerPlants].pdf": 75.57516242618449, "const.p._24_2017.pdf": 3.1489651010910205, "C.A._353_2015.pdf": 9.446895303273061, "C.P._3460_2015.pdf": 3.1489651010910205, "crl.p._143_k_2021.pdf": 3.1489651010910205, "C.A._56_L_2018.pdf": 9.446895303273061, "SMC5of2012-2dt[07-06-2012].pdf": 3.1489651010910205, "crl.p._1619_2022.pdf": 3.1489651010910205, "crl.p._1001_l_2017.pdf": 3.1489651010910205, "C.P._78_K_2015.pdf": 3.1489651010910205, "Cr.P.749-Lof2013.pdf": 3.1489651010910205, "c.p._1972_l_2017.pdf": 3.1489651010910205, "j.p._262_2015.pdf": 3.1489651010910205, "C.A._633_2007.pdf": 3.1489651010910205, "Const.P.87of2011.pdf": 3.1489651010910205, "c.p._490_k_2020.pdf": 31.489651010910205, "crl.p._1023_2020.pdf": 3.1489651010910205, "c.m.a.no20&21of2009.pdf": 3.1489651010910205, "crl.p._96_k_2021.pdf": 3.1489651010910205, "crl.p._235_l_2015.pdf": 3.1489651010910205, "c.a._982_2018_19022024.pdf": 3.1489651010910205, "C.A._145_2010.pdf": 25.191720808728164, "Crl.A.140of2005.pdf": 9.446895303273061, "S.M.C._03_2017.pdf": 3.1489651010910205, "crl.p._763_l_2016.pdf": 3.1489651010910205, "const.p._17_2019_detailed_reasoning.pdf": 3.1489651010910205, "C.A._1509_2016.pdf": 6.297930202182041, "C.P._3551_2015.pdf": 3.1489651010910205, "Crl.A._195_L_2017.pdf": 3.1489651010910205, "C.P._816_2009.pdf": 3.1489651010910205, "c.a.1540-1599_2013.pdf": 3.1489651010910205, "C.A._467_2015.pdf": 3.1489651010910205, "crl.a._110_2020.pdf": 3.1489651010910205, "j.p._296_2016.pdf": 3.1489651010910205, "crl.p._335_2020.pdf": 3.1489651010910205, "c.p._414_2021.pdf": 3.1489651010910205, "c.a._2444_2016.pdf": 3.1489651010910205, "Const.P.No.33and34of2005-dt-27-6-2013.pdf": 3.1489651010910205, "C.A._911_2015.pdf": 3.1489651010910205, "C.P._816-L_2009.pdf": 3.1489651010910205, "c.p._648_l_2021_detailed.pdf": 22.04275570763714, "c.a._513_2014.pdf": 69.27723222400245, "crl.p._1143_2019.pdf": 9.446895303273061, "crl.p._534_2019.pdf": 3.1489651010910205, "S.M.C._2_2018.pdf": 3.1489651010910205, "c.a._84_k_2023.pdf": 3.1489651010910205, "crl.a_413-414_2013_18.02.2014.pdf": 3.1489651010910205, "C.M.A._6250_2018.PDF": 3.1489651010910205, "Const.P.91of2011Dt-23-8-2012.pdf": 9.446895303273061, "const.p.6_2011_final.pdf": 3.1489651010910205, "c.a._982_2018_19022024_2.pdf": 3.1489651010910205, "c.p._3215_2021.pdf": 3.1489651010910205, "c.a._1521_2018.pdf": 3.1489651010910205, "C.M.A._376-K_2014.pdf": 15.744825505455102, "JR_Varan_Case.pdf": 3.1489651010910205, "c.a._329_2022.pdf": 3.1489651010910205, "c.a._1089_2015.pdf": 6.297930202182041, "c.a._188_2019.pdf": 3.1489651010910205, "C.P._3364_2016.pdf": 6.297930202182041, "Const.P._35_2016_dt_15_12_2017.pdf": 18.893790606546123, "c.p._692_2020.pdf": 3.1489651010910205, "crl.p._1269_2020.pdf": 3.1489651010910205, "c.a._52_k_2022.pdf": 3.1489651010910205, "c.a._1237_2020.pdf": 6.297930202182041, "ca679-lof2012.pdf": 3.1489651010910205, "crl.p._996_2020.pdf": 3.1489651010910205, "Crl.A._97_L_2016.pdf": 3.1489651010910205, "crl.p._92_k_2021.pdf": 3.1489651010910205, "H.R.C._17599_2018.pdf": 3.1489651010910205, "crl.p._138_q_2020.pdf": 3.1489651010910205, "c.a._1275_2009.pdf": 3.1489651010910205, "C.A._150_2006.pdf": 6.297930202182041, "c.r.p._432_k_2022.pdf": 6.297930202182041, "C.P._3181_2015.pdf": 3.1489651010910205, "smc.9_2011.pdf": 3.1489651010910205, "H.R.C._3654_2018.pdf": 15.744825505455102, "CJD_Pakistan_Steel_Mills_Case.pdf": 37.787581213092245, "C.A._539_2003.pdf": 3.1489651010910205, "Const.P._74_2015.pdf": 3.1489651010910205, "j.p._282_2017.pdf": 6.297930202182041, "CPs987-989OF2011-DT19.10.2011.pdf": 6.297930202182041, "c.a._2063_2019.pdf": 3.1489651010910205, "crl.p._701_2023.pdf": 3.1489651010910205, "crl.p._62_l_2023.pdf": 3.1489651010910205, "c.p._570_p_2013.pdf": 6.297930202182041, "crl.p._368_2020.pdf": 3.1489651010910205, "Crl.A._12-P_2011.pdf": 6.297930202182041, "clr.a._250_2020.pdf": 3.1489651010910205, "Const.P.5and15-HRC14144-DetailedReasons.pdf": 28.340685909819186}, "netherland": {"Order-DNC-nd-note.pdf": 42.88299481656131, "c.r.p._432_k_2022.pdf": 7.1471658027602185}, "netherlands": {"Order-DNC-nd-note.pdf": 11.28617681196789, "Const.P.105-2012-eng-urd.PDF": 16.929265217951833, "Const.P.87of2011[UrduVersion].pdf": 5.643088405983945, "Const.P.87of2011.pdf": 5.643088405983945, "c.p._3286_2017.pdf": 22.57235362393578, "c.a._ 870_2020.pdf": 5.643088405983945, "S.M.C._3_2018.pdf": 5.643088405983945, "c.a._94_2008.pdf": 231.36662464534174, "Const.P.5and15-HRC14144-DetailedReasons.pdf": 5.643088405983945}, "network": {"c.p._1331_l_2017.pdf": 3.6814298999604924, "Const.P._38_2016.pdf": 25.770009299723448, "Const.P.33_2013.pdf": 7.362859799920985, "Const.P._29_2016.pdf": 11.044289699881478, "Const.PetitionNo.77of2010_12.10.2012.pdf": 3.6814298999604924, "Const.P.NO.62OF2010_orderdt06062011.pdf": 25.770009299723448, "SMC16of2011_detailed_judgment.pdf": 3.6814298999604924, "crl.a._95_2019.pdf": 3.6814298999604924, "HRC7734-G_1003-GOF2009[UrduTranslation].pdf": 7.362859799920985, "smc.24_2010.pdf": 3.6814298999604924, "MemoCase-final-30.12.2011(UrduVersion).pdf": 3.6814298999604924, "smc.11_2011.pdf": 3.6814298999604924, "H.R.C.19of1996[AsgharKhanCase]DetailedReasons.pdf": 3.6814298999604924, "smc_1_2014.pdf": 7.362859799920985, "Const.P.77-78-79 [Memogate]DetailedOrder.pdf": 3.6814298999604924, "Crl.O.P.89of2011.pdf": 3.6814298999604924, "HRC7734-G_1003-GOF2009[AllegedCorruptionInRentalPowerPlants].pdf": 7.362859799920985, "C.M.A._3221_2012.pdf": 3.6814298999604924, "S.M.C._19_2016.pdf": 7.362859799920985, "C.P._3460_2015.pdf": 3.6814298999604924, "CMA No.1674of2013dt-2-4-2013.pdf": 3.6814298999604924, "Const.P.77to85of2011-ShortOrder-1.pdf": 3.6814298999604924, "SMC5of2012-2dt[07-06-2012].pdf": 3.6814298999604924, "crl.p._894_l_2023.pdf": 3.6814298999604924, "c.r.p._296_2020_04022022.pdf": 3.6814298999604924, "c.a._10_k_2019.pdf": 3.6814298999604924, "c.a._2150_2019.pdf": 7.362859799920985, "C.A._1171_2017.pdf": 3.6814298999604924, "c.p._1290_l_2019.pdf": 3.6814298999604924, "c.a._24_2015.pdf": 7.362859799920985, "const.p.115_2011.pdf": 3.6814298999604924, "Const.P.77-2011[MemoScandal]dt.30.12.2011.pdf": 3.6814298999604924, "h.r.c_11827_s_2018.pdf": 7.362859799920985, "c.p._3739_2019.pdf": 22.088579399762956, "c.p._3203_2017.pdf": 3.6814298999604924, "Const.P.46and47of2010.pdf": 29.45143919968394, "C.A._139_2013.pdf": 3.6814298999604924, "SMC.13-2009.pdf": 3.6814298999604924, "C.A._1509_2016.pdf": 18.40714949980246, "c.p._492_k_2023.pdf": 3.6814298999604924, "C.P._145_2015.pdf": 3.6814298999604924, "C.P._1616_2018.pdf": 3.6814298999604924, "c.p._34_2022.pdf": 3.6814298999604924, "Const.P77-2010-17.07.2013.pdf": 3.6814298999604924, "c.p._3317_2018.pdf": 3.6814298999604924, "Const.P.91of2011Dt-23-8-2012.pdf": 3.6814298999604924, "c.p._280_k_2019.pdf": 7.362859799920985, "H.R.C._39216_G_2018.pdf": 3.6814298999604924, "const.p.105-12_hamid_mir_case_20-12-12.pdf": 7.362859799920985,