{"ng": {"j.p._587_2016.pdf": 6.454018622200273, "cng_prices_order_21-12-12-alongwith_translation.pdf": 6.454018622200273, "Const.P.33and34of2005.pdf": 12.908037244400546, "C.M.A._6250_2018.PDF": 6.454018622200273}}