{"nh": {"c.p._303_2019.pdf": 25.816074488801092, "crl.p._907_2020.pdf": 6.454018622200273, "c.p._517_l_2016.pdf": 6.454018622200273, "Crl.O.P_36_2017.pdf": 6.454018622200273}}