{"nha": {"Const.P.33_2013.pdf": 14.849823676271999, "Const.P.NO.62OF2010_orderdt06062011.pdf": 29.699647352543998, "C.R.P._315_2013_DT_19_03_2015.pdf": 4.949941225423999, "h.r.c._12726_b_2020.pdf": 74.24911838135999, "C.A._417-L_2009.pdf": 14.849823676271999, "c.a._1295_2019.pdf": 49.49941225423999, "const.p.115_2011.pdf": 4.949941225423999, "c.p._3767_2023.pdf": 4.949941225423999, "c.r.p._292_2021_detailed.pdf": 24.749706127119996, "c.p._4500_2017.pdf": 9.899882450847999, "c.a._547_2012.pdf": 103.94876573390398, "c.p._819_2017.pdf": 4.949941225423999, "c.a._140_l_2015.pdf": 4.949941225423999, "Const.P.22of2013.pdf": 4.949941225423999, "c.p._4282_2018.pdf": 4.949941225423999, "C.R.P._315_2013_DT_18_03_2015.pdf": 4.949941225423999, "c.a._491_2012.pdf": 4.949941225423999, "c.a._700_2014.pdf": 9.899882450847999}}