{"nhso": {"c.p._303_2019.pdf": 23.52093894996049}, "nhs": {"Const.P.30of2013.pdf": 6.741700694652055, "c.p._2717_l_2015.pdf": 6.741700694652055, "H.R.C._17599_2018.pdf": 134.8340138930411}, "nhsrc": {"s.m.c._1_2020.pdf": 5.643088405983945, "s.m.c._1_2020_19052020.pdf": 5.643088405983945, "s.m.c._1_2020_20042020.pdf": 5.643088405983945, "c.a._125_k_2016.pdf": 11.28617681196789, "s.m.c._1_2020_08062020.pdf": 5.643088405983945, "crl.m.a._459_2020.pdf": 5.643088405983945, "s.m.c._1_2020_25062020.pdf": 5.643088405983945, "s.m.c._01_2020_18052020.pdf": 28.215442029919725, "H.R.C._17599_2018.pdf": 5.643088405983945}}