{"ni": {"c.p._3952_2019.pdf": 6.230875070886063, "crl.p._1294_2023.pdf": 6.230875070886063, "C.A.800Lof2013etc.pdf": 6.230875070886063, "crl.p._149_p_2023.pdf": 6.230875070886063, "c.r.p._266_2019_01112023.pdf": 6.230875070886063}}