{"niazi": {"Const.P.127of2012.pdf": 5.444638341806818, "C.R.P._297_2017_Reserved.pdf": 13.611595854517045, "HRC19526of2013.pdf": 5.444638341806818, "C.M.A.No.3685of2012-dt-17-1-2013.pdf": 5.444638341806818, "H.R.C._18877_2018_03072019.pdf": 2.722319170903409, "Const.P._29_2016_28072016.pdf": 5.444638341806818, "c.p._3436_l_2022.pdf": 2.722319170903409, "Const.P.12of2010.pdf": 19.056234196323864, "Crl.O.P.92_2013_dt_02.08.2013.pdf": 2.722319170903409, "C.A._2215_2006.pdf": 2.722319170903409, "Const.P._29_2016.pdf": 21.77855336722727, "smc.18_2010_final.pdf": 98.00349015252272, "crl.p._907_2020.pdf": 2.722319170903409, "Const.P._36_2016_dt_15_12_2017.pdf": 5.444638341806818, "Const.P.30of2013.pdf": 2.722319170903409, "const.p._19_2022_01062022.pdf": 2.722319170903409, "Crl.O.P._154_2017.pdf": 2.722319170903409, "S.M.C.18OF2010.pdf": 5.444638341806818, "const.p._24_to_26_of_2023_04072023.pdf": 8.166957512710226, "s.m.c._1_2022_detailed.pdf": 8.166957512710226, "I.C.A._7_2018.pdf": 2.722319170903409, "C.R.P.167of2012-dt-30-8-2012.pdf": 2.722319170903409, "const.p._21_2022_15092023.pdf": 5.444638341806818, "const.p.23of2012.pdf": 5.444638341806818, "c.r.p._292_2021.pdf": 2.722319170903409, "C.R.P._297_2017.pdf": 8.166957512710226, "18TH_AMENDMENT_ORDER.pdf": 5.444638341806818, "c.m.a._5602_2021.pdf": 2.722319170903409, "crl.p._1109_2021.pdf": 2.722319170903409, "s.m.c._1_2020.pdf": 2.722319170903409, "crl.p._921_2023_23082023.pdf": 8.166957512710226, "i.c.a._2_2023.pdf": 2.722319170903409, "c.r.p._218_2013.pdf": 2.722319170903409, "C.A._718_2007.pdf": 2.722319170903409, "const.p._24_2023_an_10012024_r.pdf": 2.722319170903409, "C.A._417-L_2009.pdf": 2.722319170903409, "Const.P.77of2010_dt_27-8-2013.pdf": 5.444638341806818, "const.p._24_2023_02082023.pdf": 5.444638341806818, "crl.p._299_2020_01042020.pdf": 2.722319170903409, "c.a._1076_2019.pdf": 2.722319170903409, "crl.p._574_2019.pdf": 5.444638341806818, "s.m.c._1_2020_19052020.pdf": 2.722319170903409, "const.p._24_2023_21072023.pdf": 5.444638341806818, "const.p.6_2023.pdf": 2.722319170903409, "c.r.p._296_2020_04022022.pdf": 5.444638341806818, "c.a._499_2017.pdf": 2.722319170903409, "crl.p._519_2023_11052023.pdf": 8.166957512710226, "c.p._2_2022_dissenting_note2.pdf": 2.722319170903409, "c.a._446_2021.pdf": 2.722319170903409, "c.p._2693_2018.pdf": 2.722319170903409, "c.a._1121_2018.pdf": 2.722319170903409, "const.p._24_2023_23102023.pdf": 8.166957512710226, "S.M.C._ 26_2007_30062018.pdf": 2.722319170903409, "s.m.c._01_2020.pdf": 5.444638341806818, "const.p._2_2022_14102022.pdf": 8.166957512710226, "crl.p._299_2020_07042020.pdf": 5.444638341806818, "C.P.41_66_2015.pdf": 2.722319170903409, "c.a._353_2010.pdf": 2.722319170903409, "c.p._490_k_2020.pdf": 5.444638341806818, "S.M.C._26_2007_04072018.pdf": 2.722319170903409, "s.m.c._01_2020_04052020.pdf": 2.722319170903409, "crl.p._551_2020.pdf": 2.722319170903409, "c.m.a._4821_2018.pdf": 2.722319170903409, "c.p._2231_2020.pdf": 5.444638341806818, "i.c.a._1_2024_15032024.pdf": 2.722319170903409, "s.m.c._1_2020_20042020.pdf": 2.722319170903409, "refernece_1_2022.pdf": 2.722319170903409, "const.p._21_2022_29082023.pdf": 2.722319170903409, "crl.p._1276_2023.pdf": 16.333915025420453, "Const.P.115-2012etc.pdf": 2.722319170903409, "j.p._105_2020.pdf": 2.722319170903409, "const.p._21_2022_16032023.pdf": 2.722319170903409, "c.p._42_2024.pdf": 2.722319170903409, "Const.P._2_2011.pdf": 2.722319170903409, "crl.p._1303_2021.pdf": 2.722319170903409, "const.p.37_2012_final.pdf": 5.444638341806818, "c.a._936_2020.pdf": 5.444638341806818, "c.r.p._292_2021_detailed.pdf": 2.722319170903409, "c.a._801_2021.pdf": 5.444638341806818, "const.p._24_2023_03082023.pdf": 5.444638341806818, "h.r.c._318_1993.pdf": 2.722319170903409, "C.P.No.636of2013-dt-9-5-2013.pdf": 5.444638341806818, "CRP.229_2006_in_CA.802_2006.pdf": 2.722319170903409, "C.P._3752_2018.pdf": 2.722319170903409, "C.A._110_L_2013.pdf": 2.722319170903409, "const.p._13_2023.pdf": 2.722319170903409, "C.A._467_2015.pdf": 27.22319170903409, "const.p._2_2022_21032022.pdf": 2.722319170903409, "c.p._4500_2017.pdf": 2.722319170903409, "cas_727-730_777_778_2014_etc.pdf": 2.722319170903409, "c.p._2148_2020.pdf": 2.722319170903409, "C.A._654_2010.pdf": 2.722319170903409, "C.P._1885_2017.pdf": 5.444638341806818, "c.m.a._490_2021_11022021.pdf": 2.722319170903409, "c.m.a._4821_2018_14012022.pdf": 2.722319170903409, "c.p._1125_2018.pdf": 2.722319170903409, "C.P._1616_2018.pdf": 2.722319170903409, "crl.p._622_2020.pdf": 2.722319170903409, "const.p._24_2023_26062023.pdf": 5.444638341806818, "Const.P77-2010-17.07.2013.pdf": 2.722319170903409, "crl.o.p._148_2022.pdf": 2.722319170903409, "crl.p._994_2020.pdf": 2.722319170903409, "c.a._1476_2018.pdf": 2.722319170903409, "c.m.a._7084_2020.pdf": 5.444638341806818, "C.P._842_2016.pdf": 2.722319170903409, "const.p.20_2013.pdf": 2.722319170903409, "crl.p._921_2023.pdf": 8.166957512710226, "c.p._2_2022_dissenting_note.pdf": 2.722319170903409, "c.a._1562_2020.pdf": 2.722319170903409, "c.r.p._420_2016.pdf": 2.722319170903409, "const.p._24_2023_f.pdf": 5.444638341806818, "S.M.C._8_2018.pdf": 2.722319170903409, "s.m.c._1_2022_07042022.pdf": 2.722319170903409, "c.a._4862_2018.pdf": 2.722319170903409, "s.m.c._1_2020_08062020.pdf": 2.722319170903409, "c.p._4365_2023_15122023.pdf": 2.722319170903409, "reference_1_2020.pdf": 5.444638341806818, "const.p._64_2013.pdf": 2.722319170903409, "const.p._13_2023_09052023.pdf": 2.722319170903409, "CMA2745of2009etc.pdf": 8.166957512710226, "c.a._1134_2020.pdf": 5.444638341806818, "c.p._42_2024_25012024.pdf": 16.333915025420453, "c.p._546_2021.pdf": 2.722319170903409, "constp.p._47_2023.pdf": 2.722319170903409, "const.p._24_2023_23062023.pdf": 5.444638341806818, "const.p._6_2023_111023.pdf": 2.722319170903409, "c.p._3215_2021.pdf": 2.722319170903409, "crl.o.p._148_2022_02112022.pdf": 2.722319170903409, "c.a._1113_2017.pdf": 2.722319170903409, "c.a._188_2019.pdf": 19.056234196323864, "Const.P._35_2016_dt_15_12_2017.pdf": 68.05797927258523, "c.p._3944_2019.pdf": 2.722319170903409, "crl.p._519_2023_detailed_order.pdf": 8.166957512710226, "const.p._76_2018.pdf": 2.722319170903409, "const.p._24_2023_27032023.pdf": 5.444638341806818, "crl.p._299_2020.pdf": 2.722319170903409, "c.a._324_2020.pdf": 2.722319170903409, "const.p._24_2023.pdf": 2.722319170903409, "s.m.c._1_2020_25062020.pdf": 2.722319170903409, "crl.org.p._148_2022_07112022.pdf": 2.722319170903409, "s.m.c._01_2020_18052020.pdf": 5.444638341806818, "reference._1_2020.pdf": 2.722319170903409, "const.p._24_2023_01082023.pdf": 5.444638341806818, "c.p._32_q_2019.pdf": 2.722319170903409, "c.p._3797_2020.pdf": 5.444638341806818, "Const.P.77of2010-dt-20-7-2013.pdf": 2.722319170903409, "CJD_Section 2-A_Case_as_on_26_06_2006.pdf": 5.444638341806818, "H.R.C.39216_G_2018.pdf": 2.722319170903409, "c.p._1165_2021.pdf": 2.722319170903409, "C.A._118_2016.pdf": 2.722319170903409, "H.R.C._10842_P_2018.pdf": 2.722319170903409, "c.p._84_p_2020.pdf": 2.722319170903409, "crl.m.a._1659_2019.pdf": 13.611595854517045, "c.a._1399_2019.pdf": 5.444638341806818, "crl.p._419_2020.pdf": 2.722319170903409, "c.p._3750_2020.pdf": 2.722319170903409, "HR8340OF2010.pdf": 2.722319170903409, "S.M.C.No18of2010.pdf": 2.722319170903409, "S.M.C._7_2017_06022019.pdf": 2.722319170903409, "c.p._2351_2019.pdf": 2.722319170903409, "Const.P._74_2015.pdf": 2.722319170903409, "crl.p._1152_2020.pdf": 2.722319170903409, "const.p._21_2022_18082023.pdf": 2.722319170903409, "c.a._40_q_2018.pdf": 2.722319170903409, "const.p._21_2022_16052023.pdf": 2.722319170903409, "s.m.c._1_2022_note_hj4.pdf": 2.722319170903409, "c.p._47_q_2016.pdf": 2.722319170903409}, "niaz": {"crl.a._154_2020.pdf": 6.279665235055496, "Crl.P._927_2016.pdf": 15.69916308763874, "c.a._1079_2015.pdf": 37.67799141033297, "Const.P_6of2011.pdf": 6.279665235055496, "Const.P.12of2010.pdf": 9.419497852583243, "CMA_1145-K_2013_in_SMC_16-2011_08-03-2013.pdf": 9.419497852583243,