{"nibaf": {"Const.P._29_2016_28072016.pdf": 7.1471658027602185, "C.M.A._2939_2017.pdf": 7.1471658027602185}, "nibbap": {"Const.P.33_2013.pdf": 7.840312983320164}, "nible": {"Const.PetitionNo.77of2010_12.10.2012.pdf": 7.840312983320164}, "nib": {"c.r.p._296_2020_04022022.pdf": 19.36205586660082, "Const.P.20to27-39&45.pdf": 12.908037244400546, "c.r.p._35_k_2020.pdf": 6.454018622200273, "ConstitutionPetitionNo39of2009.pdf": 6.454018622200273}, "nibaran": {"Crl.M.A._200_2019.pdf": 6.741700694652055, "j.p._112_2017.pdf": 6.741700694652055, "crl.a._145_l_2017.pdf": 6.741700694652055}, "niberan": {"C.R.P._3_2015.pdf": 7.840312983320164}}