{"nicety": {"c.r.p._292_2021_sacked_employees.pdf": 3.889069264738737, "c.p._303_2019.pdf": 3.889069264738737, "C.R.P._49_2016.pdf": 7.778138529477474, "Const.P.12of2010.pdf": 3.889069264738737, "H.R.C.19of1996[AsgharKhanCase]DetailedReasons.pdf": 3.889069264738737, "c.p._2933_2019.pdf": 3.889069264738737, "c.a._389_2015.pdf": 3.889069264738737, "c.p._419_2020.pdf": 3.889069264738737, "c.p._609_2020.pdf": 3.889069264738737, "c.p._3112_2020.pdf": 3.889069264738737, "crl.p._1054_2023.pdf": 3.889069264738737, "c.a._307_2017.pdf": 3.889069264738737, "c.r.p._296_2020_04022022.pdf": 3.889069264738737, "c.a._1414_2021.pdf": 3.889069264738737, "c.a._446_2021.pdf": 3.889069264738737, "C.P._1067_2016.pdf": 3.889069264738737, "HRC-4668of2006.pdf": 3.889069264738737, "c.p._1877_l_2016.pdf": 3.889069264738737, "c.p._3186_2020.pdf": 3.889069264738737, "c.a._759_2020.pdf": 3.889069264738737, "c.p._3598_2020.pdf": 3.889069264738737, "c.p._2056_2022.pdf": 3.889069264738737, "c.a._469_2021.pdf": 3.889069264738737, "const.p._13_2023.pdf": 3.889069264738737, "c.p._329_k_2022.pdf": 3.889069264738737, "c.p._2032_2019.pdf": 3.889069264738737, "Crl.A._274_2006.pdf": 3.889069264738737, "CMA2745of2009etc.pdf": 3.889069264738737, "c.p._3215_2021.pdf": 3.889069264738737, "c.p._1920_2022.pdf": 3.889069264738737, "c.p._2314_2022.pdf": 3.889069264738737, "c.p._4282_2018.pdf": 3.889069264738737, "c.a._26_k_2021.pdf": 3.889069264738737, "c.p._448_p_2017.pdf": 3.889069264738737, "c.p._6406_2021.pdf": 3.889069264738737, "Crl.A.126of2012.pdf": 3.889069264738737, "c.p._803_2019.pdf": 11.66720779421621, "c.p._389_2022.pdf": 7.778138529477474, "c.a._52_k_2022.pdf": 3.889069264738737, "c.p._409_l_2021.pdf": 3.889069264738737, "c.p._460_2022.pdf": 3.889069264738737, "c.p._446_l_2014.pdf": 3.889069264738737, "c.a._1275_2009.pdf": 11.66720779421621, "c.p._1066_2022.pdf": 7.778138529477474, "c.a._1137_2014.pdf": 3.889069264738737, "c.p._84_p_2020.pdf": 3.889069264738737, "crl.p._52_k_2023.pdf": 3.889069264738737, "c.p._2892_2020.pdf": 3.889069264738737, "c.a._2797_2022.pdf": 3.889069264738737, "c.a._1486_2017.pdf": 3.889069264738737, "c.p._2341_l_2016.pdf": 3.889069264738737, "c.a._1005_2009.pdf": 7.778138529477474}, "nich": {"c.p._1193_2020.pdf": 6.741700694652055, "C.A._125_K_2016_JPMC_Dissenting_Note.pdf": 26.96680277860822, "c.a._125_k_2016.pdf": 13.48340138930411}, "nicop": {"Order-DNC-nd-note.pdf": 12.097107028184219, "S.M.C._3_2018.pdf": 6.048553514092109, "Const.P.39of2011dt-11-4-2013.pdf": 6.048553514092109, "Const.P.39and90of2011-dt-15-2-2013.pdf": 18.145660542276328, "S.M.C._7_2017_06022019.pdf": 12.097107028184219, "Const.P._74_2015.pdf": 18.145660542276328}, "nic": {"Const.P.31of2011etc.pdf": 4.795790545596741, "Const.P_6of2011.pdf": 4.795790545596741, "Const.P.87of2011[UrduVersion].pdf": 4.795790545596741, "C.R.P._125_2014.pdf": 4.795790545596741, "crl.a._599_2020_26032021.pdf": 4.795790545596741, "Const.P._36_2016_dt_15_12_2017.pdf": 4.795790545596741, "S.M.C.24of2010[urdu-version].pdf": 4.795790545596741, "SMC16of2011_detailed_judgment.pdf": 4.795790545596741, "C.A.669-L_2013.pdf": 33.570533819177186, "C.A._461_2014.pdf": 4.795790545596741, "Const.P.87of2011.pdf": 4.795790545596741, "c.p._2379_2016.pdf": 9.591581091193483, "C.A._448_2014_DJ.pdf": 38.36632436477393, "C.R.P.193of2013.pdf": 4.795790545596741, "C.A._301_2014.pdf": 91.12002036633808, "C.A._307-L_2015.pdf": 19.183162182386965, "S.M.C._3_2018.pdf": 28.774743273580448, "C.A._1033_2014.pdf": 4.795790545596741, "smc.16of2011.pdf": 4.795790545596741, "H.R.C.39216_G_2018.pdf": 9.591581091193483, "CJD_Pakistan_Steel_Mills_Case.pdf": 4.795790545596741}, "nickname": {"C.A._90_2011_UrduVersion.pdf": 6.741700694652055, "Const.P.12of2010.pdf": 6.741700694652055, "j.p._249_2018.pdf": 6.741700694652055}, "nicely": {"NRO_Judgment.pdf": 5.760871441640328, "Crl.A._523_2017.pdf": 5.760871441640328, "Const.P.77of2012[DetailedOrderFinal].pdf": 5.760871441640328, "Const.P.40of2012-DetailJudgment-dt-3.7.2012.pdf": 5.760871441640328, "c.a._315_2022.pdf": 5.760871441640328, "CMA2745of2009etc.pdf": 5.760871441640328, "c.p._3209_2019.pdf": 5.760871441640328, "c.p._1369_l_2019.pdf": 5.760871441640328}, "nichols": {"Const.P.12of2010.pdf": 15.680625966640328}, "nice": {"Const.P.12of2010.pdf": 12.461750141772127, "c.r.p_537_2019.pdf": 12.461750141772127, "c.a._17_l_2019.pdf": 18.69262521265819, "c.a._65_k_2019.pdf": 6.230875070886063, "JR_Fecto_Belarus_Tractor_Limited_Case.pdf": 6.230875070886063}, "nick": {"C.A._104-L_2015.pdf": 7.1471658027602185, "Const.P._29_2016.pdf": 7.1471658027602185}, "nicl": {"Const.P._29_2016.pdf": 5.643088405983945, "smc.18_2010_final.pdf": 603.8104594402821, "Const.P.30of2013.pdf": 11.28617681196789, "S.M.C.18OF2010.pdf": 186.22191739747018, "Const.P.77-78-79 [Memogate]DetailedOrder.pdf": 5.643088405983945, "Constitution_Petition_No.18.pdf": 28.215442029919725, "C.A.800Lof2013etc.pdf": 5.643088405983945, "SMC24-2010.pdf": 5.643088405983945, "S.M.C.No18of2010.pdf": 22.57235362393578}, "nicholl": {"Const.P._29_2016.pdf": 7.1471658027602185, "const.p._32_2023_additional_note.pdf": 7.1471658027602185}, "niche": {"Const.P.77to85,89and92of2011[dt12.6.2012].pdf": 6.741700694652055, "const.p._17_2019_detailed_reasoning.pdf": 6.741700694652055, "c.p._3747_2023.pdf": 6.741700694652055}, "nicaraguan": {"JR_Detailed_Judgment_in_Referendum_Case.pdf": 7.840312983320164}, "nicvd": {"c.p._2129_2020.pdf": 33.70850347326027, "C.A._125_K_2016_JPMC_Dissenting_Note.pdf": 60.67530625186849, "c.a._125_k_2016.pdf": 13.48340138930411}, "nicholas": {"Crl.M.A.No.486of2010-dt-26-6-2013.pdf": 23.52093894996049}, "nicolas": {"Crl.M.A.No.486of2010-dt-26-6-2013.pdf": 7.840312983320164}, "nicd": {"C.A._125_K_2016_JPMC_Dissenting_Note.pdf": 7.840312983320164}, "nicv": {"c.a._125_k_2016.pdf": 15.680625966640328}, "nickel": {"c.a._ 870_2020.pdf": 7.840312983320164}, "nicaragua": {"c.a._ 870_2020.pdf": 7.840312983320164}, "nicfc": {"C.P._3451_2015.pdf": 39.201564916600816}, "nici": {"S.M.C.No18of2010.pdf": 7.840312983320164}}