{"nido": {"Crl.O.P.89of2011.pdf": 7.840312983320164}, "nida": {"c.p._490_k_2020.pdf": 7.1471658027602185, "c.a._188_2019.pdf": 7.1471658027602185}, "nidera": {"C.A._539_2003.pdf": 7.840312983320164}}