{"nielsen": {"Const.P._29_2016_28072016.pdf": 7.1471658027602185, "Const.P._29_2016.pdf": 450.27144557389374}, "niem": {"c.a._1496_2019.pdf": 7.840312983320164}, "nielson": {"Const.P._29_2016.pdf": 31.361251933280656}, "niece": {"crl.p._1054_2023.pdf": 5.442417710521793, "crl.p._150_l_2023.pdf": 5.442417710521793, "c.a._840_2017.pdf": 5.442417710521793, "c.a._1551_2017.pdf": 16.327253131565378, "c.p._1877_l_2016.pdf": 5.442417710521793, "j.p._557_2016.pdf": 21.769670842087173, "c.a._415_2018.pdf": 5.442417710521793, "crl.p._50_q_2017.pdf": 5.442417710521793, "c.a._139_p_2013.pdf": 5.442417710521793, "j.p._355_2018.pdf": 5.442417710521793, "clr.a._250_2020.pdf": 5.442417710521793}, "niethod": {"c.a._654_2021.pdf": 7.840312983320164}}