{"nifas": {"C.A._90_2011_UrduVersion.pdf": 7.840312983320164}, "nifaze": {"JR_Detailed_Judgment_in_Referendum_Case.pdf": 7.1471658027602185, "JR_Constitution_Petition_No._15_17-24_and_512_of_2002.pdf": 7.1471658027602185}}