{"nihal": {"Crl.O.P._09_2018.pdf": 6.454018622200273, "Crl.O.P._154_2017.pdf": 6.454018622200273, "c.p._1017_2021.pdf": 6.454018622200273, "Crl.A._21-K_2016.pdf": 25.816074488801092}, "nihala": {"c.p._398_l_2018.pdf": 7.840312983320164}, "nihung": {"crl.p._1196_l_2015.pdf": 7.840312983320164}, "nih": {"crl.a._239_2020.pdf": 7.840312983320164}}