{"nikahnama": {"c.p._1289_2020.pdf": 69.13045729968394, "c.p._154_2019.pdf": 92.17394306624524, "c.p._2865_2022.pdf": 23.04348576656131, "Cr.P.749-Lof2013.pdf": 17.282614324920985, "C.P._1088_2016.pdf": 40.326100091482296, "c.p._2734_l_2023.pdf": 11.521742883280655, "c.a._438_2021.pdf": 5.760871441640328, "c.p._6482_2021.pdf": 17.282614324920985}, "nikah": {"c.p._1289_2020.pdf": 10.710812667064328, "c.p._154_2019.pdf": 5.355406333532164, "H.R.C._32642_2018.pdf": 37.487844334725146, "Crl.P.163_to_171_S.M.C.5_2005.pdf": 64.26487600238596, "crl.p._1121_2023.pdf": 42.84325066825731, "crl.p._989_2021.pdf": 5.355406333532164, "J.P._217_2017.pdf": 10.710812667064328, "j.p._883_2017.pdf": 5.355406333532164, "c.p._6482_2021.pdf": 16.06621900059649, "c.a._23_p_2017.pdf": 53.55406333532164, "H.R.C._17599_2018.pdf": 5.355406333532164, "C.P._357_2016.pdf": 16.06621900059649}, "nikkah": {"Crl.P.163_to_171_S.M.C.5_2005.pdf": 42.88299481656131, "j.p._943_2017.pdf": 7.1471658027602185}, "nikhanama": {"c.p._2865_2022.pdf": 7.840312983320164}, "nikdar": {"j.p._865_2017.pdf": 7.1471658027602185, "Cr.P.749-Lof2013.pdf": 7.1471658027602185}, "nikahnamas": {"Cr.P.749-Lof2013.pdf": 15.680625966640328}, "nikka": {"j.p._943_2017.pdf": 7.1471658027602185, "Crl.A._148_L_2017.pdf": 7.1471658027602185}, "nikhahnama": {"c.p._1418_2023 .pdf": 7.840312983320164}}