{"nim": {"Const.P.30of2013.pdf": 6.454018622200273, "const.p._39_16122019.pdf": 19.36205586660082, "Const.P.73of2011.pdf": 6.454018622200273, "const.p._39_2019.pdf": 19.36205586660082}, "nimir": {"c.p._3282_l_2022.pdf": 7.840312983320164}, "nimar": {"H.R.C._39216_G_2018.pdf": 7.1471658027602185, "H.R.C.39216_G_2018.pdf": 14.294331605520437}, "nimai": {"c.a._52_k_2022.pdf": 7.840312983320164}, "nimano": {"S.M.C.16of2011dt-22-3-2013.pdf": 7.840312983320164}}