{"nine": {"c.r.p._292_2021_sacked_employees.pdf": 32.175092209267625, "Const.P.127of2012.pdf": 5.3625153682112705, "c.a._1476_2018_urdu.pdf": 2.6812576841056353, "report_128_k_2021.pdf": 2.6812576841056353, "ConstitutionPetitionNo21OF2007.pdf": 8.043773052316906, "Crl.A._479_2015.pdf": 2.6812576841056353, "Order-DNC-nd-note.pdf": 2.6812576841056353, "Const.P.105-2012-eng-urd.PDF": 5.3625153682112705, "H.R.C._18877_2018_03072019.pdf": 2.6812576841056353, "C.A._634_L_2012.pdf": 2.6812576841056353, "Const.P._38_2016.pdf": 5.3625153682112705, "C.A._90_2011_UrduVersion.pdf": 2.6812576841056353, "Crl.O.P_57_2015.pdf": 2.6812576841056353, "NRO_Judgment.pdf": 2.6812576841056353, "c.p._3436_l_2022.pdf": 2.6812576841056353, "Const.P.12of2010.pdf": 45.5813806297958, "Const.P.87of2011[UrduVersion].pdf": 2.6812576841056353, "Const.P.12of2010Urdu.pdf": 13.406288420528176, "const.p.42of2011.pdf": 2.6812576841056353, "Const.P._29_2016.pdf": 2.6812576841056353, "C.R.P._125_2014.pdf": 2.6812576841056353, "crl.a._599_2020_26032021.pdf": 2.6812576841056353, "S.M.C.24of2010[urdu-version].pdf": 2.6812576841056353, "crl.p._490_2019.pdf": 2.6812576841056353, "Crl.O.P._154_2017.pdf": 2.6812576841056353, "Ref.01_2012_addl.note_HJ.ejaz_afzal_khan.pdf": 2.6812576841056353, "H.R.C.19of1996[AsgharKhanCase]DetailedReasonsUrduTranslation.pdf": 5.3625153682112705, "const.p._24_to_26_of_2023_04072023.pdf": 2.6812576841056353, "SMC16of2011_detailed_judgment.pdf": 2.6812576841056353, "HRC7734-G_1003-GOF2009[UrduTranslation].pdf": 8.043773052316906, "c.a._95_p_2014.pdf": 2.6812576841056353, "C.A._90_2011_EnglishVersion.pdf": 2.6812576841056353, "C.R.P.167of2012-dt-30-8-2012.pdf": 2.6812576841056353, "c.p._3236_2019.pdf": 2.6812576841056353, "H.R.C.19of1996[AsgharKhanCase]DetailedReasons.pdf": 2.6812576841056353, "smc_1_2014.pdf": 2.6812576841056353, "C.A._904_2013.pdf": 2.6812576841056353, "JR_Judgment_on_17th_Amendmend_and_Presidents_Uniform_Case.pdf": 8.043773052316906, "c.p.2132_2014_with_urdu_translation.pdf": 2.6812576841056353, "crp.328-329_2013.pdf": 2.6812576841056353, "C.P.No.1017-Lof2011.pdf": 5.3625153682112705, "c.a._730_2015.pdf": 2.6812576841056353, "Crl.P.163_to_171_S.M.C.5_2005.pdf": 2.6812576841056353, "HRC7734-G_1003-GOF2009[AllegedCorruptionInRentalPowerPlants].pdf": 8.043773052316906, "s.m.c._1_2023_01032023.pdf": 2.6812576841056353, "C.A._427_2009.pdf": 2.6812576841056353, "S.M.C._19_2016.pdf": 2.6812576841056353, "crl.p._614_2017.pdf": 2.6812576841056353, "j.p._739_2018.pdf": 2.6812576841056353, "C.A._521_2015.pdf": 2.6812576841056353, "c.p._2547_2019.pdf": 8.043773052316906, "const.p._24_2023_an_10012024_r.pdf": 2.6812576841056353, "s.m.c._1_2023.pdf": 2.6812576841056353, "c.a._178_2020.pdf": 2.6812576841056353, "S.M.C._13_2016_dt_31-03-2017.pdf": 26.81257684105635, "C.A._493_2011.pdf": 2.6812576841056353, "c.p._805_l_2019.pdf": 2.6812576841056353, "c.a._1076_2019.pdf": 2.6812576841056353, "s.m.c._1_2020_19052020.pdf": 2.6812576841056353, "ca_297_2014.pdf": 2.6812576841056353, "c.r.p._296_2020_04022022.pdf": 5.3625153682112705, "c.p._310_l_2017.pdf": 2.6812576841056353, "Const.P.20to27-39&45.pdf": 2.6812576841056353, "SMC_26-2007_dt_20.02.2013.pdf": 2.6812576841056353, "const.p_32_2023_dt_23-10-23.pdf": 2.6812576841056353, "c.p._386_l_2021.pdf": 2.6812576841056353, "const.p._2_2022_14102022.pdf": 2.6812576841056353, "const.p.39_90_2011.pdf": 2.6812576841056353, "c.a._18_k_2020.pdf": 2.6812576841056353, "c.a._353_2010.pdf": 5.3625153682112705, "c.p._4129_2019.pdf": 5.3625153682112705, "crl.a._416_2020.pdf": 2.6812576841056353, "crl.p._172_p_2021.pdf": 5.3625153682112705, "C.A._359_2013.pdf": 2.6812576841056353, "c.p._3447_2022.pdf": 2.6812576841056353, "j.p._73_2016.pdf": 2.6812576841056353, "C.P._60_K_2018.pdf": 2.6812576841056353, "crl.a_01_l_2015.pdf": 2.6812576841056353, "c.a._1833_2019.pdf": 2.6812576841056353, "c.a._82_2016.pdf": 2.6812576841056353, "c.p._3598_2020.pdf": 2.6812576841056353, "C.A._2564_2001.pdf": 2.6812576841056353, "C.R.P.193of2013.pdf": 2.6812576841056353, "Crl.A.13-14-15and16of2004and53of2011.pdf": 2.6812576841056353, "Const.P._2_2011.pdf": 10.725030736422541, "c.p._3203_2017.pdf": 2.6812576841056353, "Crl.A.140of2005.pdf": 2.6812576841056353, "const.p.37_2012_final.pdf": 8.043773052316906, "c.a._1095_2018_13092019.pdf": 5.3625153682112705, "c.p._2916_2019.pdf": 2.6812576841056353, "crl.p._911_2020.pdf": 10.725030736422541, "Crl.M.A._200_2019.pdf": 2.6812576841056353, "s.m.c._1_2023_27032023.pdf": 8.043773052316906, "Const.P.39and90of2011-dt-3-5-2013.pdf": 2.6812576841056353, "Crl.A._195_L_2017.pdf": 2.6812576841056353, "C.A._125_K_2016_JPMC_Dissenting_Note.pdf": 2.6812576841056353, "c.p._1171_2021.pdf": 2.6812576841056353, "c.m.a._4821_2018_14012022.pdf": 2.6812576841056353, "c.a._489_2013l.pdf": 2.6812576841056353, "const.p.5_2011.pdf": 2.6812576841056353, "C.A._1086_2014.pdf": 2.6812576841056353, "c.a._1476_2018.pdf": 2.6812576841056353, "C.P._3186_2015.pdf": 2.6812576841056353, "c.m.a._7084_2020.pdf": 2.6812576841056353, "crl.a_413-414_2013_18.02.2014.pdf": 2.6812576841056353, "Crl.A._35_K_2016.pdf": 2.6812576841056353, "const.p._6_2023_dt_05_01_2023.pdf": 2.6812576841056353, "Crl.A._466_2017.pdf": 2.6812576841056353, "C.A._1216_2015.pdf": 2.6812576841056353, "c.a._1113_2017_dissenting_note.pdf": 2.6812576841056353, "c.p._611_l_2018.pdf": 2.6812576841056353, "c.a._616_2020.pdf": 2.6812576841056353, "const.p._24_2023_f.pdf": 5.3625153682112705, "Crl.A._274_2006.pdf": 2.6812576841056353, "s.m.c._1_2023_12062023.pdf": 13.406288420528176, "ca.297_2014.pdf": 2.6812576841056353, "crl.sh.a._12_2017.pdf": 2.6812576841056353, "Const.P.50-69of2011.pdf": 2.6812576841056353, "c.r.p._526_2020.pdf": 5.3625153682112705, "c.a._20_2014.pdf": 2.6812576841056353, "j.p._302_2017.pdf": 2.6812576841056353, "c.a._1003_2019.pdf": 2.6812576841056353, "Crl.P._685_2015.pdf": 2.6812576841056353, "C.A._1481_2007.pdf": 2.6812576841056353, "const.p._32_2023_additional_note.pdf": 2.6812576841056353, "C.M.A._376-K_2014.pdf": 16.087546104633812, "c.a._1113_2017.pdf": 5.3625153682112705, "CJD_Constitution_Petition_No_36_of_2005.pdf": 2.6812576841056353, "ConstitutionPetitionNo39of2009.pdf": 2.6812576841056353, "crl.p._1192_2023.pdf": 2.6812576841056353, "C.P._3364_2016.pdf": 2.6812576841056353, "s.m.c._1_2023_07042023.pdf": 2.6812576841056353, "ca.38-45_2014.pdf": 2.6812576841056353, "Const.P._35_2016_dt_15_12_2017.pdf": 2.6812576841056353, "ICA3,4,6TO11of2011dt2011.04.pdf": 8.043773052316906, "c.p._2913_2021.pdf": 5.3625153682112705, "c.a._94_2008.pdf": 2.6812576841056353, "C.M.A._592_K_2013_order_dt_26_03_2015.pdf": 2.6812576841056353, "Crl.A._90_L_2017.pdf": 2.6812576841056353, "SMCNo25of2009.pdf": 2.6812576841056353, "c.m.a._3932_2023.pdf": 5.3625153682112705, "c.a._52_k_2022.pdf": 8.043773052316906, "C.P._423_K_2015.pdf": 2.6812576841056353, "Crl.O.P.6of2012.pdf": 5.3625153682112705, "Crl.A._496_2009.pdf": 2.6812576841056353, "C.A._1169_2014.pdf": 2.6812576841056353, "Crl.A._582_2018.pdf": 2.6812576841056353, "C.P._423-K_2015.pdf": 2.6812576841056353, "c.a._1474_2015.pdf": 2.6812576841056353, "C.M.A_687_2017.pdf": 2.6812576841056353, "C.A._620_2006.pdf": 2.6812576841056353, "j.p._300_2022.pdf": 2.6812576841056353, "C.A.876-879of2005.pdf": 2.6812576841056353, "C.A._700_2017.pdf": 2.6812576841056353, "crl.p._92_k_2021.pdf": 2.6812576841056353, "C.P._3912_2016.pdf": 10.725030736422541, "j.p._516_2018_detailed.pdf": 2.6812576841056353, "C.A._1049_2011.pdf": 2.6812576841056353, "ConstP5of2012_dt_20092012.pdf": 2.6812576841056353, "c.m.a._490_2021_20022021.pdf": 2.6812576841056353, "c.m.a._501_k_2023.pdf": 2.6812576841056353, "C.A._79_P_2013.pdf": 8.043773052316906, "crl.p._583_2021.pdf": 2.6812576841056353, "c.p._3367_2018.pdf": 2.6812576841056353, "j.p._190_2017.pdf": 2.6812576841056353, "CJD_Pakistan_Steel_Mills_Case.pdf": 5.3625153682112705, "Const.P.59of2011.pdf": 2.6812576841056353, "C.R.P._247_ 2011.pdf": 5.3625153682112705,