{"nitrous": {"H.R.C._14158_G_2016_dt_12_08_2016.pdf": 14.294331605520437, "c.p._389_2022.pdf": 7.1471658027602185}, "nitrogen": {"H.R.C._14158_G_2016_dt_12_08_2016.pdf": 6.230875070886063, "H.R.C._14158-G_2016_[19082016].pdf": 18.69262521265819, "H.R.C._14158_G_2016_dt_28_07_2016.pdf": 6.230875070886063, "c.p._389_2022.pdf": 6.230875070886063, "H.R.C._14158-G_2016.pdf": 6.230875070886063}, "niti": {"Const.P.5of2013.pdf": 7.840312983320164}, "nital": {"c.p._34_q_2019.pdf": 7.840312983320164}, "nitrophos": {"C.P._1067_2016.pdf": 31.361251933280656}, "nitty": {"c.p._803_2019.pdf": 7.840312983320164}, "nit": {"C.A._157_K_2016.pdf": 7.840312983320164}, "nitrate": {"Crl.A._218_2015.pdf": 7.840312983320164}}