{"nixon": {"Const.P._29_2016.pdf": 6.230875070886063, "Const.P.77to85of2011-ShortOrder-1.pdf": 6.230875070886063, "const.p._17_2019_detailed_reasoning.pdf": 6.230875070886063, "c.a._1476_2018.pdf": 6.230875070886063, "const.p._32_2023_additional_note.pdf": 6.230875070886063}, "nix": {"c.r.p._296_2020_04022022.pdf": 7.1471658027602185, "c.a._1172_2020.pdf": 7.1471658027602185}}