{"nlc": {"C.M.A._1656_2015.pdf": 6.048553514092109, "const.p.20_2013.pdf": 36.291321084552656, "c.p._280_k_2019.pdf": 84.67974919728954, "C.A._1000_2006.pdf": 54.43698162682898, "c.p._1600_2021_dt_25_01_2024.pdf": 42.33987459864477, "HR8340OF2010.pdf": 18.145660542276328}}