{"nlr": {"ConstitutionPetitionNo21OF2007.pdf": 4.582216445298682, "c.a._1729_2019.pdf": 4.582216445298682, "crl.a._528_2019.pdf": 4.582216445298682, "CJD_Reference by_the_President_of_Pakistan_under_Article_186.pdf": 4.582216445298682, "Crl.P.163_to_171_S.M.C.5_2005.pdf": 13.746649335896047, "C.A.540_L_2009_dt_05_01_2017.pdf": 4.582216445298682, "C.A._417-L_2009.pdf": 4.582216445298682, "C.P._3068_2017.pdf": 4.582216445298682, "C.A._1178_2008.pdf": 4.582216445298682, "Crl.A.13-14-15and16of2004and53of2011.pdf": 4.582216445298682, "Crl.A._115_2013.pdf": 4.582216445298682, "crl.a_413-414_2013_18.02.2014.pdf": 4.582216445298682, "crl_r_p.8-l_2013.pdf": 4.582216445298682, "CMA2745of2009etc.pdf": 9.164432890597364, "C.A.39_2010.pdf": 9.164432890597364, "c.a._1653_2021.pdf": 4.582216445298682, "Crl.P._685_2015.pdf": 4.582216445298682, "C.P._3364_2016.pdf": 4.582216445298682, "Crl.A._135_2013.pdf": 13.746649335896047, "C.A._1049_2011.pdf": 4.582216445298682, "c.m.a._1243_2021_04042022.pdf": 4.582216445298682, "H.R.C._10842_P_2018.pdf": 22.911082226493413, "C.A._475-L_2010.pdf": 4.582216445298682, "c.a._317_l_2011.pdf": 4.582216445298682, "const.p._10_2019.pdf": 4.582216445298682, "crl.a.264_2006.pdf": 9.164432890597364}, "nlrb": {"c.p._3532_2023.pdf": 7.840312983320164}}