{"nodero": {"C.M.A.No.3685of2012-dt-17-1-2013.pdf": 14.294331605520437, "HRC7734-G_1003-GOF2009[UrduTranslation].pdf": 78.6188238303624}, "nodml": {"Const.P.NO.62OF2010_orderdt06062011.pdf": 7.840312983320164}, "nodmc": {"Const.P.NO.62OF2010_orderdt06062011.pdf": 7.840312983320164}, "nodervon": {"HRC7734-G_1003-GOF2009[UrduTranslation].pdf": 7.840312983320164}, "nodera": {"HRC7734-G_1003-GOF2009[UrduTranslation].pdf": 7.840312983320164}, "noderwa": {"HRC7734-G_1003-GOF2009[UrduTranslation].pdf": 7.840312983320164}, "nod": {"c.a._1348_2014.pdf": 6.741700694652055, "const.p._2_2022_14102022.pdf": 6.741700694652055, "c.a._45_l_2018.pdf": 6.741700694652055}, "node": {"C.M.A._8215_2016.pdf": 15.680625966640328}}