{"noise": {"Crl.A._190_2016.pdf": 5.132262782217954, "Const.P.77of2012[DetailedOrderFinal].pdf": 10.264525564435909, "S.M.C.24of2010[urdu-version].pdf": 5.132262782217954, "crl.a._95_2019.pdf": 5.132262782217954, "CJD_Reference by_the_President_of_Pakistan_under_Article_186.pdf": 5.132262782217954, "C.M.A._3221_2012.pdf": 5.132262782217954, "crl.a._297_2020.pdf": 5.132262782217954, "crl.p._54_p_2012.pdf": 5.132262782217954, "c.p._1290_l_2019.pdf": 15.396788346653864, "c.p._3347_2021.pdf": 5.132262782217954, "C.A._69_2015.pdf": 5.132262782217954, "SMCNo25of2009.pdf": 25.66131391108977, "c.p._389_2022.pdf": 10.264525564435909, "C.M.A._8215_2016.pdf": 61.587153386615455, "crl.a._363_2021.pdf": 5.132262782217954}, "noida": {"Const.P.77-78-79 [Memogate]DetailedOrder.pdf": 6.741700694652055, "C.A.800Lof2013etc.pdf": 6.741700694652055, "SMC24-2010.pdf": 6.741700694652055}, "noisy": {"SMCNo25of2009.pdf": 14.294331605520437, "S.M.C._7_2017_06022019.pdf": 7.1471658027602185}}