{"nokia": {"j.p._147_2016.pdf": 6.230875070886063, "HRC7734-G_1003-GOF2009[UrduTranslation].pdf": 6.230875070886063, "smc.11_2011.pdf": 6.230875070886063, "HRC7734-G_1003-GOF2009[AllegedCorruptionInRentalPowerPlants].pdf": 6.230875070886063, "SMC.13-2009.pdf": 6.230875070886063}, "noke": {"CMA2745of2009etc.pdf": 7.840312983320164}}