{"np": {"HRC7734-G_1003-GOF2009[UrduTranslation].pdf": 6.741700694652055, "C.P._1067_2016.pdf": 6.741700694652055, "C.A._1264_2006.pdf": 6.741700694652055}}