{"npgcl": {"HRC7734-G_1003-GOF2009[UrduTranslation].pdf": 94.38380972512877, "HRC7734-G_1003-GOF2009[AllegedCorruptionInRentalPowerPlants].pdf": 114.60891180908493, "c.p._1787_l_2022.pdf": 6.741700694652055}}