{"nslamabad": {"C.A._137-K_1976.pdf": 7.840312983320164}, "nsl": {"Const.P._35_2016_dt_15_12_2017.pdf": 1105.484130648143}}