{"nspp": {"smc.24_2010.pdf": 78.6188238303624, "Const.P.22of2013.pdf": 7.1471658027602185}, "nspc": {"C.P._2093_2015.pdf": 7.840312983320164}, "nspcl": {"c.p._280_k_2019.pdf": 7.840312983320164}}