{"nsta": {"ConstP.No.53of2007andConst.P.83of2012.pdf": 47.04187789992098}, "nst": {"ConstP.No.53of2007andConst.P.83of2012.pdf": 7.840312983320164}}