{"nsusc": {"Const.P._38_2016.pdf": 564.6260984180573, "Const.P._38_2016_2.pdf": 21.441497408280654}}