{"nswlrc": {"S.M.C._28_2018.pdf": 7.840312983320164}, "nswlr": {"S.M.C._28_2018.pdf": 6.741700694652055, "C.R.P._49_2016.pdf": 6.741700694652055, "c.p._1057_2019.pdf": 6.741700694652055}, "nswsc": {"ICA3,4,6TO11of2011dt2011.04.pdf": 7.840312983320164}}