{"ntn": {"Const.P._29_2016.pdf": 45.17813035540191, "C.A._1084_2008.pdf": 51.632148977602185, "h.r.c_11827_s_2018.pdf": 6.454018622200273, "c.p._280_k_2019.pdf": 6.454018622200273}}