{"nuanced": {"c.a._1476_2018_urdu.pdf": 5.537727890326118, "j.p._147_2016.pdf": 5.537727890326118, "const.p._21_2022_30102023.pdf": 5.537727890326118, "s.m.c._1_2023_27032023.pdf": 5.537727890326118, "c.a._1113_2017_dissenting_note.pdf": 5.537727890326118, "s.m.c._1_2023_12062023.pdf": 5.537727890326118, "c.a._1113_2017.pdf": 5.537727890326118, "s.m.c._4_2021_26082021.pdf": 5.537727890326118, "s.m.c._1_2023_23022023.pdf": 5.537727890326118, "j.p._462_2016.pdf": 5.537727890326118}, "nuance": {"Crl.P._9-P_2016.pdf": 6.048553514092109, "Const.P.12of2010.pdf": 6.048553514092109, "c.a._982_2018_19022024.pdf": 6.048553514092109, "c.p._479_k_2020.pdf": 12.097107028184219, "c.a._982_2018_19022024_2.pdf": 6.048553514092109, "c.a._491_2012.pdf": 6.048553514092109}, "nuation": {"const.p._39_16122019.pdf": 7.1471658027602185, "const.p._39_2019.pdf": 7.1471658027602185}}