{"nude": {"Crl.P.163_to_171_S.M.C.5_2005.pdf": 42.88299481656131, "crl.r.p._15_2011.pdf": 7.1471658027602185}, "nudity": {"Crl.P.163_to_171_S.M.C.5_2005.pdf": 28.588663211040874, "crl.p._978_2021.pdf": 7.1471658027602185}, "nudge": {"c.a._1476_2018.pdf": 14.294331605520437, "c.p._1007_2022.pdf": 7.1471658027602185}}