{"nugatory": {"CPs.10-18of2011.pdf": 4.582216445298682, "NRO_Judgment.pdf": 4.582216445298682, "Const.P.12of2010.pdf": 4.582216445298682, "C.A._233_2015.pdf": 4.582216445298682, "CP778-779.pdf": 4.582216445298682, "C.P.796of2007-dt-10-5-2013.pdf": 4.582216445298682, "CJD_Reference by_the_President_of_Pakistan_under_Article_186.pdf": 4.582216445298682, "JR_Detailed_Judgment_in_Referendum_Case.pdf": 13.746649335896047, "const.p._2_2022_14102022.pdf": 4.582216445298682, "C.A._300_2017.pdf": 13.746649335896047, "C.A._110_L_2013.pdf": 4.582216445298682, "C.A._125_K_2016_JPMC_Dissenting_Note.pdf": 4.582216445298682, "C.A._911_2015.pdf": 4.582216445298682, "c.p._2314_2022.pdf": 4.582216445298682, "Const.P._35_2016_dt_15_12_2017.pdf": 9.164432890597364, "crl.p._893_2020.pdf": 4.582216445298682, "ca679-lof2012.pdf": 4.582216445298682, "c.a._179_2016.pdf": 4.582216445298682, "C.A._552_2015.pdf": 4.582216445298682, "crl.p._1268_l_2021.pdf": 4.582216445298682, "C.A._150_2006.pdf": 4.582216445298682, "c.m.a._1243_2021_04042022.pdf": 4.582216445298682, "const.p._5_2023_detailed_reasons.pdf": 4.582216445298682, "C.A._682_2008.pdf": 4.582216445298682, "C.A._510_2012.pdf": 4.582216445298682, "JR_Fecto_Belarus_Tractor_Limited_Case.pdf": 4.582216445298682}}