{"nullify": {"c.r.p._292_2021_sacked_employees.pdf": 7.271240727858396, "C.A._886_2014.pdf": 7.271240727858396, "Const.P.127of2012.pdf": 3.635620363929198, "c.p._1193_2020.pdf": 3.635620363929198, "CPs.10-18of2011.pdf": 3.635620363929198, "C.R.P._49_2016.pdf": 3.635620363929198, "NRO_Judgment.pdf": 21.813722183575187, "Const.P.12of2010.pdf": 29.084962911433585, "C.A._2215_2006.pdf": 3.635620363929198, "Const.P._29_2016.pdf": 3.635620363929198, "C.R.P._125_2014.pdf": 3.635620363929198, "Const.P.77of2012[DetailedOrderFinal].pdf": 25.449342547504386, "crl.a._599_2020_26032021.pdf": 7.271240727858396, "c.a.149-150_2010.pdf": 3.635620363929198, "S.M.C.18OF2010.pdf": 3.635620363929198, "s.m.c._1_2022_detailed.pdf": 3.635620363929198, "Crl.A._39_L_2015_Urdu.pdf": 3.635620363929198, "C.P.796of2007-dt-10-5-2013.pdf": 10.906861091787594, "const.p._21_2022_15092023.pdf": 10.906861091787594, "Crl.O.P.89of2011.pdf": 36.356203639291984, "S.M.C._19_2016.pdf": 3.635620363929198, "const.p._24_2023_an_10012024_r.pdf": 3.635620363929198, "Crl.P._113_2016.pdf": 3.635620363929198, "Crl.A._1-K_2018.pdf": 3.635620363929198, "Crl.A._465_2015.pdf": 3.635620363929198, "c.p._3506_2020.pdf": 3.635620363929198, "c.a._1618_2019.pdf": 3.635620363929198, "JR_Detailed_Judgment_in_Referendum_Case.pdf": 3.635620363929198, "c.p._4129_2019.pdf": 3.635620363929198, "const.p._17_2020_dissenting_note_hj11.pdf": 3.635620363929198, "crl.p._955_l_2016.pdf": 3.635620363929198, "C.A._5-Q_2014.pdf": 7.271240727858396, "C.R.P.193of2013.pdf": 3.635620363929198, "c.r.p._292_2021_detailed.pdf": 3.635620363929198, "c.p._479_k_2020.pdf": 3.635620363929198, "const.p._17_2019_detailed_reasoning.pdf": 3.635620363929198, "SMC.13-2009.pdf": 3.635620363929198, "s.m.c._1_2023_27032023.pdf": 3.635620363929198, "c.a._188_2020.pdf": 3.635620363929198, "const.p.20_2013.pdf": 3.635620363929198, "Const.P.91of2011Dt-23-8-2012.pdf": 3.635620363929198, "c.p._287_2019.pdf": 3.635620363929198, "const.p.6_2011_final.pdf": 7.271240727858396, "const.p._24_2023_f.pdf": 3.635620363929198, "C.A._1033_2014.pdf": 14.542481455716793, "s.m.c._1_2023_12062023.pdf": 7.271240727858396, "CMA2745of2009etc.pdf": 3.635620363929198, "C.A._204-L_2015.pdf": 7.271240727858396, "c.a._1113_2017.pdf": 3.635620363929198, "C.A.2234and2235of2005-dt-31-8-2013.pdf": 3.635620363929198, "c.p._448_p_2017.pdf": 3.635620363929198, "C.A._1086_2009.pdf": 3.635620363929198, "c.a._491_2012.pdf": 10.906861091787594, "ConstP.No.53of2007andConst.P.83of2012.pdf": 3.635620363929198, "crl.m.a._1591_2020.pdf": 3.635620363929198, "c.a._1474_2015.pdf": 3.635620363929198, "const.p._6_2023_addl_n.pdf": 3.635620363929198, "C.A.876-879of2005.pdf": 3.635620363929198, "C.P.784of2014.pdf": 3.635620363929198, "c.p._78_q_2016.pdf": 3.635620363929198, "CJD_Section 2-A_Case_as_on_26_06_2006.pdf": 10.906861091787594, "c.a._1547_2019.pdf": 3.635620363929198, "C.M.A._204_2017.pdf": 3.635620363929198, "JR_Fecto_Belarus_Tractor_Limited_Case.pdf": 29.084962911433585, "c.p._2456_l_2022.pdf": 3.635620363929198, "crl.a.264_2006.pdf": 7.271240727858396, "c.p._3718_2023.pdf": 3.635620363929198}, "nullity": {"Crl.A._24_2010.pdf": 3.591817741270805, "Const.P.127of2012.pdf": 17.959088706354024, "ConstitutionPetitionNo21OF2007.pdf": 3.591817741270805, "C.R.P._49_2016.pdf": 10.775453223812415, "crl.a._400_2019.pdf": 3.591817741270805, "NRO_Judgment.pdf": 3.591817741270805, "Const.P.12of2010.pdf": 3.591817741270805, "C.R.P._125_2014.pdf": 3.591817741270805, "Const.P.77of2012[DetailedOrderFinal].pdf": 21.55090644762483, "c.a._782_2014.pdf": 3.591817741270805, "crl.p._849_2019.pdf": 3.591817741270805, "s.m.c._1_2022_detailed.pdf": 3.591817741270805, "Const.P.40of2012-DetailJudgment-dt-3.7.2012.pdf": 7.18363548254161, "C.P.796of2007-dt-10-5-2013.pdf": 3.591817741270805, "C.A._514_2008.pdf": 3.591817741270805, "CJD_Reference by_the_President_of_Pakistan_under_Article_186.pdf": 3.591817741270805, "crp.328-329_2013.pdf": 10.775453223812415, "Crl.O.P.89of2011.pdf": 3.591817741270805, "Const.P_3_2014.pdf": 7.18363548254161, "S.M.C._19_2016.pdf": 3.591817741270805, "C.P._2093_2015.pdf": 3.591817741270805, "i.c.a._1_2024_dn_20032024.pdf": 3.591817741270805, "C.R.P._383_2005.pdf": 7.18363548254161, "smc_16_2011_order_dt_26.02.14.pdf": 3.591817741270805, "c.a._1573_2017.pdf": 3.591817741270805, "crl.m.a._62_p_2018.pdf": 3.591817741270805, "C.A._248-P_2010.pdf": 3.591817741270805, "Crl.A._1-K_2018.pdf": 3.591817741270805, "Const.P.No.77of2012[ShortOrder2.8.2012].pdf": 10.775453223812415, "const.p._21_2022_note_18082023.pdf": 3.591817741270805, "const.p.9_2014_detail_reasons.pdf": 3.591817741270805, "c.m.a.no20&21of2009.pdf": 3.591817741270805, "c.p._903_2023.pdf": 3.591817741270805, "crl.p._235_l_2015.pdf": 3.591817741270805, "C.A._1428_2016.pdf": 10.775453223812415, "C.A._305_2008.pdf": 10.775453223812415, "const.p._21_2022_29082023.pdf": 10.775453223812415, "C.R.P.193of2013.pdf": 3.591817741270805, "CONST.P.9OF2009.pdf": 3.591817741270805, "c.a._377_2014.pdf": 3.591817741270805, "SMC16of2011-dt.5.4.2013.pdf": 3.591817741270805, "c.a._1009_2010.pdf": 3.591817741270805, "c.p._1125_2018.pdf": 3.591817741270805, "c.p._819_2017.pdf": 3.591817741270805, "C.M.A._6250_2018.PDF": 14.36727096508322, "const.p._6_2023_dt_05_01_2023.pdf": 7.18363548254161, "const.p.6_2011_final.pdf": 3.591817741270805, "c.p._1496_k_2021.pdf": 3.591817741270805, "CMA2745of2009etc.pdf": 3.591817741270805, "c.p._1920_2022.pdf": 3.591817741270805, "I.C.A._4_2017.pdf": 7.18363548254161, "C.M.A._376-K_2014.pdf": 7.18363548254161, "c.a._354_2020.pdf": 14.36727096508322, "ConstitutionPetitionNo39of2009.pdf": 3.591817741270805, "c.p._4599_2021.pdf": 3.591817741270805, "c.a._81_k_2022.pdf": 3.591817741270805, "ICA3,4,6TO11of2011dt2011.04.pdf": 3.591817741270805, "c.a._152_l_2010.pdf": 3.591817741270805, "const.p._76_2018.pdf": 3.591817741270805, "C.A._588_2017.pdf": 3.591817741270805, "c.a._1474_2015.pdf": 3.591817741270805, "C.A.876-879of2005.pdf": 3.591817741270805, "c.a._472_2013.pdf": 3.591817741270805, "c.p._1303_2020.pdf": 7.18363548254161, "C.A._539_2003.pdf": 7.18363548254161, "JR_Fecto_Belarus_Tractor_Limited_Case.pdf": 3.591817741270805, "const.p._21_2022_18082023.pdf": 3.591817741270805, "s.m.c._1_2022_note_hj4.pdf": 3.591817741270805, "C.P._3728_2017.pdf": 3.591817741270805, "crl.a.264_2006.pdf": 3.591817741270805}, "nullified": {"C.A._886_2014.pdf": 8.253481833231712, "Const.P.127of2012.pdf": 4.126740916615856, "c.p._303_2019.pdf": 4.126740916615856, "ConstitutionPetitionNo21OF2007.pdf": 4.126740916615856, "C.P.796of2007-UrduTranslation-dt-10-5-2013.pdf": 4.126740916615856, "NRO_Judgment.pdf": 16.506963666463424, "Const.P.40of2012-DetailJudgment[UrduTranslation]-dt-3.7.2012.pdf": 4.126740916615856, "Const.P.12of2010.pdf": 24.760445499695138, "Const.P.12of2010Urdu.pdf": 4.126740916615856, "C.A._2215_2006.pdf": 4.126740916615856, "Const.P.33_2013.pdf": 4.126740916615856, "Const.P._29_2016.pdf": 4.126740916615856, "C.R.P._125_2014.pdf": 4.126740916615856, "Const.P.77of2012[DetailedOrderFinal].pdf": 8.253481833231712, "crl.a._599_2020_26032021.pdf": 4.126740916615856, "C.P.796of2007-dt-10-5-2013.pdf": 8.253481833231712, "Crl.O.P.89of2011.pdf": 8.253481833231712, "C.A._1600_2006.pdf": 4.126740916615856, "C.A._1079_2011.pdf": 4.126740916615856, "c.p._381_k_2019.pdf": 4.126740916615856, "JR_Detailed_Judgment_in_Graduation_Qualification_Case.pdf": 4.126740916615856, "Const.P.No.77of2012[ShortOrder2.8.2012].pdf": 4.126740916615856, "C.A._633_2007.pdf": 4.126740916615856, "C.A._2564_2001.pdf": 4.126740916615856, "C.R.P.193of2013.pdf": 4.126740916615856, "c.a._1002_2015.pdf": 4.126740916615856, "Const.P._2_2011.pdf": 4.126740916615856, "c.p._2021_l_2015.pdf": 4.126740916615856, "Crl.O.P_36_2017.pdf": 4.126740916615856, "C.P._842_2016.pdf": 4.126740916615856, "const.p._24_2023_f.pdf": 4.126740916615856, "C.A._1033_2014.pdf": 4.126740916615856, "CMA2745of2009etc.pdf": 4.126740916615856, "c.a._1089_2015.pdf": 4.126740916615856,