{"nusrat": {"Const.P.127of2012.pdf": 11.970496144830317, "ConstitutionPetitionNo21OF2007.pdf": 11.970496144830317, "JR_Judgment_on_Legal_Framework_Order_2002.pdf": 3.9901653816101055, "C.R.P._49_2016.pdf": 7.980330763220211, "Const.P_6of2011.pdf": 3.9901653816101055, "Crl.O.P_57_2015.pdf": 7.980330763220211, "Const.P.12of2010.pdf": 23.940992289660635, "Const.P._29_2016.pdf": 11.970496144830317, "smc.18_2010_final.pdf": 7.980330763220211, "H.R.C.19of1996[AsgharKhanCase]DetailedReasonsUrduTranslation.pdf": 7.980330763220211, "SMC16of2011_detailed_judgment.pdf": 11.970496144830317, "H.R.C.19of1996[AsgharKhanCase]DetailedReasons.pdf": 7.980330763220211, "JR_Judgment_on_17th_Amendmend_and_Presidents_Uniform_Case.pdf": 23.940992289660635, "s.m.c.12_2015.pdf": 27.93115767127074, "crl.a._03_p_2017.pdf": 7.980330763220211, "i.c.a._1_2024_dn_20032024.pdf": 3.9901653816101055, "Const.P.77of2010_dt_27-8-2013.pdf": 3.9901653816101055, "crl.p._1267_2022.pdf": 3.9901653816101055, "crl.p._299_2020_01042020.pdf": 3.9901653816101055, "c.p._510_2019.pdf": 3.9901653816101055, "JR_Detailed_Judgment_in_Referendum_Case.pdf": 51.872149960931374, "crl.p._299_2020_07042020.pdf": 3.9901653816101055, "c.a._1295_2019.pdf": 3.9901653816101055, "JR_Constitution_Petition_No._15_17-24_and_512_of_2002.pdf": 3.9901653816101055, "C.A._2564_2001.pdf": 7.980330763220211, "c.p._3203_2017.pdf": 3.9901653816101055, "c.a._801_2021.pdf": 3.9901653816101055, "Crl.M.A._200_2019.pdf": 3.9901653816101055, "c.p._1862_l_2021.pdf": 19.950826908050526, "c.p._2314_2022_dn.pdf": 7.980330763220211, "const.p._24_2023_26062023.pdf": 3.9901653816101055, "c.p._2_2022_dissenting_note.pdf": 3.9901653816101055, "smc.16of2011.pdf": 3.9901653816101055, "const.p._32_2023_additional_note.pdf": 7.980330763220211, "I.C.A._4_2017.pdf": 3.9901653816101055, "s.m.c._1_2023_07042023.pdf": 3.9901653816101055, "ICA3,4,6TO11of2011dt2011.04.pdf": 11.970496144830317, "C.A._1086_2009.pdf": 3.9901653816101055, "Crl.O.P.6of2012.pdf": 3.9901653816101055, "crl.p._806_2022.pdf": 3.9901653816101055, "c.p._4889_2018.pdf": 3.9901653816101055, "c.p._2717_l_2015.pdf": 3.9901653816101055, "C.A._446_2012.pdf": 3.9901653816101055, "C.A.876-879of2005.pdf": 3.9901653816101055, "c.a._359_2020.pdf": 3.9901653816101055, "CJD_Section 2-A_Case_as_on_26_06_2006.pdf": 3.9901653816101055, "C.P._3195-L_2016.pdf": 3.9901653816101055}, "nushki": {"Urdu-Const.P-77-2010-12.10.2012.pdf": 7.840312983320164}, "nusserwanjee": {"c.a._2434_2016.pdf": 7.1471658027602185, "c.a._13_q_2020.pdf": 7.1471658027602185}, "nussrat": {"Const.P.77of2010_dt_27-8-2013.pdf": 7.840312983320164}, "nusra": {"JR_Detailed_Judgment_in_Referendum_Case.pdf": 15.680625966640328}, "nust": {"C.A._654_2010.pdf": 35.735829013801094, "S.M.C._3_2018.pdf": 42.88299481656131}}