{"nw": {"Const.P.127of2012.pdf": 6.741700694652055, "Crl.A._254_2014.pdf": 6.741700694652055, "S.M.C._03_2017.pdf": 13.48340138930411}}