{"nwfp": {"Const.P._56_2003_E_dt_3-9-15.pdf": 3.13078278200783, "C.A._1171_2013.pdf": 6.26156556401566, "ConstitutionPetitionNo21OF2007.pdf": 3.13078278200783, "C.A._503_2006.pdf": 12.52313112803132, "C.R.P._49_2016.pdf": 3.13078278200783, "Const.P_6of2011.pdf": 18.78469669204698, "c.a._1729_2019.pdf": 3.13078278200783, "NRO_Judgment.pdf": 15.653913910039151, "c.a._53_2015.pdf": 15.653913910039151, "Const.P.12of2010.pdf": 15.653913910039151, "C.A._2215_2006.pdf": 6.26156556401566, "Const.P._29_2016.pdf": 3.13078278200783, "c.p._2824_2019.pdf": 6.26156556401566, "Ref.01_2012_addl.note_HJ.ejaz_afzal_khan.pdf": 6.26156556401566, "CP778-779.pdf": 3.13078278200783, "H.R.C.19of1996[AsgharKhanCase]DetailedReasons.pdf": 12.52313112803132, "Const.P.77-78-79 [Memogate]DetailedOrder.pdf": 3.13078278200783, "JR_Judgment_on_17th_Amendmend_and_Presidents_Uniform_Case.pdf": 6.26156556401566, "C.P._45_2015.pdf": 9.39234834602349, "CJD_Reference by_the_President_of_Pakistan_under_Article_186.pdf": 147.146790754368, "crp.328-329_2013.pdf": 6.26156556401566, "Crl.O.P.89of2011.pdf": 6.26156556401566, "c.a._1474_2021.pdf": 3.13078278200783, "C.P._3460_2015.pdf": 3.13078278200783, "C.A._521_2015.pdf": 6.26156556401566, "c.p._167_p_2022.pdf": 9.39234834602349, "c.a._731_2016.pdf": 21.91547947405481, "c.a._515_2015.pdf": 3.13078278200783, "c.a._1518_2013.pdf": 3.13078278200783, "c.a._228_2020.pdf": 3.13078278200783, "C.A._493_2011.pdf": 6.26156556401566, "c.a._1444_2013.pdf": 3.13078278200783, "JR_Detailed_Judgment_in_Graduation_Qualification_Case.pdf": 18.78469669204698, "c.a._1414_2021.pdf": 15.653913910039151, "c.a._2150_2019.pdf": 3.13078278200783, "JR_Detailed_Judgment_in_Referendum_Case.pdf": 12.52313112803132, "c.a._538_2022.pdf": 3.13078278200783, "C.A._1208_2011.pdf": 21.91547947405481, "c.a._201_2020.pdf": 6.26156556401566, "c.a._837_2015.pdf": 6.26156556401566, "c.a._249_2020.pdf": 3.13078278200783, "crl.p_77_p_2020.pdf": 6.26156556401566, "c.p._2379_2016.pdf": 3.13078278200783, "c.p._4424_2021.pdf": 3.13078278200783, "c.r.p._758_2019.pdf": 3.13078278200783, "C.A._1428_2016.pdf": 3.13078278200783, "C.A._548_2009.pdf": 3.13078278200783, "C.A._1515_2016.pdf": 6.26156556401566, "C.A._1184_2011.pdf": 3.13078278200783, "C.A._1122_2013.pdf": 3.13078278200783, "C.A._1213_2015.pdf": 3.13078278200783, "Const.Petition.24_2011_dt02062011.pdf": 21.91547947405481, "C.A._1890_2002.pdf": 6.26156556401566, "C.P._145_2015.pdf": 9.39234834602349, "J.P.No.56of2005.pdf": 9.39234834602349, "C.A.800Lof2013etc.pdf": 3.13078278200783, "c.a._140_l_2015.pdf": 3.13078278200783, "c.a._513_2014.pdf": 3.13078278200783, "c.a._1476_2018.pdf": 6.26156556401566, "c.a._174_2012.pdf": 43.83095894810962, "crl.p._560_l_2021.pdf": 3.13078278200783, "C.A._767_2014.pdf": 9.39234834602349, "C.P._29_2017.pdf": 21.91547947405481, "C.A._1216_2015.pdf": 6.26156556401566, "crl_r_p.8-l_2013.pdf": 3.13078278200783, "c.p._1496_k_2021.pdf": 3.13078278200783, "Const.P.50-69of2011.pdf": 3.13078278200783, "C.P._1707_2018.pdf": 3.13078278200783, "CMA2745of2009etc.pdf": 6.26156556401566, "C.A._535_2015.pdf": 3.13078278200783, "c.p._2594_2020.pdf": 3.13078278200783, "c.p._4963_2018.pdf": 3.13078278200783, "Const.P.22of2013.pdf": 3.13078278200783, "Crl.P.No.426of2009&Crl.A.No.pdf": 3.13078278200783, "ConstitutionPetitionNo39of2009.pdf": 3.13078278200783, "c.a._2186_2017.pdf": 3.13078278200783, "c.a._1089_2015.pdf": 28.17704503807047, "c.a._2619_2016.pdf": 9.39234834602349, "c.a._268_2020.pdf": 3.13078278200783, "JR_The_State_through_NAB_VS_Haji_Nasim-ur-Rehman.pdf": 3.13078278200783, "c.a._364_p_2019.pdf": 9.39234834602349, "C.P._529_2015.pdf": 3.13078278200783, "c.p._1554_l_2020.pdf": 3.13078278200783, "C.A._605_2015.pdf": 6.26156556401566, "c.a._661_2018.pdf": 3.13078278200783, "c.a._957_2014.pdf": 3.13078278200783, "C.A._134-P_2013.pdf": 84.53113511421141, "C.P._423_K_2015.pdf": 3.13078278200783, "c.a._735_2016.pdf": 3.13078278200783, "Crl.O.P.6of2012.pdf": 3.13078278200783, "ConstP.No.53of2007andConst.P.83of2012.pdf": 18.78469669204698, "C.P._423-K_2015.pdf": 3.13078278200783, "C.A._1023_2016.pdf": 12.52313112803132, "C.A._700_2017.pdf": 3.13078278200783, "C.A._545_K_2010.pdf": 3.13078278200783, "C.A._1049_2011.pdf": 3.13078278200783, "c.a._359_2020.pdf": 3.13078278200783, "CJD_Section 2-A_Case_as_on_26_06_2006.pdf": 3.13078278200783, "smc.9_2011.pdf": 3.13078278200783, "c.p._84_p_2020.pdf": 3.13078278200783, "C.P._2167_2014.pdf": 18.78469669204698, "c.a._2056_2019.pdf": 6.26156556401566, "HR8340OF2010.pdf": 9.39234834602349, "c.p._1948_l_2021.pdf": 3.13078278200783, "C.A._510_2012.pdf": 3.13078278200783, "C.A._1475_2007.PDF": 3.13078278200783, "C.A._622 _2008.pdf": 3.13078278200783, "c.p._6_l_2023.pdf": 3.13078278200783, "c.a._894_2015.pdf": 9.39234834602349, "C.A.1122of2011.pdf": 3.13078278200783, "crl.a.264_2006.pdf": 3.13078278200783}}