{"nylon": {"crl.a._241_2020.pdf": 6.741700694652055, "Crl.A._178-L_2009.pdf": 13.48340138930411, "C.A._1050_2009.pdf": 6.741700694652055}}