{"nzlr": {"const.p._32_2023_additional_note.pdf": 21.441497408280654, "C.P._661_K_2015.pdf": 7.1471658027602185}}