{"oak": {"Crl.O.P_57_2015.pdf": 7.1471658027602185, "C.P.796of2007.pdf": 14.294331605520437}, "oake": {"Const.P.12of2010.pdf": 6.454018622200273, "c.p._2243_l_2019.pdf": 6.454018622200273, "c.p._3506_2020.pdf": 6.454018622200273, "S.M.C._8_2018.pdf": 6.454018622200273}, "oakley": {"CP778-779.pdf": 7.1471658027602185, "c.p.1795_2022.pdf": 7.1471658027602185}, "oakseyquote": {"Const.P.5of2013.pdf": 7.840312983320164}, "oakdale": {"const.p._17_2019_19062020.pdf": 6.230875070886063, "c.r.p._296_2020_29012022.pdf": 6.230875070886063, "c.r.p._296_2020_04022022.pdf": 24.923500283544254, "const.p._17_2019_detailed_reasoning.pdf": 31.154375354430318, "const.p._17_2020_dissenting_note_hj4.pdf": 12.461750141772127}, "oakland": {"Const.P.91of2011Dt-23-8-2012.pdf": 7.840312983320164}}