{"obiter": {"C.R.P._49_2016.pdf": 14.387371636790224, "Const.P.12of2010.pdf": 33.570533819177186, "Ref.01_2012_addl.note_HJ.ejaz_afzal_khan.pdf": 19.183162182386965, "Const.P.40of2012-DetailJudgment-dt-3.7.2012.pdf": 19.183162182386965, "C.A._417-L_2009.pdf": 4.795790545596741, "c.a._17_l_2019.pdf": 4.795790545596741, "C.A._1560_2008.pdf": 14.387371636790224, "Crl.A.140of2005.pdf": 4.795790545596741, "const.p._21_2023_11082023.pdf": 9.591581091193483, "j.p._499_2015.pdf": 9.591581091193483, "cas_727-730_777_778_2014_etc.pdf": 4.795790545596741, "c.p._2021_2019.pdf": 9.591581091193483, "c.a._1476_2018.pdf": 4.795790545596741, "c.a._171_2019.pdf": 4.795790545596741, "const.p._24_2023_f.pdf": 9.591581091193483, "crl.a._120_2019.pdf": 4.795790545596741, "CMA2745of2009etc.pdf": 9.591581091193483, "c.p._2314_2022.pdf": 9.591581091193483, "c.a._735_2016.pdf": 4.795790545596741, "Const.P.73of2011.pdf": 4.795790545596741, "c.a._326_l_2020.pdf": 14.387371636790224}}