{"obnoxious": {"Crl.A._24_2010.pdf": 5.760871441640328, "NRO_Judgment.pdf": 5.760871441640328, "CP778-779.pdf": 5.760871441640328, "CJD_Reference by_the_President_of_Pakistan_under_Article_186.pdf": 5.760871441640328, "Const.P._24_2012.pdf": 5.760871441640328, "crl.a._270_l_2012.pdf": 5.760871441640328, "C.P._733_2018.pdf": 5.760871441640328, "H.R.C._14158_G_2016_dt_28_07_2016.pdf": 5.760871441640328}}