{"obuchi": {"Const.P._29_2016.pdf": 15.680625966640328}, "obuoforibo": {"c.p._560_k_2019.pdf": 7.840312983320164}}