{"ocular": {"Crl.A._39_L_2015.pdf": 2.988282719400547, "j.p._405_2021.pdf": 17.92969631640328, "crl.a._599_2020_26032021.pdf": 2.988282719400547, "crl.a._528_2019.pdf": 44.82424079100821, "Crl.P.163_to_171_S.M.C.5_2005.pdf": 11.953130877602188, "Crl.A._301_L_2017.pdf": 2.988282719400547, "Crl.A._80_L_2017.pdf": 5.976565438801094, "j.p._14_2016.pdf": 2.988282719400547, "Crl.A._160_L_2017.pdf": 2.988282719400547, "crl.a._40_2020.pdf": 2.988282719400547, "crl.p._21_p_2020.pdf": 5.976565438801094, "j.p._335_2017.pdf": 5.976565438801094, "crl.a._297_2020.pdf": 11.953130877602188, "Crl.A._91_L_2017.pdf": 2.988282719400547, "crl.p._290_l_2015.pdf": 20.91797903580383, "crl.p._17_l_2018.pdf": 2.988282719400547, "crl.p._591_2020.pdf": 2.988282719400547, "crl.a._20_2018.pdf": 5.976565438801094, "j.p._488_2015.pdf": 2.988282719400547, "crl.p._1001_l_2017.pdf": 5.976565438801094, "j.p._865_2017.pdf": 50.8008062298093, "Crl.A._235_2010.pdf": 2.988282719400547, "crl.p._499_2019.pdf": 14.941413597002736, "j.p._40_2017.pdf": 5.976565438801094, "j.p._385_2017.pdf": 2.988282719400547, "crl.a._181_2012.pdf": 5.976565438801094, "crl.p._528_l_2023.pdf": 2.988282719400547, "j.p._206_2019.pdf": 2.988282719400547, "crl.p._1710_l_2017.pdf": 8.96484815820164, "j.p._557_2016.pdf": 29.882827194005472, "Crl.A._210_2015.pdf": 5.976565438801094, "Crl.A._402_2013.pdf": 11.953130877602188, "j.p._960_2017.pdf": 5.976565438801094, "j.p._34_2020.pdf": 14.941413597002736, "crl.p._93_p_2015.pdf": 2.988282719400547, "j.p._496_2019.pdf": 8.96484815820164, "crl.p._1802_l_2017.pdf": 8.96484815820164, "j.p._324_2015.pdf": 5.976565438801094, "Crl.A.13-14-15and16of2004and53of2011.pdf": 8.96484815820164, "j.p._382_2017.pdf": 8.96484815820164, "crl.p._763_l_2016.pdf": 5.976565438801094, "Crl.M.A._200_2019.pdf": 14.941413597002736, "j.p._255_2018.pdf": 32.871109913406016, "j.p._345_2017.pdf": 2.988282719400547, "j.p._154_2016.pdf": 29.882827194005472, "j.p._943_2017.pdf": 2.988282719400547, "Crl.A._75_L_2017.pdf": 2.988282719400547, "crl.a._110_2020.pdf": 8.96484815820164, "j.p._296_2016.pdf": 5.976565438801094, "crl.p._335_2020.pdf": 2.988282719400547, "Crl.A._436_2017.pdf": 5.976565438801094, "Crl.A._103_2010.pdf": 8.96484815820164, "crl.a._291_2020.pdf": 2.988282719400547, "crl.a._398_2020.pdf": 20.91797903580383, "c.p._1125_2018.pdf": 2.988282719400547, "J.P.No.56of2005.pdf": 2.988282719400547, "crl.p._879_2021.pdf": 2.988282719400547, "crl.p._457_l_2016.pdf": 8.96484815820164, "crl.p._534_2019.pdf": 2.988282719400547, "crl.p._50_q_2017.pdf": 2.988282719400547, "crl.p._1298_2017.pdf": 5.976565438801094, "Crl.A._76_L_2017.pdf": 2.988282719400547, "Crl.A._9_L_2016.pdf": 2.988282719400547, "crl.a_413-414_2013_18.02.2014.pdf": 2.988282719400547, "Crl.A._466_2017.pdf": 11.953130877602188, "crl.a._85_2020.pdf": 2.988282719400547, "crl_r_p.8-l_2013.pdf": 5.976565438801094, "crl.sh.a._12_2017.pdf": 5.976565438801094, "j.p._450_2015.pdf": 2.988282719400547, "crl.a._560_2020.pdf": 11.953130877602188, "crl.p._42_p_2018.pdf": 2.988282719400547, "crl.a._296_l_2020.pdf": 2.988282719400547, "j.p._883_2017.pdf": 26.894544474604924, "crl.a._585_2020.pdf": 2.988282719400547, "j.p._148_2022.pdf": 20.91797903580383, "crl.a._190_2020.pdf": 14.941413597002736, "j.p._553_2017.pdf": 20.91797903580383, "Crl.P._634_2015.pdf": 2.988282719400547, "crl.p_1124_l_2015.pdf": 11.953130877602188, "j.p._302_2017.pdf": 8.96484815820164, "j.p._417_2019.pdf": 2.988282719400547, "crl.p._75_q_2021.pdf": 5.976565438801094, "crl.p._1149_l_2017.pdf": 5.976565438801094, "crl.p._475_2022.pdf": 11.953130877602188, "j.p._112_2017.pdf": 8.96484815820164, "crl.p._90_p_2016.pdf": 2.988282719400547, "crl.p._406_2017.pdf": 2.988282719400547, "crl.p._801_2021.pdf": 5.976565438801094, "crl.p._112_p_2014.pdf": 2.988282719400547, "crl.p._53_q_2020.pdf": 14.941413597002736, "crl.a._75_l_2021.pdf": 14.941413597002736, "j.p._430_2015.pdf": 2.988282719400547, "crl.a._293_2020.pdf": 5.976565438801094, "crl.p._9_q_2021.pdf": 2.988282719400547, "c.p._940_k_2022.pdf": 2.988282719400547, "j.p._355_2018.pdf": 11.953130877602188, "Crl.A._7_P_2013.pdf": 2.988282719400547, "Crl.P._140_P_2014.pdf": 2.988282719400547, "j.p._263_2018.pdf": 2.988282719400547, "j.p._300_2022.pdf": 5.976565438801094, "crl.p._1001_2016.pdf": 2.988282719400547, "crl.a._154_l_2013.pdf": 5.976565438801094, "crl.a._446_2020.pdf": 23.906261755204376, "crl.m.a._130_k_2019.pdf": 5.976565438801094, "crl.p._30_p_2014.pdf": 2.988282719400547, "crl.p._742_l_2019.pdf": 11.953130877602188, "j.p._794_2017.pdf": 11.953130877602188, "crl.a._66_l_2020.pdf": 8.96484815820164, "crl.p._83_p_2015.pdf": 2.988282719400547, "crl.p._963_l_2016.pdf": 5.976565438801094, "crl.p._52_k_2023.pdf": 11.953130877602188, "crl.p._566_2021.pdf": 5.976565438801094, "j.p._190_2017.pdf": 17.92969631640328, "c.p._3122_2020.pdf": 2.988282719400547, "crl.a._82_2022.pdf": 35.85939263280656, "crl.p._476_l_2018.pdf": 17.92969631640328, "C.M.A._8215_2016.pdf": 2.988282719400547, "crl.a._363_2021.pdf": 14.941413597002736, "j.p._282_2017.pdf": 5.976565438801094, "crl.a._92_l_2017.pdf": 2.988282719400547, "crl.p._851_l_2016.pdf": 5.976565438801094, "crl.p._950_2021.pdf": 5.976565438801094, "j.p._462_2016.pdf": 2.988282719400547, "crl.a._145_l_2017.pdf": 2.988282719400547, "crl.p._46_p_2015.pdf": 5.976565438801094, "Crl.A._201_2018.pdf": 2.988282719400547, "clr.a._250_2020.pdf": 2.988282719400547, "crl.a._122_l_2012.pdf": 5.976565438801094}}