{"od": {"c.a._1009_2010.pdf": 7.1471658027602185, "C.A._1049_2011.pdf": 7.1471658027602185}}