{"oecd": {"Const.P.105-2012-eng-urd.PDF": 33.22636734195671, "NRO_Judgment.pdf": 5.537727890326118, "c.a._1011_2020.pdf": 5.537727890326118, "c.p._3286_2017.pdf": 22.150911561304472, "c.p._560_k_2019.pdf": 55.37727890326118, "C.P._1707_2018.pdf": 5.537727890326118, "ConstitutionPetitionNo39of2009.pdf": 5.537727890326118, "c.a._94_2008.pdf": 238.1222992840231, "c.p._2270_2019.pdf": 5.537727890326118, "c.r.p._432_k_2022.pdf": 11.075455780652236}}