{"oficer": {"C.R.P._125_2014.pdf": 6.741700694652055, "Crl.O.P.89of2011.pdf": 6.741700694652055, "C.R.P.193of2013.pdf": 6.741700694652055}}