{"og": {"C.A._1189_2014.pdf": 7.1471658027602185, "S.M.C._3_2018.pdf": 7.1471658027602185}}