{"ogra": {"Const.P.127of2012.pdf": 21.146975353379702, "const.p.42of2011(UrduVersion).pdf": 114.19366690825038, "C.R.P._49_2016.pdf": 4.22939507067594, "c.p._620_2021.pdf": 33.83516056540752, "cng_prices_order_21-12-12-alongwith_translation.pdf": 308.74584015934363, "const.p.42of2011.pdf": 283.36946973528796, "Const.P._29_2016.pdf": 8.45879014135188, "Const.P.40of2012-AdditionalNoteofJusticeJawwadSKhawaja.pdf": 4.22939507067594, "Const.P.30of2013.pdf": 4.22939507067594, "smc.24_2010.pdf": 21.146975353379702, "Const.P.40of2012-DetailJudgment-dt-3.7.2012.pdf": 4.22939507067594, "Const.P.33and34of2005.pdf": 135.34064226163008, "Const.P.77-78-79 [Memogate]DetailedOrder.pdf": 4.22939507067594, "const.p._21_2022_15092023.pdf": 4.22939507067594, "C.M.A.3325_of_2012_dt_31-1-2013_ENG_URDU.pdf.pdf": 33.83516056540752, "C.A._992_2013.pdf": 80.35850634284286, "C.M.A.3325_of_2012_dt_11-2-2013.pdf": 16.91758028270376, "C.M.A._3325_2012_OrderDated_21-8-15.pdf": 16.91758028270376, "c.p._3598_2020.pdf": 12.68818521202782, "c.r.p._292_2021_detailed.pdf": 4.22939507067594, "Const.P.No.33and34of2005-dt-27-6-2013.pdf": 76.12911127216692, "const.p.5_2011.pdf": 4.22939507067594, "C.A.800Lof2013etc.pdf": 4.22939507067594, "c.p._2032_2019.pdf": 33.83516056540752, "c.p._205_l_2017.pdf": 8.45879014135188, "const.p.6_2011_final.pdf": 4.22939507067594, "hrc.14392of2013-01.07.2013.pdf": 4.22939507067594, "c.a._1113_2017.pdf": 50.75274084811128, "c.p._797_2021.pdf": 148.0288274736579, "hrc_20107-G_2013.pdf": 169.17580282703761, "H.R.C._17599_2018.pdf": 4.22939507067594, "c.a._1125_2020.pdf": 4.22939507067594, "hrc.14392_2013.pdf": 8.45879014135188, "c.a._1547_2019.pdf": 4.22939507067594, "C.R.P._309_2013.pdf": 8.45879014135188, "Const.P.59of2011.pdf": 12.68818521202782, "crl.a.264_2006.pdf": 33.83516056540752}}