{"oh": {"C.P.796of2007-UrduTranslation-dt-10-5-2013.pdf": 5.760871441640328, "Crl.A._609_2014.pdf": 5.760871441640328, "Const.P.87of2011[UrduVersion].pdf": 17.282614324920985, "smc.18_2010_final.pdf": 17.282614324920985, "Crl.A._275_2011.pdf": 5.760871441640328, "smc_1_2014.pdf": 5.760871441640328, "C.P.796of2007-dt-10-5-2013.pdf": 5.760871441640328, "Crl.M.A_693_2018.pdf": 5.760871441640328}}