{"ohchr": {"Const.P._50_2018.pdf": 33.70850347326027, "const.p._24_2023_an_10012024_r.pdf": 6.741700694652055, "const.p._24_2023_f.pdf": 6.741700694652055}}