{"oic": {"s.m.c._1_2022_detailed.pdf": 6.741700694652055, "const.p._39_16122019.pdf": 6.741700694652055, "const.p._39_2019.pdf": 6.741700694652055}}