{"oireachta": {"H.R.C.19of1996[AsgharKhanCase]DetailedReasons.pdf": 7.840312983320164}, "oir": {"c.p._398_l_2018.pdf": 278.7394663076485, "c.p._648_l_2021_detailed.pdf": 128.64898444968392}}