{"ok": {"Const.P.77to85of2011-ShortOrder-1.pdf": 6.454018622200273, "const.p.115_2011.pdf": 6.454018622200273, "ICA3,4,6TO11of2011dt2011.04.pdf": 6.454018622200273, "c.p._1165_2021.pdf": 6.454018622200273}}