{"okara": {"HRC19526of2013.pdf": 4.28496492183075, "Const.P._134_2012.pdf": 4.28496492183075, "Const.P_6of2011.pdf": 21.42482460915375, "crl.p._907_2020.pdf": 4.28496492183075, "c.p._2243_l_2019.pdf": 4.28496492183075, "crl.p._299_2020_07042020.pdf": 4.28496492183075, "Crl.M.A_183_2019.pdf": 4.28496492183075, "Crl.A._107_L_2017.pdf": 4.28496492183075, "c.a._342_2014.pdf": 4.28496492183075, "c.p._398_l_2018.pdf": 4.28496492183075, "c.p._275_2016.pdf": 4.28496492183075, "Crl.A._149_L_2017.pdf": 4.28496492183075, "c.p._2231_2020.pdf": 4.28496492183075, "crl.p._1212_l_2022.pdf": 8.5699298436615, "const.p.37_2012_final.pdf": 12.85489476549225, "c.a._414_2021.pdf": 8.5699298436615, "C.A._1086_2014.pdf": 4.28496492183075, "c.p_.4178_2019.pdf": 8.5699298436615, "c.p._3958_2019.pdf": 8.5699298436615, "c.p._2222_2019.pdf": 4.28496492183075, "crl_r_p.8-l_2013.pdf": 8.5699298436615, "C.A._1242_2013.pdf": 12.85489476549225, "Crl.A._106_L_2017.pdf": 4.28496492183075, "crl.a._319_l_2017.pdf": 4.28496492183075, "c.p._349_l_2017.pdf": 4.28496492183075, "c.p._8_l_2023_r.pdf": 4.28496492183075, "crl.p._507_l_2021.pdf": 8.5699298436615, "Const.P._134_2012_21012019.pdf": 4.28496492183075, "Crl.A._135_2013.pdf": 4.28496492183075, "c.p._4178_2019.pdf": 8.5699298436615, "H.R.C._10842_P_2018.pdf": 4.28496492183075, "CMA3258of2013inCP65of09DetailOrder.pdf": 4.28496492183075, "C.A._622 _2008.pdf": 4.28496492183075, "crl.a._92_l_2017.pdf": 8.5699298436615, "c.a._10_q_2021.pdf": 4.28496492183075}, "okay": {"Crl.O.P_57_2015.pdf": 6.741700694652055, "c.m.a._490_2021.pdf": 6.741700694652055, "c.m.a._490_2021_20022021.pdf": 6.741700694652055}, "okarvi": {"cp_25-q__399_2014.pdf": 7.840312983320164}}