{"okl": {"NRO_Judgment.pdf": 7.840312983320164}, "oklahoma": {"const.p.42of2011.pdf": 7.1471658027602185, "ICA3,4,6TO11of2011dt2011.04.pdf": 7.1471658027602185}, "okla": {"JR_Varan_Case.pdf": 7.1471658027602185, "ICA3,4,6TO11of2011dt2011.04.pdf": 7.1471658027602185}}