{"old": {"Const.P._56_2003_E_dt_3-9-15.pdf": 2.3228600868554565, "Const.P.127of2012.pdf": 18.582880694843652, "c.p._1193_2020.pdf": 2.3228600868554565, "ConstitutionPetitionNo21OF2007.pdf": 9.291440347421826, "CPs.10-18of2011.pdf": 6.96858026056637, "Order-DNC-nd-note.pdf": 2.3228600868554565, "Crl.P._927_2016.pdf": 2.3228600868554565, "ICA-1-2012-Dt10.02.2012[UrduVersion].pdf": 2.3228600868554565, "crl.a._251_2020.pdf": 6.96858026056637, "C.R.P._49_2016.pdf": 2.3228600868554565, "Const.P.31of2011etc.pdf": 6.96858026056637, "Const.P_6of2011.pdf": 9.291440347421826, "Const.P._38_2016.pdf": 6.96858026056637, "c.p._3637_2019.pdf": 2.3228600868554565, "SMC15OF2009.pdf": 2.3228600868554565, "C.A._1129_2013.pdf": 2.3228600868554565, "Crl.A._39_L_2015.pdf": 9.291440347421826, "Crl.O.P_57_2015.pdf": 6.96858026056637, "NRO_Judgment.pdf": 6.96858026056637, "c.a._53_2015.pdf": 2.3228600868554565, "c.p._2537_2020.pdf": 53.4257819976755, "Const.P._50_2018.pdf": 2.3228600868554565, "Const.P.12of2010.pdf": 78.97724295308552, "Const.P.87of2011[UrduVersion].pdf": 4.645720173710913, "cma_2774_2014_in_const.p.51_2010_dt_22.05.14.pdf": 2.3228600868554565, "Const.P.12of2010Urdu.pdf": 4.645720173710913, "Const.P._29_2016.pdf": 32.52004121597639, "crl.p._407_2022.pdf": 2.3228600868554565, "C.R.P._125_2014.pdf": 2.3228600868554565, "Const.P.77of2012[DetailedOrderFinal].pdf": 4.645720173710913, "Const.P._36_2016_dt_15_12_2017.pdf": 11.614300434277283, "crl.p._883_l_2022_urdu.pdf": 2.3228600868554565, "c.a.149-150_2010.pdf": 4.645720173710913, "Ref.01_2012_addl.note_HJ.ejaz_afzal_khan.pdf": 13.93716052113274, "Const.P.NO.62OF2010_orderdt06062011.pdf": 4.645720173710913, "H.R.C.19of1996[AsgharKhanCase]DetailedReasonsUrduTranslation.pdf": 4.645720173710913, "c.p._1665_2020.pdf": 6.96858026056637, "j.p._147_2016.pdf": 4.645720173710913, "SMC16of2011_detailed_judgment.pdf": 2.3228600868554565, "crl.a._95_2019.pdf": 6.96858026056637, "REVIEW_P_46&47_2011_full.pdf": 4.645720173710913, "HRC7734-G_1003-GOF2009[UrduTranslation].pdf": 13.93716052113274, "H.R.C.19of1996[AsgharKhanCase]DetailedReasons.pdf": 4.645720173710913, "smc_1_2014.pdf": 11.614300434277283, "Crl.A._39_L_2015_Urdu.pdf": 6.96858026056637, "C.P.796of2007-dt-10-5-2013.pdf": 4.645720173710913, "c.p._154_2019.pdf": 2.3228600868554565, "JR_Judgment_on_17th_Amendmend_and_Presidents_Uniform_Case.pdf": 4.645720173710913, "C.P._45_2015.pdf": 2.3228600868554565, "ca.1038_2000.pdf": 2.3228600868554565, "CJD_Reference by_the_President_of_Pakistan_under_Article_186.pdf": 2.3228600868554565, "Const.P.56_2003_U_dt_8-9-2015.pdf": 2.3228600868554565, "crp.328-329_2013.pdf": 2.3228600868554565, "C.P.No.1017-Lof2011.pdf": 2.3228600868554565, "Crl.O.P.89of2011.pdf": 9.291440347421826, "crl.p._883_l_2022.pdf": 2.3228600868554565, "c.a._730_2015.pdf": 2.3228600868554565, "HRC7734-G_1003-GOF2009[AllegedCorruptionInRentalPowerPlants].pdf": 13.93716052113274, "c.p._2855_2017.pdf": 2.3228600868554565, "const.p._9_2010_27122021.pdf": 9.291440347421826, "c.a._1348_2014.pdf": 2.3228600868554565, "C.P._289_P_2015.pdf": 9.291440347421826, "C.M.A._3221_2012.pdf": 4.645720173710913, "S.M.C._19_2016.pdf": 2.3228600868554565, "C.A._1084_2008.pdf": 2.3228600868554565, "Const.P35of2013-dt-20-7-2013.pdf": 4.645720173710913, "Crl.M.A_693_2018.pdf": 4.645720173710913, "C.P._264_2017.pdf": 4.645720173710913, "crl.p._537_2021.pdf": 2.3228600868554565, "Crl.A._104_2010.pdf": 4.645720173710913, "const.p.35_2013.pdf": 2.3228600868554565, "c.r.p._421_2020_dissenting_notes.pdf": 4.645720173710913, "C.A._1600_2006.pdf": 2.3228600868554565, "crl.p._596_l_2022.pdf": 9.291440347421826, "crl.m.a._62_p_2018.pdf": 4.645720173710913, "crl.p._299_2020_01042020.pdf": 2.3228600868554565, "JR_Detailed_Judgment_in_Graduation_Qualification_Case.pdf": 4.645720173710913, "crl.p._1017_2020.pdf": 2.3228600868554565, "c.p._3506_2020.pdf": 2.3228600868554565, "c.p._4296_2019.pdf": 2.3228600868554565, "c.p._310_l_2017.pdf": 2.3228600868554565, "c.p._943_k_2022.pdf": 6.96858026056637, "c.a._446_2021.pdf": 2.3228600868554565, "HRC-4668of2006.pdf": 2.3228600868554565, "JR_Detailed_Judgment_in_Referendum_Case.pdf": 13.93716052113274, "C.A._185_2015.pdf": 9.291440347421826, "Crl.A._126_2010.pdf": 4.645720173710913, "const.p._2_2022_14102022.pdf": 6.96858026056637, "crl.p._299_2020_07042020.pdf": 2.3228600868554565, "c.a._177_p_2020.pdf": 2.3228600868554565, "c.a._18_k_2020.pdf": 6.96858026056637, "Const.P.87of2011.pdf": 9.291440347421826, "c.a._999_2017.pdf": 2.3228600868554565, "const.p.9_2014_detail_reasons.pdf": 6.96858026056637, "c.p._1290_l_2019.pdf": 2.3228600868554565, "j.p._73_2016.pdf": 4.645720173710913, "C.P._60_K_2018.pdf": 2.3228600868554565, "C.M.A._3704_2015.pdf": 2.3228600868554565, "C.A._95_2005.pdf": 4.645720173710913, "NROCaseDt.10.01.2012.pdf": 2.3228600868554565, "Crl.A._178-L_2009.pdf": 4.645720173710913, "c.a.32_k_2018.pdf": 4.645720173710913, "C.A._1428_2016.pdf": 2.3228600868554565, "C.A._1178_2008.pdf": 2.3228600868554565, "const.p._9_2010.pdf": 6.96858026056637, "C.A._774_2013.pdf": 13.93716052113274, "c.p._3347_2021.pdf": 2.3228600868554565, "C.A._2564_2001.pdf": 2.3228600868554565, "C.R.P.193of2013.pdf": 2.3228600868554565, "C.A._145_2010.pdf": 2.3228600868554565, "Crl.A.13-14-15and16of2004and53of2011.pdf": 2.3228600868554565, "Const.P._2_2011.pdf": 2.3228600868554565, "c.p.1603_2012.pdf": 2.3228600868554565, "c.p._3203_2017.pdf": 2.3228600868554565, "Crl.A.140of2005.pdf": 4.645720173710913, "const.p.37_2012_final.pdf": 13.93716052113274, "crl.p._513_2020.pdf": 2.3228600868554565, "S.M.C._03_2017.pdf": 2.3228600868554565, "c.a._1095_2018_13092019.pdf": 11.614300434277283, "c.p._860_2019.pdf": 11.614300434277283, "C.P._51_2015.pdf": 2.3228600868554565, "c.a._801_2021.pdf": 4.645720173710913, "c.r.p._421_2020.pdf": 4.645720173710913, "c.a._346_2020.pdf": 2.3228600868554565, "c.a._21_2021.pdf": 2.3228600868554565, "c.a._1498_2018_note.pdf": 2.3228600868554565, "CONST.P.9OF2009.pdf": 2.3228600868554565, "const.p._17_2019_detailed_reasoning.pdf": 2.3228600868554565, "Crl.M.A._200_2019.pdf": 6.96858026056637, "Const.P.No.1_2013_order_dated_10.01.2013.pdf": 2.3228600868554565, "SMC.13-2009.pdf": 2.3228600868554565, "crl.p._1228_2020.pdf": 2.3228600868554565, "c.a._2016_2022.pdf": 2.3228600868554565, "Crl.A._195_L_2017.pdf": 2.3228600868554565, "c.a.1540-1599_2013.pdf": 2.3228600868554565, "C.A._110_L_2013.pdf": 2.3228600868554565, "C.A._467_2015.pdf": 6.96858026056637, "crl.p._335_2020.pdf": 2.3228600868554565, "c.p._1171_2021.pdf": 2.3228600868554565, "c.a._40_2021.pdf": 2.3228600868554565, "J.P.No.56of2005.pdf": 2.3228600868554565, "C.A.800Lof2013etc.pdf": 2.3228600868554565, "crl.a._208_2022.pdf": 4.645720173710913, "C.A._424_2015.pdf": 2.3228600868554565, "c.p._1564_2020.pdf": 2.3228600868554565, "c.a._1476_2018.pdf": 2.3228600868554565, "C.A.269_ETC_OF_2011.pdf": 6.96858026056637, "Const.P.35-2013_18.07.2013.pdf": 2.3228600868554565, "c.a._1602_2014.pdf": 9.291440347421826, "c.a._438_2021.pdf": 2.3228600868554565, "c.p._2608_2019.pdf": 13.93716052113274, "c.a._1481_2015.pdf": 2.3228600868554565, "c.p._240_2021.pdf": 2.3228600868554565, "c.a._171_2019.pdf": 4.645720173710913, "C.M.A._6250_2018.PDF": 2.3228600868554565, "const.p._6_2023_dt_05_01_2023.pdf": 2.3228600868554565, "c.a._1113_2017_dissenting_note.pdf": 4.645720173710913, "c.r.p._420_2016.pdf": 2.3228600868554565, "c.a._221_2018.pdf": 2.3228600868554565, "C.P._4876_2018.pdf": 4.645720173710913, "const.p.6_2011_final.pdf": 9.291440347421826, "c.p._1133_l_2016.pdf": 2.3228600868554565, "c.p._1647_2018.pdf": 4.645720173710913, "c.a._908_2015.pdf": 2.3228600868554565, "c.a._290_2022.pdf": 2.3228600868554565, "c.p._3988_2019.pdf": 2.3228600868554565, "smc.16of2011.pdf": 2.3228600868554565, "crl.a._120_2019.pdf": 4.645720173710913, "CMA2745of2009etc.pdf": 6.96858026056637, "C.A.39_2010.pdf": 2.3228600868554565, "C.A._1242_2013.pdf": 2.3228600868554565, "c.a._1498_2018.pdf": 2.3228600868554565,