{"oliver": {"C.A._3_2018_dt-14-9-2018.pdf": 5.067724261080383, "Const.P.12of2010.pdf": 10.135448522160766, "C.A._3_2018.pdf": 5.067724261080383, "CP778-779.pdf": 5.067724261080383, "c.p._1057_2019.pdf": 5.067724261080383, "C.R.P._561_2015_dt_04-02-2016.pdf": 5.067724261080383, "HRC-4668of2006.pdf": 10.135448522160766, "const.p.9_2014_detail_reasons.pdf": 5.067724261080383, "s.m.c._1_2023_27032023.pdf": 5.067724261080383, "Crl.M.A.No.486of2010-dt-26-6-2013.pdf": 5.067724261080383, "C.A._767_2014.pdf": 5.067724261080383, "CJD_Constitution_Petition_No_36_of_2005.pdf": 10.135448522160766, "c.a._1877_2016_dt_24_01_2024.pdf": 5.067724261080383, "c.p._140_l_2015.pdf": 10.135448522160766, "smc.9_2011.pdf": 5.067724261080383, "Const.P.5and15-HRC14144-DetailedReasons.pdf": 5.067724261080383}, "oligopolistic": {"cng_prices_order_21-12-12-alongwith_translation.pdf": 7.840312983320164}, "oligarchy": {"Const.P.12of2010.pdf": 14.294331605520437, "s.m.c._1_2022_detailed.pdf": 14.294331605520437}, "oligarchic": {"JR_Detailed_Judgment_in_Graduation_Qualification_Case.pdf": 7.840312983320164}, "olia": {"const.p._64_2013.pdf": 7.1471658027602185, "crl.p._53_q_2020.pdf": 7.1471658027602185}}