{"oll": {"crl.a._177_2022.pdf": 7.840312983320164}, "ollege": {"j.p._637_2016.pdf": 7.840312983320164}}