{"olmstead": {"const.p._17_2020_dissenting_note_hj11.pdf": 6.741700694652055, "NROCaseDt.10.01.2012.pdf": 6.741700694652055, "Crl.O.P.6of2012.pdf": 6.741700694652055}, "olmt": {"C.M.A._8215_2016.pdf": 344.9737712660872}}