{"olson": {"S.M.C._28_2018.pdf": 7.1471658027602185, "Const.P.73of2011.pdf": 7.1471658027602185}, "olso": {"crl.a._177_2022.pdf": 7.1471658027602185, "c.p._3795_2021.pdf": 7.1471658027602185}, "olsen": {"CPs987-989OF2011-DT19.10.2011.pdf": 7.840312983320164}}