{"olympic": {"C.R.P._49_2016.pdf": 12.908037244400546, "C.A.368TO370OF2011.pdf": 12.908037244400546, "C.R.P._412_2014.pdf": 116.17233519960492, "c.m.a._6786_2020.pdf": 12.908037244400546}, "olympia": {"C.A._1084_2008.pdf": 12.461750141772127, "c.a._565_2011.pdf": 6.230875070886063, "c.r.p._421_2020.pdf": 6.230875070886063, "c.p._492_k_2023.pdf": 6.230875070886063, "c.a._513_2014.pdf": 6.230875070886063}, "olympics": {"C.R.P._412_2014.pdf": 23.52093894996049}}