{"om": {"Const.P.105-2012-eng-urd.PDF": 9.791748008307447, "Const.P._38_2016.pdf": 48.95874004153724, "c.p._3436_l_2022.pdf": 4.895874004153724, "c.a._1496_2019.pdf": 4.895874004153724, "Const.P.33_2013.pdf": 4.895874004153724, "smc.18_2010_final.pdf": 14.687622012461171, "c.a._756_2021.pdf": 58.750488049844684, "C.A._2109_2016.pdf": 53.85461404569096, "HRC7734-G_1003-GOF2009[UrduTranslation].pdf": 9.791748008307447, "HRC7734-G_1003-GOF2009[AllegedCorruptionInRentalPowerPlants].pdf": 9.791748008307447, "c.a._497_2020.pdf": 4.895874004153724, "H.R.C._69229_P_2018.pdf": 4.895874004153724, "c.a._1481_2015.pdf": 53.85461404569096, "C.A._322_2018.pdf": 4.895874004153724, "c.a._550_2020.pdf": 4.895874004153724, "c.p._6117_2021.pdf": 9.791748008307447, "C.A._1049_2011.pdf": 4.895874004153724, "H.R.C._3654_2018.pdf": 9.791748008307447, "JR_Fecto_Belarus_Tractor_Limited_Case.pdf": 9.791748008307447}}