{"omg": {"C.R.P._125_2014.pdf": 36.291321084552656, "SMC16of2011_detailed_judgment.pdf": 6.048553514092109, "Crl.O.P.89of2011.pdf": 12.097107028184219, "C.R.P.193of2013.pdf": 36.291321084552656, "c.p._1092_2018.pdf": 6.048553514092109, "c.a._1989_2019.pdf": 6.048553514092109}}