{"omnipotent": {"c.r.p._292_2021_sacked_employees.pdf": 6.048553514092109, "Const.P.12of2010.pdf": 36.291321084552656, "Const.P.77of2012[DetailedOrderFinal].pdf": 6.048553514092109, "S.M.C._03_2017.pdf": 6.048553514092109, "c.p._2314_2022_dn.pdf": 6.048553514092109, "const.p._32_2023_additional_note.pdf": 6.048553514092109}, "omni": {"NRO_Judgment.pdf": 6.454018622200273, "Ref.01_2012_addl.note_HJ.ejaz_afzal_khan.pdf": 6.454018622200273, "H.R.C._39216_G_2018.pdf": 90.35626071080382, "H.R.C.39216_G_2018.pdf": 12.908037244400546}, "omnipotence": {"Const.P.12of2010.pdf": 13.48340138930411, "s.m.c._1_2022_detailed.pdf": 6.741700694652055, "s.m.c._4_2021_26082021.pdf": 6.741700694652055}, "omnibus": {"Const.P._29_2016.pdf": 4.949941225423999, "crl.a._599_2020_26032021.pdf": 4.949941225423999, "C.P.796of2007-dt-10-5-2013.pdf": 4.949941225423999, "crl.p._299_2020_07042020.pdf": 9.899882450847999, "Crl.A.13-14-15and16of2004and53of2011.pdf": 4.949941225423999, "Crl.M.A._200_2019.pdf": 237.59717882035198, "C.A._110_L_2013.pdf": 24.749706127119996, "c.a._458_2017.pdf": 4.949941225423999, "C.P._2537_2016.pdf": 4.949941225423999, "c.a._17_q_2021.pdf": 14.849823676271999, "c.p._3958_2019.pdf": 4.949941225423999, "c.a._1498_2018.pdf": 4.949941225423999, "c.p._1017_2021.pdf": 4.949941225423999, "CJD_Constitution_Petition_No_36_of_2005.pdf": 4.949941225423999, "C.P._548-P_2013.pdf": 4.949941225423999, "JR_The_State_through_NAB_VS_Haji_Nasim-ur-Rehman.pdf": 4.949941225423999, "SMCNo25of2009.pdf": 4.949941225423999, "C.A._85_K_2015.pdf": 4.949941225423999}, "omnipresent": {"NROCaseDt.10.01.2012.pdf": 7.1471658027602185, "Crl.O.P.6of2012.pdf": 7.1471658027602185}, "omne": {"C.R.P._94_2014.pdf": 12.908037244400546, "s.m.c._1_2023_27032023.pdf": 6.454018622200273, "c.p._8_l_2023_r.pdf": 6.454018622200273, "c.p._3718_2023.pdf": 12.908037244400546}}