{"ond": {"crl.a._177_2022.pdf": 6.741700694652055, "c.p._3795_2021.pdf": 6.741700694652055, "crl.p._53_q_2020.pdf": 13.48340138930411}, "ondent": {"c.a._654_2021.pdf": 7.840312983320164}, "onder": {"c.p._323_l_2014.pdf": 7.840312983320164}}