{"onitte": {"C.A._137-K_1976.pdf": 7.840312983320164}, "onion": {"Const.P.No.33and34of2005-dt-27-6-2013.pdf": 7.1471658027602185, "Crl.A._274_2006.pdf": 7.1471658027602185}}