{"onslaught": {"Const.P.12of2010.pdf": 26.376818129293138, "crp.328-329_2013.pdf": 5.275363625858628, "Crl.P.163_to_171_S.M.C.5_2005.pdf": 5.275363625858628, "const.p._17_2020_dissenting_note_hj11.pdf": 5.275363625858628, "crl.sh.a._16_2017.pdf": 5.275363625858628, "c.p._2916_2019.pdf": 5.275363625858628, "CONST.P.9OF2009.pdf": 10.550727251717255, "const.p._21_2023_11082023.pdf": 5.275363625858628, "Const.P._29_2017.pdf": 5.275363625858628, "const.p._43_2023.pdf": 5.275363625858628, "crl.a._633_2019_15092023.pdf": 5.275363625858628, "const.p._17_2020_dissenting_note_hj4.pdf": 5.275363625858628, "const.p._76_2018.pdf": 5.275363625858628}, "onset": {"Const.P.33_2013.pdf": 5.8944028342648505, "C.A._233_2015.pdf": 5.8944028342648505, "Const.P.NO.62OF2010_orderdt06062011.pdf": 11.788805668529701, "c.r.p._218_2013.pdf": 5.8944028342648505, "c.p._517_l_2016.pdf": 5.8944028342648505, "const.p._42_2022_07032024.pdf": 5.8944028342648505, "const.p._10_2020.pdf": 5.8944028342648505}, "onshore": {"Const.P.46of2013-dt-27-12-2013.pdf": 39.201564916600816}}