{"onto": {"crl.s.m.r.p._84_2018.pdf": 4.079112867626602, "Const.P._38_2016.pdf": 4.079112867626602, "Const.P._29_2016_28072016.pdf": 4.079112867626602, "Const.P.12of2010.pdf": 8.158225735253204, "C.A._104-L_2015.pdf": 4.079112867626602, "S.M.C._20_2016.pdf": 4.079112867626602, "Const.P._29_2016.pdf": 4.079112867626602, "Const.P.46of2013-dt-27-12-2013.pdf": 4.079112867626602, "C.A._514_2008.pdf": 12.237338602879806, "CJD_Reference by_the_President_of_Pakistan_under_Article_186.pdf": 4.079112867626602, "c.p._1057_2019.pdf": 8.158225735253204, "c.a._1348_2014.pdf": 4.079112867626602, "C.M.A._3221_2012.pdf": 12.237338602879806, "c.r.p._296_2020_29012022.pdf": 4.079112867626602, "c.a._10_k_2019.pdf": 4.079112867626602, "Const.P.87of2011.pdf": 4.079112867626602, "C.A._26_2009.pdf": 4.079112867626602, "C.A._448_2014_DJ.pdf": 4.079112867626602, "C.A._95_2005.pdf": 4.079112867626602, "Const.P._2_2011.pdf": 4.079112867626602, "crl.sh.a._23_2017.pdf": 4.079112867626602, "c.a._1095_2018_13092019.pdf": 12.237338602879806, "C.A._1352_2013.pdf": 4.079112867626602, "c.a._258_2020.pdf": 8.158225735253204, "C.A._158_2006.pdf": 4.079112867626602, "c.a._458_2017.pdf": 4.079112867626602, "C.A._710_2014.pdf": 4.079112867626602, "S.M.C._3_2018.pdf": 4.079112867626602, "c.p._287_2019.pdf": 4.079112867626602, "c.a._1044_2015.pdf": 8.158225735253204, "s.m.c._1_2023_12062023.pdf": 4.079112867626602, "crl.a._120_2019.pdf": 4.079112867626602, "c.a._81_k_2022.pdf": 8.158225735253204, "Const.P._35_2016_dt_15_12_2017.pdf": 4.079112867626602, "SMCNo25of2009.pdf": 12.237338602879806, "cp_1545_2009.pdf": 4.079112867626602, "j.p._263_2018.pdf": 4.079112867626602, "c.p._1600_2021_dt_25_01_2024.pdf": 8.158225735253204, "H.R.C._3654_2018.pdf": 8.158225735253204, "C.A._622 _2008.pdf": 4.079112867626602, "C.A._539_2003.pdf": 4.079112867626602, "C.A._450_2010.pdf": 24.474677205759612, "c.p._4980_2021.pdf": 4.079112867626602}, "ontario": {"Const.P.77of2012[DetailedOrderFinal].pdf": 6.454018622200273, "CJD_Reference by_the_President_of_Pakistan_under_Article_186.pdf": 19.36205586660082, "J.P.No.56of2005.pdf": 6.454018622200273, "reference_1_2020.pdf": 6.454018622200273}}