{"oof": {"H.R.C.19of1996[AsgharKhanCase]DetailedReasons.pdf": 7.1471658027602185, "Crl.P.No.426of2009&Crl.A.No.pdf": 7.1471658027602185}}