{"oostergetel": {"Const.P._29_2016.pdf": 7.840312983320164}, "oosama": {"c.p._490_k_2020.pdf": 7.840312983320164}}