{"op": {"C.P.796of2007-UrduTranslation-dt-10-5-2013.pdf": 4.406325778835018, "C.M.A.No.3685of2012-dt-17-1-2013.pdf": 8.812651557670035, "Const.P_6of2011.pdf": 4.406325778835018, "C.R.P._125_2014.pdf": 17.62530311534007, "C.P.796of2007-dt-10-5-2013.pdf": 4.406325778835018, "Crl.O.P.89of2011.pdf": 13.218977336505052, "Const.P35of2013-dt-20-7-2013.pdf": 4.406325778835018, "S.M.C._13_2016_dt_31-03-2017.pdf": 4.406325778835018, "c.a._251_2015.pdf": 4.406325778835018, "c.a._1618_2019.pdf": 4.406325778835018, "c.a._10_k_2019.pdf": 4.406325778835018, "c.p._5646_2021.pdf": 4.406325778835018, "C.R.P.193of2013.pdf": 13.218977336505052, "Const.P._2_2011.pdf": 8.812651557670035, "s.m.c._4_2021_11032024.pdf": 4.406325778835018, "C.A._794_2006.pdf": 4.406325778835018, "c.a._1113_2017_dissenting_note.pdf": 4.406325778835018, "const.p.6_2011_final.pdf": 13.218977336505052, "c.p._349_l_2017.pdf": 4.406325778835018, "c.a._1521_2018.pdf": 4.406325778835018, "c.a._1280_2019.pdf": 4.406325778835018, "c.a._1113_2017.pdf": 4.406325778835018, "c.p._323_l_2014.pdf": 4.406325778835018, "Const.P.35of2013_order_dated_26.7.2013.pdf": 8.812651557670035, "c.a._52_k_2022.pdf": 4.406325778835018, "C.P._2812_2017.pdf": 17.62530311534007, "C.P._3912_2016.pdf": 4.406325778835018, "c.p._607_2021.pdf": 4.406325778835018, "c.m.a._490_2021_20022021.pdf": 8.812651557670035, "c.p._962_2016 .pdf": 8.812651557670035, "c.a._712_2020.pdf": 4.406325778835018}}