{"opaqueness": {"c.r.p._426_2022_02sept2023.pdf": 6.741700694652055, "c.p._280_k_2019.pdf": 6.741700694652055, "cma_6762_20.pdf": 6.741700694652055}, "opaque": {"SMC.13-2009.pdf": 6.741700694652055, "C.A.404of2011.pdf": 6.741700694652055, "CJD_Constitution_Petition_No_36_of_2005.pdf": 6.741700694652055}, "opacity": {"s.m.c._1_2023_27032023.pdf": 7.840312983320164}, "opal": {"H.R.C._39216_G_2018.pdf": 7.840312983320164}}