{"opd": {"C.A._90_2011_EnglishVersion.pdf": 5.8944028342648505, "c.a._730_2015.pdf": 5.8944028342648505, "c.p._5877_2021.pdf": 5.8944028342648505, "C.A._49_2015.pdf": 11.788805668529701, "c.a._1002_2015.pdf": 5.8944028342648505, "c.a._152_2019.pdf": 11.788805668529701, "crl.p._1004_2019.pdf": 5.8944028342648505}}