{"opf": {"Order-DNC-nd-note.pdf": 5.643088405983945, "c.r.p._292_2021.pdf": 5.643088405983945, "const.p.39_90_2011.pdf": 16.929265217951833, "c.r.p._292_2021_detailed.pdf": 39.50161884188761, "Const.P.39and90of2011-dt-3-5-2013.pdf": 16.929265217951833, "S.M.C._3_2018.pdf": 5.643088405983945, "Const.Ps.No.39and90of2011-Dt-27-3-2013.pdf": 5.643088405983945, "Const.P.39of2011dt-11-4-2013.pdf": 5.643088405983945, "Const.P.39and90of2011-dt-15-2-2013.pdf": 5.643088405983945}}