{"ophthalmology": {"C.A._125_K_2016_JPMC_Dissenting_Note.pdf": 6.741700694652055, "C.A._134-P_2013.pdf": 20.225102083956166, "c.p._1532_2022.pdf": 6.741700694652055}}