{"orally": {"C.A._219-L_2015.pdf": 3.832979798087693, "Const.P.127of2012.pdf": 3.832979798087693, "Crl.O.P_57_2015.pdf": 7.665959596175386, "c.p._3436_l_2022.pdf": 3.832979798087693, "c.p._3224_2019.pdf": 3.832979798087693, "Const.P._29_2016.pdf": 3.832979798087693, "smc.18_2010_final.pdf": 3.832979798087693, "SMC16of2011_detailed_judgment.pdf": 7.665959596175386, "I.C.A._7_2018.pdf": 3.832979798087693, "c.p._1517_2022.pdf": 3.832979798087693, "c.a._1474_2021.pdf": 3.832979798087693, "c.a._960_2017.pdf": 3.832979798087693, "C.P._1728_L_2018.pdf": 3.832979798087693, "c.p._510_2019.pdf": 3.832979798087693, "C.P._1662_2016.pdf": 7.665959596175386, "C.P._78_K_2015.pdf": 3.832979798087693, "c.a._1551_2017.pdf": 3.832979798087693, "c.a._383_2013.pdf": 3.832979798087693, "c.p._3447_2022.pdf": 3.832979798087693, "const.p._17_2020_dissenting_note_hj11.pdf": 3.832979798087693, "C.A._1149_2015.pdf": 3.832979798087693, "c.p._2682_2022.pdf": 7.665959596175386, "C.A._1178_2008.pdf": 3.832979798087693, "c.a._39_k_2021.pdf": 3.832979798087693, "c.a._681_2020.pdf": 3.832979798087693, "const.p._17_2019_detailed_reasoning.pdf": 3.832979798087693, "c.p._957_2020.pdf": 3.832979798087693, "C.A._1890_2002.pdf": 11.498939394263079, "c.p._1862_l_2021.pdf": 3.832979798087693, "C.A._1086_2014.pdf": 3.832979798087693, "C.A._424_2015.pdf": 7.665959596175386, "c.a._221_2018.pdf": 7.665959596175386, "crl.p._225_2023.pdf": 3.832979798087693, "Crl.O.P._47_2016.pdf": 3.832979798087693, "crl.p_1124_l_2015.pdf": 3.832979798087693, "c.a._102_l_2017.pdf": 3.832979798087693, "ConstitutionPetitionNo39of2009.pdf": 3.832979798087693, "C.A._9_2006.pdf": 3.832979798087693, "Const.P._35_2016_dt_15_12_2017.pdf": 3.832979798087693, "ICA3,4,6TO11of2011dt2011.04.pdf": 3.832979798087693, "c.p._1319_2020.pdf": 3.832979798087693, "crl.a._75_l_2021.pdf": 3.832979798087693, "crl.p._519_2023_detailed_order.pdf": 3.832979798087693, "c.a._152_l_2010.pdf": 3.832979798087693, "ca679-lof2012.pdf": 3.832979798087693, "c.p.1795_2022.pdf": 7.665959596175386, "c.m.a._490_2021_20022021.pdf": 3.832979798087693, "C.A._542-L_2012.pdf": 3.832979798087693, "Crl.P._100_2017.pdf": 3.832979798087693, "H.R.C._10842_P_2018.pdf": 19.164898990438466, "C.M.A._3986_2017.pdf": 3.832979798087693, "C.A.83and84of2006.pdf": 3.832979798087693, "C.A._539_2003.pdf": 3.832979798087693, "c.p._2351_2019.pdf": 3.832979798087693, "Crl.O.P._57_2015_DN.pdf": 3.832979798087693}, "oral": {"C.A._219-L_2015.pdf": 2.5271070042783768, "Const.P.127of2012.pdf": 5.0542140085567535, "ConstitutionPetitionNo21OF2007.pdf": 7.58132101283513, "SMC5of2012[UrduVersion]dt16-6-2012.pdf": 2.5271070042783768, "c.a._219_2015.pdf": 2.5271070042783768, "Const.P.105-2012-eng-urd.PDF": 2.5271070042783768, "C.R.P._297_2017_Reserved.pdf": 7.58132101283513, "crl.s.m.r.p._84_2018.pdf": 2.5271070042783768, "Const.P._29_2016_28072016.pdf": 5.0542140085567535, "NRO_Judgment.pdf": 2.5271070042783768, "c.p._2063_2020.pdf": 5.0542140085567535, "c.p._3436_l_2022.pdf": 10.108428017113507, "S.M.C._20_2016.pdf": 2.5271070042783768, "C.A._2215_2006.pdf": 2.5271070042783768, "Const.P._29_2016.pdf": 15.16264202567026, "smc.18_2010_final.pdf": 7.58132101283513, "ICA-1OF2012-UrduTranslation.pdf": 2.5271070042783768, "crl.a._599_2020_26032021.pdf": 5.0542140085567535, "Const.P._36_2016_dt_15_12_2017.pdf": 15.16264202567026, "Const.P.30of2013.pdf": 2.5271070042783768, "crl.p._490_2019.pdf": 2.5271070042783768, "Const.P.NO.62OF2010_orderdt06062011.pdf": 5.0542140085567535, "S.M.C.18OF2010.pdf": 2.5271070042783768, "j.p._147_2016.pdf": 2.5271070042783768, "c.a._371_2020.pdf": 5.0542140085567535, "C.A._532_2015.pdf": 5.0542140085567535, "REVIEW_P_46&47_2011_full.pdf": 2.5271070042783768, "c.a._95_p_2014.pdf": 5.0542140085567535, "C.R.P.167of2012-dt-30-8-2012.pdf": 2.5271070042783768, "c.a._108_2015.pdf": 2.5271070042783768, "C.P._2280_2015.pdf": 2.5271070042783768, "c.p._1517_2022.pdf": 5.0542140085567535, "Crl.A._39_L_2015_Urdu.pdf": 2.5271070042783768, "C.A._904_2013.pdf": 2.5271070042783768, "const.p._21_2022_15092023.pdf": 2.5271070042783768, "Crl.O.P.89of2011.pdf": 15.16264202567026, "crl.p._883_l_2022.pdf": 2.5271070042783768, "c.p._2144_l_2011.pdf": 2.5271070042783768, "c.a._960_2017.pdf": 17.689749029948636, "C.A.669-L_2013.pdf": 10.108428017113507, "C.A._461_2014.pdf": 2.5271070042783768, "Supreme_Judicial_Council_242_2015.pdf": 2.5271070042783768, "c.a._8_l_2009.pdf": 5.0542140085567535, "const.p._24_2017.pdf": 2.5271070042783768, "c.p._2580_2020.pdf": 5.0542140085567535, "c.a._389_2015.pdf": 5.0542140085567535, "c.p.614_p_2022.pdf": 2.5271070042783768, "c.p._2547_2019.pdf": 2.5271070042783768, "c.a._33_k_2018.pdf": 12.635535021391885, "c.r.p._218_2013.pdf": 2.5271070042783768, "c.a._431_2021_07072023.pdf": 2.5271070042783768, "crl.a._297_2020.pdf": 2.5271070042783768, "c.a._1355_2006.pdf": 5.0542140085567535, "C.M.A.No.19002of2012Dt-27.09.2012.pdf": 2.5271070042783768, "c.p._3645_2015.pdf": 2.5271070042783768, "c.a._1076_2019.pdf": 7.58132101283513, "CMA No.5144of2011.pdf": 5.0542140085567535, "c.p._3950_2019.pdf": 7.58132101283513, "C.P._1728_L_2018.pdf": 7.58132101283513, "c.a._781_2017.pdf": 5.0542140085567535, "c.p._3506_2020.pdf": 2.5271070042783768, "c.a._1767_2019.pdf": 2.5271070042783768, "c.r.p._296_2020_04022022.pdf": 5.0542140085567535, "c.p._1972_l_2017.pdf": 2.5271070042783768, "c.p._211_q_2017.pdf": 2.5271070042783768, "c.p._2178_l_2022.pdf": 2.5271070042783768, "c.p._2693_2018.pdf": 5.0542140085567535, "c.a._1551_2017.pdf": 5.0542140085567535, "crl.p._91_k_2020.pdf": 2.5271070042783768, "c.p._262_p_2017.pdf": 2.5271070042783768, "c.a._1295_2019.pdf": 10.108428017113507, "c.p._3059_2021.pdf": 2.5271070042783768, "const.p._17_2020_dissenting_note_hj11.pdf": 17.689749029948636, "crl.p._989_2021.pdf": 2.5271070042783768, "c.a._342_2014.pdf": 2.5271070042783768, "C.A._448_2014_DJ.pdf": 2.5271070042783768, "H.R.C._69229_P_2018.pdf": 2.5271070042783768, "c.p._3604_2018.pdf": 2.5271070042783768, "C.M.A._3704_2015.pdf": 5.0542140085567535, "c.p._1950_l_2018.pdf": 17.689749029948636, "crl.sh.a._16_2017.pdf": 2.5271070042783768, "c.a._415_2018.pdf": 12.635535021391885, "crl.p._209_2018.pdf": 2.5271070042783768, "c.p._2477_l_2015.pdf": 2.5271070042783768, "C.P.No.2255of2010-dt-28-6-2013.pdf": 2.5271070042783768, "C.A._1178_2008.pdf": 12.635535021391885, "C.A._280-L_2009.pdf": 2.5271070042783768, "C.A._301_2014.pdf": 2.5271070042783768, "c.a._1002_2015.pdf": 5.0542140085567535, "c.a._39_k_2021.pdf": 2.5271070042783768, "c.a._408_2022.pdf": 25.27107004278377, "c.a._1095_2018_13092019.pdf": 2.5271070042783768, "crl.p._287_2022.pdf": 2.5271070042783768, "C.A._1540_2006.pdf": 2.5271070042783768, "c.a._801_2021.pdf": 12.635535021391885, "c.a._346_2020.pdf": 2.5271070042783768, "C.M.A._3854_2014_dt_31-3-2015.pdf": 2.5271070042783768, "c.p._84_.2016.pdf": 7.58132101283513, "c.a._8_q_2017.pdf": 2.5271070042783768, "const.p._17_2019_detailed_reasoning.pdf": 20.216856034227014, "c.a._42_p_2016.pdf": 2.5271070042783768, "C.A._616_2006.pdf": 7.58132101283513, "crl.p._1420_l_2019.pdf": 2.5271070042783768, "c.p._957_2020.pdf": 2.5271070042783768, "Crl.M.A._200_2019.pdf": 7.58132101283513, "c.p._3097_2015.pdf": 2.5271070042783768, "C.A._1890_2002.pdf": 5.0542140085567535, "c.p._1751_l_2021.pdf": 2.5271070042783768, "c.a._170_2017.pdf": 7.58132101283513, "const.p._39_16122019.pdf": 2.5271070042783768, "const.p._2_2022_21032022.pdf": 2.5271070042783768, "c.p._2148_2020.pdf": 2.5271070042783768, "c.p._920_p_2023.pdf": 17.689749029948636, "Const.P.No.33and34of2005-dt-27-6-2013.pdf": 2.5271070042783768, "c.a._1683_2014.pdf": 5.0542140085567535, "c.p._34_2022.pdf": 5.0542140085567535, "c.a._458_2017.pdf": 2.5271070042783768, "c.m.a._7084_2020.pdf": 2.5271070042783768, "C.A._794_2006.pdf": 7.58132101283513, "c.p._1077_2018.pdf": 2.5271070042783768, "c.a._ 870_2020.pdf": 2.5271070042783768, "c.a._438_2021.pdf": 2.5271070042783768, "c.p_.4178_2019.pdf": 2.5271070042783768,