{"orchestrate": {"ConstitutionPetitionNo21OF2007.pdf": 10.550727251717255, "s.m.c._1_2022_detailed.pdf": 10.550727251717255, "s.m.c._4_2022.pdf": 5.275363625858628, "Crl.P.163_to_171_S.M.C.5_2005.pdf": 5.275363625858628, "crl.p._894_l_2023.pdf": 5.275363625858628, "crl.p._1016_l_2021.pdf": 5.275363625858628, "const.p._17_2020_dissenting_note_hj11.pdf": 5.275363625858628, "crl.sh.a._23_2017.pdf": 5.275363625858628, "c.a._1089_2015.pdf": 10.550727251717255, "Crl.A._97_L_2016.pdf": 5.275363625858628, "crl.p._1072_2021.pdf": 5.275363625858628, "c.m.a._3577_2019_15112023.pdf": 5.275363625858628, "s.m.c._1_2022_note_hj4.pdf": 5.275363625858628}, "orchard": {"C.A._634_L_2012.pdf": 20.225102083956166, "Crl.A._115_2013.pdf": 13.48340138930411, "SMCNo25of2009.pdf": 6.741700694652055}}