{"ore": {"C.P.796of2007-UrduTranslation-dt-10-5-2013.pdf": 11.521742883280655, "SMC15OF2009.pdf": 5.760871441640328, "CPLA_796_2007_ETC_SHORT_ORDER_REKO_DIQ_CASE.pdf": 11.521742883280655, "C.P.796of2007-dt-10-5-2013.pdf": 103.6956859495259, "crl.a._177_2022.pdf": 5.760871441640328, "c.a.32_k_2018.pdf": 5.760871441640328, "c.p._3795_2021.pdf": 5.760871441640328, "c.p._389_2022.pdf": 5.760871441640328}, "oregon": {"c.p._1290_l_2019.pdf": 7.1471658027602185, "c.p._448_p_2017.pdf": 7.1471658027602185}}