{"ormrod": {"c.r.p._292_2021_sacked_employees.pdf": 7.1471658027602185, "Const.P._36_2016_dt_15_12_2017.pdf": 7.1471658027602185}, "ormond": {"CMA2745of2009etc.pdf": 7.840312983320164}, "ormara": {"CMA3258of2013inCP65of09DetailOrder.pdf": 7.840312983320164}}