{"ornament": {"j.p._405_2021.pdf": 4.895874004153724, "j.p._147_2016.pdf": 63.64636205399841, "c.p._1289_2020.pdf": 34.271118029076064, "c.p._154_2019.pdf": 4.895874004153724, "crl.p._143_k_2020.pdf": 4.895874004153724, "Crl.A._301_L_2017.pdf": 4.895874004153724, "c.p._2865_2022.pdf": 14.687622012461171, "crl.p._188_p_2023.pdf": 4.895874004153724, "j.p._403_2018.pdf": 14.687622012461171, "Crl.A._6-P_2015.pdf": 4.895874004153724, "c.a._1227_2016.pdf": 29.375244024922342, "crl.p._1303_2021.pdf": 4.895874004153724, "Crl.P._488_2015.pdf": 4.895874004153724, "crl.a._48_2021.pdf": 14.687622012461171, "c.p._1451_2020.pdf": 14.687622012461171, "c.p._4690_2018.pdf": 14.687622012461171, "c.p._1285_2020.pdf": 4.895874004153724, "Crl.P._100_2017.pdf": 4.895874004153724, "crl.p._464_2020.pdf": 4.895874004153724}, "ornamental": {"Ref.01_2012_addl.note_HJ.ejaz_afzal_khan.pdf": 18.145660542276328, "C.A._461_2014.pdf": 6.048553514092109, "c.p._4500_2017.pdf": 6.048553514092109, "C.A._654_2010.pdf": 6.048553514092109, "C.A._1797_2005.pdf": 6.048553514092109, "c.p._3413_2017.pdf": 6.048553514092109}, "ornaj": {"Const.P.77of2010-DT-05-04-2012.pdf": 7.840312983320164}, "orngi": {"const.p._9_2010_27122021.pdf": 7.1471658027602185, "const.p._9_2010_28122021.pdf": 7.1471658027602185}, "ornamenting": {"C.A._95_2005.pdf": 7.840312983320164}, "ornov\u0101re": {"c.p._2608_2019.pdf": 7.840312983320164}}