{"orphan": {"Const.P.127of2012.pdf": 5.442417710521793, "crl.a._599_2020_26032021.pdf": 5.442417710521793, "Const.P._36_2016_dt_15_12_2017.pdf": 5.442417710521793, "SMC16of2011_detailed_judgment.pdf": 5.442417710521793, "const.p.1_ 2012_etc.pdf": 5.442417710521793, "const.p.37_2012_final.pdf": 5.442417710521793, "c.p._4459_2018.pdf": 21.769670842087173, "c.p_.4178_2019.pdf": 5.442417710521793, "C.A._134-P_2013.pdf": 10.884835421043586, "c.p._659_2019.pdf": 27.212088552608968, "c.p._4178_2019.pdf": 5.442417710521793}, "orphanage": {"C.A._93_2015.pdf": 7.840312983320164}}