{"orya": {"C.A._2109_2016.pdf": 18.69262521265819, "C.P.41_66_2015.pdf": 18.69262521265819, "c.a._21_2021.pdf": 6.230875070886063, "c.p._2314_2022_dn.pdf": 12.461750141772127, "Const.P.22of2013.pdf": 62.308750708860636}, "ory": {"C.M.A._376-K_2014.pdf": 94.08375579984197}}