{"osama": {"C.R.P._49_2016.pdf": 33.85853043590367, "C.A._3_2018_dt-14-9-2018.pdf": 5.643088405983945, "C.A._3_2018.pdf": 5.643088405983945, "MemoCase-final-30.12.2011(UrduVersion).pdf": 45.14470724787156, "Const.P.77-78-79 [Memogate]DetailedOrder.pdf": 16.929265217951833, "const.p._6_2023_07032024.pdf": 5.643088405983945, "j.p._496_2019.pdf": 5.643088405983945, "C.A._03_2018.pdf": 5.643088405983945, "c.p._3249_2015.pdf": 5.643088405983945}}