{"osd": {"Const.P.40of2012-DetailJudgment[UrduTranslation]-dt-3.7.2012.pdf": 5.132262782217954, "C.R.P._125_2014.pdf": 10.264525564435909, "S.M.C.24of2010[urdu-version].pdf": 87.24846729770522, "smc.24_2010.pdf": 51.32262782217954, "Const.P.40of2012-DetailJudgment-dt-3.7.2012.pdf": 5.132262782217954, "Crl.O.P.89of2011.pdf": 15.396788346653864, "const.p.23of2012.pdf": 82.11620451548727, "const.p.33-2013_dt_12.09.2013.pdf": 15.396788346653864, "C.R.P.193of2013.pdf": 10.264525564435909, "c.p._1092_2018.pdf": 5.132262782217954, "Const.P.22of2013.pdf": 5.132262782217954, "SMC24-2010.pdf": 118.04204399101295, "C.P._2812_2017.pdf": 15.396788346653864, "C.M.A.4918of2012-dt-26-4-2013.pdf": 61.587153386615455, "const.p._10_2019.pdf": 5.132262782217954}, "osds": {"SMC24-2010.pdf": 7.1471658027602185, "C.M.A.4918of2012-dt-26-4-2013.pdf": 57.17732642208175}}