{"ossification": {"crl.s.m.r.p._84_2018.pdf": 32.270093111001366, "crl.p._342_2018.pdf": 12.908037244400546, "crl.p._1617_2022.pdf": 32.270093111001366, "crl.p._251_l_2020.pdf": 12.908037244400546}, "ossified": {"const.p._19_2020.pdf": 7.840312983320164}}