{"ostensible": {"c.a._1079_2015.pdf": 4.313952458704002, "C.A._634_L_2012.pdf": 4.313952458704002, "Crl.A._39_L_2015.pdf": 4.313952458704002, "Const.P.12of2010.pdf": 4.313952458704002, "Const.P._29_2016.pdf": 17.25580983481601, "c.p._154_2019.pdf": 12.941857376112008, "c.a._73_2016.pdf": 8.627904917408005, "Crl.P.163_to_171_S.M.C.5_2005.pdf": 4.313952458704002, "c.p._2547_2019.pdf": 25.883714752224016, "Crl.M.A.486of2010dt-08-08-2012.pdf": 4.313952458704002, "crl.p._624_2021.pdf": 4.313952458704002, "const.p._17_2020_dissenting_note_hj11.pdf": 4.313952458704002, "c.a._801_2021.pdf": 25.883714752224016, "const.p._17_2019_detailed_reasoning.pdf": 4.313952458704002, "C.P._1885_2017.pdf": 4.313952458704002, "crl.p._1196_l_2015.pdf": 4.313952458704002, "c.p._1530_2019.pdf": 8.627904917408005, "Crl.P._488_2015.pdf": 4.313952458704002, "H.R.C._39216_G_2018.pdf": 8.627904917408005, "C.A._1447_2016.pdf": 8.627904917408005, "const.p._17_2020_dissenting_note_hj4.pdf": 4.313952458704002, "c.p._634_2020.pdf": 4.313952458704002, "c.a._2084_2016.pdf": 8.627904917408005, "c.a._25_q_2018_dt_25_01_2024.pdf": 4.313952458704002, "c.a._1011_2016.pdf": 4.313952458704002, "Const.P._35_2016_dt_15_12_2017.pdf": 12.941857376112008, "c.a._284_2017.pdf": 4.313952458704002, "c.p._2902_2018.pdf": 8.627904917408005, "crl.a.7_p_2017.pdf": 4.313952458704002, "c.a._2015_2022.pdf": 8.627904917408005, "c.a._472_2013.pdf": 4.313952458704002, "H.R.C.39216_G_2018.pdf": 8.627904917408005, "c.p._3041_2018.pdf": 8.627904917408005, "c.a._10_q_2021.pdf": 21.56976229352001}, "ostensibly": {"C.A._634_L_2012.pdf": 4.056123349401903, "c.a._240_p_2014.pdf": 4.056123349401903, "c.p._1628_2020.pdf": 4.056123349401903, "Const.P._50_2018.pdf": 4.056123349401903, "Const.P.12of2010.pdf": 12.168370048205709, "Const.P.33_2013.pdf": 4.056123349401903, "Const.P._29_2016.pdf": 32.44898679521523, "Const.P.77of2012[DetailedOrderFinal].pdf": 8.112246698803807, "S.J.C_347_2018.PDF": 4.056123349401903, "H.R.C.19of1996[AsgharKhanCase]DetailedReasonsUrduTranslation.pdf": 4.056123349401903, "SMC16of2011_detailed_judgment.pdf": 4.056123349401903, "c.p._2547_2019.pdf": 4.056123349401903, "JR_Detailed_Judgment_in_Graduation_Qualification_Case.pdf": 4.056123349401903, "const.p._2_2022_14102022.pdf": 4.056123349401903, "Const.P.87of2011.pdf": 4.056123349401903, "c.a._668_2022.pdf": 8.112246698803807, "C.A._305_2008.pdf": 4.056123349401903, "Crl.A.140of2005.pdf": 4.056123349401903, "Crl.M.A._200_2019.pdf": 4.056123349401903, "const.p._21_2023_11082023.pdf": 4.056123349401903, "j.p._508_2016.pdf": 4.056123349401903, "c.a._1683_2014.pdf": 4.056123349401903, "c.a._1481_2015.pdf": 4.056123349401903, "c.p._2032_2019.pdf": 4.056123349401903, "const.p._24_2023_f.pdf": 4.056123349401903, "crl_r_p.8-l_2013.pdf": 4.056123349401903, "Const.P.50-69of2011.pdf": 4.056123349401903, "ConstitutionPetitionNo39of2009.pdf": 4.056123349401903, "c.a._1089_2015.pdf": 4.056123349401903, "c.a._795_2017.pdf": 4.056123349401903, "SMC24-2010.pdf": 4.056123349401903, "ICA3,4,6TO11of2011dt2011.04.pdf": 4.056123349401903, "Crl.A.126of2012.pdf": 4.056123349401903, "s.m.c._4_2021_26082021.pdf": 4.056123349401903, "const.p._76_2018.pdf": 4.056123349401903, "crl.p_12_2014_07.02.2014.pdf": 4.056123349401903, "c.p._607_2021.pdf": 4.056123349401903, "c.p._1285_2020.pdf": 4.056123349401903, "c.p._342_k_2020.pdf": 4.056123349401903, "Const.P.59of2011.pdf": 4.056123349401903, "crl.p._464_2020.pdf": 4.056123349401903, "S.M.C._7_2017_06022019.pdf": 4.056123349401903, "C.P._632_2018.pdf": 4.056123349401903, "c.p._3249_2015.pdf": 4.056123349401903}, "ostrich": {"Const.P._38_2016.pdf": 7.1471658027602185, "const.p._2_2022_14102022.pdf": 7.1471658027602185}, "ostentatious": {"Const.P.12of2010.pdf": 7.1471658027602185, "CJD_Reference by_the_President_of_Pakistan_under_Article_186.pdf": 14.294331605520437}, "osteogenesis": {"crl.p._1617_2022.pdf": 7.840312983320164}, "ostracize": {"j.p._40_2017.pdf": 7.840312983320164}, "ostaszewska": {"c.p._560_k_2019.pdf": 7.840312983320164}}