{"ot": {"c.p._323_l_2014.pdf": 7.1471658027602185, "c.p._140_l_2015.pdf": 7.1471658027602185}}