{"ottoman": {"ConstitutionPetitionNo21OF2007.pdf": 6.454018622200273, "NRO_Judgment.pdf": 6.454018622200273, "Const.P.12of2010.pdf": 6.454018622200273, "crl.p._1359_2023.pdf": 6.454018622200273}}