{"oudh": {"C.A._394_2014.pdf": 6.048553514092109, "Crl.M.A_183_2019.pdf": 6.048553514092109, "c.a._664_k_2017.pdf": 6.048553514092109, "c.r.p._420_2016.pdf": 6.048553514092109, "c.a._2121_2017.pdf": 6.048553514092109, "ICA3,4,6TO11of2011dt2011.04.pdf": 6.048553514092109}}