{"ouster": {"ConstitutionPetitionNo21OF2007.pdf": 85.55952382425221, "CPs.10-18of2011.pdf": 27.223484853171158, "Const.P._50_2018.pdf": 3.889069264738737, "Const.P.12of2010.pdf": 70.00324676529726, "Const.P._29_2016.pdf": 3.889069264738737, "C.R.P._125_2014.pdf": 3.889069264738737, "C.A._233_2015.pdf": 11.66720779421621, "Ref.01_2012_addl.note_HJ.ejaz_afzal_khan.pdf": 3.889069264738737, "s.m.c._1_2022_detailed.pdf": 7.778138529477474, "SMC16of2011_detailed_judgment.pdf": 3.889069264738737, "REVIEW_P_46&47_2011_full.pdf": 3.889069264738737, "Const.P.40of2012-DetailJudgment-dt-3.7.2012.pdf": 7.778138529477474, "c.a._71_p_2014.pdf": 3.889069264738737, "CJD_Reference by_the_President_of_Pakistan_under_Article_186.pdf": 11.66720779421621, "Const.P_3_2014.pdf": 3.889069264738737, "const.p.1_ 2012_etc.pdf": 15.556277058954947, "c.p._167_p_2022.pdf": 77.78138529477474, "c.p._419_2020.pdf": 3.889069264738737, "const.p._24_2023_an_10012024_r.pdf": 3.889069264738737, "s.m.c._1_2022.pdf": 3.889069264738737, "c.r.p._296_2020_29012022.pdf": 19.445346323693684, "c.a._339_2016.pdf": 15.556277058954947, "JR_Detailed_Judgment_in_Referendum_Case.pdf": 11.66720779421621, "C.A._1171_2017.pdf": 66.11417750055853, "C.P.41_66_2015.pdf": 3.889069264738737, "const.p._17_2020_dissenting_note_hj11.pdf": 11.66720779421621, "c.a._909_2020.pdf": 3.889069264738737, "C.R.P.193of2013.pdf": 3.889069264738737, "c.a._1002_2015.pdf": 7.778138529477474, "C.A._1540_2006.pdf": 3.889069264738737, "c.p._479_k_2020.pdf": 3.889069264738737, "const.p._17_2019_detailed_reasoning.pdf": 7.778138529477474, "c.p._957_2020.pdf": 3.889069264738737, "const.p._21_2023_11082023.pdf": 11.66720779421621, "C.P._3752_2018.pdf": 7.778138529477474, "cas_727-730_777_778_2014_etc.pdf": 3.889069264738737, "C.P._1885_2017.pdf": 3.889069264738737, "c.p._4635_2018.pdf": 7.778138529477474, "c.p._1530_2019.pdf": 3.889069264738737, "c.p._2032_2019.pdf": 3.889069264738737, "c.r.p._296_2020_hj10.pdf": 19.445346323693684, "const.p._24_2023_f.pdf": 23.33441558843242, "ca.297_2014.pdf": 7.778138529477474, "c.a._329_2022.pdf": 15.556277058954947, "c.a._188_2019.pdf": 3.889069264738737, "c.p._138_p_2015.pdf": 3.889069264738737, "const.p._76_2018.pdf": 3.889069264738737, "c.p._167_p_2022_an.pdf": 35.00162338264863, "C.P._357_2016.pdf": 3.889069264738737, "const.p._5_2023_detailed_reasons.pdf": 3.889069264738737, "c.a._231_2020.pdf": 7.778138529477474, "C.P._632_2018.pdf": 3.889069264738737}, "oust": {"ConstitutionPetitionNo21OF2007.pdf": 13.145744366878493, "CPs.10-18of2011.pdf": 29.577924825476607, "Crl.O.P._09_2018.pdf": 3.286436091719623, "Crl.O.P_57_2015.pdf": 3.286436091719623, "NRO_Judgment.pdf": 3.286436091719623, "Const.P.12of2010.pdf": 108.45239102674756, "S.M.C._20_2016.pdf": 3.286436091719623, "Const.P._29_2016.pdf": 6.572872183439246, "C.R.P._125_2014.pdf": 6.572872183439246, "Const.P.77of2012[DetailedOrderFinal].pdf": 3.286436091719623, "C.A._233_2015.pdf": 3.286436091719623, "Ref.01_2012_addl.note_HJ.ejaz_afzal_khan.pdf": 3.286436091719623, "S.M.C.18OF2010.pdf": 3.286436091719623, "s.m.c._1_2022_detailed.pdf": 32.86436091719623, "crl.a._95_2019.pdf": 3.286436091719623, "Const.P.40of2012-DetailJudgment-dt-3.7.2012.pdf": 26.291488733756985, "c.p._2119_2018.pdf": 3.286436091719623, "H.R.C.19of1996[AsgharKhanCase]DetailedReasons.pdf": 3.286436091719623, "JR_Judgment_on_17th_Amendmend_and_Presidents_Uniform_Case.pdf": 6.572872183439246, "c.a._71_p_2014.pdf": 6.572872183439246, "CJD_Reference by_the_President_of_Pakistan_under_Article_186.pdf": 9.85930827515887, "crp.328-329_2013.pdf": 3.286436091719623, "const.p._21_2022_15092023.pdf": 3.286436091719623, "c.r.p._218_2013.pdf": 3.286436091719623, "c.p._167_p_2022.pdf": 26.291488733756985, "c.a._43_q_2018.pdf": 6.572872183439246, "c.a._339_2016.pdf": 3.286436091719623, "Crl.P._105_2017.pdf": 3.286436091719623, "JR_Detailed_Judgment_in_Referendum_Case.pdf": 13.145744366878493, "C.P._3122_2017.pdf": 3.286436091719623, "const.p._2_2022_14102022.pdf": 6.572872183439246, "c.p._262_p_2017.pdf": 13.145744366878493, "C.P.41_66_2015.pdf": 9.85930827515887, "c.a._249_2020.pdf": 3.286436091719623, "c.p._3059_2021.pdf": 3.286436091719623, "C.P._60_K_2018.pdf": 3.286436091719623, "H.R.C._69229_P_2018.pdf": 3.286436091719623, "Crl.A._210_2015.pdf": 3.286436091719623, "i.c.a._1_2024_15032024.pdf": 6.572872183439246, "C.A._305_2008.pdf": 3.286436091719623, "c.a._909_2020.pdf": 6.572872183439246, "C.R.P.193of2013.pdf": 6.572872183439246, "c.a._1002_2015.pdf": 3.286436091719623, "c.p._3739_2019.pdf": 3.286436091719623, "c.p._3203_2017.pdf": 13.145744366878493, "Crl.A.140of2005.pdf": 6.572872183439246, "S.M.C._03_2017.pdf": 3.286436091719623, "C.A._1540_2006.pdf": 6.572872183439246, "const.p._17_2019_detailed_reasoning.pdf": 6.572872183439246, "cas_727-730_777_778_2014_etc.pdf": 19.71861655031774, "C.P._1885_2017.pdf": 9.85930827515887, "Crl.A._137_L_2010.pdf": 3.286436091719623, "Const.P.No.33and34of2005-dt-27-6-2013.pdf": 3.286436091719623, "c.a._513_2014.pdf": 3.286436091719623, "i.c.a._1_2024_1502024_an.pdf": 6.572872183439246, "C.P._3186_2015.pdf": 3.286436091719623, "c.a._30_l_2018.pdf": 3.286436091719623, "c.a._617_2020.pdf": 3.286436091719623, "const.p._24_2023_f.pdf": 3.286436091719623, "c.p._1097_l_2020.pdf": 3.286436091719623, "c.a._849_2015.pdf": 9.85930827515887, "c.p._1893_l_2021.pdf": 3.286436091719623, "C.P._1707_2018.pdf": 3.286436091719623, "CMA2745of2009etc.pdf": 3.286436091719623, "c.a._1498_2018.pdf": 6.572872183439246, "Crl.P._488_2015.pdf": 3.286436091719623, "C.A._322_2018.pdf": 3.286436091719623, "c.a._329_2022.pdf": 9.85930827515887, "ConstitutionPetitionNo39of2009.pdf": 3.286436091719623, "C.P._548-P_2013.pdf": 3.286436091719623, "C.A.2234and2235of2005-dt-31-8-2013.pdf": 3.286436091719623, "crl.a._282_2019.pdf": 3.286436091719623, "c.p._3944_2019.pdf": 6.572872183439246, "c.p._138_p_2015.pdf": 3.286436091719623, "crl.a._75_l_2021.pdf": 3.286436091719623, "c.a._491_2012.pdf": 3.286436091719623, "crl.p._13_k_2023.pdf": 3.286436091719623, "c.p._167_p_2022_an.pdf": 19.71861655031774, "Crl.O.P.6of2012.pdf": 3.286436091719623, "hrc_20107-G_2013.pdf": 3.286436091719623, "crl.p._443_l_2020_dissenting_note.pdf": 3.286436091719623, "C.A.876-879of2005.pdf": 3.286436091719623, "C.A._552_2015.pdf": 3.286436091719623, "c.p._3797_2020.pdf": 3.286436091719623, "c.a._508_2020.pdf": 3.286436091719623, "c.a._1191_2016.pdf": 3.286436091719623, "c.a._1547_2019.pdf": 3.286436091719623, "c.p._287_p_2016.pdf": 3.286436091719623, "C.A._622 _2008.pdf": 3.286436091719623, "crl.a._82_2022.pdf": 3.286436091719623, "C.P._3195-L_2016.pdf": 3.286436091719623, "c.a._231_2020.pdf": 3.286436091719623, "C.P._632_2018.pdf": 9.85930827515887, "s.m.c._1_2022_note_hj4.pdf": 6.572872183439246, "crl.a.264_2006.pdf": 3.286436091719623}, "ous": {"Const.P.30of2013.pdf": 7.840312983320164}, "oustee": {"c.a._1009_2010.pdf": 54.88219088324115}, "ouseley": {"C.M.A._8215_2016.pdf": 15.680625966640328}}