{"ovalis": {"S.M.C.24of2010[urdu-version].pdf": 7.840312983320164}, "ovais": {"c.p._1854_l_2022.pdf": 7.1471658027602185, "C.A._1646_2000.pdf": 7.1471658027602185}}