{"ow": {"crl.p._105_k_2020.pdf": 6.741700694652055, "c.a._429_2020.pdf": 6.741700694652055, "C.A._1049_2011.pdf": 6.741700694652055}}