{"owais": {"report_128_k_2021.pdf": 5.355406333532164, "c.p._2911_2018.pdf": 5.355406333532164, "C.R.P._125_2014.pdf": 5.355406333532164, "c.p._490_k_2020.pdf": 21.421625334128656, "C.R.P.193of2013.pdf": 5.355406333532164, "c.m.a._2769_2023.pdf": 5.355406333532164, "const.p._ 22_2022_26072022.pdf": 5.355406333532164, "c.p._240_2021.pdf": 5.355406333532164, "smc.16of2011.pdf": 5.355406333532164, "c.a._1498_2018.pdf": 5.355406333532164, "Const.P._74_2015.pdf": 5.355406333532164, "c.p._3718_2023.pdf": 10.710812667064328}, "owasi": {"C.R.P._297_2017_Reserved.pdf": 5.8944028342648505, "Const.P._29_2016.pdf": 47.155222674118804, "C.A._233_2015.pdf": 5.8944028342648505, "c.a._982_2018_19022024.pdf": 5.8944028342648505, "CMA.3470of2013etc.pdf": 5.8944028342648505, "c.a._1498_2018.pdf": 5.8944028342648505, "Const.P._35_2016_dt_15_12_2017.pdf": 5.8944028342648505}, "owaise": {"Const.P._29_2016.pdf": 7.840312983320164}, "owaisi": {"Const.P._29_2016.pdf": 12.097107028184219, "C.M.A.No.1535and1536of2013.pdf": 12.097107028184219, "C.A._461_2014.pdf": 6.048553514092109, "const.p.39_90_2011.pdf": 6.048553514092109, "C.A._307-L_2015.pdf": 6.048553514092109, "C.A._467_2015.pdf": 6.048553514092109}}