{"oxide": {"H.R.C._14158_G_2016_dt_12_08_2016.pdf": 14.294331605520437, "c.p._389_2022.pdf": 7.1471658027602185}, "oxidation": {"Const.P._38_2016.pdf": 7.840312983320164}, "oxidize": {"Const.P.12of2010.pdf": 7.840312983320164}, "oximeter": {"s.m.c._1_2020_25062020.pdf": 7.840312983320164}}