{"ozair": {"c.a._1520_2016.pdf": 5.355406333532164, "Crl.O.P._59_2015.pdf": 5.355406333532164, "C.A._176_2015.pdf": 10.710812667064328, "C.P._928-L_2015.pdf": 5.355406333532164, "Const.P.20to27-39&45.pdf": 10.710812667064328, "c.a._414_2021.pdf": 5.355406333532164, "c.p._1345_l_2021.pdf": 5.355406333532164, "Const.P.33of2013_09.07.13.pdf": 10.710812667064328, "c.a._1003_2019.pdf": 5.355406333532164, "c.a._1237_2020.pdf": 5.355406333532164, "Crl.A._122_L_2017.pdf": 5.355406333532164, "C.M.A._8215_2016.pdf": 26.77703166766082}}