{"ozone": {"SMCNo25of2009.pdf": 7.1471658027602185, "c.p._389_2022.pdf": 28.588663211040874}}