{"paa": {"Const.P.12of2010.pdf": 195.5093201449096, "const.p.1_ 2012_etc.pdf": 40.45020416791233, "c.a._1191_2016.pdf": 33.70850347326027}, "paalamander": {"c.a._108_2015.pdf": 7.840312983320164}, "paast": {"crl.a._177_2022.pdf": 7.840312983320164}, "paanmein": {"C.P._145_2015.pdf": 7.840312983320164}, "paakhtunkhwa": {"s.m.c._1_2023_12062023.pdf": 7.840312983320164}}