{"pace": {"Const.P.127of2012.pdf": 12.454300587618684, "CPs.10-18of2011.pdf": 4.151433529206228, "C.M.A.No.3685of2012-dt-17-1-2013.pdf": 4.151433529206228, "cps_853-876_2014.pdf": 8.302867058412456, "SMC15OF2009.pdf": 4.151433529206228, "c.p._3436_l_2022.pdf": 8.302867058412456, "Const.P.12of2010.pdf": 12.454300587618684, "Const.P.87of2011[UrduVersion].pdf": 4.151433529206228, "Const.P.33_2013.pdf": 8.302867058412456, "Const.P._29_2016.pdf": 4.151433529206228, "S.M.C.24of2010[urdu-version].pdf": 4.151433529206228, "CAA_25.09.2013.pdf": 4.151433529206228, "Const.P.NO.62OF2010_orderdt06062011.pdf": 8.302867058412456, "SMC16of2011_detailed_judgment.pdf": 12.454300587618684, "C.P.796of2007-dt-10-5-2013.pdf": 4.151433529206228, "Crl.P.163_to_171_S.M.C.5_2005.pdf": 8.302867058412456, "S.M.C._19_2016.pdf": 4.151433529206228, "i.c.a._1_2024_dn_20032024.pdf": 4.151433529206228, "JR_Detailed_Judgment_in_Referendum_Case.pdf": 4.151433529206228, "const.p._2_2022_14102022.pdf": 4.151433529206228, "Const.P.87of2011.pdf": 4.151433529206228, "const.p.115_2011.pdf": 12.454300587618684, "crl.p._1802_l_2017.pdf": 4.151433529206228, "crl.p._1303_2021.pdf": 4.151433529206228, "Crl.A.140of2005.pdf": 4.151433529206228, "c.p._2_2022_dissenting_note.pdf": 4.151433529206228, "s.m.c._1_2023_12062023.pdf": 12.454300587618684, "Const.P.50-69of2011.pdf": 4.151433529206228, "C.M.A._376-K_2014.pdf": 4.151433529206228, "ConstitutionPetitionNo39of2009.pdf": 4.151433529206228, "SMC24-2010.pdf": 4.151433529206228, "c.p._1554_l_2020.pdf": 8.302867058412456, "SMCNo25of2009.pdf": 4.151433529206228, "c.p._1839_2018.pdf": 4.151433529206228, "H.R.C._20171_B_2018.pdf": 4.151433529206228, "H.R.C._17599_2018.pdf": 4.151433529206228, "C.P.784of2014.pdf": 8.302867058412456, "crl.p.203-l_2014.pdf": 8.302867058412456, "smc.9_2011.pdf": 4.151433529206228, "c.a._1137_2014.pdf": 4.151433529206228}, "packet": {"J.P._191_2018.pdf": 4.439115601658009, "Crl.A._523_2017.pdf": 4.439115601658009, "crl.a._241_2020.pdf": 150.9299304563723, "crl.a._599_2020_26032021.pdf": 13.317346804974026, "j.p._42_2017.pdf": 22.195578008290045, "Crl.A._94_2019.pdf": 8.878231203316018, "C.A.669-L_2013.pdf": 4.439115601658009, "j.p._739_2018.pdf": 4.439115601658009, "c.a._1660_2014.pdf": 4.439115601658009, "JR_Detailed_Judgment_in_Referendum_Case.pdf": 8.878231203316018, "crl.p._762_2018.pdf": 4.439115601658009, "crl.p._14_q_2021.pdf": 8.878231203316018, "crl.p._518_2022.pdf": 8.878231203316018, "Crl.A._115_2013.pdf": 4.439115601658009, "crl.p._1088_2021.pdf": 4.439115601658009, "Crl.P._15_2015.pdf": 4.439115601658009, "j.p._508_2016.pdf": 8.878231203316018, "Const.P.No.33and34of2005-dt-27-6-2013.pdf": 4.439115601658009, "crl.p._26_p_2020.pdf": 4.439115601658009, "C.A._194_2015.pdf": 4.439115601658009, "crl.a._208_2022.pdf": 22.195578008290045, "j.p._637_2016.pdf": 13.317346804974026, "crl.a._108_2020.pdf": 8.878231203316018, "const.p._5_2024_04032024.pdf": 4.439115601658009, "crl.a._239_2020.pdf": 8.878231203316018, "j.p._614_2016.pdf": 31.07380921160606, "C.A._1169_2014.pdf": 13.317346804974026, "crl.a.7_p_2017.pdf": 17.756462406632036, "j.p._95_2017.pdf": 53.2693872198961, "Crl.A._12-P_2011.pdf": 8.878231203316018}, "pack": {"SMC5of2012[UrduVersion]dt16-6-2012.pdf": 9.689161419532347, "c.p._1331_l_2017.pdf": 4.8445807097661735, "Const.PetitionNo.77of2010_12.10.2012.pdf": 4.8445807097661735, "j.p._42_2017.pdf": 9.689161419532347, "SMC16of2011_detailed_judgment.pdf": 4.8445807097661735, "crl.a._231_2020.pdf": 4.8445807097661735, "C.A._95_2005.pdf": 4.8445807097661735, "crl.a._208_2022.pdf": 14.53374212929852, "c.a._513_2014.pdf": 4.8445807097661735, "c.a._458_2017.pdf": 4.8445807097661735, "j.p._637_2016.pdf": 4.8445807097661735, "crl.a._108_2020.pdf": 4.8445807097661735, "crl.a._48_2021.pdf": 14.53374212929852, "c.m.a._1243_2021.pdf": 4.8445807097661735, "Crl.A._582_2018.pdf": 4.8445807097661735, "crl.p._83_p_2013.pdf": 4.8445807097661735, "s.m.c._01_2020_18052020.pdf": 4.8445807097661735, "crl.a._366_2010.pdf": 14.53374212929852, "Crl.A._218_2015.pdf": 4.8445807097661735, "crl.p._30_p_2012.pdf": 4.8445807097661735}, "pac": {"Const.P.105-2012-eng-urd.PDF": 5.8944028342648505, "Crl.O.P.89of2011.pdf": 5.8944028342648505, "c.p._657_2020.pdf": 76.62723684544305, "Const.P._2_2011.pdf": 35.3664170055891, "const.p.6_2011_final.pdf": 11.788805668529701, "c.p._4725_2018.pdf": 64.83843117691336, "S.M.C.16of2011dt-22-3-2013.pdf": 5.8944028342648505}, "package": {"JR_Judgment_on_Legal_Framework_Order_2002.pdf": 3.6062064787229047, "Const.P._134_2012.pdf": 7.212412957445809, "c.p._1331_l_2017.pdf": 7.212412957445809, "Const.P_6of2011.pdf": 3.6062064787229047, "Const.P._38_2016.pdf": 3.6062064787229047, "SMC15OF2009.pdf": 3.6062064787229047, "NRO_Judgment.pdf": 7.212412957445809, "Const.P.12of2010.pdf": 3.6062064787229047, "S.M.C._20_2016.pdf": 3.6062064787229047, "const.p.42of2011.pdf": 3.6062064787229047, "Const.P.33_2013.pdf": 248.8282470318804, "Const.PetitionNo.77of2010_12.10.2012.pdf": 3.6062064787229047, "Urdu-Const.P-77-2010-12.10.2012.pdf": 3.6062064787229047, "crl.a._599_2020_26032021.pdf": 3.6062064787229047, "CAA_25.09.2013.pdf": 18.031032393614524, "c.a.149-150_2010.pdf": 3.6062064787229047, "Const.P.NO.62OF2010_orderdt06062011.pdf": 10.818619436168714, "HRC7734-G_1003-GOF2009[UrduTranslation].pdf": 10.818619436168714, "JR_Judgment_on_17th_Amendmend_and_Presidents_Uniform_Case.pdf": 3.6062064787229047, "HRC7734-G_1003-GOF2009[AllegedCorruptionInRentalPowerPlants].pdf": 14.424825914891619, "C.A._1189_2017.pdf": 32.455858308506144, "Crl.O.P._59_2015.pdf": 14.424825914891619, "c.p._2944_2019.pdf": 3.6062064787229047, "c.a._1660_2014.pdf": 3.6062064787229047, "CMA No.5144of2011.pdf": 7.212412957445809, "JR_Detailed_Judgment_in_Graduation_Qualification_Case.pdf": 3.6062064787229047, "C.P._1067_2016.pdf": 3.6062064787229047, "c.p._4185_2019.pdf": 14.424825914891619, "C.A._633_2007.pdf": 10.818619436168714, "c.p._43_l_2021.pdf": 3.6062064787229047, "c.p._4129_2019.pdf": 7.212412957445809, "c.p._3282_l_2022.pdf": 3.6062064787229047, "c.p._398_l_2018.pdf": 3.6062064787229047, "const.p.115_2011.pdf": 14.424825914891619, "c.p._3767_2023.pdf": 7.212412957445809, "h.r.c_11827_s_2018.pdf": 3.6062064787229047, "crl.p._513_2020.pdf": 3.6062064787229047, "c.a._1011_2020.pdf": 10.818619436168714, "Const.P.No.33and34of2005-dt-27-6-2013.pdf": 3.6062064787229047, "C.A.800Lof2013etc.pdf": 10.818619436168714, "reference._2_2022.pdf": 3.6062064787229047, "c.p._3317_2018.pdf": 3.6062064787229047, "c.a._1113_2017_dissenting_note.pdf": 3.6062064787229047, "Const.P.33of2013_09.07.13.pdf": 10.818619436168714, "reference_1_2020.pdf": 10.818619436168714, "c.a._1134_2020.pdf": 3.6062064787229047, "c.p._280_k_2019.pdf": 3.6062064787229047, "c.p._4963_2018.pdf": 140.6420526701933, "crl.a._48_2021.pdf": 7.212412957445809, "c.a._410_2020.pdf": 28.849651829783237, "c.a._1113_2017.pdf": 3.6062064787229047, "c.p._3709_2022.pdf": 3.6062064787229047, "c.a._94_2008.pdf": 3.6062064787229047, "crl.p._74_l_2018.pdf": 7.212412957445809, "c.a._661_2018.pdf": 3.6062064787229047, "SMCNo25of2009.pdf": 3.6062064787229047, "H.R.C._20171_B_2018.pdf": 3.6062064787229047, "c.p._4_k_2021.pdf": 3.6062064787229047, "c.a._1237_2020.pdf": 115.39860731913295, "Const.P._134_2012_21012019.pdf": 7.212412957445809, "C.A._1050_2009.pdf": 3.6062064787229047, "crl.r.p_1_2016.pdf": 3.6062064787229047, "C.A.876-879of2005.pdf": 3.6062064787229047, "S.M.C.9of2012dt-21-12-2012.pdf": 3.6062064787229047, "H.R.C._17599_2018.pdf": 10.818619436168714, "c.p._84_p_2020.pdf": 7.212412957445809, "H.R.C._3654_2018.pdf": 50.48689070212067, "c.p._3750_2020.pdf": 10.818619436168714, "Const.P.5and15-HRC14144-DetailedReasons.pdf": 3.6062064787229047}, "packing": {"c.p._1331_l_2017.pdf": 5.201255653704905, "S.M.C.18OF2010.pdf": 5.201255653704905, "C.A._26_2009.pdf": 5.201255653704905, "crl.a._177_2022.pdf": 5.201255653704905, "C.A._95_2005.pdf": 10.40251130740981, "c.a._444_2017.pdf": 5.201255653704905,