{"paddington": {"C.R.P._297_2017_Reserved.pdf": 7.1471658027602185, "Const.P._29_2016_28072016.pdf": 7.1471658027602185}, "paddy": {"C.P.796of2007-UrduTranslation-dt-10-5-2013.pdf": 6.741700694652055, "C.P.796of2007-dt-10-5-2013.pdf": 6.741700694652055, "c.a._45_l_2018.pdf": 6.741700694652055}, "pad": {"C.P.796of2007-UrduTranslation-dt-10-5-2013.pdf": 6.048553514092109, "crl.p._342_2018.pdf": 6.048553514092109, "CMA_1145-K_2013_in_SMC_16-2011_08-03-2013.pdf": 12.097107028184219, "C.P.796of2007-dt-10-5-2013.pdf": 6.048553514092109, "C.A._1219_2014.pdf": 6.048553514092109, "SMCNo25of2009.pdf": 6.048553514092109}, "padher": {"Const.P_6of2011.pdf": 15.680625966640328}, "padmanabhan": {"c.a._803_2016.pdf": 7.840312983320164}, "padma": {"Const.P.12of2010.pdf": 7.840312983320164}, "padvi": {"Const.P.12of2010.pdf": 7.840312983320164}, "padam": {"Const.P._29_2016.pdf": 7.840312983320164}, "padshahan": {"ICA-1OF2012-UrduTranslation.pdf": 7.840312983320164}, "padhaya": {"ICA-1OF2012-UrduTranslation.pdf": 7.840312983320164}, "padding": {"crl.a._599_2020_26032021.pdf": 7.840312983320164}, "padur": {"HRC7734-G_1003-GOF2009[UrduTranslation].pdf": 7.840312983320164}, "padmasundara": {"i.c.a._1_2024_dn_20032024.pdf": 7.1471658027602185, "c.p._2_2022_dissenting_note.pdf": 14.294331605520437}, "padhrar": {"c.p._1290_l_2019.pdf": 7.840312983320164}, "padagai": {"c.a._364_2023.pdf": 15.680625966640328}, "padampat": {"c.p._596_2021.pdf": 7.840312983320164}, "padhye": {"reference_1_2020.pdf": 7.840312983320164}, "paddle": {"C.P._357_2016.pdf": 7.840312983320164}, "padidan": {"Crl.P._751_2017.pdf": 7.840312983320164}}