{"paean": {"Const.P.12of2010.pdf": 7.840312983320164}, "paec": {"c.a.1540-1599_2013.pdf": 12.908037244400546, "C.A._654_2010.pdf": 6.454018622200273, "C.P._3095_2017.pdf": 12.908037244400546, "CJD_Section 2-A_Case_as_on_26_06_2006.pdf": 12.908037244400546}, "paediatric": {"C.A._125_K_2016_JPMC_Dissenting_Note.pdf": 23.52093894996049}}