{"pafa": {"Const.P.12of2010.pdf": 7.840312983320164}, "paf": {"Const.P.33_2013.pdf": 5.760871441640328, "Const.P.NO.62OF2010_orderdt06062011.pdf": 17.282614324920985, "const.p._24_to_26_of_2023_04072023.pdf": 5.760871441640328, "const.p._24_2023_an_10012024_r.pdf": 5.760871441640328, "c.a._1010_2020.pdf": 5.760871441640328, "const.p._24_2023_f.pdf": 5.760871441640328, "CJD_Section 2-A_Case_as_on_26_06_2006.pdf": 46.08697153312262, "CMA3258of2013inCP65of09DetailOrder.pdf": 5.760871441640328}, "pafl": {"c.a._1275_2009.pdf": 7.840312983320164}}