{"pahlaj": {"Const.P_6of2011.pdf": 7.840312983320164}, "pahari": {"Crl.O.P_57_2015.pdf": 6.741700694652055, "SMC16of2011_detailed_judgment.pdf": 26.96680277860822, "ConstitutionPetitionNo39of2009.pdf": 6.741700694652055}, "pahar": {"NRO_Judgment.pdf": 7.840312983320164}, "paharpur": {"c.a._2433_2016.pdf": 23.52093894996049}, "pahktunkhwa": {"c.a._2186_2017.pdf": 7.1471658027602185, "c.a._2619_2016.pdf": 7.1471658027602185}, "paharang": {"C.P._4682_2017.pdf": 7.840312983320164}, "paharipura": {"crl.p._234_2020.pdf": 7.840312983320164}, "pahartali": {"c.p._1276_2020.pdf": 7.840312983320164}}