{"pao": {"const.p.20_2013.pdf": 6.741700694652055, "c.a._23_p_2017.pdf": 6.741700694652055, "C.M.A.2376of2013inConst.P.105-dt-7-5-13.pdf": 6.741700694652055}}