{"pavement": {"c.a._837_2011.pdf": 5.8944028342648505, "Const.P.33_2013.pdf": 53.049625508383656, "c.a._2444_2016.pdf": 5.8944028342648505, "Const.P.33of2013_09.07.13.pdf": 5.8944028342648505, "H.R.C._17599_2018.pdf": 5.8944028342648505, "S.M.C._7_2017_06022019.pdf": 5.8944028342648505, "C.M.A._8215_2016.pdf": 11.788805668529701}, "pave": {"NRO_Judgment.pdf": 14.387371636790224, "Const.P.12of2010.pdf": 33.570533819177186, "Const.P.87of2011[UrduVersion].pdf": 4.795790545596741, "Const.P.33_2013.pdf": 4.795790545596741, "CPLA_796_2007_ETC_SHORT_ORDER_REKO_DIQ_CASE.pdf": 4.795790545596741, "s.m.c._1_2022_detailed.pdf": 4.795790545596741, "SMC16of2011_detailed_judgment.pdf": 9.591581091193483, "c.p._1347_2019.pdf": 4.795790545596741, "c.p._2119_2018.pdf": 4.795790545596741, "Crl.A._39_L_2015_Urdu.pdf": 4.795790545596741, "Crl.O.P._59_2015.pdf": 4.795790545596741, "Const.P.87of2011.pdf": 4.795790545596741, "crl.p._96_k_2021.pdf": 4.795790545596741, "c.p._2314_2022_dn.pdf": 4.795790545596741, "J.P.No.56of2005.pdf": 4.795790545596741, "reference._2_2022.pdf": 4.795790545596741, "crl.p._69_q_2019.pdf": 4.795790545596741, "c.p._3215_2021.pdf": 4.795790545596741, "j.p._112_2017.pdf": 4.795790545596741, "crl.p._594_2020.pdf": 4.795790545596741, "H.R.C._17599_2018.pdf": 4.795790545596741}, "pavilion": {"HRC-4668of2006.pdf": 47.04187789992098}, "pavithran": {"J.P.No.56of2005.pdf": 7.840312983320164}, "paver": {"c.p._280_k_2019.pdf": 31.361251933280656}}