{"pawn": {"Const.P.12of2010.pdf": 28.588663211040874, "C.M.A._376-K_2014.pdf": 7.1471658027602185}, "pawnee": {"C.A._1447_2016.pdf": 7.840312983320164}, "pawan": {"C.A._1000_2006.pdf": 7.840312983320164}}