{"pbc": {"ConstitutionPetitionNo21OF2007.pdf": 9.591581091193483, "Const.P._134_2012.pdf": 105.5073920031283, "Const.P.77of2012[DetailedOrderFinal].pdf": 9.591581091193483, "smc.24_2010.pdf": 4.795790545596741, "s.m.c._1_2023_01032023.pdf": 4.795790545596741, "const.p.6_2023.pdf": 4.795790545596741, "const.p._6_2023_08052023.pdf": 4.795790545596741, "s.m.c._4_2021_26aug2021.pdf": 4.795790545596741, "const.p._13_2023.pdf": 9.591581091193483, "reference._2_2022.pdf": 4.795790545596741, "s.m.c._1_2023_12062023.pdf": 4.795790545596741, "const.p._13_2023_09052023.pdf": 76.73264872954786, "const.p._6_2023_111023.pdf": 4.795790545596741, "const.p.105-12_hamid_mir_case_20-12-12.pdf": 4.795790545596741, "s.m.c._4_2021_26082021.pdf": 23.978952727983707, "Const.P._134_2012_21012019.pdf": 182.24004073267616, "s.m.c._4_2021.pdf": 9.591581091193483, "C.P.2255OF2010dt-8-4-2013.pdf": 4.795790545596741, "c.p._3797_2020.pdf": 9.591581091193483, "H.R.C._3654_2018.pdf": 4.795790545596741, "c.m.a._6786_2020.pdf": 23.978952727983707}}