{"pbs": {"cma_908_2014_22.04.2014.pdf": 20.225102083956166, "const.p._64_2013.pdf": 6.741700694652055, "H.R.C._17599_2018.pdf": 13.48340138930411}}