{"pc": {"Crl.A._24_2010.pdf": 9.646020510107679, "Const.P.127of2012.pdf": 3.215340170035893, "ConstitutionPetitionNo21OF2007.pdf": 9.646020510107679, "HR-19of1996.pdf": 3.215340170035893, "C.P.796of2007-UrduTranslation-dt-10-5-2013.pdf": 6.430680340071786, "C.R.P._49_2016.pdf": 6.430680340071786, "C.M.A.No.3685of2012-dt-17-1-2013.pdf": 6.430680340071786, "NRO_Judgment.pdf": 3.215340170035893, "crl.p._1067_2020.pdf": 3.215340170035893, "C.A._3_2018_dt-14-9-2018.pdf": 3.215340170035893, "Const.P._29_2016.pdf": 12.861360680143571, "C.R.P._125_2014.pdf": 3.215340170035893, "Const.P.77of2012[DetailedOrderFinal].pdf": 6.430680340071786, "C.A._3_2018.pdf": 3.215340170035893, "Ref.01_2012_addl.note_HJ.ejaz_afzal_khan.pdf": 3.215340170035893, "j.p._147_2016.pdf": 3.215340170035893, "crl.a._528_2019.pdf": 9.646020510107679, "smc.24_2010.pdf": 3.215340170035893, "Const.P.46of2013-dt-27-12-2013.pdf": 128.6136068014357, "smc_1_2014.pdf": 9.646020510107679, "C.P.796of2007-dt-10-5-2013.pdf": 12.861360680143571, "crp.328-329_2013.pdf": 3.215340170035893, "Crl.O.P.89of2011.pdf": 9.646020510107679, "Const.P.5of2013.pdf": 12.861360680143571, "c.a._2434_2016.pdf": 3.215340170035893, "Crl.P.163_to_171_S.M.C.5_2005.pdf": 3.215340170035893, "C.A._1406_2016.pdf": 3.215340170035893, "j.p._169_2021.pdf": 3.215340170035893, "crl.p._921_2023_23082023.pdf": 3.215340170035893, "j.p._335_2017.pdf": 6.430680340071786, "C.R.P._383_2005.pdf": 3.215340170035893, "Crl.A._465_2015.pdf": 3.215340170035893, "crl.p._1017_2020.pdf": 3.215340170035893, "crl.p._1029_2020.pdf": 9.646020510107679, "crl.p._230_2019.pdf": 12.861360680143571, "j.p._262_2015.pdf": 6.430680340071786, "Const.P.No.77of2012[ShortOrder2.8.2012].pdf": 6.430680340071786, "c.a._353_2010.pdf": 6.430680340071786, "Crl.M.A_183_2019.pdf": 6.430680340071786, "crl.p_77_p_2020.pdf": 3.215340170035893, "const.p._17_2020_dissenting_note_hj11.pdf": 3.215340170035893, "crl.p._551_2020.pdf": 3.215340170035893, "const.p.115_2011.pdf": 12.861360680143571, "Crl.A._149_L_2017.pdf": 6.430680340071786, "c.a.32_k_2018.pdf": 3.215340170035893, "C.A._1428_2016.pdf": 6.430680340071786, "C.A._2564_2001.pdf": 28.938061530323036, "C.R.P.193of2013.pdf": 3.215340170035893, "j.p._382_2017.pdf": 3.215340170035893, "Crl.P.200of2009.pdf": 3.215340170035893, "c.p.1603_2012.pdf": 3.215340170035893, "Crl.A._115_2013.pdf": 3.215340170035893, "c.a._1172_2020.pdf": 6.430680340071786, "Crl.M.A._200_2019.pdf": 6.430680340071786, "const.p._21_2022_30102023.pdf": 3.215340170035893, "const.p._21_2023_11082023.pdf": 25.722721360287142, "Const.Petition.24_2011_dt02062011.pdf": 3.215340170035893, "c.p._1159_2019.pdf": 3.215340170035893, "crl.p._1228_2020.pdf": 9.646020510107679, "C.A._1890_2002.pdf": 3.215340170035893, "c.a._914_l_2013.pdf": 6.430680340071786, "c.a._937_2018.pdf": 3.215340170035893, "C.P._816_2009.pdf": 6.430680340071786, "c.a._547_2012.pdf": 3.215340170035893, "crl.a._208_2022.pdf": 12.861360680143571, "C.P._816-L_2009.pdf": 6.430680340071786, "j.p._637_2016.pdf": 9.646020510107679, "crl.p._1298_2017.pdf": 3.215340170035893, "c.p._3958_2019.pdf": 3.215340170035893, "crl.a_413-414_2013_18.02.2014.pdf": 3.215340170035893, "crl.a._597_2018_dt_25_01_2024.pdf": 9.646020510107679, "c.p._1496_k_2021.pdf": 6.430680340071786, "smc.16of2011.pdf": 3.215340170035893, "CMA2745of2009etc.pdf": 6.430680340071786, "c.p._3287_2019.pdf": 3.215340170035893, "crl.p_1124_l_2015.pdf": 19.292041020215358, "C.A.404of2011.pdf": 3.215340170035893, "Crl.A._617_2017.pdf": 3.215340170035893, "Const.P._46_2013.pdf": 3.215340170035893, "c.p._2314_2022.pdf": 3.215340170035893, "C.A.2234and2235of2005-dt-31-8-2013.pdf": 3.215340170035893, "c.a._1877_2016_dt_24_01_2024.pdf": 9.646020510107679, "c.a._1011_2016.pdf": 3.215340170035893, "C.A._1086_2009.pdf": 3.215340170035893, "j.p._614_2016.pdf": 3.215340170035893, "crl.p._13_k_2023.pdf": 3.215340170035893, "c.a._52_k_2022.pdf": 6.430680340071786, "c.p._940_k_2022.pdf": 3.215340170035893, "c.a._24_k_2019.pdf": 3.215340170035893, "c.p._3413_2017.pdf": 3.215340170035893, "C.A._1000_2006.pdf": 3.215340170035893, "C.A.876-879of2005.pdf": 3.215340170035893, "c.a._722_2012.pdf": 3.215340170035893, "crl.p._742_l_2019.pdf": 3.215340170035893, "CJD_Section 2-A_Case_as_on_26_06_2006.pdf": 3.215340170035893, "crl.p._566_2021.pdf": 3.215340170035893, "CJD_Pakistan_Steel_Mills_Case.pdf": 48.23010255053839, "HR8340OF2010.pdf": 6.430680340071786, "C.A._622 _2008.pdf": 12.861360680143571, "C.A._539_2003.pdf": 6.430680340071786, "C.A._946_2014.pdf": 3.215340170035893, "Const.P.5and15-HRC14144-DetailedReasons.pdf": 109.32156578122036}}