{"pcgg": {"NRO_Judgment.pdf": 23.52093894996049}, "pcg": {"smc.16of2011.pdf": 7.840312983320164}}