{"pcmr": {"c.m.a._5602_2021.pdf": 7.1471658027602185, "c.m.a._4821_2018.pdf": 7.1471658027602185}}