{"pco": {"Const.P.127of2012.pdf": 35.25060623068014, "Crl.O.P._09_2018.pdf": 26.437954673010104, "Crl.A._479_2015.pdf": 4.406325778835018, "NRO_Judgment.pdf": 8.812651557670035, "Const.P.40of2012-DetailJudgment[UrduTranslation]-dt-3.7.2012.pdf": 4.406325778835018, "Const.P.12of2010.pdf": 22.03162889417509, "cma_2774_2014_in_const.p.51_2010_dt_22.05.14.pdf": 8.812651557670035, "c.a.149-150_2010.pdf": 4.406325778835018, "H.R.C.19of1996[AsgharKhanCase]DetailedReasonsUrduTranslation.pdf": 8.812651557670035, "SMC16of2011_detailed_judgment.pdf": 4.406325778835018, "I.C.A._7_2018.pdf": 4.406325778835018, "CP778-779.pdf": 83.72018979786533, "Const.P.40of2012-DetailJudgment-dt-3.7.2012.pdf": 4.406325778835018, "H.R.C.19of1996[AsgharKhanCase]DetailedReasons.pdf": 8.812651557670035, "JR_Judgment_on_17th_Amendmend_and_Presidents_Uniform_Case.pdf": 8.812651557670035, "crp.328-329_2013.pdf": 17.62530311534007, "Const.P.5of2013.pdf": 17.62530311534007, "JR_Detailed_Judgment_in_Graduation_Qualification_Case.pdf": 8.812651557670035, "JR_Detailed_Judgment_in_Referendum_Case.pdf": 180.6593569322357, "JR_Constitution_Petition_No._15_17-24_and_512_of_2002.pdf": 13.218977336505052, "CONST.P.9OF2009.pdf": 8.812651557670035, "Const.P.No.33and34of2005-dt-27-6-2013.pdf": 8.812651557670035, "CMA2745of2009etc.pdf": 30.844280451845123, "const.p._32_2023_additional_note.pdf": 13.218977336505052, "SMC24-2010.pdf": 8.812651557670035, "ICA3,4,6TO11of2011dt2011.04.pdf": 268.78587250893605, "C.P.2255OF2010dt-8-4-2013.pdf": 8.812651557670035, "c.p._3797_2020.pdf": 26.437954673010104, "Criminal_Original_P93to98.pdf": 39.65693200951516, "C.A._118_2016.pdf": 22.03162889417509, "ICA-1-2012-Dt09.02.2012.pdf": 4.406325778835018}}