{"pcrwr": {"Const.P._38_2016.pdf": 15.680625966640328}, "pcrlj": {"c.p._620_2021.pdf": 46.811300883344146, "crl.p._883_l_2022_urdu.pdf": 10.40251130740981, "j.p._147_2016.pdf": 46.811300883344146, "C.A._718_2007.pdf": 5.201255653704905, "c.p._3532_2023.pdf": 5.201255653704905, "HRC-4668of2006.pdf": 5.201255653704905, "Const.P._24_2012.pdf": 5.201255653704905, "C.A._448_2014_DJ.pdf": 5.201255653704905, "crl.p._1075_l_2020.pdf": 20.80502261481962, "crl.p_1124_l_2015.pdf": 5.201255653704905, "c.p._2000_l_2020.pdf": 15.603766961114715, "c.p.1795_2022.pdf": 5.201255653704905, "crl.a._154_l_2013.pdf": 10.40251130740981, "crl.p._742_l_2019.pdf": 5.201255653704905}, "pcr": {"NRO_Judgment.pdf": 5.201255653704905, "smc.18_2010_final.pdf": 5.201255653704905, "crl.p._1233_2023.pdf": 5.201255653704905, "Crl.A._1-K_2018.pdf": 5.201255653704905, "Crl.M.A_183_2019.pdf": 10.40251130740981, "c.a._982_2018_19022024.pdf": 5.201255653704905, "crl.a.19of2012.pdf": 20.80502261481962, "Crl.A.140of2005.pdf": 20.80502261481962, "Crl.M.A._200_2019.pdf": 5.201255653704905, "c.a._982_2018_19022024_2.pdf": 5.201255653704905, "crl.p._1075_l_2020.pdf": 5.201255653704905, "C.P._3912_2016.pdf": 5.201255653704905, "crl.p._440_2022 .pdf": 20.80502261481962, "H.R.C._10842_P_2018.pdf": 31.20753392222943}, "pcrdp": {"const.p._64_2013.pdf": 7.840312983320164}}