{"pcsa": {"C.R.P._49_2016.pdf": 23.52093894996049}, "pcsir": {"c.p._1882_2016.pdf": 7.1471658027602185, "SMCNo25of2009.pdf": 7.1471658027602185}}