{"pct": {"c.p._1882_2016.pdf": 56.43088405983945, "C.A._427_2009.pdf": 11.28617681196789, "C.A._1291_2005.pdf": 22.57235362393578, "C.A._1125_2007.pdf": 56.43088405983945, "C.A._1509_2016.pdf": 400.65927682486006, "c.a._458_2017.pdf": 5.643088405983945, "c.p._389_2022.pdf": 33.85853043590367, "c.a._1077_2011.pdf": 33.85853043590367, "c.p._4700_2021.pdf": 5.643088405983945}, "pctlr": {"c.p._4296_2019.pdf": 7.840312983320164}, "pctitioner": {"c.a._1295_2019.pdf": 21.441497408280654, "c.p._1092_2018.pdf": 14.294331605520437}, "pctl": {"C.A._1125_2007.pdf": 7.840312983320164}, "pctb": {"c.m.a._4821_2018.pdf": 15.680625966640328}}