{"pdk": {"c.a._24_2015.pdf": 6.230875070886063, "const.p._17_2019_detailed_reasoning.pdf": 6.230875070886063, "const.p._39_16122019.pdf": 6.230875070886063, "const.p._39_2019.pdf": 6.230875070886063, "c.m.a._1243_2021_04042022.pdf": 6.230875070886063}}