{"pe": {"Const.P_6of2011.pdf": 10.264525564435909, "c.p._2911_2018.pdf": 5.132262782217954, "NRO_Judgment.pdf": 5.132262782217954, "crl.p._849_2019.pdf": 15.396788346653864, "HRC7734-G_1003-GOF2009[UrduTranslation].pdf": 5.132262782217954, "crl.p._370_2019.pdf": 5.132262782217954, "j.p._154_2016.pdf": 5.132262782217954, "j.p._499_2015.pdf": 5.132262782217954, "c.a._654_2021.pdf": 5.132262782217954, "Crl.A._617_2017.pdf": 5.132262782217954, "j.p._201_2015.pdf": 5.132262782217954, "c.a._94_2008.pdf": 15.396788346653864, "j.p._282_2017.pdf": 25.66131391108977, "j.p._348_2019.pdf": 5.132262782217954, "clr.a._250_2020.pdf": 5.132262782217954}}