{"pebble": {"c.p._4599_2017.pdf": 7.1471658027602185, "C.A._1171_2017.pdf": 7.1471658027602185}}