{"peculiar": {"Const.P.127of2012.pdf": 14.51866790428727, "c.p._303_2019.pdf": 2.419777984047878, "Crl.O.P._09_2018.pdf": 2.419777984047878, "crl.a._154_2020.pdf": 2.419777984047878, "c.a._219_2015.pdf": 2.419777984047878, "Const.P.105-2012-eng-urd.PDF": 2.419777984047878, "crl.s.m.r.p._84_2018.pdf": 4.839555968095756, "C.R.P._49_2016.pdf": 7.259333952143635, "crl.a._400_2019.pdf": 2.419777984047878, "Const.P.31of2011etc.pdf": 4.839555968095756, "c.p._1809_2020.pdf": 2.419777984047878, "Const.P.12of2010.pdf": 14.51866790428727, "S.M.C._20_2016.pdf": 2.419777984047878, "j.p._405_2021.pdf": 2.419777984047878, "Const.P._29_2016.pdf": 4.839555968095756, "C.R.P._125_2014.pdf": 9.679111936191513, "smc.18_2010_final.pdf": 2.419777984047878, "Const.P.77of2012[DetailedOrderFinal].pdf": 9.679111936191513, "crl.a._599_2020_26032021.pdf": 9.679111936191513, "Const.P._36_2016_dt_15_12_2017.pdf": 2.419777984047878, "S.J.C_347_2018.PDF": 2.419777984047878, "Const.P.30of2013.pdf": 2.419777984047878, "c.a.149-150_2010.pdf": 4.839555968095756, "C.A._861_2007.pdf": 2.419777984047878, "s.m.c._1_2022_detailed.pdf": 2.419777984047878, "C.A._870_2014.pdf": 2.419777984047878, "SMC16of2011_detailed_judgment.pdf": 2.419777984047878, "crl.a._95_2019.pdf": 4.839555968095756, "REVIEW_P_46&47_2011_full.pdf": 2.419777984047878, "H.R.C.19of1996[AsgharKhanCase]DetailedReasons.pdf": 2.419777984047878, "Const.P.77-78-79 [Memogate]DetailedOrder.pdf": 2.419777984047878, "C.P.796of2007-dt-10-5-2013.pdf": 2.419777984047878, "const.p.23of2012.pdf": 2.419777984047878, "Const.P.5of2013.pdf": 7.259333952143635, "c.a._608_2021.pdf": 2.419777984047878, "Crl.P.163_to_171_S.M.C.5_2005.pdf": 2.419777984047878, "c.p._1057_2019.pdf": 2.419777984047878, "crl.p._493_2021.pdf": 2.419777984047878, "S.M.C._18_2016.pdf": 2.419777984047878, "C.P._2093_2015.pdf": 2.419777984047878, "Crl.A._157_L_2017.pdf": 2.419777984047878, "Crl.O.P._59_2015.pdf": 2.419777984047878, "const.p._14_2023.pdf": 2.419777984047878, "j.p._739_2018.pdf": 2.419777984047878, "Crl.A._104_2010.pdf": 2.419777984047878, "C.A._718_2007.pdf": 2.419777984047878, "c.a._1018_2016.pdf": 4.839555968095756, "crl.a._297_2020.pdf": 2.419777984047878, "c.a._1355_2006.pdf": 7.259333952143635, "C.R.A._248_2009.pdf": 2.419777984047878, "C.A._417-L_2009.pdf": 2.419777984047878, "C.A._176_2015.pdf": 2.419777984047878, "crl.p._596_l_2022.pdf": 2.419777984047878, "crl.p._27_p_2014.pdf": 2.419777984047878, "S.M.C._13_2016_dt_31-03-2017.pdf": 2.419777984047878, "crl.p._17_l_2018.pdf": 2.419777984047878, "CMA No.5144of2011.pdf": 2.419777984047878, "c.p._1417_2022.pdf": 2.419777984047878, "crl.p._1619_2022.pdf": 2.419777984047878, "JR_Detailed_Judgment_in_Graduation_Qualification_Case.pdf": 4.839555968095756, "Const.P.5of2013-dt-13-2-2013.pdf": 2.419777984047878, "C.P._84_P_2015.pdf": 2.419777984047878, "c.r.p._296_2020_29012022.pdf": 2.419777984047878, "crl.s.a.07_2011.pdf": 2.419777984047878, "c.a._1241_2013.pdf": 4.839555968095756, "Crl.A._235_2010.pdf": 2.419777984047878, "JR_Detailed_Judgment_in_Referendum_Case.pdf": 7.259333952143635, "Const.P.20to27-39&45.pdf": 2.419777984047878, "const.p._2_2022_14102022.pdf": 7.259333952143635, "c.p._262_p_2017.pdf": 2.419777984047878, "crl.p._299_2020_07042020.pdf": 2.419777984047878, "crl.p._528_l_2023.pdf": 4.839555968095756, "Crl.M.A_183_2019.pdf": 2.419777984047878, "crl.p._1710_l_2017.pdf": 2.419777984047878, "JR_Constitution_Petition_No._15_17-24_and_512_of_2002.pdf": 4.839555968095756, "const.p._17_2020_dissenting_note_hj11.pdf": 2.419777984047878, "crl.p._989_2021.pdf": 2.419777984047878, "c.p._397_2022.pdf": 2.419777984047878, "C.R.P._268_2015.pdf": 2.419777984047878, "c.p._2712_2020.pdf": 4.839555968095756, "c.a._441_2020.pdf": 2.419777984047878, "C.P._1598_2016.pdf": 2.419777984047878, "Crl.A._210_2015.pdf": 4.839555968095756, "crl.p._209_2018.pdf": 2.419777984047878, "c.a._444_2017.pdf": 4.839555968095756, "Crl.P._169_2007.pdf": 2.419777984047878, "C.A._280-L_2009.pdf": 2.419777984047878, "j.p._960_2017.pdf": 2.419777984047878, "crl.p._1276_2023.pdf": 2.419777984047878, "C.A._1340_2018.pdf": 2.419777984047878, "C.R.P.193of2013.pdf": 9.679111936191513, "crl.a.19of2012.pdf": 2.419777984047878, "Crl.A.13-14-15and16of2004and53of2011.pdf": 4.839555968095756, "Const.P._2_2011.pdf": 2.419777984047878, "c.p._3203_2017.pdf": 4.839555968095756, "c.p._5178_2021.pdf": 2.419777984047878, "S.M.C._03_2017.pdf": 4.839555968095756, "c.r.p._421_2020.pdf": 2.419777984047878, "c.a._346_2020.pdf": 2.419777984047878, "Crl.P._15_2015.pdf": 2.419777984047878, "const.p._17_2019_detailed_reasoning.pdf": 7.259333952143635, "c.a._377_2014.pdf": 2.419777984047878, "crl.p._982_l_2022.pdf": 2.419777984047878, "Crl.M.A._200_2019.pdf": 4.839555968095756, "C.A._1509_2016.pdf": 2.419777984047878, "s.m.c._1_2023_27032023.pdf": 2.419777984047878, "c.p._3097_2015.pdf": 2.419777984047878, "C.P._2066_2013.pdf": 2.419777984047878, "const.p._39_16122019.pdf": 4.839555968095756, "Crl.A._137_L_2010.pdf": 2.419777984047878, "crl.p._26_p_2020.pdf": 2.419777984047878, "c.p._2314_2022_dn.pdf": 4.839555968095756, "c.p._989_2015.pdf": 2.419777984047878, "c.p._517_l_2016.pdf": 4.839555968095756, "crl.p._103_p_2022.pdf": 2.419777984047878, "c.a._414_2021.pdf": 2.419777984047878, "c.a._350_2020.pdf": 2.419777984047878, "Const.P._29_2017.pdf": 4.839555968095756, "c.p._819_2017.pdf": 2.419777984047878, "c.a._140_l_2015.pdf": 2.419777984047878, "c.a._1772_2008.pdf": 4.839555968095756, "c.a._1476_2018.pdf": 2.419777984047878, "c.a._17_q_2021.pdf": 2.419777984047878, "C.P._842_2016.pdf": 4.839555968095756, "crl.p._534_2019.pdf": 2.419777984047878, "crl.p._733_l_2018.pdf": 2.419777984047878, "C.A._288_2013.pdf": 2.419777984047878, "crl.p._560_l_2021.pdf": 2.419777984047878, "c.a._1562_2020.pdf": 2.419777984047878, "c.r.p._420_2016.pdf": 2.419777984047878, "const.p._43_2023.pdf": 4.839555968095756, "const.p._24_2023_f.pdf": 2.419777984047878, "Crl.A._274_2006.pdf": 2.419777984047878, "crl.a._633_2019_15092023.pdf": 2.419777984047878, "crl_r_p.8-l_2013.pdf": 7.259333952143635, "reference_1_2020.pdf": 2.419777984047878, "crl.a._560_2020.pdf": 4.839555968095756, "CMA2745of2009etc.pdf": 12.09888992023939, "C.A.39_2010.pdf": 2.419777984047878, "c.a._1134_2020.pdf": 2.419777984047878, "c.a._1498_2018.pdf": 2.419777984047878, "crl.p_1124_l_2015.pdf": 2.419777984047878, "c.a._139_p_2013.pdf": 2.419777984047878, "C.P._1958_2016.pdf": 2.419777984047878, "c.a._1521_2018.pdf": 2.419777984047878, "c.a._1653_2021.pdf": 2.419777984047878, "C.A._1447_2016.pdf": 2.419777984047878, "Crl.P._32_2017.pdf": 2.419777984047878, "JR_Varan_Case.pdf": 2.419777984047878, "crl.p._601_l_2021.pdf": 2.419777984047878, "c.a._2084_2016.pdf": 2.419777984047878, "crl.p._475_2022.pdf": 9.679111936191513, "j.p._112_2017.pdf": 2.419777984047878, "c.a._1113_2017.pdf": 4.839555968095756, "reference_1_2011_06mar2024.pdf": 2.419777984047878, "S.M.C_15_2015.pdf": 2.419777984047878, "c.a._2121_2017.pdf": 2.419777984047878, "C.A.2234and2235of2005-dt-31-8-2013.pdf": 4.839555968095756, "c.a._2186_2017.pdf": 2.419777984047878, "c.p.2124_2013.pdf": 2.419777984047878, "c.a._188_2019.pdf": 2.419777984047878, "JR_The_State_through_NAB_VS_Haji_Nasim-ur-Rehman.pdf": 7.259333952143635, "SMC24-2010.pdf": 2.419777984047878, "ICA3,4,6TO11of2011dt2011.04.pdf": 7.259333952143635, "crl.p._112_p_2014.pdf": 2.419777984047878, "const.p.39_2019.pdf": 2.419777984047878, "crl.p._893_2020.pdf": 2.419777984047878, "crl.a._266_2019.pdf": 2.419777984047878, "c.a._957_2014.pdf": 2.419777984047878, "s.m.c._4_2021_26082021.pdf": 2.419777984047878, "SMCNo25of2009.pdf": 2.419777984047878, "Crl.P._1099_2016.pdf": 2.419777984047878, "Crl.O.P.6of2012.pdf": 2.419777984047878, "j.p._24_2016.pdf": 4.839555968095756, "Const.P.73of2011.pdf": 2.419777984047878, "c.p._1007_2022.pdf": 2.419777984047878, "crl.p._408_l_2021.pdf": 2.419777984047878, "c.a.482_2014.pdf": 2.419777984047878, "C.A._157_K_2016.pdf": 2.419777984047878,