{"pedestal": {"Const.P.127of2012.pdf": 8.067300987099689, "ConstitutionPetitionNo21OF2007.pdf": 8.067300987099689, "crl.a._251_2020.pdf": 4.033650493549844, "Const.P.12of2010.pdf": 28.23555345484891, "Const.P._29_2016.pdf": 4.033650493549844, "c.p._2243_l_2019.pdf": 4.033650493549844, "crl.a._95_2019.pdf": 4.033650493549844, "crl.a._528_2019.pdf": 4.033650493549844, "Const.P_3_2014.pdf": 4.033650493549844, "const.p._24_2023_an_10012024_r.pdf": 8.067300987099689, "c.a._130_2021.pdf": 4.033650493549844, "crl.m.a._62_p_2018.pdf": 4.033650493549844, "Crl.A._465_2015.pdf": 4.033650493549844, "c.r.p._296_2020_29012022.pdf": 4.033650493549844, "Crl.P._105_2017.pdf": 4.033650493549844, "Const.P.No.77of2012[ShortOrder2.8.2012].pdf": 4.033650493549844, "s.m.c._01_2020.pdf": 4.033650493549844, "Const.P.87of2011.pdf": 4.033650493549844, "c.a._353_2010.pdf": 4.033650493549844, "C.A._1563_2014.pdf": 4.033650493549844, "c.a._1095_2018_13092019.pdf": 4.033650493549844, "const.p._17_2019_detailed_reasoning.pdf": 4.033650493549844, "const.p._21_2023_11082023.pdf": 16.134601974199377, "ca_407_2013.pdf": 4.033650493549844, "C.A._654_2010.pdf": 4.033650493549844, "c.p._1171_2021.pdf": 8.067300987099689, "c.a._1562_2020.pdf": 4.033650493549844, "c.r.p._420_2016.pdf": 4.033650493549844, "const.p._24_2023_f.pdf": 8.067300987099689, "CMA2745of2009etc.pdf": 4.033650493549844, "Crl.P._488_2015.pdf": 4.033650493549844, "crl.p._75_q_2021.pdf": 4.033650493549844, "Crl.P.No.426of2009&Crl.A.No.pdf": 4.033650493549844, "const.p._48_2019.pdf": 4.033650493549844, "Crl.A.126of2012.pdf": 4.033650493549844, "s.m.c._4_2021_26082021.pdf": 4.033650493549844, "Crl.O.P.6of2012.pdf": 8.067300987099689, "C.A._1085_2017.pdf": 4.033650493549844, "C.P._357_2016.pdf": 4.033650493549844, "CJD_Section 2-A_Case_as_on_26_06_2006.pdf": 4.033650493549844, "c.a._508_2020.pdf": 4.033650493549844, "crl.m.a._1659_2019.pdf": 4.033650493549844, "C.A._510_2012.pdf": 4.033650493549844, "crl.p._691_2020.pdf": 4.033650493549844, "C.P._632_2018.pdf": 4.033650493549844}, "pedantic": {"Const.P.127of2012.pdf": 23.107185792259813, "ConstitutionPetitionNo21OF2007.pdf": 4.621437158451963, "CPs.10-18of2011.pdf": 4.621437158451963, "Const.P.12of2010.pdf": 13.864311475355889, "const.p.42of2011.pdf": 4.621437158451963, "Const.P.77of2012[DetailedOrderFinal].pdf": 4.621437158451963, "Const.P.40of2012-DetailJudgment-dt-3.7.2012.pdf": 9.242874316903926, "Const.P.77-78-79 [Memogate]DetailedOrder.pdf": 9.242874316903926, "const.p._24_2017.pdf": 4.621437158451963, "i.c.a._1_2024_dn_20032024.pdf": 4.621437158451963, "const.p._2_2022_14102022.pdf": 13.864311475355889, "c.a._982_2018_19022024.pdf": 4.621437158451963, "c.a._1095_2018_13092019.pdf": 4.621437158451963, "const.p._17_2019_detailed_reasoning.pdf": 4.621437158451963, "c.a._914_l_2013.pdf": 4.621437158451963, "C.A._125_K_2016_JPMC_Dissenting_Note.pdf": 4.621437158451963, "c.m.a._7084_2020.pdf": 4.621437158451963, "C.A._767_2014.pdf": 13.864311475355889, "c.p._2_2022_dissenting_note.pdf": 9.242874316903926, "c.a._982_2018_19022024_2.pdf": 4.621437158451963, "c.a._1498_2018.pdf": 4.621437158451963, "JR_Varan_Case.pdf": 9.242874316903926, "c.a._1113_2017.pdf": 4.621437158451963, "ConstP.No.53of2007andConst.P.83of2012.pdf": 4.621437158451963, "C.M.A._3986_2017.pdf": 4.621437158451963}, "peddler": {"crl.s.m.r.p._84_2018.pdf": 6.048553514092109, "C.R.P._125_2014.pdf": 6.048553514092109, "SMC16of2011_detailed_judgment.pdf": 6.048553514092109, "C.R.P.193of2013.pdf": 6.048553514092109, "c.p._3041_2020.pdf": 12.097107028184219, "j.p._95_2017.pdf": 6.048553514092109}, "peddle": {"cma.2943_2014_order_dt_28.05.2014.pdf": 7.840312983320164}, "pedestrian": {"Const.P.33_2013.pdf": 5.275363625858628, "Const.P._29_2016.pdf": 5.275363625858628, "Const.P.77of2012[DetailedOrderFinal].pdf": 5.275363625858628, "CJD_Reference by_the_President_of_Pakistan_under_Article_186.pdf": 5.275363625858628, "C.M.A._3221_2012.pdf": 10.550727251717255, "const.p._24_2017.pdf": 10.550727251717255, "c.p._4500_2017.pdf": 10.550727251717255, "SMCNo25of2009.pdf": 10.550727251717255, "C.P._423_K_2015.pdf": 5.275363625858628, "C.P._423-K_2015.pdf": 5.275363625858628, "S.M.C._7_2017_06022019.pdf": 5.275363625858628, "C.M.A._8215_2016.pdf": 21.10145450343451, "C.A._545_2015.pdf": 5.275363625858628}, "pedigree": {"C.A._233_2015.pdf": 5.8944028342648505, "C.A._1256_2008.pdf": 5.8944028342648505, "c.a._954_2014.pdf": 35.3664170055891, "c.a._42_p_2016.pdf": 5.8944028342648505, "C.M.A._6250_2018.PDF": 17.68320850279455, "c.a._25_q_2018_dt_25_01_2024.pdf": 5.8944028342648505, "C.A._1440_2007.pdf": 11.788805668529701}, "peddi": {"C.P.796of2007-dt-10-5-2013.pdf": 7.840312983320164}, "pedo": {"C.A._1515_2016.pdf": 15.680625966640328}, "pedagogue": {"const.p.37_2012_final.pdf": 21.441497408280654, "Const.P.50-69of2011.pdf": 21.441497408280654}, "peddling": {"smc.16of2011.pdf": 7.840312983320164}, "pedantically": {"C.A._620_2006.pdf": 7.840312983320164}}