{"peer": {"C.A._219-L_2015.pdf": 4.151433529206228, "ConstitutionPetitionNo21OF2007.pdf": 12.454300587618684, "C.R.P._297_2017_Reserved.pdf": 4.151433529206228, "crl.s.m.r.p._84_2018.pdf": 8.302867058412456, "Const.P_6of2011.pdf": 8.302867058412456, "Crl.A._609_2014.pdf": 4.151433529206228, "Const.P.40of2012-DetailJudgment[UrduTranslation]-dt-3.7.2012.pdf": 4.151433529206228, "C.A._3_2018_dt-14-9-2018.pdf": 8.302867058412456, "Const.P._29_2016.pdf": 4.151433529206228, "C.A._3_2018.pdf": 8.302867058412456, "c.p._2243_l_2019.pdf": 4.151433529206228, "H.R.C.19of1996[AsgharKhanCase]DetailedReasonsUrduTranslation.pdf": 8.302867058412456, "C.A._532_2015.pdf": 8.302867058412456, "H.R.C.19of1996[AsgharKhanCase]DetailedReasons.pdf": 4.151433529206228, "c.p._1517_2022.pdf": 4.151433529206228, "c.a._73_2016.pdf": 4.151433529206228, "Crl.A._382_2011.pdf": 4.151433529206228, "Const.P_3_2014.pdf": 4.151433529206228, "Supreme_Judicial_Council_242_2015.pdf": 20.757167646031142, "C.P.No.240and241-Kof2013.pdf": 20.757167646031142, "c.p._262_p_2017.pdf": 4.151433529206228, "c.p._3447_2022.pdf": 4.151433529206228, "i.c.a._1_2024_15032024.pdf": 8.302867058412456, "C.A._774_2013.pdf": 8.302867058412456, "const.p._17_2019_detailed_reasoning.pdf": 12.454300587618684, "C.P._3752_2018.pdf": 4.151433529206228, "C.A._467_2015.pdf": 4.151433529206228, "Const.P._29_2017.pdf": 24.90860117523737, "i.c.a._1_2024_1502024_an.pdf": 8.302867058412456, "C.P._80-Q_2010.pdf": 4.151433529206228, "c.p._1647_2018.pdf": 4.151433529206228, "c.a._908_2015.pdf": 4.151433529206228, "smc.16of2011.pdf": 8.302867058412456, "c.a._188_2019.pdf": 12.454300587618684, "Const.P._35_2016_dt_15_12_2017.pdf": 4.151433529206228, "ICA3,4,6TO11of2011dt2011.04.pdf": 4.151433529206228, "c.a._491_2012.pdf": 4.151433529206228, "c.p._2711_2019.pdf": 4.151433529206228, "crl.m.a._130_k_2019.pdf": 4.151433529206228, "c.p._3718_2023.pdf": 4.151433529206228}, "peerless": {"Order-DNC-nd-note.pdf": 6.741700694652055, "Const.P.12of2010.pdf": 6.741700694652055, "Const.P._29_2017.pdf": 6.741700694652055}, "peep": {"Crl.A._39_L_2015.pdf": 21.441497408280654, "clr.a._250_2020.pdf": 14.294331605520437}, "peek": {"Const.P._29_2016.pdf": 7.840312983320164}, "peeda": {"Const.P._97_2014.pdf": 15.603766961114715, "C.P.No.1017-Lof2011.pdf": 15.603766961114715, "C.A._1519_2013.pdf": 135.23264699632753, "c.a._130_2021.pdf": 10.40251130740981, "c.a._201_2020.pdf": 10.40251130740981, "c.p._4835_2019.pdf": 15.603766961114715, "c.p._2007_l_2023.pdf": 5.201255653704905, "c.p._1554_l_2020.pdf": 31.20753392222943, "c.p._460_2022.pdf": 26.006278268524525, "c.p._1007_2022.pdf": 26.006278268524525, "C.P._2411_2014.pdf": 41.61004522963924, "c.p._342_k_2020.pdf": 5.201255653704905, "c.p._1276_2020.pdf": 20.80502261481962, "c.p._2456_l_2022.pdf": 52.01255653704905}, "peerabad": {"SMC16of2011_detailed_judgment.pdf": 15.680625966640328}, "peerage": {"JR_Judgment_on_17th_Amendmend_and_Presidents_Uniform_Case.pdf": 6.741700694652055, "const.p._2_2022_14102022.pdf": 6.741700694652055, "crl.p_1124_l_2015.pdf": 6.741700694652055}, "peeran": {"c.a._1348_2014.pdf": 15.680625966640328}, "peeress": {"const.p._2_2022_14102022.pdf": 15.680625966640328}, "peel": {"crl.a._67_l_2020.pdf": 7.840312983320164}, "peechi": {"s.m.c._1_2020_20042020.pdf": 7.840312983320164}, "peerak": {"c.a._561_2020.pdf": 7.840312983320164}, "peerzado": {"c.p._1017_2021.pdf": 7.840312983320164}, "peerzada": {"const.p._22_2022.pdf": 6.741700694652055, "const.p._22_2022_1st.pdf": 6.741700694652055, "c.p._4729_2019.pdf": 6.741700694652055}, "peen": {"ConstP.No.53of2007andConst.P.83of2012.pdf": 7.840312983320164}}