{"peg": {"S.M.C._20_2016.pdf": 12.097107028184219, "const.p.5_2011.pdf": 6.048553514092109, "c.p._3988_2019.pdf": 6.048553514092109, "Crl.O.P._47_2016.pdf": 6.048553514092109, "c.a._1089_2015.pdf": 6.048553514092109, "c.p._803_2019.pdf": 6.048553514092109}, "pegging": {"C.P.796of2007-dt-10-5-2013.pdf": 15.680625966640328}, "pegham": {"c.p._819_2017.pdf": 7.840312983320164}}