{"pehainch": {"C.M.A._3854_2014_dt_17-04-2015.pdf": 7.840312983320164}, "pehand": {"c.a._371_2020.pdf": 7.840312983320164}, "pehlwan": {"crl.a._95_2019.pdf": 6.230875070886063, "C.P.796of2007-dt-10-5-2013.pdf": 6.230875070886063, "crl.a._291_2020.pdf": 24.923500283544254, "Crl.A._9_L_2016.pdf": 6.230875070886063, "C.A._69_2015.pdf": 6.230875070886063}, "pehsawar": {"H.R.C.19of1996[AsgharKhanCase]DetailedReasons.pdf": 7.840312983320164}, "pehlajrai": {"c.p._490_k_2020.pdf": 7.840312983320164}, "pehlaj": {"c.p._329_k_2022.pdf": 7.840312983320164}}