{"peit": {"const.p._24_2017.pdf": 7.840312983320164}, "peite": {"const.p._24_2017.pdf": 7.840312983320164}, "peira": {"c.a._1095_2018_13092019.pdf": 50.03016061932153, "C.A._1095_2018.pdf": 7.1471658027602185}, "peihbogi": {"Const.P.77of2010-dt-21-12-2012.pdf": 7.840312983320164}, "peiniger": {"c.a._1547_2019.pdf": 7.840312983320164}}