{"pejorative": {"c.p._4129_2019.pdf": 7.1471658027602185, "c.p._280_k_2019.pdf": 7.1471658027602185}}