{"pellet": {"Crl.P._9-P_2016.pdf": 6.454018622200273, "Const.P._50_2018.pdf": 6.454018622200273, "j.p._431_2019.pdf": 6.454018622200273, "crl.p._763_l_2016.pdf": 6.454018622200273}, "pelican": {"Const.P._36_2016_dt_15_12_2017.pdf": 31.361251933280656}, "pelt": {"const.p._19_2022_01062022.pdf": 7.1471658027602185, "S.M.C._7_2017_06022019.pdf": 7.1471658027602185}, "pelting": {"Const.P.No.10 of2013-Dt-25-3-2013.pdf": 14.294331605520437, "crl.p._911_2020.pdf": 14.294331605520437}, "pelition": {"c.r.p._421_2020.pdf": 7.840312983320164}, "pellucid": {"crl.a._633_2019_15092023.pdf": 7.840312983320164}, "pelvis": {"crl.p._263_l_2015.pdf": 7.840312983320164}}