{"pemra": {"c.a._1476_2018_urdu.pdf": 7.394356513857263, "Crl.O.P._09_2018.pdf": 40.66896082621494, "S.M.C._28_2018.pdf": 81.33792165242988, "Const.P_6of2011.pdf": 3.6971782569286313, "cma_2774_2014_in_const.p.51_2010_dt_22.05.14.pdf": 51.76049559700084, "const.p.42of2011.pdf": 3.6971782569286313, "C.R.P._125_2014.pdf": 25.88024779850042, "Const.P.30of2013.pdf": 3.6971782569286313, "Crl.O.P._154_2017.pdf": 3.6971782569286313, "SMC16of2011_detailed_judgment.pdf": 3.6971782569286313, "I.C.A._7_2018.pdf": 3.6971782569286313, "smc_1_2014.pdf": 14.788713027714525, "Crl.O.P.96_12_Altaf_Hussain _1.pdf": 7.394356513857263, "s.m.c._4_2022.pdf": 99.82381293707304, "Crl.O.P.89of2011.pdf": 7.394356513857263, "s.m.c._4_2022_30mar2023.pdf": 7.394356513857263, "crl.o.p._21_2021.pdf": 3.6971782569286313, "CMA No.1674of2013dt-2-4-2013.pdf": 3.6971782569286313, "c.a._1518_2013.pdf": 73.94356513857262, "Const.P.77of2010_dt_27-8-2013.pdf": 7.394356513857263, "c.p._3506_2020.pdf": 402.9924300052208, "c.p._3998_2016.pdf": 3.6971782569286313, "S.M.C._7_2017_dt_25-04-2018.pdf": 29.57742605542905, "S.M.C._10_2018.pdf": 33.27460431235768, "s.m.c._4_2022_04apr2023.pdf": 3.6971782569286313, "C.R.P.193of2013.pdf": 25.88024779850042, "c.r.p._266_2019_28oct2023.pdf": 14.788713027714525, "Const.P.46and47of2010.pdf": 166.37302156178842, "s.m.c._4_2021_11032024.pdf": 3.6971782569286313, "c.a._1476_2018.pdf": 7.394356513857263, "c.a._11_2022.pdf": 29.57742605542905, "const.p._32_2023_03nov2023.pdf": 3.6971782569286313, "C.A._1216_2015.pdf": 147.88713027714525, "s.m.c._4_2021_29012024_r.pdf": 3.6971782569286313, "const.p._64_2013.pdf": 7.394356513857263, "C.P._2117_2016.pdf": 18.485891284643156, "H.R.C._39216_G_2018.pdf": 7.394356513857263, "const.p.105-12_hamid_mir_case_20-12-12.pdf": 70.246386881644, "const.p._17_2020_dissenting_note_hj4.pdf": 11.091534770785895, "C.M.A.NO2380OF2013-DT-25.4.2013.pdf": 7.394356513857263, "C.M.A._376-K_2014.pdf": 3.6971782569286313, "C.M.A._6155_2018.pdf": 7.394356513857263, "S.M.C._7_2017.pdf": 33.27460431235768, "c.m.a._1243_2021.pdf": 3.6971782569286313, "s.m.c._4_2021_26082021.pdf": 3.6971782569286313, "c.m.a._3932_2023.pdf": 3.6971782569286313, "c.r.p._266_2019_01112023.pdf": 66.54920862471536, "c.p._2459_2017.pdf": 73.94356513857262, "const.p._10_2020.pdf": 11.091534770785895, "c.p._5438_2021.pdf": 114.61252596478757, "C.A._700_2017.pdf": 203.3448041310747, "H.R.C._17599_2018.pdf": 11.091534770785895, "s.m.c._4_2021.pdf": 11.091534770785895, "c.m.a._1243_2021_04042022.pdf": 11.091534770785895, "H.R.C._3654_2018.pdf": 3.6971782569286313, "C.P._173_2017_dt_31-1-2017.pdf": 7.394356513857263, "c.m.a._1243_2021_04042022_2.pdf": 3.6971782569286313, "S.M.C._7_2017_06022019.pdf": 77.64074339550126, "c.m.a._3577_2019_15112023.pdf": 3.6971782569286313, "c.p._1716_2022.pdf": 36.97178256928631, "s.m.c._4_2021_dt_30_01_2024.pdf": 3.6971782569286313, "const.p._10_2019.pdf": 3.6971782569286313, "c.m.a._9009_2022.pdf": 7.394356513857263}, "pemco": {"HRC7734-G_1003-GOF2009[UrduTranslation].pdf": 7.840312983320164}}