{"pepper": {"c.r.p._292_2021_sacked_employees.pdf": 6.048553514092109, "Const.P.77of2012[DetailedOrderFinal].pdf": 6.048553514092109, "smc_1_2014.pdf": 6.048553514092109, "c.r.p._255_2021.pdf": 6.048553514092109, "Crl.A_04-K_2012.pdf": 12.097107028184219, "C.P._41_2008.pdf": 6.048553514092109}, "pepco": {"C.M.A.No.3685of2012-dt-17-1-2013.pdf": 19.583496016614895, "Const.P.30of2013.pdf": 4.895874004153724, "c.a.149-150_2010.pdf": 4.895874004153724, "HRC7734-G_1003-GOF2009[UrduTranslation].pdf": 210.52258217861012, "HRC7734-G_1003-GOF2009[AllegedCorruptionInRentalPowerPlants].pdf": 269.2730702284548, "c.a._749_2021.pdf": 63.64636205399841, "c.p._2482_2020.pdf": 4.895874004153724, "Const.P.115-2012etc.pdf": 9.791748008307447, "const.p.20_2013.pdf": 14.687622012461171, "CAs.149-150of2010.pdf": 4.895874004153724, "hrc.14392of2013-01.07.2013.pdf": 29.375244024922342, "c.p._4963_2018.pdf": 4.895874004153724, "Const.P.20of2013-dt-28-6-2013.pdf": 14.687622012461171, "H.R.C.No.14392of2013andH.R.C.No.790-Gof2009.pdf": 14.687622012461171, "Const.P.67of2011-dt-10.6.2013.pdf": 4.895874004153724, "C.P._701_2016.pdf": 9.791748008307447, "hrc.14392_2013.pdf": 9.791748008307447, "c.a._900_2020.pdf": 4.895874004153724, "HRC.14392of2013.pdf": 4.895874004153724}, "pepsico": {"C.A._104-L_2015.pdf": 7.1471658027602185, "c.a._1275_2009.pdf": 7.1471658027602185}, "peppiatt": {"Const.P._29_2016.pdf": 7.840312983320164}, "pepra": {"c.a.149-150_2010.pdf": 5.8944028342648505, "HRC7734-G_1003-GOF2009[UrduTranslation].pdf": 41.26081983985395, "HRC7734-G_1003-GOF2009[AllegedCorruptionInRentalPowerPlants].pdf": 41.26081983985395, "const.p.115_2011.pdf": 11.788805668529701, "Const.P.115-2012etc.pdf": 11.788805668529701, "const.p.20_2013.pdf": 23.577611337059402, "CAs.149-150of2010.pdf": 5.8944028342648505}, "peps": {"c.r.p._296_2020_04022022.pdf": 64.32449222484196, "const.p._17_2020_dissenting_note_hj4.pdf": 21.441497408280654}, "pep": {"c.r.p._296_2020_04022022.pdf": 54.88219088324115}, "pepsi": {"c.p._682_l_2017.pdf": 12.461750141772127, "C.A.876-879of2005.pdf": 6.230875070886063, "c.a._243_2011.pdf": 6.230875070886063, "c.a._1275_2009.pdf": 12.461750141772127, "C.A.83and84of2006.pdf": 6.230875070886063}, "pepa": {"SMCNo25of2009.pdf": 78.6188238303624, "c.p._389_2022.pdf": 21.441497408280654}}