{"pezu": {"c.r.p._421_2020.pdf": 21.441497408280654, "crl.p._687_2020.pdf": 7.1471658027602185}}