{"pf": {"Const.P_6of2011.pdf": 5.355406333532164, "j.p._73_2016.pdf": 5.355406333532164, "crl.a._270_l_2012.pdf": 5.355406333532164, "c.p._42_2024.pdf": 5.355406333532164, "crl.a._108_2020.pdf": 5.355406333532164, "c.p._42_2024_25012024.pdf": 5.355406333532164, "Const.P.22of2013.pdf": 5.355406333532164, "ICA3,4,6TO11of2011dt2011.04.pdf": 5.355406333532164, "c.a._491_2012.pdf": 10.710812667064328, "c.r.p._266_2019_01112023.pdf": 5.355406333532164, "c.a._326_l_2020.pdf": 5.355406333532164, "j.p._462_2016.pdf": 5.355406333532164}}