{"pfuj": {"const.p._17_2019_19062020.pdf": 5.643088405983945, "const.p._17_2019_detailed_reasoning.pdf": 5.643088405983945, "c.m.a._7084_2020.pdf": 5.643088405983945, "C.M.A.NO2380OF2013-DT-25.4.2013.pdf": 5.643088405983945, "c.m.a._2012_2023_10042023.pdf": 22.57235362393578, "s.m.c._4_2021.pdf": 5.643088405983945, "S.M.C._7_2017_06022019.pdf": 5.643088405983945, "CPs987-989OF2011-DT19.10.2011.pdf": 33.85853043590367, "s.m.c._4_2021_dt_30_01_2024.pdf": 22.57235362393578}}