{"pg": {"crl.p.240_2012.pdf": 2.9727785328645817, "Crl.P._1188_2016.pdf": 2.9727785328645817, "C.M.A.No.3685of2012-dt-17-1-2013.pdf": 14.863892664322908, "c.p._1628_2020.pdf": 2.9727785328645817, "NRO_Judgment.pdf": 5.945557065729163, "crl.p._1067_2020.pdf": 2.9727785328645817, "Const.P._50_2018.pdf": 2.9727785328645817, "cng_prices_order_21-12-12-alongwith_translation.pdf": 2.9727785328645817, "Const.P.12of2010.pdf": 26.755006795781235, "S.M.C.16of2011dt.4.4.2013.pdf": 2.9727785328645817, "S.M.C._20_2016.pdf": 17.836671197187492, "C.A._2215_2006.pdf": 23.782228262916654, "C.R.P._125_2014.pdf": 2.9727785328645817, "crl.a._599_2020_26032021.pdf": 5.945557065729163, "c.a._782_2014.pdf": 5.945557065729163, "H.R.C.19of1996[AsgharKhanCase]DetailedReasonsUrduTranslation.pdf": 2.9727785328645817, "s.m.c._1_2022_detailed.pdf": 17.836671197187492, "crl.a._528_2019.pdf": 2.9727785328645817, "Const.P.33and34of2005.pdf": 2.9727785328645817, "c.p._154_2019.pdf": 29.727785328645815, "c.p.2132_2014_with_urdu_translation.pdf": 2.9727785328645817, "s.m.c.12_2015.pdf": 5.945557065729163, "const.p._21_2022_15092023.pdf": 2.9727785328645817, "C.M.A.3325_of_2012_dt_31-1-2013_ENG_URDU.pdf.pdf": 8.918335598593746, "crl.p._883_l_2022.pdf": 2.9727785328645817, "Crl.A._589_2006.pdf": 5.945557065729163, "c.p._2256_l_2015.pdf": 11.891114131458327, "S.M.C._12_2015.pdf": 2.9727785328645817, "CMA No.3685of2012-dt-15-1-2013.pdf": 2.9727785328645817, "c.a._621_2019.pdf": 2.9727785328645817, "c.p._no.3846-2019.pdf": 2.9727785328645817, "S.M.C._13_2016_dt_31-03-2017.pdf": 11.891114131458327, "crl.p._299_2020_01042020.pdf": 2.9727785328645817, "const.p.6_2023.pdf": 2.9727785328645817, "crl.p._705_2023.pdf": 11.891114131458327, "c.r.p._296_2020_04022022.pdf": 20.809449730052073, "crl.p._519_2023_11052023.pdf": 2.9727785328645817, "const.p._2_2022_14102022.pdf": 89.18335598593745, "crl.p._299_2020_07042020.pdf": 2.9727785328645817, "crl.a._181_2012.pdf": 2.9727785328645817, "crl.p._1121_2023.pdf": 2.9727785328645817, "C.A._308_2008.pdf": 17.836671197187492, "c.p._1128_2020.pdf": 2.9727785328645817, "crl.p_77_p_2020.pdf": 5.945557065729163, "j.p._73_2016.pdf": 2.9727785328645817, "C.M.A._3325_2012_OrderDated_21-8-15.pdf": 5.945557065729163, "Crl.P._300_2018.pdf": 2.9727785328645817, "const.p._21_2022_29082023.pdf": 2.9727785328645817, "C.R.P.193of2013.pdf": 2.9727785328645817, "const.p._21_2022_16032023.pdf": 2.9727785328645817, "C.A._725_2008.pdf": 14.863892664322908, "c.a._647_2018.pdf": 8.918335598593746, "c.p.1603_2012.pdf": 2.9727785328645817, "Crl.A.140of2005.pdf": 17.836671197187492, "c.r.p._292_2021_detailed.pdf": 2.9727785328645817, "crl.p._1496_2022.pdf": 2.9727785328645817, "crl.p._251_l_2020.pdf": 2.9727785328645817, "c.p._479_k_2020.pdf": 5.945557065729163, "c.p._957_2020.pdf": 11.891114131458327, "const.p._21_2023_11082023.pdf": 44.59167799296873, "C.A._699_2017.pdf": 2.9727785328645817, "SMC16of2011-dt.5.4.2013.pdf": 2.9727785328645817, "cas_727-730_777_778_2014_etc.pdf": 2.9727785328645817, "C.A._125_K_2016_JPMC_Dissenting_Note.pdf": 11.891114131458327, "const.p._19_2020.pdf": 2.9727785328645817, "C.M.A._1656_2015.pdf": 14.863892664322908, "C.A._26_K_2018.pdf": 2.9727785328645817, "cr.p.no.197_k_2019.pdf": 2.9727785328645817, "const.p._6_2023_13042023.pdf": 2.9727785328645817, "c.a._1481_2015.pdf": 2.9727785328645817, "crl.p._1298_2017.pdf": 2.9727785328645817, "crl.a_413-414_2013_18.02.2014.pdf": 5.945557065729163, "s.m.c._2_2022_27052022.pdf": 11.891114131458327, "crl.a._597_2018_dt_25_01_2024.pdf": 2.9727785328645817, "c.p._1441_2021.pdf": 5.945557065729163, "c.r.p._420_2016.pdf": 2.9727785328645817, "const.p._24_2023_f.pdf": 80.26502038734371, "c.p._1647_2018.pdf": 20.809449730052073, "s.m.c._1_2023_12062023.pdf": 20.809449730052073, "C.A._69_2015.pdf": 2.9727785328645817, "smc.16of2011.pdf": 2.9727785328645817, "c.a._1498_2018.pdf": 38.646120927239565, "Crl.P._488_2015.pdf": 2.9727785328645817, "H.R.C._39216_G_2018.pdf": 2.9727785328645817, "NRO_REVIEW_CRP_129_DT18042011.pdf": 2.9727785328645817, "c.a._1521_2018.pdf": 2.9727785328645817, "crl.a._48_2021.pdf": 2.9727785328645817, "j.p._324_2019.pdf": 2.9727785328645817, "kamran_faisal_case.pdf": 2.9727785328645817, "Crl.A._617_2017.pdf": 2.9727785328645817, "j.p._201_2015.pdf": 2.9727785328645817, "crl.p._475_2022.pdf": 2.9727785328645817, "c.a._1280_2019.pdf": 2.9727785328645817, "S.M.C_15_2015.pdf": 2.9727785328645817, "c.a._26_2015l.pdf": 2.9727785328645817, "C.A._441_2010.pdf": 17.836671197187492, "c.a._1089_2015.pdf": 2.9727785328645817, "C.P._529_2015.pdf": 29.727785328645815, "crl.a._75_l_2021.pdf": 2.9727785328645817, "SMC16-2011_ord_dt_30-8-13.pdf": 2.9727785328645817, "C.A.401_2011.pdf": 5.945557065729163, "crl.p._519_2023_detailed_order.pdf": 2.9727785328645817, "c.a._2440_2016.pdf": 2.9727785328645817, "C.R.P._420_2013.pdf": 2.9727785328645817, "s.m.c._4_2021_26082021.pdf": 14.863892664322908, "c.m.a._3932_2023.pdf": 5.945557065729163, "S.M.C._17_2016.pdf": 2.9727785328645817, "c.a._735_2016.pdf": 35.673342394374984, "Crl.A._324_2011.pdf": 5.945557065729163, "Crl.A._496_2009.pdf": 2.9727785328645817, "S.M.C.16of2011dt-22-3-2013.pdf": 2.9727785328645817, "c.a._91_k_2017.pdf": 35.673342394374984, "crl.p._390_2021.pdf": 2.9727785328645817, "C.A._157_K_2016.pdf": 8.918335598593746, "C.A._1262_2018.pdf": 5.945557065729163, "crl.p_12_2014_07.02.2014.pdf": 2.9727785328645817, "C.A._545_K_2010.pdf": 11.891114131458327, "crl.p._29_k_2022.pdf": 2.9727785328645817, "crl.a._446_2020.pdf": 2.9727785328645817, "C.A._542-L_2012.pdf": 5.945557065729163, "C.P._661_K_2015.pdf": 44.59167799296873, "crl.a._66_l_2020.pdf": 2.9727785328645817, "const.p._5_2023_detailed_reasons.pdf": 11.891114131458327, "crl.m.a._1659_2019.pdf": 2.9727785328645817, "c.p._3122_2020.pdf": 2.9727785328645817, "c.a._65_k_2019.pdf": 2.9727785328645817, "c.p._3200_l_2019.pdf": 5.945557065729163, "crl.p._950_2021.pdf": 2.9727785328645817, "crl.p._1072_l_2022.pdf": 8.918335598593746, "c.p._47_q_2016.pdf": 2.9727785328645817}}