{"pga": {"const.p._21_2022_15092023.pdf": 5.8944028342648505, "C.M.A.3325_of_2012_dt_31-1-2013_ENG_URDU.pdf.pdf": 17.68320850279455, "Crl.A._322_2018.pdf": 11.788805668529701, "SMC_24_2010_DT_01_03.pdf": 5.8944028342648505, "C.P._3451_2015.pdf": 5.8944028342648505, "C.P._3912_2016.pdf": 70.7328340111782, "c.m.a._501_k_2023.pdf": 5.8944028342648505}}