{"pgs": {"C.A._2215_2006.pdf": 26.96680277860822, "S.M.C._13_2016_dt_31-03-2017.pdf": 6.741700694652055, "c.r.p._296_2020_04022022.pdf": 13.48340138930411}}