{"phase": {"Const.P._56_2003_E_dt_3-9-15.pdf": 10.450812469891718, "c.m.a.4343_2014_etc_with_urdu_translation.pdf": 13.93441662652229, "ConstitutionPetitionNo21OF2007.pdf": 13.93441662652229, "C.P.796of2007-UrduTranslation-dt-10-5-2013.pdf": 3.4836041566305727, "H.R.C._10_K_2007.pdf": 3.4836041566305727, "Const.P._134_2012.pdf": 3.4836041566305727, "crl.a._400_2019.pdf": 3.4836041566305727, "c.p._1331_l_2017.pdf": 3.4836041566305727, "Const.P_6of2011.pdf": 10.450812469891718, "Const.P._38_2016.pdf": 13.93441662652229, "Const.P._29_2016_28072016.pdf": 6.967208313261145, "Const.P.12of2010.pdf": 6.967208313261145, "Const.P.87of2011[UrduVersion].pdf": 10.450812469891718, "Const.P.33_2013.pdf": 17.418020783152862, "Const.P._29_2016.pdf": 10.450812469891718, "smc.18_2010_final.pdf": 24.385229096414008, "CPLA_796_2007_ETC_SHORT_ORDER_REKO_DIQ_CASE.pdf": 3.4836041566305727, "c.a.149-150_2010.pdf": 3.4836041566305727, "Const.P.NO.62OF2010_orderdt06062011.pdf": 13.93441662652229, "H.R.C.19of1996[AsgharKhanCase]DetailedReasonsUrduTranslation.pdf": 6.967208313261145, "HRC7734-G_1003-GOF2009[UrduTranslation].pdf": 6.967208313261145, "crl.a._528_2019.pdf": 10.450812469891718, "H.R.C.19of1996[AsgharKhanCase]DetailedReasons.pdf": 6.967208313261145, "Const.P.46of2013-dt-27-12-2013.pdf": 6.967208313261145, "C.P.796of2007-dt-10-5-2013.pdf": 13.93441662652229, "s.m.c.12_2015.pdf": 3.4836041566305727, "Const.P.56_2003_U_dt_8-9-2015.pdf": 6.967208313261145, "crp.328-329_2013.pdf": 6.967208313261145, "const.p.23of2012.pdf": 3.4836041566305727, "Const.P.5of2013.pdf": 3.4836041566305727, "Crl.P.163_to_171_S.M.C.5_2005.pdf": 17.418020783152862, "HRC7734-G_1003-GOF2009[AllegedCorruptionInRentalPowerPlants].pdf": 6.967208313261145, "Const.P35of2013-dt-20-7-2013.pdf": 6.967208313261145, "c.r.p._421_2020_dissenting_notes.pdf": 6.967208313261145, "c.r.p._296_2020_04022022.pdf": 69.67208313261145, "HRC-4668of2006.pdf": 3.4836041566305727, "Const.P.20to27-39&45.pdf": 3.4836041566305727, "const.p._2_2022_14102022.pdf": 13.93441662652229, "Const.P.87of2011.pdf": 3.4836041566305727, "C.A._508_2017.pdf": 6.967208313261145, "c.a._249_2020.pdf": 13.93441662652229, "c.a._3090_2022.pdf": 6.967208313261145, "const.p.115_2011.pdf": 3.4836041566305727, "C.A._1428_2016.pdf": 3.4836041566305727, "C.A._280-L_2009.pdf": 3.4836041566305727, "c.p._3347_2021.pdf": 3.4836041566305727, "Const.P._2_2011.pdf": 45.28685403619745, "Crl.P.200of2009.pdf": 6.967208313261145, "C.P._51_2015.pdf": 10.450812469891718, "c.r.p._421_2020.pdf": 6.967208313261145, "const.p._17_2019_detailed_reasoning.pdf": 3.4836041566305727, "SMC.13-2009.pdf": 3.4836041566305727, "cas_727-730_777_778_2014_etc.pdf": 3.4836041566305727, "c.a._1476_2018.pdf": 3.4836041566305727, "S.M.C._3_2018.pdf": 27.86883325304458, "crl.a_413-414_2013_18.02.2014.pdf": 3.4836041566305727, "C.A._767_2014.pdf": 13.93441662652229, "const.p._6_2023_dt_05_01_2023.pdf": 3.4836041566305727, "c.a._1113_2017_dissenting_note.pdf": 24.385229096414008, "Const.P.33of2013_09.07.13.pdf": 3.4836041566305727, "c.a._1113_2017.pdf": 24.385229096414008, "ConstitutionPetitionNo39of2009.pdf": 3.4836041566305727, "C.P._1774_2015.pdf": 10.450812469891718, "C.P._1774_2014.pdf": 10.450812469891718, "c.m.a._1243_2021.pdf": 3.4836041566305727, "const.p._48_2019.pdf": 6.967208313261145, "SMCNo25of2009.pdf": 27.86883325304458, "C.A._134-P_2013.pdf": 3.4836041566305727, "Const.P.73of2011.pdf": 3.4836041566305727, "c.p._2000_l_2020.pdf": 3.4836041566305727, "C.A.876-879of2005.pdf": 3.4836041566305727, "H.R.C._17599_2018.pdf": 3.4836041566305727, "c.m.a._1243_2021_04042022.pdf": 3.4836041566305727, "smc.9_2011.pdf": 3.4836041566305727, "CJD_Pakistan_Steel_Mills_Case.pdf": 6.967208313261145, "C.M.A._8215_2016.pdf": 146.31137457848405, "JR_Fecto_Belarus_Tractor_Limited_Case.pdf": 10.450812469891718, "crl.a.264_2006.pdf": 3.4836041566305727}, "pharmacy": {"H.R.C._14158_G_2016_dt_12_08_2016.pdf": 12.097107028184219, "Crl.A._94_2019.pdf": 6.048553514092109, "c.a._444_2017.pdf": 6.048553514092109, "H.R.C._14158_G_2016_dt_28_07_2016.pdf": 12.097107028184219, "c.p._3107_2018.pdf": 12.097107028184219, "c.a._925_2020.pdf": 6.048553514092109}, "phaphan": {"c.a._1079_2015.pdf": 6.741700694652055, "c.a._1522_2013.pdf": 6.741700694652055, "c.a._97_2003.pdf": 6.741700694652055}, "phalia": {"Const.P_6of2011.pdf": 12.461750141772127, "c.a._73_2016.pdf": 6.230875070886063, "c.p._1133_l_2016.pdf": 6.230875070886063, "C.A.876-879of2005.pdf": 6.230875070886063, "c.p._181_2024_n.pdf": 12.461750141772127}, "phang": {"Const.P.12of2010.pdf": 35.735829013801094, "JR_Judgment_on_17th_Amendmend_and_Presidents_Uniform_Case.pdf": 7.1471658027602185}, "pharmaceutical": {"smc.18_2010_final.pdf": 5.007099639263948, "CMA1362OF2012-DT-10-04-2012[URDU].pdf": 40.05679711411158, "Crl.A._94_2019.pdf": 5.007099639263948, "C.A._1084_2008.pdf": 5.007099639263948, "Const.P35of2013-dt-20-7-2013.pdf": 5.007099639263948, "CMA1362OF2012-DT-10-04-2012.pdf": 40.05679711411158, "c.a._499_2017.pdf": 5.007099639263948, "C.A._1171_2017.pdf": 15.021298917791842, "c.p._3282_l_2022.pdf": 5.007099639263948, "c.p._414_2021.pdf": 20.02839855705579, "c.p._1692_l_2020.pdf": 10.014199278527895, "c.a._1113_2017_dissenting_note.pdf": 5.007099639263948, "c.a._1113_2017.pdf": 10.014199278527895, "c.p._3587_2020.pdf": 5.007099639263948, "H.R.C._17599_2018.pdf": 10.014199278527895, "c.a._65_k_2019.pdf": 5.007099639263948, "C.A._622 _2008.pdf": 40.05679711411158}, "pha": {"Const.P.30of2013.pdf": 12.908037244400546, "C.M.A._3221_2012.pdf": 32.270093111001366, "C.A._2564_2001.pdf": 12.908037244400546, "SMCNo25of2009.pdf": 19.36205586660082}, "pharma": {"Const.P.30of2013.pdf": 11.28617681196789, "C.A._1171_2017.pdf": 5.643088405983945, "c.p._414_2021.pdf": 45.14470724787156, "c.p._1692_l_2020.pdf": 5.643088405983945, "JR_Varan_Case.pdf": 5.643088405983945, "C.A.357OF2012.pdf": 5.643088405983945, "c.p._3587_2020.pdf": 11.28617681196789, "c.a._65_k_2019.pdf": 5.643088405983945, "C.A._622 _2008.pdf": 5.643088405983945}, "pharmacovigilance": {"Const.P.30of2013.pdf": 7.840312983320164}, "phage": {"ca.a_239_2020.pdf": 7.840312983320164}, "phalse": {"Crl.A._39_L_2015_Urdu.pdf": 7.840312983320164}, "phata": {"c.a._401_2015.pdf": 7.840312983320164}, "pharmacist": {"c.p._1893_l_2021.pdf": 15.680625966640328}, "phal": {"C.M.A._376-K_2014.pdf": 7.840312983320164}, "phailbus": {"SMCNo25of2009.pdf": 7.840312983320164}, "phantom": {"C.A._118_2016.pdf": 7.840312983320164}, "pharianwali": {"C.A._682_2008.pdf": 7.840312983320164}}