{"phc": {"18TH_AMENDMENT_ORDER.pdf": 5.201255653704905, "c.a._731_2016.pdf": 5.201255653704905, "c.p._3923_2016.pdf": 10.40251130740981, "s.m.c._01_2020.pdf": 5.201255653704905, "C.A._633_2007.pdf": 5.201255653704905, "c.a._353_2010.pdf": 5.201255653704905, "s.m.c._01_2020_04052020.pdf": 5.201255653704905, "s.m.c._1_2020_20042020.pdf": 5.201255653704905, "c.p._42_2024.pdf": 41.61004522963924, "c.p._1862_l_2021.pdf": 5.201255653704905, "c.p._920_p_2023.pdf": 10.40251130740981, "c.p._42_2024_25012024.pdf": 41.61004522963924, "c.p._2314_2022.pdf": 57.213812190753956, "c.a._827_2020.pdf": 5.201255653704905}}