{"philosophy": {"Const.P.127of2012.pdf": 3.832979798087693, "ConstitutionPetitionNo21OF2007.pdf": 3.832979798087693, "CPs.10-18of2011.pdf": 3.832979798087693, "crl.a._400_2019.pdf": 3.832979798087693, "NRO_Judgment.pdf": 11.498939394263079, "Const.P.12of2010.pdf": 61.32767676940309, "Const.P.12of2010Urdu.pdf": 65.16065656749079, "c.p._2243_l_2019.pdf": 7.665959596175386, "Const.P.40of2012-AdditionalNoteofJusticeJawwadSKhawaja.pdf": 3.832979798087693, "Ref.01_2012_addl.note_HJ.ejaz_afzal_khan.pdf": 3.832979798087693, "H.R.C.19of1996[AsgharKhanCase]DetailedReasonsUrduTranslation.pdf": 7.665959596175386, "REVIEW_P_46&47_2011_full.pdf": 3.832979798087693, "CP778-779.pdf": 3.832979798087693, "Const.P.40of2012-DetailJudgment-dt-3.7.2012.pdf": 3.832979798087693, "H.R.C.19of1996[AsgharKhanCase]DetailedReasons.pdf": 3.832979798087693, "C.P.796of2007-dt-10-5-2013.pdf": 3.832979798087693, "Crl.M.A_693_2018.pdf": 3.832979798087693, "c.a._33_k_2018.pdf": 3.832979798087693, "c.p._419_2020.pdf": 3.832979798087693, "crl.p._290_l_2015.pdf": 3.832979798087693, "crl.p._1054_2023.pdf": 7.665959596175386, "c.p._419_2019.pdf": 3.832979798087693, "c.a._1414_2021.pdf": 3.832979798087693, "c.a._446_2021.pdf": 7.665959596175386, "HRC-4668of2006.pdf": 3.832979798087693, "const.p._2_2022_14102022.pdf": 3.832979798087693, "c.a._201_2020.pdf": 3.832979798087693, "Const.P._24_2012.pdf": 3.832979798087693, "C.P._3345_2016.pdf": 3.832979798087693, "const.p._17_2020_dissenting_note_hj11.pdf": 3.832979798087693, "c.p._3186_2020.pdf": 3.832979798087693, "crl.p._167_k_2022.pdf": 3.832979798087693, "c.p._2682_2022.pdf": 3.832979798087693, "S.M.C._03_2017.pdf": 3.832979798087693, "c.p._3855_2022.pdf": 11.498939394263079, "c.a._1772_2008.pdf": 3.832979798087693, "c.a._1476_2018.pdf": 3.832979798087693, "c.a._17_q_2021.pdf": 3.832979798087693, "reference_1_2020.pdf": 3.832979798087693, "crl.p._207_2023.pdf": 3.832979798087693, "C.A._1950_2007.pdf": 3.832979798087693, "Crl.P.No.426of2009&Crl.A.No.pdf": 3.832979798087693, "Const.P._35_2016_dt_15_12_2017.pdf": 3.832979798087693, "c.p._3989_2022.pdf": 3.832979798087693, "c.a._836_l_2013.pdf": 3.832979798087693, "c.a._324_2020.pdf": 19.164898990438466, "c.p._1007_2022.pdf": 3.832979798087693, "c.a._179_2016.pdf": 3.832979798087693, "crl.p._1329_2023.pdf": 3.832979798087693, "c.r.p._432_k_2022.pdf": 3.832979798087693, "c.p._140_l_2015.pdf": 3.832979798087693, "c.p._84_p_2020.pdf": 3.832979798087693, "c.p._342_k_2020.pdf": 22.997878788526158, "crl.p._950_2021.pdf": 3.832979798087693, "c.p._1824_2019.pdf": 3.832979798087693}, "philip": {"c.a._1476_2018_urdu.pdf": 5.442417710521793, "C.R.P._49_2016.pdf": 5.442417710521793, "Const.P.12of2010.pdf": 5.442417710521793, "Const.P._29_2016.pdf": 5.442417710521793, "C.A._233_2015.pdf": 5.442417710521793, "SMC16of2011_detailed_judgment.pdf": 5.442417710521793, "C.A._514_2008.pdf": 16.327253131565378, "const.p.6_2023.pdf": 5.442417710521793, "c.a._339_2016.pdf": 5.442417710521793, "c.p._596_2021.pdf": 5.442417710521793, "Const.P._35_2016_dt_15_12_2017.pdf": 5.442417710521793}, "philosopher": {"c.a._1476_2018_urdu.pdf": 4.749270529961848, "const.p.42of2011(UrduVersion).pdf": 4.749270529961848, "NRO_Judgment.pdf": 14.247811589885544, "Const.P.12of2010.pdf": 33.244893709732935, "Const.P.12of2010Urdu.pdf": 18.99708211984739, "Const.P._29_2016.pdf": 18.99708211984739, "smc.18_2010_final.pdf": 9.498541059923696, "c.p._2243_l_2019.pdf": 4.749270529961848, "S.J.C_347_2018.PDF": 4.749270529961848, "c.a.149-150_2010.pdf": 9.498541059923696, "s.m.c._1_2022_detailed.pdf": 4.749270529961848, "smc_1_2014.pdf": 14.247811589885544, "const.p._24_2017.pdf": 4.749270529961848, "c.r.p._296_2020_29012022.pdf": 4.749270529961848, "const.p._17_2020_dissenting_note_hj11.pdf": 4.749270529961848, "Const.P.No.33and34of2005-dt-27-6-2013.pdf": 4.749270529961848, "c.a._1476_2018.pdf": 4.749270529961848, "const.p._6_2023_dt_05_01_2023.pdf": 4.749270529961848, "SMCNo25of2009.pdf": 4.749270529961848, "Crl.O.P.6of2012.pdf": 4.749270529961848, "CMA3258of2013inCP65of09DetailOrder.pdf": 4.749270529961848, "C.A._1646_2000.pdf": 4.749270529961848}, "philosophical": {"CPs.10-18of2011.pdf": 5.067724261080383, "NRO_Judgment.pdf": 10.135448522160766, "Const.P.12of2010.pdf": 55.744966871884216, "Const.P.12of2010Urdu.pdf": 15.20317278324115, "JR_Judgment_on_17th_Amendmend_and_Presidents_Uniform_Case.pdf": 10.135448522160766, "CJD_Reference by_the_President_of_Pakistan_under_Article_186.pdf": 5.067724261080383, "const.p._24_2023_an_10012024_r.pdf": 10.135448522160766, "c.p._3506_2020.pdf": 5.067724261080383, "Crl.A._210_2015.pdf": 10.135448522160766, "const.p._24_2023_f.pdf": 10.135448522160766, "reference_1_2020.pdf": 5.067724261080383, "CMA2745of2009etc.pdf": 5.067724261080383, "c.a._324_2020.pdf": 5.067724261080383, "c.a._722_2012.pdf": 10.135448522160766, "c.p._140_l_2015.pdf": 5.067724261080383, "c.a._1486_2017.pdf": 5.067724261080383}, "phillimore": {"S.M.C._28_2018.pdf": 7.1471658027602185, "crl.a._120_2019.pdf": 7.1471658027602185}, "phi": {"URDU_CONST.P.05-2012-20.09.12.pdf": 7.1471658027602185, "ConstP5of2012_dt_20092012.pdf": 7.1471658027602185}, "philippine": {"NRO_Judgment.pdf": 42.88299481656131, "const.p.20_2013.pdf": 7.1471658027602185}, "philippines": {"NRO_Judgment.pdf": 84.64632608975917, "crl.a._95_2019.pdf": 5.643088405983945, "C.A._461_2014.pdf": 101.57559130771101, "JR_Detailed_Judgment_in_Referendum_Case.pdf": 11.28617681196789, "C.P._1616_2018.pdf": 5.643088405983945, "S.M.C._3_2018.pdf": 5.643088405983945, "c.a._188_2019.pdf": 5.643088405983945, "Const.P._35_2016_dt_15_12_2017.pdf": 5.643088405983945, "c.a._1399_2019.pdf": 5.643088405983945}, "philosophize": {"Const.P.12of2010.pdf": 15.680625966640328}, "philadelphia": {"Const.P.12of2010.pdf": 7.840312983320164}, "philological": {"Const.P.12of2010.pdf": 7.1471658027602185, "Const.P._35_2016_dt_15_12_2017.pdf": 7.1471658027602185}, "philanthropy": {"Const.P.87of2011[UrduVersion].pdf": 7.840312983320164}, "phil": {"const.p.42of2011.pdf": 11.788805668529701, "c.p._2119_2018.pdf": 5.8944028342648505, "c.a._64_2022.pdf": 17.68320850279455, "crl.p._290_2020.pdf": 5.8944028342648505, "c.p._1925_2020.pdf": 11.788805668529701, "C.A._125_K_2016_JPMC_Dissenting_Note.pdf": 11.788805668529701, "c.a._188_2020.pdf": 176.8320850279455}, "phihai": {"smc.18_2010_final.pdf": 6.741700694652055, "S.M.C.18OF2010.pdf": 6.741700694652055, "C.M.A._376-K_2014.pdf": 13.48340138930411}, "philanthropic": {"c.a._201_2020.pdf": 6.741700694652055, "const.p.37_2012_final.pdf": 6.741700694652055, "Const.P.50-69of2011.pdf": 6.741700694652055}, "phillip": {"c.p._55_2020.pdf": 5.760871441640328, "c.p._1775_2022.pdf": 5.760871441640328, "c.a.1540-1599_2013.pdf": 5.760871441640328, "C.A._767_2014.pdf": 5.760871441640328, "const.p._6_2023_dt_05_01_2023.pdf": 5.760871441640328, "const.p._6_2023_addl_n.pdf": 5.760871441640328, "C.A.876-879of2005.pdf": 5.760871441640328, "c.p._607_2021.pdf": 11.521742883280655}, "philosophically": {"H.R.C._17599_2018.pdf": 7.840312983320164}, "philippe": {"c.a._1547_2019.pdf": 14.294331605520437, "c.p._5601_2021.pdf": 7.1471658027602185}}