{"phul": {"C.A._219-L_2015.pdf": 6.048553514092109, "j.p._210_2018.pdf": 6.048553514092109, "C.A._774_2013.pdf": 12.097107028184219, "c.a._908_2015.pdf": 6.048553514092109, "c.p._2711_2019.pdf": 6.048553514092109, "S.M.C.16of2011dt-22-3-2013.pdf": 6.048553514092109}, "phulgran": {"Const.P_6of2011.pdf": 7.1471658027602185, "const.p.37_2012_final.pdf": 7.1471658027602185}, "phulleli": {"Const.P._38_2016.pdf": 7.840312983320164}, "phulpoto": {"SMC15OF2009.pdf": 12.461750141772127, "C.R.P._125_2014.pdf": 24.923500283544254, "Crl.O.P.89of2011.pdf": 93.46312606329096, "C.R.P.193of2013.pdf": 24.923500283544254, "C.A.404of2011.pdf": 6.230875070886063}, "phularwan": {"j.p._405_2021.pdf": 14.294331605520437, "crl.p._1233_2023.pdf": 7.1471658027602185}, "phulphoto": {"C.R.P._125_2014.pdf": 13.48340138930411, "C.R.P.193of2013.pdf": 13.48340138930411, "C.A.404of2011.pdf": 6.741700694652055}, "phulpto": {"Crl.O.P.89of2011.pdf": 7.840312983320164}, "phulgraan": {"const.p.37_2012_final.pdf": 7.840312983320164}, "phull": {"c.p._4029_2019.pdf": 15.680625966640328}}