{"physical": {"Const.P.127of2012.pdf": 20.746311289277422, "J.P._191_2018.pdf": 2.5932889111596777, "ConstitutionPetitionNo21OF2007.pdf": 41.492622578554844, "C.R.P._297_2017_Reserved.pdf": 2.5932889111596777, "crl.a._251_2020.pdf": 5.1865778223193555, "C.R.P._49_2016.pdf": 7.779866733479033, "C.M.A.No.3685of2012-dt-17-1-2013.pdf": 2.5932889111596777, "c.a._1079_2015.pdf": 5.1865778223193555, "Const.P.31of2011etc.pdf": 2.5932889111596777, "c.p._1331_l_2017.pdf": 2.5932889111596777, "Const.P._38_2016.pdf": 12.96644455579839, "Const.P._29_2016_28072016.pdf": 2.5932889111596777, "Const.P._50_2018.pdf": 2.5932889111596777, "Const.P.12of2010.pdf": 15.559733466958066, "Const.P.87of2011[UrduVersion].pdf": 2.5932889111596777, "C.A._104-L_2015.pdf": 28.526178022756454, "S.M.C._20_2016.pdf": 2.5932889111596777, "const.p.42of2011.pdf": 2.5932889111596777, "Const.P.33_2013.pdf": 25.93288911159678, "Const.P._29_2016.pdf": 5.1865778223193555, "smc.18_2010_final.pdf": 7.779866733479033, "c.p._2243_l_2019.pdf": 20.746311289277422, "crl.a._599_2020_26032021.pdf": 5.1865778223193555, "Const.P._36_2016_dt_15_12_2017.pdf": 2.5932889111596777, "c.p._1665_2020.pdf": 2.5932889111596777, "j.p._147_2016.pdf": 2.5932889111596777, "SMC16of2011_detailed_judgment.pdf": 12.96644455579839, "crl.a._95_2019.pdf": 5.1865778223193555, "Crl.A._94_2019.pdf": 5.1865778223193555, "c.p._1347_2019.pdf": 2.5932889111596777, "Const.P.40of2012-DetailJudgment-dt-3.7.2012.pdf": 2.5932889111596777, "c.a._108_2015.pdf": 2.5932889111596777, "Const.P.77-78-79 [Memogate]DetailedOrder.pdf": 2.5932889111596777, "C.P.796of2007-dt-10-5-2013.pdf": 5.1865778223193555, "s.m.c._4_2022.pdf": 2.5932889111596777, "CJD_Reference by_the_President_of_Pakistan_under_Article_186.pdf": 2.5932889111596777, "C.P.No.1017-Lof2011.pdf": 2.5932889111596777, "Crl.P.163_to_171_S.M.C.5_2005.pdf": 2.5932889111596777, "C.A.540_L_2009_dt_05_01_2017.pdf": 33.71275584507581, "C.M.A._230_2019.pdf": 2.5932889111596777, "c.a._1474_2021.pdf": 2.5932889111596777, "C.A._427_2009.pdf": 2.5932889111596777, "S.M.C._18_2016.pdf": 5.1865778223193555, "c.a._73_2020.pdf": 2.5932889111596777, "i.c.a._1_2024_dn_20032024.pdf": 10.373155644638711, "Const.P35of2013-dt-20-7-2013.pdf": 2.5932889111596777, "C.A._353_2015.pdf": 7.779866733479033, "Crl.O.P._59_2015.pdf": 2.5932889111596777, "c.a._1018_2016.pdf": 5.1865778223193555, "C.A._1519_2013.pdf": 2.5932889111596777, "C.A._417-L_2009.pdf": 7.779866733479033, "Const.P.77to85of2011-ShortOrder-1.pdf": 2.5932889111596777, "crl.p._345_2022.pdf": 5.1865778223193555, "crl.p._299_2020_01042020.pdf": 2.5932889111596777, "c.a._401_2015.pdf": 10.373155644638711, "C.P._3068_2017.pdf": 2.5932889111596777, "C.P._3499_2016.pdf": 5.1865778223193555, "C.A._1291_2005.pdf": 2.5932889111596777, "c.m.a._7923_2019.pdf": 2.5932889111596777, "c.r.p._296_2020_04022022.pdf": 2.5932889111596777, "Cr.P.749-Lof2013.pdf": 2.5932889111596777, "c.a._2150_2019.pdf": 2.5932889111596777, "HRC-4668of2006.pdf": 5.1865778223193555, "C.A._633_2007.pdf": 2.5932889111596777, "c.r.p._255_2021.pdf": 46.6792004008742, "crl.p._1086_l_2022.pdf": 2.5932889111596777, "crl.p._299_2020_07042020.pdf": 2.5932889111596777, "Const.P.87of2011.pdf": 2.5932889111596777, "c.p._4129_2019.pdf": 28.526178022756454, "C.A._27_2009.pdf": 2.5932889111596777, "const.p._17_2020_dissenting_note_hj11.pdf": 2.5932889111596777, "c.p._2129_2020.pdf": 5.1865778223193555, "crl.a._531_2019.pdf": 5.1865778223193555, "H.R.C._69229_P_2018.pdf": 2.5932889111596777, "C.A._1149_2015.pdf": 2.5932889111596777, "c.p._1950_l_2018.pdf": 2.5932889111596777, "Crl.A._210_2015.pdf": 2.5932889111596777, "Const.P._38_2016_2.pdf": 5.1865778223193555, "const.p.115_2011.pdf": 2.5932889111596777, "C.A._6_2016.pdf": 2.5932889111596777, "i.c.a._1_2024_15032024.pdf": 7.779866733479033, "c.p._3598_2020.pdf": 2.5932889111596777, "c.p._3347_2021.pdf": 2.5932889111596777, "c.p._4349_2018.pdf": 2.5932889111596777, "c.a._226_p_2018.pdf": 2.5932889111596777, "const.p.37_2012_final.pdf": 64.83222277899195, "c.a._346_2020.pdf": 2.5932889111596777, "c.p._84_.2016.pdf": 2.5932889111596777, "const.p._17_2019_detailed_reasoning.pdf": 18.153022378117743, "Crl.M.A._200_2019.pdf": 2.5932889111596777, "c.a._2433_2016.pdf": 2.5932889111596777, "c.p._3795_2021.pdf": 2.5932889111596777, "crl.m.a._365_l_2020.pdf": 2.5932889111596777, "c.a._547_2012.pdf": 2.5932889111596777, "C.A._125_K_2016_JPMC_Dissenting_Note.pdf": 2.5932889111596777, "C.A._654_2010.pdf": 2.5932889111596777, "C.P._1885_2017.pdf": 2.5932889111596777, "crl.a._291_2020.pdf": 2.5932889111596777, "c.p._3286_2017.pdf": 10.373155644638711, "crl.a._398_2020.pdf": 2.5932889111596777, "crl.p._654_2020.pdf": 2.5932889111596777, "C.P._1616_2018.pdf": 2.5932889111596777, "c.a._458_2017.pdf": 2.5932889111596777, "i.c.a._1_2024_1502024_an.pdf": 7.779866733479033, "C.P._3186_2015.pdf": 2.5932889111596777, "crl.p._50_q_2017.pdf": 2.5932889111596777, "const.p.20_2013.pdf": 5.1865778223193555, "c.p._240_2021.pdf": 5.1865778223193555, "c.p._3958_2019.pdf": 2.5932889111596777, "c.p._4618_2019.pdf": 2.5932889111596777, "C.A._1216_2015.pdf": 2.5932889111596777, "c.a._1113_2017_dissenting_note.pdf": 2.5932889111596777, "c.r.p._420_2016.pdf": 12.96644455579839, "c.p._1647_2018.pdf": 7.779866733479033, "c.a._908_2015.pdf": 2.5932889111596777, "Const.P.33of2013_09.07.13.pdf": 2.5932889111596777, "crl.a._633_2019_15092023.pdf": 7.779866733479033, "C.A._69_2015.pdf": 2.5932889111596777, "crl.a._120_2019.pdf": 15.559733466958066, "CMA2745of2009etc.pdf": 2.5932889111596777, "c.p._469_l_2023.pdf": 2.5932889111596777, "c.a._1731_2021.pdf": 5.1865778223193555, "c.a._20_2014.pdf": 7.779866733479033, "c.p._4029_2019.pdf": 2.5932889111596777, "C.P._1958_2016.pdf": 2.5932889111596777, "c.a._550_2020.pdf": 5.1865778223193555, "const.p._17_2020_dissenting_note_hj4.pdf": 2.5932889111596777, "C.A._204-L_2015.pdf": 2.5932889111596777, "crl.p._75_q_2021.pdf": 2.5932889111596777, "C.M.A._376-K_2014.pdf": 10.373155644638711, "Const.P.20of2013-dt-28-6-2013.pdf": 5.1865778223193555, "Crl.P.No.426of2009&Crl.A.No.pdf": 2.5932889111596777, "c.a._1113_2017.pdf": 2.5932889111596777, "C.P._548-P_2013.pdf": 2.5932889111596777, "crl.p._577_2021.pdf": 2.5932889111596777, "C.A._843_2012.pdf": 23.3396002004371, "c.p._3209_2019.pdf": 33.71275584507581, "c.a._25_q_2018_dt_25_01_2024.pdf": 2.5932889111596777, "c.p._448_p_2017.pdf": 2.5932889111596777, "c.a._81_k_2022.pdf": 2.5932889111596777, "c.a._152_2019.pdf": 2.5932889111596777, "crl.p._371_2020l.pdf": 2.5932889111596777, "crl.p._1251_2022.pdf": 2.5932889111596777, "c.p._692_2020.pdf": 12.96644455579839, "c.a._94_2008.pdf": 2.5932889111596777, "crl.p._74_l_2018.pdf": 15.559733466958066, "crl.a._3_q_2021.pdf": 2.5932889111596777, "crl.p._519_2023_detailed_order.pdf": 5.1865778223193555, "c.p._8_l_2023_r.pdf": 10.373155644638711, "c.p._1975_2019.pdf": 2.5932889111596777, "C.A._833_2006.pdf": 2.5932889111596777, "c.p._389_2022.pdf": 2.5932889111596777, "c.a._284_2017.pdf": 7.779866733479033, "c.p._409_l_2021.pdf": 2.5932889111596777, "c.p._2711_2019.pdf": 2.5932889111596777, "Crl.A._496_2009.pdf": 2.5932889111596777, "S.M.C.16of2011dt-22-3-2013.pdf": 5.1865778223193555, "c.p._101_2020.pdf": 2.5932889111596777, "crl.p._1581_2021.pdf": 2.5932889111596777, "c.p._1007_2022.pdf": 2.5932889111596777, "C.A._1023_2016.pdf": 2.5932889111596777, "c.p._1033_2020.pdf": 2.5932889111596777, "c.p._2144_2016.pdf": 5.1865778223193555, "j.p._300_2022.pdf": 2.5932889111596777, "c.p.1795_2022.pdf": 18.153022378117743, "crl.p._1072_2021.pdf": 2.5932889111596777, "c.a._97_2003.pdf": 5.1865778223193555, "c.m.a._8758_2018_23nov2023.pdf": 2.5932889111596777, "c.a._180_2015.pdf": 2.5932889111596777, "c.p._4729_2019.pdf": 5.1865778223193555, "c.p._140_l_2015.pdf": 10.373155644638711, "C.P._3729_2015.pdf": 5.1865778223193555, "crl.p.203-l_2014.pdf": 2.5932889111596777, "C.A._118_2016.pdf": 2.5932889111596777, "C.M.A._3986_2017.pdf": 2.5932889111596777,