{"pind": {"Const.P_6of2011.pdf": 5.643088405983945, "Const.P.33_2013.pdf": 5.643088405983945, "c.a._130_2021.pdf": 16.929265217951833, "c.a._307_2017.pdf": 16.929265217951833, "H.R.C._69229_P_2018.pdf": 5.643088405983945, "const.p.37_2012_final.pdf": 11.28617681196789, "c.a._1363_2018.pdf": 5.643088405983945, "crl.p._534_2019.pdf": 11.28617681196789, "c.a._849_2015.pdf": 5.643088405983945}, "pindi": {"C.A._634_L_2012.pdf": 17.68320850279455, "const.p._19_2022_01062022.pdf": 5.8944028342648505, "C.M.A.3325_of_2012_dt_31-1-2013_ENG_URDU.pdf.pdf": 5.8944028342648505, "c.p._510_2019.pdf": 5.8944028342648505, "c.p._819_2017.pdf": 17.68320850279455, "crl.a._560_2020.pdf": 5.8944028342648505, "j.p._317_2018.pdf": 5.8944028342648505}, "pinpoint": {"SMC15OF2009.pdf": 21.769670842087173, "crl.a._599_2020_26032021.pdf": 5.442417710521793, "Crl.O.P.96_12_Altaf_Hussain _1.pdf": 5.442417710521793, "const.p._21_2022_15092023.pdf": 5.442417710521793, "c.p._609_2020.pdf": 5.442417710521793, "const.p._17_2019_detailed_reasoning.pdf": 5.442417710521793, "const.p._21_2022_30102023.pdf": 5.442417710521793, "const.p._22_2022_1st.pdf": 5.442417710521793, "c.p._2000_l_2020.pdf": 5.442417710521793, "c.r.p._432_k_2022.pdf": 5.442417710521793, "c.a._1191_2014.pdf": 5.442417710521793}, "pine": {"Crl.O.P_57_2015.pdf": 38.72411173320164, "const.p.115_2011.pdf": 6.454018622200273, "h.r.c._318_1993.pdf": 12.908037244400546, "SMCNo25of2009.pdf": 6.454018622200273}, "pinette": {"Const.P.12of2010.pdf": 7.840312983320164}, "pingrey": {"C.A._104-L_2015.pdf": 7.840312983320164}, "pinjrapur": {"C.A._2215_2006.pdf": 7.840312983320164}, "pindh": {"Const.P.33_2013.pdf": 15.680625966640328}, "pin": {"Const.P._29_2016.pdf": 5.275363625858628, "smc_1_2014.pdf": 5.275363625858628, "CJD_Reference by_the_President_of_Pakistan_under_Article_186.pdf": 5.275363625858628, "c.a._1010_2020.pdf": 5.275363625858628, "Crl.A._106_L_2017.pdf": 10.550727251717255, "c.p._280_k_2019.pdf": 5.275363625858628, "Crl.O.P._47_2016.pdf": 5.275363625858628, "C.P._529_2015.pdf": 5.275363625858628, "crl.a._3_q_2021.pdf": 5.275363625858628, "S.M.C.16of2011dt-22-3-2013.pdf": 5.275363625858628, "ConstP.No.53of2007andConst.P.83of2012.pdf": 5.275363625858628, "C.A._1049_2011.pdf": 5.275363625858628, "CJD_Section 2-A_Case_as_on_26_06_2006.pdf": 200.46381778262784}, "pinch": {"Const.P._29_2016.pdf": 6.230875070886063, "crl.a._635_2019.pdf": 6.230875070886063, "crl.a._324_2021.pdf": 6.230875070886063, "Crl.A._149_L_2017.pdf": 6.230875070886063, "Crl.A._298_L_2017.pdf": 6.230875070886063}, "pinnacle": {"C.R.P._125_2014.pdf": 6.741700694652055, "C.R.P.193of2013.pdf": 6.741700694652055, "c.a._491_2012.pdf": 6.741700694652055}, "pinion": {"crl.p._490_2019.pdf": 7.1471658027602185, "c.r.p._420_2016.pdf": 7.1471658027602185}, "pinochet": {"Ref.01_2012_addl.note_HJ.ejaz_afzal_khan.pdf": 37.38525042531638, "CP778-779.pdf": 6.230875070886063, "c.m.a._3932_2023.pdf": 24.923500283544254, "Crl.O.P.6of2012.pdf": 6.230875070886063, "CPs987-989OF2011-DT19.10.2011.pdf": 12.461750141772127}, "pindigheb": {"c.a._339_2016.pdf": 7.840312983320164}, "ping": {"HRC-4668of2006.pdf": 7.840312983320164}, "pinstech": {"hrc_4925-g_2014.pdf": 62.72250386656131}, "pindor": {"const.p.37_2012_final.pdf": 7.840312983320164}, "pino": {"c.a._ 870_2020.pdf": 7.840312983320164}, "pink": {"c.r.p._420_2016.pdf": 6.454018622200273, "cma.4581_2013.pdf": 12.908037244400546, "C.M.A._376-K_2014.pdf": 38.72411173320164, "C.A.876-879of2005.pdf": 6.454018622200273}, "pinjani": {"reference_1_2020.pdf": 7.1471658027602185, "reference._1_2020.pdf": 7.1471658027602185}}