{"pipeline": {"Const.P.127of2012.pdf": 8.302867058412456, "const.p.42of2011.pdf": 4.151433529206228, "Const.P.33_2013.pdf": 4.151433529206228, "crl.p._907_2020.pdf": 16.605734116824912, "S.M.C.24of2010[urdu-version].pdf": 4.151433529206228, "Const.P.NO.62OF2010_orderdt06062011.pdf": 8.302867058412456, "SMC16of2011_detailed_judgment.pdf": 4.151433529206228, "c.a._10_2020.pdf": 4.151433529206228, "HRC7734-G_1003-GOF2009[UrduTranslation].pdf": 4.151433529206228, "HRC7734-G_1003-GOF2009[AllegedCorruptionInRentalPowerPlants].pdf": 4.151433529206228, "c.r.p._421_2020_dissenting_notes.pdf": 62.27150293809342, "C.A._992_2013.pdf": 4.151433529206228, "crl.p._47_p_2017.pdf": 8.302867058412456, "c.p._398_l_2018.pdf": 8.302867058412456, "c.p._3598_2020.pdf": 8.302867058412456, "c.p._3767_2023.pdf": 4.151433529206228, "c.r.p._421_2020.pdf": 87.18010411333078, "C.P._3551_2015.pdf": 4.151433529206228, "c.a.1540-1599_2013.pdf": 41.514335292062285, "c.p._920_p_2023.pdf": 4.151433529206228, "c.a._2444_2016.pdf": 8.302867058412456, "c.p._1257_2020.pdf": 4.151433529206228, "reference._2_2022.pdf": 4.151433529206228, "c.p._2032_2019.pdf": 4.151433529206228, "c.p._205_l_2017.pdf": 4.151433529206228, "c.a._1113_2017_dissenting_note.pdf": 112.08870528856816, "Crl.O.P._57_2015_Additional_Note.pdf": 4.151433529206228, "c.a._1113_2017.pdf": 220.0259770479301, "JR_The_State_through_NAB_VS_Haji_Nasim-ur-Rehman.pdf": 4.151433529206228, "c.p._797_2021.pdf": 12.454300587618684, "C.A._2148_2016_dt_4-4-2018.pdf": 4.151433529206228, "c.a._735_2016.pdf": 4.151433529206228, "hrc_20107-G_2013.pdf": 4.151433529206228, "C.A.876-879of2005.pdf": 4.151433529206228, "c.m.a._8758_2018_23nov2023.pdf": 4.151433529206228, "c.p._1854_l_2022.pdf": 4.151433529206228, "CJD_Section 2-A_Case_as_on_26_06_2006.pdf": 53.96863587968097, "c.p._3985_2019.pdf": 8.302867058412456, "c.a._1547_2019.pdf": 12.454300587618684, "crl.p._566_2021.pdf": 8.302867058412456}, "piplan": {"C.R.P._49_2016.pdf": 6.741700694652055, "crl.a._67_l_2020.pdf": 6.741700694652055, "I.C.A._4_2017.pdf": 6.741700694652055}, "pipe": {"Const.P._38_2016.pdf": 9.016216946289921, "SMC15OF2009.pdf": 40.57297625830464, "c.p._3436_l_2022.pdf": 4.5081084731449605, "Const.P.12of2010.pdf": 4.5081084731449605, "Crl.P._120_2016.pdf": 4.5081084731449605, "C.A._104-L_2015.pdf": 4.5081084731449605, "Const.P.33_2013.pdf": 45.08108473144961, "crl.p._907_2020.pdf": 9.016216946289921, "c.a.149-150_2010.pdf": 9.016216946289921, "c.a._10_2020.pdf": 13.52432541943488, "c.p._2256_l_2015.pdf": 4.5081084731449605, "crl.sh.a._9_2017.pdf": 4.5081084731449605, "C.A._1125_2007.pdf": 4.5081084731449605, "C.P._1195_2019.pdf": 4.5081084731449605, "C.P._2532_2015.pdf": 58.60541015088449, "Const.P._38_2016_2.pdf": 4.5081084731449605, "const.p.115_2011.pdf": 4.5081084731449605, "c.a._2444_2016.pdf": 4.5081084731449605, "c.a._458_2017.pdf": 18.032433892579842, "C.A._767_2014.pdf": 9.016216946289921, "c.p._280_k_2019.pdf": 9.016216946289921, "crl.a._293_2020.pdf": 9.016216946289921, "hrc_20107-G_2013.pdf": 4.5081084731449605, "crl.p._1581_2021.pdf": 4.5081084731449605, "C.A.876-879of2005.pdf": 9.016216946289921, "C.A._1049_2011.pdf": 4.5081084731449605, "CJD_Section 2-A_Case_as_on_26_06_2006.pdf": 4.5081084731449605, "C.A._622 _2008.pdf": 4.5081084731449605}, "pipri": {"Const.P._38_2016.pdf": 20.225102083956166, "C.M.A._376-K_2014.pdf": 6.741700694652055, "crl.m.a._1659_2019.pdf": 13.48340138930411}, "pipera": {"HRC7734-G_1003-GOF2009[UrduTranslation].pdf": 7.840312983320164}, "pipplan": {"C.A._185_2015.pdf": 7.840312983320164}, "pipfa": {"c.p._1775_2022.pdf": 125.44500773312262}, "pipal": {"SMCNo25of2009.pdf": 15.680625966640328}}