{"pistol": {"Crl.A._24_2010.pdf": 6.023998492035726, "Crl.P._9-P_2016.pdf": 3.011999246017863, "Crl.P._1188_2016.pdf": 3.011999246017863, "crl.a._400_2019.pdf": 12.047996984071451, "crl.p._1067_2020.pdf": 3.011999246017863, "j.p._405_2021.pdf": 6.023998492035726, "C.R.P._125_2014.pdf": 6.023998492035726, "crl.a._635_2019.pdf": 3.011999246017863, "j.p._147_2016.pdf": 6.023998492035726, "SMC16of2011_detailed_judgment.pdf": 3.011999246017863, "crl.a._95_2019.pdf": 6.023998492035726, "crl.a._528_2019.pdf": 9.035997738053588, "crl.p._457_l_2021.pdf": 3.011999246017863, "Crl.P.163_to_171_S.M.C.5_2005.pdf": 18.071995476107176, "Crl.A._157_L_2017.pdf": 6.023998492035726, "crl.a._40_2020.pdf": 6.023998492035726, "crl.p._537_2021.pdf": 6.023998492035726, "Crl.A._104_2010.pdf": 3.011999246017863, "crl.p._188_p_2023.pdf": 3.011999246017863, "j.p._210_2018.pdf": 6.023998492035726, "crl.p._624_2021.pdf": 3.011999246017863, "Crl.A._91_L_2017.pdf": 6.023998492035726, "Const.P.77of2010_dt_27-8-2013.pdf": 12.047996984071451, "crl.p._290_l_2015.pdf": 9.035997738053588, "crl.a._20_2018.pdf": 3.011999246017863, "crl.p._574_2019.pdf": 3.011999246017863, "crl.p._1054_2023.pdf": 12.047996984071451, "j.p._488_2015.pdf": 3.011999246017863, "crl.p._1001_l_2017.pdf": 6.023998492035726, "crl.p._520_2020.pdf": 6.023998492035726, "crl.p._150_l_2023.pdf": 6.023998492035726, "j.p._865_2017.pdf": 9.035997738053588, "crl.p._927_l_2021.pdf": 9.035997738053588, "crl.p._499_2019.pdf": 15.059996230089315, "crl.p._324_2020.pdf": 3.011999246017863, "j.p._262_2015.pdf": 6.023998492035726, "crl.p._461_2023.pdf": 3.011999246017863, "Crl.A._126_2010.pdf": 27.107993214160764, "j.p._206_2019.pdf": 6.023998492035726, "crl.p._1485_l_2019.pdf": 3.011999246017863, "crl.p._146_k_2021.pdf": 3.011999246017863, "crl.p._1023_2020.pdf": 3.011999246017863, "crl.p._1710_l_2017.pdf": 9.035997738053588, "crl.a._531_2019.pdf": 6.023998492035726, "j.p._557_2016.pdf": 18.071995476107176, "crl.p._458_2021.pdf": 3.011999246017863, "Crl.A._402_2013.pdf": 12.047996984071451, "crl.a._106_2020.pdf": 27.107993214160764, "Cr.A. 315 of 2012.pdf": 6.023998492035726, "j.p._34_2020.pdf": 6.023998492035726, "j.p._333_2013.pdf": 6.023998492035726, "C.R.P.193of2013.pdf": 6.023998492035726, "crl.p._105_k_2020.pdf": 15.059996230089315, "j.p._105_2020.pdf": 3.011999246017863, "crl.p._513_2021.pdf": 3.011999246017863, "j.p._255_2018.pdf": 15.059996230089315, "crl.p._100_k_2020.pdf": 3.011999246017863, "j.p._345_2017.pdf": 9.035997738053588, "Crl.A._195_L_2017.pdf": 3.011999246017863, "j.p._499_2015.pdf": 3.011999246017863, "crl.m.a._365_l_2020.pdf": 9.035997738053588, "Crl.A._436_2017.pdf": 3.011999246017863, "crl.p._1146_2021.pdf": 9.035997738053588, "Crl.A._103_2010.pdf": 9.035997738053588, "crl.a._291_2020.pdf": 6.023998492035726, "crl.a._398_2020.pdf": 15.059996230089315, "crl.a._15_q_2020.pdf": 3.011999246017863, "J.P.No.56of2005.pdf": 15.059996230089315, "crl.p._103_p_2022.pdf": 3.011999246017863, "crl.p._124_2022.pdf": 6.023998492035726, "crl.p._622_2020.pdf": 3.011999246017863, "crl.p._1196_l_2015.pdf": 3.011999246017863, "crl.p._457_l_2016.pdf": 6.023998492035726, "crl.p._73_p_2021.pdf": 9.035997738053588, "crl.m.a._1581_2021.pdf": 12.047996984071451, "crl.p._534_2019.pdf": 6.023998492035726, "crl.p._352_l_2022.pdf": 3.011999246017863, "crl.p._1280_2019.pdf": 3.011999246017863, "c.p._152_2022.pdf": 3.011999246017863, "crl.p._1603_l_2021.pdf": 6.023998492035726, "crl.a._560_2020.pdf": 6.023998492035726, "crl.a._475_2019.pdf": 3.011999246017863, "smc.16of2011.pdf": 15.059996230089315, "Crl.A._106_L_2017.pdf": 6.023998492035726, "j.p._883_2017.pdf": 12.047996984071451, "j.p._148_2022.pdf": 9.035997738053588, "crl.a._190_2020.pdf": 12.047996984071451, "j.p._553_2017.pdf": 3.011999246017863, "j.p._01_2016.pdf": 6.023998492035726, "crl.p._619_2020.pdf": 3.011999246017863, "j.p._497_2015.pdf": 6.023998492035726, "j.p._417_2019.pdf": 3.011999246017863, "crl.p._1149_l_2017.pdf": 3.011999246017863, "crl.p._1557_2022.pdf": 9.035997738053588, "j.p._201_2015.pdf": 9.035997738053588, "crl.p._475_2022.pdf": 15.059996230089315, "crl.p._500_2020.pdf": 3.011999246017863, "crl.p._406_2017.pdf": 6.023998492035726, "crl.p._53_q_2020.pdf": 6.023998492035726, "crl.a._75_l_2021.pdf": 3.011999246017863, "Crl.A._298_L_2017.pdf": 6.023998492035726, "crl.a._293_2020.pdf": 18.071995476107176, "crl.p._391_2020.pdf": 6.023998492035726, "Crl.A._582_2018.pdf": 3.011999246017863, "crl.p._996_2020.pdf": 3.011999246017863, "Crl.A._97_L_2016.pdf": 9.035997738053588, "j.p._300_2022.pdf": 6.023998492035726, "Crl.A._104_L_2017.pdf": 6.023998492035726, "crl.p._1329_2023.pdf": 6.023998492035726, "crl.a._180_2020.pdf": 6.023998492035726, "crl.a._154_l_2013.pdf": 9.035997738053588, "crl.p._30_p_2014.pdf": 3.011999246017863, "Crl.P._533_2019.pdf": 3.011999246017863, "crl.p._852_2021.pdf": 3.011999246017863, "Crl.A._154_L_2017.pdf": 6.023998492035726, "crl.p._566_2021.pdf": 12.047996984071451, "j.p._190_2017.pdf": 6.023998492035726, "crl.a._82_2022.pdf": 12.047996984071451, "crl.p._476_l_2018.pdf": 6.023998492035726, "crl.a._363_2021.pdf": 12.047996984071451, "crl.p._851_l_2016.pdf": 3.011999246017863, "crl.p._950_2021.pdf": 6.023998492035726, "crl.p._1672_l_2019.pdf": 3.011999246017863, "crl.a._145_l_2017.pdf": 6.023998492035726, "crl.a._122_l_2012.pdf": 12.047996984071451}, "pistachio": {"Crl.A._479_2015.pdf": 7.1471658027602185, "c.p._1331_l_2017.pdf": 7.1471658027602185}, "pishin": {"c.a._273_2015.pdf": 11.521742883280655, "c.p._116_2020_16112023.pdf": 17.282614324920985, "const.p.115_2011.pdf": 5.760871441640328, "const.p.37_2012_final.pdf": 17.282614324920985, "J.P.No.56of2005.pdf": 5.760871441640328, "C.A._424_2015.pdf": 34.56522864984197, "C.A.No.427of2013.pdf": 17.282614324920985, "H.R.C._10842_P_2018.pdf": 11.521742883280655}, "pissa": {"h.r.c_11827_s_2018.pdf": 15.680625966640328}, "pishtakhara": {"crl.p._994_2022.pdf": 7.1471658027602185, "C.P._842_2016.pdf": 7.1471658027602185}, "pishak": {"CMA2745of2009etc.pdf": 7.840312983320164}, "pisa": {"SMCNo25of2009.pdf": 7.840312983320164}}