{"pith": {"Const.P.127of2012.pdf": 7.491936842196127, "ConstitutionPetitionNo21OF2007.pdf": 3.7459684210980635, "C.R.P._49_2016.pdf": 3.7459684210980635, "c.p._3224_2019.pdf": 3.7459684210980635, "Const.P.12of2010.pdf": 14.983873684392254, "C.A._104-L_2015.pdf": 3.7459684210980635, "Const.P._29_2016.pdf": 11.237905263294191, "Const.P.77of2012[DetailedOrderFinal].pdf": 7.491936842196127, "Ref.01_2012_addl.note_HJ.ejaz_afzal_khan.pdf": 7.491936842196127, "crl.a._95_2019.pdf": 3.7459684210980635, "C.P._2093_2015.pdf": 3.7459684210980635, "const.p._24_2023_an_10012024_r.pdf": 3.7459684210980635, "C.A._992_2013.pdf": 3.7459684210980635, "crl.p._290_l_2015.pdf": 3.7459684210980635, "c.a._18_k_2021.pdf": 3.7459684210980635, "const.p._2_2022_14102022.pdf": 3.7459684210980635, "Const.P._39_2016.pdf": 3.7459684210980635, "const.p.9_2014_detail_reasons.pdf": 3.7459684210980635, "c.p._3186_2020.pdf": 3.7459684210980635, "crl.a._531_2019.pdf": 3.7459684210980635, "C.A._300_2017.pdf": 3.7459684210980635, "crl.p._167_k_2022.pdf": 3.7459684210980635, "refernece_1_2022.pdf": 3.7459684210980635, "C.R.P._94_2014.pdf": 3.7459684210980635, "crl.p._1371_2016.pdf": 3.7459684210980635, "c.a._1498_2018_note.pdf": 3.7459684210980635, "c.p._479_k_2020.pdf": 3.7459684210980635, "const.p._17_2019_detailed_reasoning.pdf": 3.7459684210980635, "c.p._669_l_2018.pdf": 3.7459684210980635, "c.p._1775_2022.pdf": 3.7459684210980635, "c.p._2021_2019.pdf": 3.7459684210980635, "c.a._414_2021.pdf": 3.7459684210980635, "c.a._1476_2018.pdf": 29.967747368784508, "c.p._1077_2018.pdf": 7.491936842196127, "c.a._174_2012.pdf": 3.7459684210980635, "C.A._767_2014.pdf": 14.983873684392254, "const.p._6_2023_dt_05_01_2023.pdf": 14.983873684392254, "Const.P.91of2011Dt-23-8-2012.pdf": 3.7459684210980635, "const.p.6_2011_final.pdf": 3.7459684210980635, "const.p._24_2023_f.pdf": 3.7459684210980635, "c.p._2997_2021.pdf": 3.7459684210980635, "c.p._1496_k_2021.pdf": 3.7459684210980635, "c.a._1498_2018.pdf": 3.7459684210980635, "C.A._1525_2016.pdf": 3.7459684210980635, "C.A._651_2012.pdf": 3.7459684210980635, "c.a._1113_2017.pdf": 3.7459684210980635, "c.p._2314_2022.pdf": 7.491936842196127, "c.p._3209_2019.pdf": 3.7459684210980635, "c.a._512_2021.pdf": 3.7459684210980635, "c.p._409_l_2021.pdf": 3.7459684210980635, "c.p._1007_2022.pdf": 3.7459684210980635, "c.p._6117_2021.pdf": 7.491936842196127, "c.a._722_2012.pdf": 3.7459684210980635, "c.p._84_p_2020.pdf": 3.7459684210980635, "c.a._65_k_2019.pdf": 48.69758947427483, "c.p._4700_2021.pdf": 3.7459684210980635, "crl.p._950_2021.pdf": 3.7459684210980635, "c.a._764_2021.pdf": 3.7459684210980635, "crl.p._1072_l_2022.pdf": 3.7459684210980635, "c.p._4980_2021.pdf": 7.491936842196127}, "pitch": {"ConstitutionPetitionNo21OF2007.pdf": 5.355406333532164, "Const.P.12of2010.pdf": 10.710812667064328, "Const.P._29_2016.pdf": 5.355406333532164, "Const.PetitionNo.77of2010_12.10.2012.pdf": 5.355406333532164, "crl.a._599_2020_26032021.pdf": 5.355406333532164, "Crl.O.P._154_2017.pdf": 5.355406333532164, "SMC16of2011_detailed_judgment.pdf": 5.355406333532164, "H.R.C.19of1996[AsgharKhanCase]DetailedReasons.pdf": 5.355406333532164, "C.A._493_2011.pdf": 5.355406333532164, "const.p._21_2022_30102023.pdf": 5.355406333532164, "c.a._1476_2018.pdf": 16.06621900059649, "c.a._508_2020.pdf": 5.355406333532164}, "pitafi": {"Const.P_6of2011.pdf": 31.361251933280656}, "pitfall": {"Const.P.12of2010.pdf": 16.613183670978355, "Const.P.NO.62OF2010_orderdt06062011.pdf": 5.537727890326118, "const.p._24_to_26_of_2023_04072023.pdf": 5.537727890326118, "j.p._147_2016.pdf": 5.537727890326118, "REVIEW_P_46&47_2011_full.pdf": 5.537727890326118, "C.R.P._561_2015_dt_04-02-2016.pdf": 5.537727890326118, "c.a._1121_2018.pdf": 5.537727890326118, "c.p._490_k_2020.pdf": 5.537727890326118, "c.p._1831_2017.pdf": 5.537727890326118, "c.m.a._490_2021_20022021.pdf": 5.537727890326118}, "pit": {"Const.P.87of2011[UrduVersion].pdf": 5.442417710521793, "c.p._2243_l_2019.pdf": 5.442417710521793, "Const.P.NO.62OF2010_orderdt06062011.pdf": 5.442417710521793, "SMC16of2011_detailed_judgment.pdf": 10.884835421043586, "Const.P.46of2013-dt-27-12-2013.pdf": 5.442417710521793, "Const.P.77-78-79 [Memogate]DetailedOrder.pdf": 5.442417710521793, "const.p.115_2011.pdf": 5.442417710521793, "const.p._64_2013.pdf": 5.442417710521793, "crl.p._145_l_2021.pdf": 5.442417710521793, "j.p._355_2018.pdf": 5.442417710521793, "C.A._1000_2006.pdf": 21.769670842087173}, "pittance": {"Const.P.87of2011[UrduVersion].pdf": 6.741700694652055, "Const.P.87of2011.pdf": 6.741700694652055, "C.P._892_2015.pdf": 6.741700694652055}, "pity": {"crl.p._1054_l_2023_urdu.pdf": 5.8944028342648505, "Const.PetitionNo.77of2010_12.10.2012.pdf": 5.8944028342648505, "Urdu-Const.P-77-2010-12.10.2012.pdf": 5.8944028342648505, "Const.P.39of2007-dt-25-6-2013.pdf": 5.8944028342648505, "C.M.A._376-K_2014.pdf": 11.788805668529701, "Crl.O.P.6of2012.pdf": 141.4656680223564, "c.p._4729_2019.pdf": 5.8944028342648505}, "pitiable": {"Const.P._29_2016.pdf": 7.840312983320164}, "pitad": {"Const.P.30of2013.pdf": 7.840312983320164}, "pitc": {"HRC7734-G_1003-GOF2009[UrduTranslation].pdf": 42.88299481656131, "HRC7734-G_1003-GOF2009[AllegedCorruptionInRentalPowerPlants].pdf": 35.735829013801094}, "pitafai": {"crl.p._442_2021.pdf": 7.840312983320164}, "pithy": {"c.p._4129_2019.pdf": 7.840312983320164}, "pitav": {"const.p.115_2011.pdf": 7.840312983320164}, "pitra": {"j.p._345_2017.pdf": 7.840312983320164}, "pittsburgh": {"C.A._125_K_2016_JPMC_Dissenting_Note.pdf": 7.840312983320164}, "pitti": {"C.P._842_2016.pdf": 7.840312983320164}, "pitale": {"CMA2745of2009etc.pdf": 7.840312983320164}, "pitamber": {"crl.p_1124_l_2015.pdf": 7.840312983320164}, "pitiless": {"crl.p._1072_2021.pdf": 7.840312983320164}}