{"pivotal": {"Const.P.127of2012.pdf": 6.531204009633562, "C.Sh.A._1_2013.pdf": 3.265602004816781, "Crl.A._39_L_2015.pdf": 3.265602004816781, "j.p._587_2016.pdf": 3.265602004816781, "Const.P.12of2010.pdf": 13.062408019267124, "Crl.A._523_2017.pdf": 6.531204009633562, "C.A._2215_2006.pdf": 3.265602004816781, "Const.P.33_2013.pdf": 6.531204009633562, "Const.P._29_2016.pdf": 3.265602004816781, "Const.P.77of2012[DetailedOrderFinal].pdf": 6.531204009633562, "CAA_25.09.2013.pdf": 3.265602004816781, "s.m.c._1_2022_detailed.pdf": 6.531204009633562, "crl.a._95_2019.pdf": 3.265602004816781, "Crl.A._94_2019.pdf": 6.531204009633562, "crl.a._528_2019.pdf": 3.265602004816781, "CP778-779.pdf": 3.265602004816781, "Const.P.40of2012-DetailJudgment-dt-3.7.2012.pdf": 6.531204009633562, "C.A._03_2017.pdf": 3.265602004816781, "C.P.No.1017-Lof2011.pdf": 6.531204009633562, "const.p._21_2022_15092023.pdf": 9.796806014450343, "crl.p._883_l_2022.pdf": 3.265602004816781, "Const.P_3_2014.pdf": 6.531204009633562, "C.A._1406_2016.pdf": 3.265602004816781, "c.p._1057_2019.pdf": 6.531204009633562, "C.A._521_2015.pdf": 3.265602004816781, "const.p._17_2019_19062020.pdf": 3.265602004816781, "c.p._1998_2018.pdf": 3.265602004816781, "c.p._3506_2020.pdf": 3.265602004816781, "c.r.p._296_2020_29012022.pdf": 3.265602004816781, "Const.P.39of2007-dt-25-6-2013.pdf": 3.265602004816781, "c.r.p._296_2020_04022022.pdf": 6.531204009633562, "c.p._943_k_2022.pdf": 3.265602004816781, "const.p._6_2023_07032024.pdf": 3.265602004816781, "const.p._2_2022_14102022.pdf": 3.265602004816781, "C.A._1171_2017.pdf": 3.265602004816781, "Const.P._24_2012.pdf": 3.265602004816781, "c.a._353_2010.pdf": 6.531204009633562, "C.A._1560_2008.pdf": 3.265602004816781, "C.P._3345_2016.pdf": 3.265602004816781, "const.p.9_2014_detail_reasons.pdf": 3.265602004816781, "c.a._45_l_2018.pdf": 3.265602004816781, "c.a._444_2017.pdf": 3.265602004816781, "crl.a.19of2012.pdf": 3.265602004816781, "h.r.c_11827_s_2018.pdf": 3.265602004816781, "c.p._479_k_2020.pdf": 3.265602004816781, "const.p._17_2019_detailed_reasoning.pdf": 3.265602004816781, "c.a._377_2014.pdf": 3.265602004816781, "const.p._21_2022_30102023.pdf": 6.531204009633562, "C.A._1890_2002.pdf": 3.265602004816781, "c.a._170_2017.pdf": 3.265602004816781, "c.p._1084_2011.pdf": 3.265602004816781, "c.a._2444_2016.pdf": 3.265602004816781, "c.a._1683_2014.pdf": 3.265602004816781, "crl.p._1079_l_of_2020.pdf": 3.265602004816781, "c.p._2314_2022_dn.pdf": 6.531204009633562, "c.a._414_2021.pdf": 3.265602004816781, "C.A._158_2006.pdf": 3.265602004816781, "c.a._1772_2008.pdf": 13.062408019267124, "c.a._1476_2018.pdf": 3.265602004816781, "C.P._3186_2015.pdf": 3.265602004816781, "c.a._1113_2017_dissenting_note.pdf": 6.531204009633562, "const.p._42_2022_07032024.pdf": 3.265602004816781, "C.A._69_2015.pdf": 3.265602004816781, "CMA2745of2009etc.pdf": 3.265602004816781, "C.A.39_2010.pdf": 3.265602004816781, "crl.p._527_2017.pdf": 3.265602004816781, "c.p._546_2021.pdf": 3.265602004816781, "C.R.P._561_2015.pdf": 3.265602004816781, "c.a._139_p_2013.pdf": 3.265602004816781, "C.M.A._376-K_2014.pdf": 3.265602004816781, "Const.P.22of2013.pdf": 3.265602004816781, "c.a._154_l_2018.pdf": 3.265602004816781, "c.a._1113_2017.pdf": 9.796806014450343, "c.a._25_q_2018_dt_25_01_2024.pdf": 3.265602004816781, "C.P._80_2018.pdf": 3.265602004816781, "Const.P._35_2016_dt_15_12_2017.pdf": 3.265602004816781, "Crl.A.126of2012.pdf": 3.265602004816781, "SMCNo25of2009.pdf": 6.531204009633562, "crl.p._13_k_2023.pdf": 3.265602004816781, "ConstP.No.53of2007andConst.P.83of2012.pdf": 6.531204009633562, "C.A._1169_2014.pdf": 3.265602004816781, "Const.P.73of2011.pdf": 3.265602004816781, "c.a._91_k_2017.pdf": 3.265602004816781, "crl.p._443_l_2020_dissenting_note.pdf": 3.265602004816781, "C.A._620_2006.pdf": 3.265602004816781, "C.A.876-879of2005.pdf": 3.265602004816781, "c.a._722_2012.pdf": 6.531204009633562, "C.A._150_2006.pdf": 3.265602004816781, "crl.m.a._1566_2016.pdf": 3.265602004816781, "c.p._4729_2019.pdf": 3.265602004816781, "c.a._1191_2016.pdf": 3.265602004816781, "c.a._1546_2019.pdf": 6.531204009633562, "c.a._2056_2019.pdf": 3.265602004816781, "C.R.P._412_2014.pdf": 6.531204009633562, "JR_Fecto_Belarus_Tractor_Limited_Case.pdf": 3.265602004816781, "C.A._1646_2000.pdf": 3.265602004816781, "s.m.c._1_2022_note_hj4.pdf": 3.265602004816781}, "pivot": {"Const.P.12of2010.pdf": 5.442417710521793, "crl.a._95_2019.pdf": 5.442417710521793, "crl.p._574_2019.pdf": 5.442417710521793, "c.p._648_l_2021_detailed.pdf": 5.442417710521793, "c.p_.4178_2019.pdf": 5.442417710521793, "const.p._24_2023_f.pdf": 10.884835421043586, "c.a._1877_2016_dt_24_01_2024.pdf": 5.442417710521793, "SMC24-2010.pdf": 5.442417710521793, "C.A._134-P_2013.pdf": 5.442417710521793, "c.p._4178_2019.pdf": 5.442417710521793, "const.p._10_2019.pdf": 5.442417710521793}}