{"pk": {"C.P.796of2007-UrduTranslation-dt-10-5-2013.pdf": 4.749270529961848, "Const.P.12of2010.pdf": 4.749270529961848, "S.M.C.24of2010[urdu-version].pdf": 4.749270529961848, "H.R.C.19of1996[AsgharKhanCase]DetailedReasonsUrduTranslation.pdf": 4.749270529961848, "HRC7734-G_1003-GOF2009[UrduTranslation].pdf": 4.749270529961848, "c.p._2119_2018.pdf": 4.749270529961848, "C.P.796of2007-dt-10-5-2013.pdf": 4.749270529961848, "Crl.P.163_to_171_S.M.C.5_2005.pdf": 9.498541059923696, "HRC7734-G_1003-GOF2009[AllegedCorruptionInRentalPowerPlants].pdf": 4.749270529961848, "i.c.a._1_2024_dn_20032024.pdf": 4.749270529961848, "C.A._1042_2018.pdf": 4.749270529961848, "Crl.P.200of2009.pdf": 37.99416423969478, "C.A._125_K_2016_JPMC_Dissenting_Note.pdf": 4.749270529961848, "CMA3470of2013_10.07.2013.pdf": 4.749270529961848, "const.p.20_2013.pdf": 4.749270529961848, "c.p._280_k_2019.pdf": 4.749270529961848, "c.a._1653_2021.pdf": 4.749270529961848, "crl.a._239_2020.pdf": 4.749270529961848, "crl.p._263_l_2015.pdf": 4.749270529961848, "Const.P.20of2013-dt-28-6-2013.pdf": 4.749270529961848, "c.p._3122_2020.pdf": 4.749270529961848, "crl.a._92_l_2017.pdf": 4.749270529961848}}