{"pkr": {"Const.P._38_2016.pdf": 82.11620451548727, "Const.P.33_2013.pdf": 35.92583947552568, "c.r.p._421_2020_dissenting_notes.pdf": 5.132262782217954, "c.p._943_k_2022.pdf": 15.396788346653864, "c.a._444_2017.pdf": 10.264525564435909, "c.r.p._421_2020.pdf": 5.132262782217954, "c.a._1113_2017_dissenting_note.pdf": 30.793576693307728, "const.p._42_2022_07032024.pdf": 15.396788346653864, "c.p._3209_2020.pdf": 15.396788346653864, "c.a._1113_2017.pdf": 30.793576693307728, "Const.P._35_2016_dt_15_12_2017.pdf": 128.30656955544885, "C.A._552_2015.pdf": 5.132262782217954, "smc.9_2011.pdf": 30.793576693307728, "CJD_Pakistan_Steel_Mills_Case.pdf": 10.264525564435909, "c.p._3200_l_2019.pdf": 5.132262782217954}}