{"plot": {"c.a._1476_2018_urdu.pdf": 135.5399660708038, "report_128_k_2021.pdf": 60.23998492035726, "c.p._1193_2020.pdf": 3.011999246017863, "c.a._1079_2015.pdf": 6.023998492035726, "C.A._634_L_2012.pdf": 33.131991706196494, "C.A._1129_2013.pdf": 3.011999246017863, "Crl.A._39_L_2015.pdf": 6.023998492035726, "Crl.O.P_57_2015.pdf": 9.035997738053588, "NRO_Judgment.pdf": 6.023998492035726, "Const.P.12of2010.pdf": 3.011999246017863, "Const.P._29_2016.pdf": 6.023998492035726, "smc.18_2010_final.pdf": 12.047996984071451, "c.a._1498_2016.pdf": 3.011999246017863, "c.p._2243_l_2019.pdf": 108.43197285664306, "c.p._4599_2017.pdf": 63.25198416637512, "crl.a._599_2020_26032021.pdf": 6.023998492035726, "Const.P._36_2016_dt_15_12_2017.pdf": 3.011999246017863, "Const.P.NO.62OF2010_orderdt06062011.pdf": 3.011999246017863, "H.R.C.19of1996[AsgharKhanCase]DetailedReasonsUrduTranslation.pdf": 9.035997738053588, "S.M.C.18OF2010.pdf": 9.035997738053588, "s.m.c._1_2022_detailed.pdf": 6.023998492035726, "SMC16of2011_detailed_judgment.pdf": 9.035997738053588, "c.a._601_2019.pdf": 3.011999246017863, "smc.11_2011.pdf": 512.0398718230367, "H.R.C.19of1996[AsgharKhanCase]DetailedReasons.pdf": 9.035997738053588, "Crl.A._39_L_2015_Urdu.pdf": 6.023998492035726, "c.p._154_2019.pdf": 9.035997738053588, "s.m.c.12_2015.pdf": 6.023998492035726, "c.a._73_2016.pdf": 21.08399472212504, "Const.P.5of2013.pdf": 6.023998492035726, "Const.P.35of2013_28.08.2013.pdf": 3.011999246017863, "c.a._730_2015.pdf": 6.023998492035726, "c.a._1120_2009.pdf": 45.17998869026794, "const.p._9_2010_27122021.pdf": 210.8399472212504, "C.A._461_2014.pdf": 21.08399472212504, "c.a._559_2020.pdf": 69.27598265841084, "c.m.a._5602_2021.pdf": 3.011999246017863, "Const.P35of2013-dt-20-7-2013.pdf": 36.14399095221435, "c.a._639_2014.pdf": 265.05593364957195, "C.P._339_K_2017.pdf": 75.29998115044657, "j.p._335_2017.pdf": 3.011999246017863, "c.a._1355_2006.pdf": 3.011999246017863, "c.p._1998_2018.pdf": 3.011999246017863, "c.p._609_2020.pdf": 3.011999246017863, "c.a._781_2017.pdf": 3.011999246017863, "C.A._2105_2008.pdf": 21.08399472212504, "c.p._211_q_2017.pdf": 54.21598642832153, "c.p.549-k_2019.pdf": 6.023998492035726, "HRC-4668of2006.pdf": 90.35997738053588, "c.a._1121_2018.pdf": 3.011999246017863, "C.A._185_2015.pdf": 21.08399472212504, "C.P._1700_2011.pdf": 9.035997738053588, "c.a._18_k_2020.pdf": 6.023998492035726, "c.a._383_2013.pdf": 6.023998492035726, "H.R.C._69229_P_2018.pdf": 6.023998492035726, "c.p._2836_2020.pdf": 36.14399095221435, "c.p._275_2016.pdf": 6.023998492035726, "c.p._174_q_2021.pdf": 3.011999246017863, "Crl.P._300_2018.pdf": 66.26398341239299, "crl.o.p.4-k_2023_dt_21_12_2023.pdf": 9.035997738053588, "const.p._9_2010.pdf": 171.6839570230182, "c.p._3203_2017.pdf": 213.85194646726825, "const.p.37_2012_final.pdf": 15.059996230089315, "crl.p._287_2022.pdf": 18.071995476107176, "C.P._51_2015.pdf": 6.023998492035726, "SMC.13-2009.pdf": 135.5399660708038, "C.A._1890_2002.pdf": 3.011999246017863, "c.p._492_k_2023.pdf": 3.011999246017863, "C.A._467_2015.pdf": 3.011999246017863, "SMC16of2011-dt.5.4.2013.pdf": 3.011999246017863, "c.p._4500_2017.pdf": 9.035997738053588, "c.a._2444_2016.pdf": 3.011999246017863, "c.m.a._4821_2018_14012022.pdf": 3.011999246017863, "crl.o.p._4_k_2023.pdf": 3.011999246017863, "C.A._654_2007.pdf": 27.107993214160764, "c.a._1476_2018.pdf": 144.5759638088574, "Const.P.35-2013_18.07.2013.pdf": 6.023998492035726, "c.a._73_k_2018.pdf": 12.047996984071451, "c.p._1077_2018.pdf": 144.5759638088574, "const.p._42_2022_07032024.pdf": 3.011999246017863, "const.p.6_2011_final.pdf": 9.035997738053588, "c.p._1133_l_2016.pdf": 3.011999246017863, "c.p._5632_2021.pdf": 3.011999246017863, "const.p._64_2013.pdf": 3.011999246017863, "crl.p._957_2021.pdf": 3.011999246017863, "C.P._1707_2018.pdf": 9.035997738053588, "const.p._9_2010_28122021.pdf": 195.7799509911611, "C.A._1481_2007.pdf": 180.71995476107176, "C.M.A._376-K_2014.pdf": 129.5159675787681, "c.a._2084_2016.pdf": 153.611961546911, "c.p._2832_2018.pdf": 33.131991706196494, "C.A._800_2011.pdf": 42.16798944425008, "CJD_Constitution_Petition_No_36_of_2005.pdf": 48.191987936285805, "ConstitutionPetitionNo39of2009.pdf": 3.011999246017863, "c.a._26_k_2021.pdf": 3.011999246017863, "Const.P.35of2013_order_dated_26.7.2013.pdf": 6.023998492035726, "c.p._740_2021.pdf": 3.011999246017863, "c.p._3709_2022.pdf": 96.38397587257161, "Const.P._35_2016_dt_15_12_2017.pdf": 6.023998492035726, "c.p._715_2018.pdf": 6.023998492035726, "C.P._1774_2015.pdf": 6.023998492035726, "C.P._1774_2014.pdf": 6.023998492035726, "c.p._6406_2021.pdf": 18.071995476107176, "c.a._152_l_2010.pdf": 30.11999246017863, "c.p._1278_k_2023.pdf": 9.035997738053588, "Crl.A._324_2011.pdf": 3.011999246017863, "c.p._2000_l_2020.pdf": 6.023998492035726, "c.p._4889_2018.pdf": 3.011999246017863, "Crl.A._122_L_2017.pdf": 3.011999246017863, "C.A._620_2006.pdf": 198.79195023717895, "c.a._2015_2022.pdf": 3.011999246017863, "c.p._189_q_2017.pdf": 6.023998492035726, "c.m.a._8758_2018_23nov2023.pdf": 3.011999246017863, "c.a._180_2015.pdf": 6.023998492035726, "c.a._1191_2016.pdf": 15.059996230089315, "smc.9_2011.pdf": 256.01993591151836, "c.a._1399_2019.pdf": 3.011999246017863, "c.p._3367_2018.pdf": 21.08399472212504, "c.p._3041_2018.pdf": 18.071995476107176, "C.R.P._309_2013.pdf": 231.92394194337544, "crl.p._358_l_2022.pdf": 24.095993968142903, "c.a._248_2014.pdf": 3.011999246017863, "c.m.a._8758_2018.pdf": 9.035997738053588, "crl.a.264_2006.pdf": 12.047996984071451, "crl.a._122_l_2012.pdf": 3.011999246017863}, "plock": {"CPs.10-18of2011.pdf": 7.840312983320164}, "ploy": {"H.R.C._18877_2018_03072019.pdf": 5.537727890326118, "Const.P.12of2010.pdf": 5.537727890326118, "Const.P.5of2013.pdf": 5.537727890326118, "j.p._83_2021.pdf": 5.537727890326118, "C.R.P._383_2005.pdf": 5.537727890326118, "H.R.C._14158-G_2016_[19082016].pdf": 5.537727890326118, "const.p._9_2023_20042023.pdf": 5.537727890326118, "c.a._538_2022.pdf": 5.537727890326118, "c.a._317_l_2011.pdf": 5.537727890326118, "H.R.C._14158-G_2016.pdf": 5.537727890326118}, "plow": {"Crl.A._609_2014.pdf": 12.908037244400546, "crl.p._611_l_2023.pdf": 12.908037244400546, "crl.p._458_2021.pdf": 6.454018622200273, "crl.p._1442_2022.pdf": 12.908037244400546}, "plough": {"Crl.A._609_2014.pdf": 14.294331605520437, "crl.p._457_l_2016.pdf": 7.1471658027602185}, "plotting": {"s.m.c.12_2015.pdf": 7.840312983320164}, "plo\u0165": {"c.p._3203_2017.pdf": 15.680625966640328}, "ploypropylene": {"c.a._513_2014.pdf": 15.680625966640328}, "plo": {"hrc.14392_2013.pdf": 7.840312983320164}}