{"plr": {"crl.a.19of2012.pdf": 6.454018622200273, "c.a._1044_2015.pdf": 6.454018622200273, "C.A.2234and2235of2005-dt-31-8-2013.pdf": 6.454018622200273, "C.A._539_2003.pdf": 6.454018622200273}}