{"pls": {"CPLA_796_2007_ETC_SHORT_ORDER_REKO_DIQ_CASE.pdf": 26.96680277860822, "C.P.796of2007-dt-10-5-2013.pdf": 60.67530625186849, "C.A._1519_2013.pdf": 6.741700694652055}}