{"pltt": {"c.a._152_2019.pdf": 7.840312983320164}, "pltff": {"c.a._152_2019.pdf": 7.1471658027602185, "c.p._264_p_2010.pdf": 14.294331605520437}}