{"plus": {"report_128_k_2021.pdf": 7.3013164825874775, "ConstitutionPetitionNo21OF2007.pdf": 7.3013164825874775, "JR_Judgment_on_Legal_Framework_Order_2002.pdf": 3.6506582412937387, "C.P.796of2007-UrduTranslation-dt-10-5-2013.pdf": 3.6506582412937387, "Const.P._38_2016.pdf": 7.3013164825874775, "Const.P.12of2010.pdf": 7.3013164825874775, "S.M.C._20_2016.pdf": 7.3013164825874775, "crl.p._407_2022.pdf": 3.6506582412937387, "Ref.01_2012_addl.note_HJ.ejaz_afzal_khan.pdf": 3.6506582412937387, "Const.P.NO.62OF2010_orderdt06062011.pdf": 3.6506582412937387, "c.a._371_2020.pdf": 3.6506582412937387, "HRC7734-G_1003-GOF2009[UrduTranslation].pdf": 7.3013164825874775, "C.P.796of2007-dt-10-5-2013.pdf": 10.951974723881216, "Crl.P.163_to_171_S.M.C.5_2005.pdf": 21.903949447762432, "C.A._353_2015.pdf": 14.602632965174955, "C.R.P._383_2005.pdf": 3.6506582412937387, "c.a._1355_2006.pdf": 10.951974723881216, "cma.3685-3686_of_2012_in_hrc.7734-g_of_2009_dt_31.01.2013.pdf": 3.6506582412937387, "c.p._283_l_2018.pdf": 7.3013164825874775, "C.A._1189_2014.pdf": 3.6506582412937387, "C.A._2105_2008.pdf": 3.6506582412937387, "c.a._2150_2019.pdf": 10.951974723881216, "C.A._185_2015.pdf": 3.6506582412937387, "C.R.P._100_2016.pdf": 3.6506582412937387, "c.a._17_l_2019.pdf": 3.6506582412937387, "c.a._18_k_2020.pdf": 7.3013164825874775, "c.a._64_2022.pdf": 3.6506582412937387, "C.A._6_2016.pdf": 3.6506582412937387, "C.A._301_2014.pdf": 3.6506582412937387, "c.p._3767_2023.pdf": 3.6506582412937387, "c.a._1095_2018_13092019.pdf": 3.6506582412937387, "Const.P.46and47of2010.pdf": 14.602632965174955, "CONST.P.9OF2009.pdf": 3.6506582412937387, "c.p._5620_2021.pdf": 3.6506582412937387, "c.a._914_l_2013.pdf": 3.6506582412937387, "c.a._2016_2022.pdf": 3.6506582412937387, "C.P._816_2009.pdf": 3.6506582412937387, "C.P._1069_K_2018.pdf": 7.3013164825874775, "C.A._25_K_2018.pdf": 3.6506582412937387, "const.p.5_2011.pdf": 25.55460768905617, "J.P.No.56of2005.pdf": 7.3013164825874775, "reference._2_2022.pdf": 10.951974723881216, "C.P._816-L_2009.pdf": 3.6506582412937387, "C.M.A._6250_2018.PDF": 7.3013164825874775, "s.m.c._1_2023_12062023.pdf": 10.951974723881216, "Const.P.50-69of2011.pdf": 3.6506582412937387, "c.a._1003_2019.pdf": 7.3013164825874775, "Crl.P.No.426of2009&Crl.A.No.pdf": 3.6506582412937387, "c.p._4305_2023.pdf": 3.6506582412937387, "c.p._448_p_2017.pdf": 3.6506582412937387, "Const.P._35_2016_dt_15_12_2017.pdf": 18.253291206468695, "ICA3,4,6TO11of2011dt2011.04.pdf": 21.903949447762432, "c.a._661_2018.pdf": 32.85592417164365, "s.m.c._4_2021_26082021.pdf": 3.6506582412937387, "c.p._803_2019.pdf": 3.6506582412937387, "c.p._2459_2017.pdf": 14.602632965174955, "C.P._3912_2016.pdf": 7.3013164825874775, "c.p._4690_2018.pdf": 3.6506582412937387, "c.a._97_2003.pdf": 3.6506582412937387, "C.P._661_K_2015.pdf": 10.951974723881216, "c.a._477_2021.pdf": 3.6506582412937387, "C.A._682_2008.pdf": 3.6506582412937387, "c.a._65_k_2019.pdf": 7.3013164825874775, "c.p._4806_2019.pdf": 3.6506582412937387, "C.M.A._8215_2016.pdf": 3.6506582412937387, "Const.P.5and15-HRC14144-DetailedReasons.pdf": 7.3013164825874775}, "plug": {"ConstitutionPetitionNo21OF2007.pdf": 5.067724261080383, "Const.P.12of2010.pdf": 5.067724261080383, "Const.P.NO.62OF2010_orderdt06062011.pdf": 5.067724261080383, "c.p._3772_2019.pdf": 10.135448522160766, "c.r.p._421_2020_dissenting_notes.pdf": 10.135448522160766, "crl.p._299_2020_07042020.pdf": 5.067724261080383, "c.r.p._421_2020.pdf": 10.135448522160766, "const.p._39_16122019.pdf": 5.067724261080383, "c.a._471_l_2012.pdf": 5.067724261080383, "c.a._1113_2017_dissenting_note.pdf": 10.135448522160766, "c.a._1113_2017.pdf": 10.135448522160766, "Crl.P._1099_2016.pdf": 5.067724261080383, "c.p._389_2022.pdf": 5.067724261080383, "const.p._39_2019.pdf": 5.067724261080383, "Crl.A._218_2015.pdf": 5.067724261080383, "Const.P.5and15-HRC14144-DetailedReasons.pdf": 5.067724261080383}, "plumber": {"H.R.C._18877_2018_03072019.pdf": 7.1471658027602185, "C.A._1359_2014.pdf": 7.1471658027602185}, "plunge": {"c.a._240_p_2014.pdf": 5.8944028342648505, "Const.P.12of2010.pdf": 23.577611337059402, "C.A._176_2015.pdf": 11.788805668529701, "crl.a._20_2018.pdf": 5.8944028342648505, "crl.p._692_2020.pdf": 5.8944028342648505, "c.p._3347_2021.pdf": 5.8944028342648505, "crl.p._996_2020.pdf": 5.8944028342648505}, "plunder": {"SMC15OF2009.pdf": 4.704818767391014, "NRO_Judgment.pdf": 37.638550139128114, "Const.P.12of2010.pdf": 9.409637534782028, "Const.P._29_2016.pdf": 14.114456302173043, "c.p._2243_l_2019.pdf": 4.704818767391014, "Const.P.40of2012-DetailJudgment-dt-3.7.2012.pdf": 4.704818767391014, "H.R.C.19of1996[AsgharKhanCase]DetailedReasons.pdf": 4.704818767391014, "const.p._24_2017.pdf": 4.704818767391014, "CMA No.5144of2011.pdf": 4.704818767391014, "JR_Detailed_Judgment_in_Referendum_Case.pdf": 4.704818767391014, "const.p.115_2011.pdf": 4.704818767391014, "h.r.c_11827_s_2018.pdf": 4.704818767391014, "Crl.A.140of2005.pdf": 4.704818767391014, "const.p._21_2022_30102023.pdf": 4.704818767391014, "c.p._2148_2020.pdf": 4.704818767391014, "const.p.5_2011.pdf": 4.704818767391014, "suo_motu_in_court.pdf": 4.704818767391014, "c.a._1476_2018.pdf": 4.704818767391014, "H.R.C._39216_G_2018.pdf": 4.704818767391014, "kamran_faisal_case.pdf": 4.704818767391014, "S.M.C._17_2016.pdf": 4.704818767391014, "H.R.C.39216_G_2018.pdf": 4.704818767391014, "C.A.82-K-2015.pdf": 4.704818767391014}, "plucking": {"Crl.A._39_L_2015.pdf": 21.441497408280654, "Crl.A._115_2013.pdf": 14.294331605520437}, "pluck": {"Crl.A._39_L_2015.pdf": 23.52093894996049}, "plural": {"NRO_Judgment.pdf": 5.643088405983945, "Const.P.12of2010.pdf": 5.643088405983945, "Const.P._29_2016.pdf": 5.643088405983945, "Ref.01_2012_addl.note_HJ.ejaz_afzal_khan.pdf": 5.643088405983945, "JR_Detailed_Judgment_in_Referendum_Case.pdf": 5.643088405983945, "const.p._2_2022_14102022.pdf": 11.28617681196789, "C.P._60_K_2018.pdf": 5.643088405983945, "c.a._179_2016.pdf": 5.643088405983945, "c.p._189_q_2017.pdf": 5.643088405983945}, "plurality": {"Const.P.12of2010.pdf": 5.355406333532164, "Ref.01_2012_addl.note_HJ.ejaz_afzal_khan.pdf": 5.355406333532164, "crl.a._95_2019.pdf": 10.710812667064328, "smc_1_2014.pdf": 5.355406333532164, "CJD_Reference by_the_President_of_Pakistan_under_Article_186.pdf": 5.355406333532164, "c.r.p._296_2020_04022022.pdf": 26.77703166766082, "const.p._2_2022_14102022.pdf": 32.13243800119298, "Const.P.87of2011.pdf": 10.710812667064328, "C.P._60_K_2018.pdf": 5.355406333532164, "c.r.p._420_2016.pdf": 10.710812667064328, "const.p._24_2023_f.pdf": 16.06621900059649, "C.A._700_2017.pdf": 10.710812667064328}, "plume": {"Const.P.12of2010.pdf": 7.840312983320164}, "plutarch": {"smc.18_2010_final.pdf": 7.840312983320164}, "pluralism": {"smc_1_2014.pdf": 6.741700694652055, "Const.P.77-78-79 [Memogate]DetailedOrder.pdf": 6.741700694652055, "c.p._3506_2020.pdf": 6.741700694652055}, "pluralistic": {"smc_1_2014.pdf": 7.840312983320164}, "plum": {"c.a._797_2017.pdf": 7.1471658027602185, "Crl.A._115_2013.pdf": 7.1471658027602185}, "plutonium": {"c.a._1113_2017.pdf": 15.680625966640328}}