{"pmc": {"Const.P.33_2013.pdf": 201.63050045741147, "CAA_25.09.2013.pdf": 17.282614324920985, "c.m.a._5777_2021.pdf": 40.326100091482296, "s.m.c._4_2022_04apr2023.pdf": 5.760871441640328, "c.p._2916_2019.pdf": 17.282614324920985, "c.a._634_2014.pdf": 34.56522864984197, "Const.P.33of2013_09.07.13.pdf": 34.56522864984197, "C.A.2234and2235of2005-dt-31-8-2013.pdf": 5.760871441640328}}