{"pmic": {"const.p.33-2013_dt_12.09.2013.pdf": 7.840312983320164}, "pmiu": {"c.a._1167_2020.pdf": 15.680625966640328}}