{"pnca": {"smc.24_2010.pdf": 7.1471658027602185, "c.p._1336_l_2021.pdf": 7.1471658027602185}, "pnc": {"c.a._64_2022.pdf": 7.1471658027602185, "H.R.C._17599_2018.pdf": 21.441497408280654}}