{"pnsc": {"C.P._1707_2018.pdf": 7.1471658027602185, "crl.a.264_2006.pdf": 21.441497408280654}}