{"po": {"crl.a._184_2020.pdf": 4.582216445298682, "Const.P.127of2012.pdf": 32.075515117090774, "Const.P_6of2011.pdf": 68.73324667948023, "Const.P.12of2010.pdf": 4.582216445298682, "Const.P.77of2012[DetailedOrderFinal].pdf": 4.582216445298682, "Urdu-Const.P-77-2010-12.10.2012.pdf": 4.582216445298682, "Const.P._36_2016_dt_15_12_2017.pdf": 13.746649335896047, "smc.24_2010.pdf": 4.582216445298682, "Crl.P.163_to_171_S.M.C.5_2005.pdf": 13.746649335896047, "c.a._781_2017.pdf": 4.582216445298682, "Const.P.No.77of2012[ShortOrder2.8.2012].pdf": 4.582216445298682, "c.a._18_k_2021.pdf": 50.4043808982855, "crl.a._181_2012.pdf": 4.582216445298682, "j.p._34_2020.pdf": 9.164432890597364, "crl.p._1802_l_2017.pdf": 9.164432890597364, "c.a._1010_2020.pdf": 4.582216445298682, "C.A._194_2015.pdf": 9.164432890597364, "J.P.No.56of2005.pdf": 9.164432890597364, "c.a._ 870_2020.pdf": 4.582216445298682, "c.p._5632_2021.pdf": 45.822164452986826, "c.p._323_l_2014.pdf": 4.582216445298682, "crl.a._437_2020.pdf": 9.164432890597364, "crl.a._75_l_2021.pdf": 4.582216445298682, "c.p._607_2021.pdf": 4.582216445298682, "crl.p._742_l_2019.pdf": 4.582216445298682, "C.A._946_2014.pdf": 32.075515117090774}}