{"poa": {"c.a._353_2010.pdf": 7.840312983320164}, "poast": {"crl.a._177_2022.pdf": 74.1587076411726, "crl.p._733_l_2018.pdf": 20.225102083956166, "j.p._657_2016.pdf": 26.96680277860822}, "poaching": {"C.R.P._561_2015.pdf": 15.680625966640328}}