{"poenitentiae": {"Const.P.127of2012.pdf": 144.53003374213878, "C.R.P._49_2016.pdf": 23.311295764861093, "C.R.P._125_2014.pdf": 9.324518305944437, "Crl.O.P.89of2011.pdf": 18.649036611888874, "c.p._405_2020.pdf": 9.324518305944437, "c.a._754_2020.pdf": 27.97355491783331, "C.A._359_2013.pdf": 9.324518305944437, "c.p._903_2023.pdf": 4.662259152972219, "c.p._3501_2021.pdf": 9.324518305944437, "c.p._3347_2021.pdf": 4.662259152972219, "C.R.P.193of2013.pdf": 9.324518305944437, "c.r.p._292_2021_detailed.pdf": 4.662259152972219, "C.A._1184_2011.pdf": 4.662259152972219, "c.p._677_k_2019.pdf": 4.662259152972219, "J.P.No.56of2005.pdf": 4.662259152972219, "c.a._17_q_2021.pdf": 13.986777458916656, "c.a._202_2021.pdf": 13.986777458916656, "const.p.6_2011_final.pdf": 4.662259152972219, "c.p._4439_2017.pdf": 18.649036611888874, "C.P._2515_2015.pdf": 9.324518305944437, "c.a._1237_2020.pdf": 13.986777458916656, "c.p._3455_2020.pdf": 4.662259152972219, "c.a._764_2021.pdf": 37.29807322377775, "crl.a.264_2006.pdf": 4.662259152972219}, "poet": {"ConstitutionPetitionNo21OF2007.pdf": 5.537727890326118, "NRO_Judgment.pdf": 11.075455780652236, "Const.P.12of2010.pdf": 5.537727890326118, "Const.P._29_2016.pdf": 5.537727890326118, "c.p._1347_2019.pdf": 5.537727890326118, "C.P._45_2015.pdf": 5.537727890326118, "const.p._2_2022_14102022.pdf": 22.150911561304472, "const.p._17_2020_dissenting_note_hj11.pdf": 5.537727890326118, "C.P._145_2015.pdf": 5.537727890326118, "SMCNo25of2009.pdf": 5.537727890326118}, "poem": {"const.p.42of2011(UrduVersion).pdf": 6.454018622200273, "Crl.A._39_L_2015.pdf": 6.454018622200273, "Const.P.12of2010.pdf": 6.454018622200273, "smc_1_2014.pdf": 25.816074488801092}, "poetic": {"NRO_Judgment.pdf": 13.48340138930411, "Const.P.12of2010Urdu.pdf": 6.741700694652055, "const.p._2_2022_14102022.pdf": 6.741700694652055}, "poenitantiae": {"Crl.O.P.89of2011.pdf": 23.52093894996049}, "poetry": {"C.A.669-L_2013.pdf": 6.741700694652055, "const.p._2_2022_14102022.pdf": 6.741700694652055, "H.R.C._3654_2018.pdf": 13.48340138930411}, "poene": {"C.P._2093_2015.pdf": 7.840312983320164}, "poena": {"Crl.M.A_693_2018.pdf": 7.840312983320164}, "poenitentia": {"c.p._4439_2017.pdf": 7.840312983320164}, "poententiae": {"C.A.404of2011.pdf": 7.840312983320164}, "poententia": {"C.A._843_2012.pdf": 7.840312983320164}}