{"ponder": {"cr.p_1054_l_2023.pdf": 4.662259152972219, "Const.P.12of2010.pdf": 23.311295764861093, "Const.P.33and34of2005.pdf": 4.662259152972219, "C.P._45_2015.pdf": 4.662259152972219, "reference._1_2011_urdu.pdf": 4.662259152972219, "Crl.P.163_to_171_S.M.C.5_2005.pdf": 4.662259152972219, "C.M.A._3221_2012.pdf": 4.662259152972219, "c.a._1076_2019.pdf": 4.662259152972219, "const.p._6_2023_07032024.pdf": 4.662259152972219, "c.p._4129_2019.pdf": 4.662259152972219, "S.M.C._03_2017.pdf": 4.662259152972219, "c.r.p._292_2021_detailed.pdf": 4.662259152972219, "const.p._17_2019_detailed_reasoning.pdf": 4.662259152972219, "Crl.M.A._200_2019.pdf": 4.662259152972219, "C.A._307-L_2015.pdf": 4.662259152972219, "s.m.c._1_2023_27032023.pdf": 4.662259152972219, "C.P._3186_2015.pdf": 4.662259152972219, "c.m.a._1824_2021.pdf": 4.662259152972219, "hrc_20107-G_2013.pdf": 4.662259152972219, "c.m.a._490_2021_20022021.pdf": 13.986777458916656, "C.P.784of2014.pdf": 4.662259152972219, "c.a._317_l_2011.pdf": 4.662259152972219, "C.A._1646_2000.pdf": 4.662259152972219, "c.p._3718_2023.pdf": 4.662259152972219}, "pond": {"Const.P._38_2016.pdf": 5.643088405983945, "SMC15OF2009.pdf": 5.643088405983945, "Const.P._29_2016.pdf": 5.643088405983945, "c.p._2243_l_2019.pdf": 11.28617681196789, "Const.P.NO.62OF2010_orderdt06062011.pdf": 28.215442029919725, "c.p._1290_l_2019.pdf": 79.00323768377523, "const.p.37_2012_final.pdf": 5.643088405983945, "c.a._914_l_2013.pdf": 5.643088405983945, "crl.m.a._1581_2021.pdf": 5.643088405983945}, "pontia": {"C.A._2215_2006.pdf": 7.840312983320164}, "pontificating": {"crp.328-329_2013.pdf": 7.840312983320164}, "ponnuswami": {"JR_Detailed_Judgment_in_Graduation_Qualification_Case.pdf": 6.741700694652055, "C.P._3122_2017.pdf": 6.741700694652055, "c.a._142_2019.pdf": 6.741700694652055}, "ponzi": {"c.p._5178_2021.pdf": 21.441497408280654, "c.p._278_2023.pdf": 7.1471658027602185}, "pone": {"C.P._4876_2018.pdf": 54.88219088324115}, "ponnuswamy": {"Crl.A._135_2013.pdf": 7.840312983320164}}