{"potential": {"c.m.a.4343_2014_etc_with_urdu_translation.pdf": 2.7777179502931975, "c.r.p._446_2022.pdf": 24.999461552638778, "ConstitutionPetitionNo21OF2007.pdf": 2.7777179502931975, "CPs.10-18of2011.pdf": 11.11087180117279, "c.p._1567_l_2019.pdf": 2.7777179502931975, "crl.a._154_2020.pdf": 2.7777179502931975, "Const.P.105-2012-eng-urd.PDF": 2.7777179502931975, "C.P.796of2007-UrduTranslation-dt-10-5-2013.pdf": 2.7777179502931975, "S.M.C._28_2018.pdf": 13.888589751465988, "crl.a._251_2020.pdf": 2.7777179502931975, "C.M.A.No.3685of2012-dt-17-1-2013.pdf": 2.7777179502931975, "Const.P._134_2012.pdf": 2.7777179502931975, "crl.a._400_2019.pdf": 2.7777179502931975, "NRO_Judgment.pdf": 11.11087180117279, "c.a._1520_2016.pdf": 2.7777179502931975, "Const.P.12of2010.pdf": 13.888589751465988, "Const.P.12of2010Urdu.pdf": 2.7777179502931975, "const.p.42of2011.pdf": 2.7777179502931975, "Const.P.33_2013.pdf": 2.7777179502931975, "Const.P._29_2016.pdf": 5.555435900586395, "Const.P._36_2016_dt_15_12_2017.pdf": 5.555435900586395, "S.J.C_347_2018.PDF": 2.7777179502931975, "Const.P.30of2013.pdf": 2.7777179502931975, "C.A._2109_2016.pdf": 11.11087180117279, "c.a.149-150_2010.pdf": 2.7777179502931975, "Const.P.NO.62OF2010_orderdt06062011.pdf": 11.11087180117279, "H.R.C.19of1996[AsgharKhanCase]DetailedReasonsUrduTranslation.pdf": 2.7777179502931975, "const.p._24_to_26_of_2023_04072023.pdf": 2.7777179502931975, "s.m.c._1_2022_detailed.pdf": 2.7777179502931975, "crl.a._95_2019.pdf": 41.665769254397965, "REVIEW_P_46&47_2011_full.pdf": 8.333153850879592, "HRC7734-G_1003-GOF2009[UrduTranslation].pdf": 2.7777179502931975, "Const.P.40of2012-DetailJudgment-dt-3.7.2012.pdf": 2.7777179502931975, "Const.P.46of2013-dt-27-12-2013.pdf": 2.7777179502931975, "C.P.796of2007-dt-10-5-2013.pdf": 13.888589751465988, "crp.328-329_2013.pdf": 5.555435900586395, "C.P.No.1017-Lof2011.pdf": 2.7777179502931975, "Const.P_3_2014.pdf": 2.7777179502931975, "HRC7734-G_1003-GOF2009[AllegedCorruptionInRentalPowerPlants].pdf": 2.7777179502931975, "c.a._797_2017.pdf": 5.555435900586395, "Crl.A._301_L_2017.pdf": 2.7777179502931975, "const.p._24_2017.pdf": 2.7777179502931975, "Crl.A._104_2010.pdf": 5.555435900586395, "crl.sh.a._9_2017.pdf": 2.7777179502931975, "C.R.P._383_2005.pdf": 2.7777179502931975, "crl.p._520_2020.pdf": 2.7777179502931975, "c.r.p._296_2020_29012022.pdf": 2.7777179502931975, "crl.p._36_q_2012.pdf": 2.7777179502931975, "j.p._501_2018.pdf": 2.7777179502931975, "c.r.p._296_2020_04022022.pdf": 2.7777179502931975, "c.a._2150_2019.pdf": 127.77502571348708, "c.a._18_k_2021.pdf": 2.7777179502931975, "c.r.p._255_2021.pdf": 8.333153850879592, "Crl.A._11_P_2017.pdf": 2.7777179502931975, "const.p.9_2014_detail_reasons.pdf": 2.7777179502931975, "c.p._1290_l_2019.pdf": 8.333153850879592, "c.a._64_2022.pdf": 2.7777179502931975, "C.A._616_2014.pdf": 2.7777179502931975, "c.p._2712_2020.pdf": 5.555435900586395, "crl.a._67_l_2020.pdf": 2.7777179502931975, "const.p.115_2011.pdf": 2.7777179502931975, "crl.a._270_l_2012.pdf": 2.7777179502931975, "crl.p._955_l_2016.pdf": 2.7777179502931975, "c.p._55_2020.pdf": 2.7777179502931975, "c.p._2056_2022.pdf": 2.7777179502931975, "c.p._3347_2021.pdf": 2.7777179502931975, "c.a._982_2018_19022024.pdf": 5.555435900586395, "h.r.c_11827_s_2018.pdf": 8.333153850879592, "j.p._324_2015.pdf": 2.7777179502931975, "Const.P._2_2011.pdf": 16.666307701759184, "c.m.a._7139_2019.pdf": 5.555435900586395, "crl.p._513_2020.pdf": 2.7777179502931975, "c.a._1095_2018_13092019.pdf": 5.555435900586395, "c.p._2916_2019.pdf": 2.7777179502931975, "C.P._330_P_2013.pdf": 2.7777179502931975, "c.a._21_2021.pdf": 5.555435900586395, "c.p._479_k_2020.pdf": 5.555435900586395, "const.p._17_2019_detailed_reasoning.pdf": 5.555435900586395, "crl.p._100_k_2020.pdf": 2.7777179502931975, "Crl.A._195_L_2017.pdf": 2.7777179502931975, "j.p._499_2015.pdf": 2.7777179502931975, "C.A._467_2015.pdf": 2.7777179502931975, "j.p._296_2016.pdf": 2.7777179502931975, "Crl.A._13_P_2015.pdf": 2.7777179502931975, "C.A._194_2015.pdf": 2.7777179502931975, "const.p.5_2011.pdf": 11.11087180117279, "c.a._258_2020.pdf": 2.7777179502931975, "c.p._3855_2022.pdf": 2.7777179502931975, "Crl.A._3_P_2014.pdf": 2.7777179502931975, "C.A._1095_2018.pdf": 2.7777179502931975, "c.a._140_l_2015.pdf": 2.7777179502931975, "c.a._458_2017.pdf": 2.7777179502931975, "S.M.C._3_2018.pdf": 5.555435900586395, "c.p._596_2021.pdf": 2.7777179502931975, "c.p._1441_2021.pdf": 2.7777179502931975, "c.p._2045_2019.pdf": 2.7777179502931975, "crl.a._633_2019_15092023.pdf": 5.555435900586395, "C.A._69_2015.pdf": 2.7777179502931975, "crl.a._120_2019.pdf": 5.555435900586395, "smc_16_23.06.2014.pdf": 2.7777179502931975, "C.A._1242_2013.pdf": 8.333153850879592, "Crl.A._67_L_2017.pdf": 2.7777179502931975, "c.p._280_k_2019.pdf": 5.555435900586395, "c.p._3933_2023.pdf": 2.7777179502931975, "crl.a._319_l_2017.pdf": 2.7777179502931975, "hrc.14392of2013-01.07.2013.pdf": 2.7777179502931975, "smc_16._2011_24.06.2014.pdf": 2.7777179502931975, "C.M.A._376-K_2014.pdf": 13.888589751465988, "crl.p._263_l_2015.pdf": 2.7777179502931975, "Const.P.22of2013.pdf": 13.888589751465988, "Crl.P.No.426of2009&Crl.A.No.pdf": 5.555435900586395, "c.p._2314_2022.pdf": 2.7777179502931975, "C.A._843_2012.pdf": 5.555435900586395, "c.p._4305_2023.pdf": 2.7777179502931975, "c.a._2186_2017.pdf": 19.44402565205238, "c.a._1089_2015.pdf": 5.555435900586395, "c.p.2124_2013.pdf": 2.7777179502931975, "c.a._2619_2016.pdf": 2.7777179502931975, "Const.P._35_2016_dt_15_12_2017.pdf": 2.7777179502931975, "c.a._364_p_2019.pdf": 2.7777179502931975, "crl.a._3_q_2021.pdf": 2.7777179502931975, "Crl.A.126of2012.pdf": 5.555435900586395, "c.p._3263_2022.pdf": 2.7777179502931975, "SMCNo25of2009.pdf": 2.7777179502931975, "CMA.2243-2010.pdf": 2.7777179502931975, "c.a._700_2014.pdf": 2.7777179502931975, "c.a._284_2017.pdf": 2.7777179502931975, "c.p._940_k_2022.pdf": 2.7777179502931975, "Crl.O.P.6of2012.pdf": 2.7777179502931975, "hrc_20107-G_2013.pdf": 2.7777179502931975, "Const.P._134_2012_21012019.pdf": 2.7777179502931975, "c.p._2000_l_2020.pdf": 2.7777179502931975, "crl.p._408_l_2021.pdf": 2.7777179502931975, "c.p._2717_l_2015.pdf": 2.7777179502931975, "C.A._1000_2006.pdf": 2.7777179502931975, "crl.a._277_2020.pdf": 2.7777179502931975, "const.p._6_2023_addl_n.pdf": 11.11087180117279, "C.A.876-879of2005.pdf": 2.7777179502931975, "crl.a._180_2020.pdf": 2.7777179502931975, "j.p._10_2016.pdf": 2.7777179502931975, "c.p._3747_2023.pdf": 2.7777179502931975, "C.A._79_P_2013.pdf": 2.7777179502931975, "Crl.P._100_2017.pdf": 2.7777179502931975, "c.p._140_l_2015.pdf": 5.555435900586395, "smc.9_2011.pdf": 5.555435900586395, "H.R.C._3654_2018.pdf": 5.555435900586395, "c.p._4570_2019.pdf": 5.555435900586395, "CJD_Pakistan_Steel_Mills_Case.pdf": 38.88805130410476, "c.p._2414_l_2015.pdf": 2.7777179502931975, "c.p._3122_2020.pdf": 5.555435900586395, "ref._2_2022_13092023.pdf": 5.555435900586395, "Const.P.59of2011.pdf": 11.11087180117279, "C.A._1440_2007.pdf": 2.7777179502931975, "C.M.A._8215_2016.pdf": 33.33261540351837, "j.p._282_2017.pdf": 2.7777179502931975, "c.a._1692_2021.pdf": 13.888589751465988, "crl.a.264_2006.pdf": 8.333153850879592, "Const.P.5and15-HRC14144-DetailedReasons.pdf": 22.22174360234558}, "potentially": {"c.m.a.4343_2014_etc_with_urdu_translation.pdf": 3.889069264738737, "CPs.10-18of2011.pdf": 3.889069264738737, "Const.P.105-2012-eng-urd.PDF": 3.889069264738737, "C.P.796of2007-UrduTranslation-dt-10-5-2013.pdf": 3.889069264738737, "S.M.C._28_2018.pdf": 15.556277058954947, "Crl.A._39_L_2015.pdf": 3.889069264738737, "const.p.42of2011.pdf": 3.889069264738737, "C.A._870_2014.pdf": 3.889069264738737, "Const.P.77-78-79 [Memogate]DetailedOrder.pdf": 3.889069264738737, "C.P.796of2007-dt-10-5-2013.pdf": 7.778138529477474, "crp.328-329_2013.pdf": 3.889069264738737, "c.p._3772_2019.pdf": 3.889069264738737, "C.M.A.3325_of_2012_dt_31-1-2013_ENG_URDU.pdf.pdf": 3.889069264738737, "c.a._1474_2021.pdf": 3.889069264738737,