{"ppa": {"HRC7734-G_1003-GOF2009[UrduTranslation].pdf": 6.741700694652055, "HRC7734-G_1003-GOF2009[AllegedCorruptionInRentalPowerPlants].pdf": 6.741700694652055, "c.a._1547_2019.pdf": 13.48340138930411}}