{"pphi": {"Const.P.105-2012-eng-urd.PDF": 6.741700694652055, "c.a._248_2020.pdf": 20.225102083956166, "c.a._232_2020.pdf": 20.225102083956166}}