{"ppib": {"C.M.A.No.3685of2012-dt-17-1-2013.pdf": 12.461750141772127, "HRC7734-G_1003-GOF2009[UrduTranslation].pdf": 143.31012663037947, "HRC7734-G_1003-GOF2009[AllegedCorruptionInRentalPowerPlants].pdf": 149.54100170126551, "hrc.14392of2013-01.07.2013.pdf": 6.230875070886063, "hrc.14392_2013.pdf": 6.230875070886063}, "ppi": {"H.R.C.19of1996[AsgharKhanCase]DetailedReasonsUrduTranslation.pdf": 6.741700694652055, "SMC16of2011_detailed_judgment.pdf": 6.741700694652055, "H.R.C.19of1996[AsgharKhanCase]DetailedReasons.pdf": 13.48340138930411}}