{"ppr": {"C.M.A.No.3685of2012-dt-17-1-2013.pdf": 13.48340138930411, "HRC7734-G_1003-GOF2009[UrduTranslation].pdf": 87.64210903047672, "HRC7734-G_1003-GOF2009[AllegedCorruptionInRentalPowerPlants].pdf": 80.90040833582466}, "ppra": {"C.M.A.No.3685of2012-dt-17-1-2013.pdf": 11.28617681196789, "Const.P.33_2013.pdf": 5.643088405983945, "smc.18_2010_final.pdf": 67.71706087180733, "HRC7734-G_1003-GOF2009[UrduTranslation].pdf": 33.85853043590367, "HRC7734-G_1003-GOF2009[AllegedCorruptionInRentalPowerPlants].pdf": 33.85853043590367, "Const.P35of2013-dt-20-7-2013.pdf": 11.28617681196789, "const.p.20_2013.pdf": 11.28617681196789, "Const.P.91of2011Dt-23-8-2012.pdf": 135.43412174361467, "c.p._280_k_2019.pdf": 11.28617681196789}, "pprs": {"HRC7734-G_1003-GOF2009[UrduTranslation].pdf": 15.680625966640328}, "pprove": {"J.P._217_2017.pdf": 7.840312983320164}}