{"pqa": {"c.p._302_2019.pdf": 6.454018622200273, "smc_16._2011_24.06.2014.pdf": 12.908037244400546, "Const.PetitionNo.30of2013-dt-4-6-2013.pdf": 6.454018622200273, "C.P._661_K_2015.pdf": 264.6147635102112}}