{"pqr": {"crl.m.a._365_l_2020.pdf": 7.1471658027602185, "j.p._282_2017.pdf": 14.294331605520437}}