{"pr": {"Crl.P._1188_2016.pdf": 5.537727890326118, "Const.P_6of2011.pdf": 5.537727890326118, "c.p._2143_l_2020.pdf": 5.537727890326118, "j.p._42_2017.pdf": 5.537727890326118, "crl.p._231_2020.pdf": 5.537727890326118, "Const.P._2_2011.pdf": 55.37727890326118, "j.p._296_2016.pdf": 11.075455780652236, "c.p._1007_2022.pdf": 5.537727890326118, "C.P._130_2015.pdf": 5.537727890326118, "S.M.C.9of2012dt-21-12-2012.pdf": 5.537727890326118}}