{"prudence": {"Crl.A._24_2010.pdf": 3.928289977892018, "Order-DNC-nd-note.pdf": 3.928289977892018, "crl.a._251_2020.pdf": 3.928289977892018, "c.a._1520_2016.pdf": 3.928289977892018, "Const.P.12of2010.pdf": 19.64144988946009, "c.p._2243_l_2019.pdf": 7.856579955784036, "const.p._19_2022_01062022.pdf": 3.928289977892018, "c.a.149-150_2010.pdf": 7.856579955784036, "j.p._147_2016.pdf": 7.856579955784036, "Crl.A._94_2019.pdf": 7.856579955784036, "CJD_Reference by_the_President_of_Pakistan_under_Article_186.pdf": 3.928289977892018, "crl.p._883_l_2022.pdf": 7.856579955784036, "Crl.P.163_to_171_S.M.C.5_2005.pdf": 3.928289977892018, "c.a._389_2015.pdf": 3.928289977892018, "C.R.P._383_2005.pdf": 3.928289977892018, "crl.p._290_l_2015.pdf": 3.928289977892018, "j.p._865_2017.pdf": 3.928289977892018, "Const.P.39of2007-dt-25-6-2013.pdf": 3.928289977892018, "j.p._36_2016.pdf": 3.928289977892018, "JR_Detailed_Judgment_in_Referendum_Case.pdf": 3.928289977892018, "c.p._1787_l_2022.pdf": 3.928289977892018, "c.a._754_2020.pdf": 3.928289977892018, "Crl.M.A_183_2019.pdf": 3.928289977892018, "C.P._60_K_2018.pdf": 3.928289977892018, "c.a._664_k_2017.pdf": 3.928289977892018, "const.p._17_2019_detailed_reasoning.pdf": 3.928289977892018, "j.p._255_2018.pdf": 3.928289977892018, "c.a._1011_2020.pdf": 3.928289977892018, "crl.a._398_2020.pdf": 3.928289977892018, "c.a._414_2021.pdf": 3.928289977892018, "c.a._ 870_2020.pdf": 3.928289977892018, "const.p.20_2013.pdf": 3.928289977892018, "const.p._6_2023_dt_05_01_2023.pdf": 7.856579955784036, "c.p._1133_l_2016.pdf": 3.928289977892018, "crl.a._120_2019.pdf": 7.856579955784036, "CMA2745of2009etc.pdf": 3.928289977892018, "C.M.A._376-K_2014.pdf": 3.928289977892018, "Crl.A._176_2012.pdf": 3.928289977892018, "C.A._1000_2006.pdf": 11.784869933676054, "crl.p._1001_2016.pdf": 3.928289977892018, "c.p._32_q_2019.pdf": 3.928289977892018, "C.A._150_2006.pdf": 15.713159911568072, "c.p._3747_2023.pdf": 7.856579955784036, "c.p._962_2016 .pdf": 3.928289977892018, "C.P._3729_2015.pdf": 3.928289977892018, "c.p._2892_2020.pdf": 3.928289977892018, "crl.a._82_2022.pdf": 3.928289977892018, "C.M.A._8215_2016.pdf": 3.928289977892018, "c.p._1965_2019.pdf": 3.928289977892018, "c.a._1005_2009.pdf": 7.856579955784036}, "prudent": {"ConstitutionPetitionNo21OF2007.pdf": 10.228488553430552, "c.a._653_2014.pdf": 3.4094961844768505, "c.p._1628_2020.pdf": 3.4094961844768505, "Crl.A._39_L_2015.pdf": 3.4094961844768505, "NRO_Judgment.pdf": 3.4094961844768505, "Const.P.12of2010.pdf": 3.4094961844768505, "S.M.C._20_2016.pdf": 3.4094961844768505, "Const.P._29_2016.pdf": 13.637984737907402, "smc.18_2010_final.pdf": 6.818992368953701, "c.p._2243_l_2019.pdf": 3.4094961844768505, "crl.a._599_2020_26032021.pdf": 6.818992368953701, "C.A._233_2015.pdf": 6.818992368953701, "c.a.149-150_2010.pdf": 3.4094961844768505, "const.p._24_to_26_of_2023_04072023.pdf": 3.4094961844768505, "j.p._147_2016.pdf": 6.818992368953701, "c.a._371_2020.pdf": 3.4094961844768505, "I.C.A._7_2018.pdf": 3.4094961844768505, "crl.a._95_2019.pdf": 3.4094961844768505, "CP778-779.pdf": 17.047480922384253, "C.R.P.167of2012-dt-30-8-2012.pdf": 3.4094961844768505, "c.p._3429_2021.pdf": 3.4094961844768505, "CJD_Reference by_the_President_of_Pakistan_under_Article_186.pdf": 3.4094961844768505, "C.A.669-L_2013.pdf": 3.4094961844768505, "C.A._353_2015.pdf": 3.4094961844768505, "c.r.p._218_2013.pdf": 3.4094961844768505, "C.R.P._383_2005.pdf": 3.4094961844768505, "crl.a._297_2020.pdf": 3.4094961844768505, "c.a._315_2022.pdf": 6.818992368953701, "crl.p._596_l_2022.pdf": 3.4094961844768505, "Crl.A._465_2015.pdf": 3.4094961844768505, "c.a._339_2016.pdf": 10.228488553430552, "c.a._2150_2019.pdf": 3.4094961844768505, "crl.p._499_2019.pdf": 3.4094961844768505, "JR_Detailed_Judgment_in_Referendum_Case.pdf": 3.4094961844768505, "crl.p._91_k_2020.pdf": 3.4094961844768505, "const.p._21_2022_note_18082023.pdf": 3.4094961844768505, "C.P.41_66_2015.pdf": 3.4094961844768505, "c.a._668_2022.pdf": 6.818992368953701, "c.a._797_2013.pdf": 3.4094961844768505, "j.p._403_2018.pdf": 3.4094961844768505, "Crl.A._210_2015.pdf": 3.4094961844768505, "crl.a._67_l_2020.pdf": 3.4094961844768505, "c.a._444_2017.pdf": 3.4094961844768505, "crl.p._1802_l_2017.pdf": 3.4094961844768505, "Crl.P.200of2009.pdf": 3.4094961844768505, "c.a._664_k_2017.pdf": 10.228488553430552, "j.p._943_2017.pdf": 3.4094961844768505, "crl.p._203_2021.pdf": 3.4094961844768505, "crl.a._398_2020.pdf": 3.4094961844768505, "J.P.No.56of2005.pdf": 3.4094961844768505, "CRP167of2012dt31-7-12.pdf": 3.4094961844768505, "c.a._140_l_2015.pdf": 3.4094961844768505, "const.p._6_2023_dt_05_01_2023.pdf": 3.4094961844768505, "c.p._287_2019.pdf": 3.4094961844768505, "Crl.A._274_2006.pdf": 3.4094961844768505, "crl.sh.a._12_2017.pdf": 3.4094961844768505, "crl.a._560_2020.pdf": 3.4094961844768505, "c.a._849_2015.pdf": 6.818992368953701, "CMA2745of2009etc.pdf": 3.4094961844768505, "C.A._1242_2013.pdf": 3.4094961844768505, "c.p._3933_2023.pdf": 3.4094961844768505, "C.A._843_2012.pdf": 3.4094961844768505, "crl.a._437_2020.pdf": 3.4094961844768505, "c.a._364_p_2019.pdf": 3.4094961844768505, "crl.a._75_l_2021.pdf": 3.4094961844768505, "c.p._3263_2022.pdf": 3.4094961844768505, "crl.a._293_2020.pdf": 3.4094961844768505, "Crl.A._582_2018.pdf": 6.818992368953701, "c.p._659_2019.pdf": 3.4094961844768505, "Crl.A._176_2012.pdf": 3.4094961844768505, "C.A._1000_2006.pdf": 10.228488553430552, "j.p._300_2022.pdf": 3.4094961844768505, "crl.a._154_l_2013.pdf": 3.4094961844768505, "c.p._78_q_2016.pdf": 3.4094961844768505, "Crl.A._218_2015.pdf": 3.4094961844768505, "crl.a._66_l_2020.pdf": 3.4094961844768505, "c.a._1547_2019.pdf": 3.4094961844768505, "C.M.A._8215_2016.pdf": 3.4094961844768505, "crl.p._701_2023.pdf": 3.4094961844768505, "crl.a._39_k_2022.pdf": 3.4094961844768505, "const.p._21_2022_18082023.pdf": 3.4094961844768505, "clr.a._250_2020.pdf": 3.4094961844768505, "Const.P.5and15-HRC14144-DetailedReasons.pdf": 3.4094961844768505, "c.a._10_q_2021.pdf": 3.4094961844768505}, "prundunt": {"c.a._371_2020.pdf": 7.840312983320164}, "prudential": {"c.p._3236_2019.pdf": 5.8944028342648505, "smc.11_2011.pdf": 5.8944028342648505, "c.r.p._296_2020_04022022.pdf": 5.8944028342648505, "c.a._573_2013.pdf": 5.8944028342648505, "c.p._3263_2022.pdf": 5.8944028342648505, "Const.P.67of2011-dt-10.6.2013.pdf": 11.788805668529701, "c.m.a._501_k_2023.pdf": 5.8944028342648505}, "prudently": {"crl.p._883_l_2022.pdf": 5.442417710521793, "c.a._2150_2019.pdf": 5.442417710521793, "h.r.c_11827_s_2018.pdf": 10.884835421043586, "c.a._1011_2020.pdf": 10.884835421043586, "const.p._13_2023_09052023.pdf": 5.442417710521793, "c.p._803_2019.pdf": 5.442417710521793, "Crl.A._7_P_2013.pdf": 5.442417710521793, "c.p._3455_2020.pdf": 5.442417710521793, "H.R.C._10842_P_2018.pdf": 5.442417710521793, "Crl.A._52_L_2013.pdf": 5.442417710521793, "C.A._539_2003.pdf": 5.442417710521793}, "prune": {"CMA2745of2009etc.pdf": 7.840312983320164}}