{"psb": {"c.a._52_k_2022.pdf": 20.225102083956166, "C.A.368TO370OF2011.pdf": 175.28421806095344, "C.R.P._412_2014.pdf": 47.191904862564385}}