{"psc": {"Const.P._134_2012.pdf": 4.8445807097661735, "SMC16of2011_detailed_judgment.pdf": 4.8445807097661735, "c.a._731_2016.pdf": 4.8445807097661735, "c.p._132_p_2021.pdf": 9.689161419532347, "C.A._1563_2014.pdf": 4.8445807097661735, "h.r.c_11827_s_2018.pdf": 19.378322839064694, "C.A._288_2013.pdf": 4.8445807097661735, "c.a._617_2020.pdf": 19.378322839064694, "crl_r_p.8-l_2013.pdf": 4.8445807097661735, "CMA2745of2009etc.pdf": 4.8445807097661735, "C.A.39_2010.pdf": 29.06748425859704, "Crl.P._685_2015.pdf": 4.8445807097661735, "Crl.A._496_2009.pdf": 9.689161419532347, "Const.P._134_2012_21012019.pdf": 4.8445807097661735, "c.m.a._8758_2018_23nov2023.pdf": 19.378322839064694, "c.a._722_2012.pdf": 9.689161419532347, "c.p._342_k_2020.pdf": 14.53374212929852, "c.a._1_2020.pdf": 4.8445807097661735, "c.a._712_2020.pdf": 4.8445807097661735, "C.A._1207_2004.pdf": 4.8445807097661735}, "pscr": {"H.R.C.19of1996[AsgharKhanCase]DetailedReasonsUrduTranslation.pdf": 7.1471658027602185, "H.R.C.19of1996[AsgharKhanCase]DetailedReasons.pdf": 7.1471658027602185}, "pschological": {"crl.p._345_2022.pdf": 7.840312983320164}}