{"psf": {"H.R.C.19of1996[AsgharKhanCase]DetailedReasonsUrduTranslation.pdf": 6.741700694652055, "H.R.C.19of1996[AsgharKhanCase]DetailedReasons.pdf": 6.741700694652055, "c.a._1089_2015.pdf": 175.28421806095344}, "psfl": {"c.a._1275_2009.pdf": 15.680625966640328}}