{"psla": {"j.p._943_2017.pdf": 6.048553514092109, "j.p._296_2016.pdf": 6.048553514092109, "crl.a._120_2019.pdf": 6.048553514092109, "JR_The_State_through_NAB_VS_Haji_Nasim-ur-Rehman.pdf": 6.048553514092109, "C.R.P._3_2015.pdf": 12.097107028184219, "Crl.A._97_L_2016.pdf": 6.048553514092109}, "pslashuk": {"c.p._278_2023.pdf": 7.840312983320164}}