{"psm": {"SMC15OF2009.pdf": 1058.4590540408449, "C.R.P._125_2014.pdf": 25.816074488801092, "C.R.P.193of2013.pdf": 25.816074488801092, "CJD_Pakistan_Steel_Mills_Case.pdf": 25.816074488801092}, "psmc": {"HRC7734-G_1003-GOF2009[UrduTranslation].pdf": 7.1471658027602185, "CJD_Pakistan_Steel_Mills_Case.pdf": 621.803424840139}, "psmb": {"crl.p._577_2021.pdf": 7.840312983320164}}