{"pso": {"H.R.C._10_K_2007.pdf": 5.007099639263948, "C.R.P._125_2014.pdf": 5.007099639263948, "smc.11_2011.pdf": 10.014199278527895, "Const.P.33and34of2005.pdf": 15.021298917791842, "Crl.O.P.89of2011.pdf": 5.007099639263948, "c.p._4683_2018.pdf": 5.007099639263948, "c.p._446_l_2019.pdf": 5.007099639263948, "crl.p._299_2020_07042020.pdf": 5.007099639263948, "C.R.P.193of2013.pdf": 5.007099639263948, "Const.P.No.33and34of2005-dt-27-6-2013.pdf": 5.007099639263948, "c.a._26_k_2021.pdf": 5.007099639263948, "C.P._1638_2014.pdf": 70.09939494969527, "c.p._467_ 2021.pdf": 5.007099639263948, "c.p._3747_2023.pdf": 5.007099639263948, "CJD_Section 2-A_Case_as_on_26_06_2006.pdf": 5.007099639263948, "C.R.P._309_2013.pdf": 10.014199278527895, "crl.a.264_2006.pdf": 15.021298917791842}}