{"psvs": {"hrc_20107-G_2013.pdf": 15.680625966640328}, "psv": {"hrc_20107-G_2013.pdf": 15.680625966640328}}