{"psychotropic": {"J.P._191_2018.pdf": 11.075455780652236, "Crl.A._523_2017.pdf": 33.22636734195671, "Crl.P._15_2015.pdf": 16.613183670978355, "crl.p._994_2022.pdf": 5.537727890326118, "crl.p._26_p_2020.pdf": 5.537727890326118, "Crl.A._35_K_2016.pdf": 11.075455780652236, "crl.a._48_2021.pdf": 5.537727890326118, "crl.p._74_l_2018.pdf": 33.22636734195671, "C.A._1050_2009.pdf": 11.075455780652236, "Crl.A._12-P_2011.pdf": 27.68863945163059}, "psychological": {"crl.a._251_2020.pdf": 9.689161419532347, "c.p._3637_2019.pdf": 4.8445807097661735, "Const.P.87of2011[UrduVersion].pdf": 4.8445807097661735, "c.p._2243_l_2019.pdf": 9.689161419532347, "c.p._1665_2020.pdf": 4.8445807097661735, "crl.a._95_2019.pdf": 24.222903548830867, "c.a._700_2016.pdf": 125.95909845392052, "crl.p._883_l_2022.pdf": 4.8445807097661735, "Crl.A._1-K_2018.pdf": 4.8445807097661735, "JR_Detailed_Judgment_in_Graduation_Qualification_Case.pdf": 4.8445807097661735, "c.r.p._255_2021.pdf": 9.689161419532347, "Const.P.87of2011.pdf": 4.8445807097661735, "j.p._34_2020.pdf": 4.8445807097661735, "const.p._17_2019_detailed_reasoning.pdf": 4.8445807097661735, "c.a._350_2020.pdf": 4.8445807097661735, "c.r.p._420_2016.pdf": 14.53374212929852, "C.A._69_2015.pdf": 4.8445807097661735, "crl.a._120_2019.pdf": 24.222903548830867, "crl.p._601_l_2021.pdf": 4.8445807097661735, "crl.a._3_q_2021.pdf": 4.8445807097661735}, "psychologically": {"crl.a._251_2020.pdf": 7.1471658027602185, "crl.p._75_q_2021.pdf": 7.1471658027602185}, "psychologist": {"Const.P.12of2010.pdf": 7.1471658027602185, "c.r.p._420_2016.pdf": 42.88299481656131}, "psyche": {"Const.P.12of2010.pdf": 6.741700694652055, "crl.p._883_l_2022_urdu.pdf": 6.741700694652055, "JR_Detailed_Judgment_in_Graduation_Qualification_Case.pdf": 6.741700694652055}, "psychoanalysis": {"Const.P.12of2010.pdf": 14.294331605520437, "JR_Judgment_on_17th_Amendmend_and_Presidents_Uniform_Case.pdf": 7.1471658027602185}, "psychcare": {"S.M.C._20_2016.pdf": 7.840312983320164}, "psychology": {"c.p._2119_2018.pdf": 6.048553514092109, "j.p._34_2020.pdf": 6.048553514092109, "crl.p._1420_l_2019.pdf": 6.048553514092109, "j.p._324_2019.pdf": 6.048553514092109, "SMCNo25of2009.pdf": 6.048553514092109, "c.p._3747_2023.pdf": 12.097107028184219}, "psychiatrist": {"Crl.P.200of2009.pdf": 20.225102083956166, "crl.p._290_2020.pdf": 33.70850347326027, "c.r.p._420_2016.pdf": 60.67530625186849}, "psychiatry": {"crl.p._290_2020.pdf": 6.741700694652055, "c.r.p._420_2016.pdf": 13.48340138930411, "C.A._1525_2016.pdf": 6.741700694652055}, "psychiatric": {"crl.p._290_2020.pdf": 6.741700694652055, "c.r.p._420_2016.pdf": 47.191904862564385, "c.p._140_l_2015.pdf": 6.741700694652055}, "psychoactive": {"crl.p._26_p_2020.pdf": 7.840312983320164}, "psychopathic": {"c.r.p._420_2016.pdf": 15.680625966640328}, "psychometric": {"c.r.p._420_2016.pdf": 7.840312983320164}, "psychosis": {"c.r.p._420_2016.pdf": 7.840312983320164}, "psychotic": {"c.r.p._420_2016.pdf": 47.04187789992098}, "psychopathology": {"c.r.p._420_2016.pdf": 7.840312983320164}}