{"pt": {"j.p._147_2016.pdf": 5.442417710521793, "smc.11_2011.pdf": 5.442417710521793, "j.p._501_2018.pdf": 10.884835421043586, "c.a._2150_2019.pdf": 10.884835421043586, "c.a._64_2022.pdf": 5.442417710521793, "SMC.13-2009.pdf": 5.442417710521793, "CMA2745of2009etc.pdf": 5.442417710521793, "c.a._1113_2017.pdf": 5.442417710521793, "c.p._2314_2022.pdf": 5.442417710521793, "S.M.C.16of2011dt-22-3-2013.pdf": 5.442417710521793, "c.a._2063_2019.pdf": 10.884835421043586}}