{"ptcl": {"ConstitutionPetitionNo21OF2007.pdf": 4.374577080520438, "C.R.P._49_2016.pdf": 4.374577080520438, "Const.PetitionNo.77of2010_12.10.2012.pdf": 4.374577080520438, "C.P._84-Q_2011.pdf": 8.749154161040876, "c.a._1660_2014.pdf": 26.247462483122625, "c.a._446_2021.pdf": 8.749154161040876, "c.a._24_2015.pdf": 13.123731241561313, "C.A._1428_2016.pdf": 4.374577080520438, "c.a._759_2020.pdf": 4.374577080520438, "c.p._3739_2019.pdf": 8.749154161040876, "c.r.p._292_2021_detailed.pdf": 21.87288540260219, "C.A._139_2013.pdf": 4.374577080520438, "C.P._565_2014.pdf": 83.11696452988832, "c.a._547_2012.pdf": 161.8593519792562, "ca_407_2013.pdf": 8.749154161040876, "c.a._458_2017.pdf": 13.123731241561313, "c.a._1477_2019.pdf": 8.749154161040876, "c.a._616_2020.pdf": 61.24407912728613, "crl.a._475_2019.pdf": 4.374577080520438, "c.a._1089_2015.pdf": 4.374577080520438, "c.p._1554_l_2020.pdf": 4.374577080520438, "c.a._1422_2019.pdf": 4.374577080520438, "c.a._491_2012.pdf": 4.374577080520438, "cp_1545_2009.pdf": 4.374577080520438, "c.p._409_l_2021.pdf": 8.749154161040876, "c.a._722_2012.pdf": 4.374577080520438, "CJD_Section 2-A_Case_as_on_26_06_2006.pdf": 65.61865620780657, "c.a._508_2020.pdf": 4.374577080520438, "C.A._1475_2007.PDF": 4.374577080520438, "c.p._342_k_2020.pdf": 4.374577080520438, "C.A.83and84of2006.pdf": 13.123731241561313, "C.R.P._247_ 2011.pdf": 65.61865620780657}, "ptc": {"Crl.O.P.89of2011.pdf": 4.895874004153724, "C.A._1072_2005.pdf": 9.791748008307447, "c.a._754_2020.pdf": 4.895874004153724, "C.P._565_2014.pdf": 9.791748008307447, "C.A._1352_2013.pdf": 9.791748008307447, "C.A.269_ETC_OF_2011.pdf": 29.375244024922342, "c.a._17_q_2021.pdf": 4.895874004153724, "C.A._767_2014.pdf": 73.43811006230585, "c.a._616_2020.pdf": 14.687622012461171, "c.p._448_p_2017.pdf": 4.895874004153724, "s.m.c._4_2021_26082021.pdf": 4.895874004153724, "C.A._1459_2018.pdf": 4.895874004153724, "s.m.c._4_2021.pdf": 9.791748008307447, "c.m.a._1243_2021_04042022.pdf": 4.895874004153724, "CJD_Section 2-A_Case_as_on_26_06_2006.pdf": 4.895874004153724, "CJD_Pakistan_Steel_Mills_Case.pdf": 4.895874004153724, "C.R.P._247_ 2011.pdf": 9.791748008307447, "c.p._1276_2020.pdf": 29.375244024922342, "C.A._450_2010.pdf": 14.687622012461171}}