{"ptd": {"ConstitutionPetitionNo21OF2007.pdf": 3.1489651010910205, "C.R.P._49_2016.pdf": 3.1489651010910205, "NRO_Judgment.pdf": 3.1489651010910205, "Const.P.12of2010.pdf": 3.1489651010910205, "S.M.C._20_2016.pdf": 3.1489651010910205, "c.p._757_l_2021.pdf": 3.1489651010910205, "C.A._514_2008.pdf": 6.297930202182041, "Crl.O.P.89of2011.pdf": 3.1489651010910205, "c.a._2434_2016.pdf": 3.1489651010910205, "c.p._2256_l_2015.pdf": 9.446895303273061, "c.a._730_2015.pdf": 44.08551141527428, "c.p._6309_2021.pdf": 9.446895303273061, "C.A._427_2009.pdf": 6.297930202182041, "C.A._1084_2008.pdf": 22.04275570763714, "const.p._24_2017.pdf": 3.1489651010910205, "C.P._339_K_2017.pdf": 3.1489651010910205, "C.P._84-Q_2011.pdf": 6.297930202182041, "c.a._731_2016.pdf": 3.1489651010910205, "c.r.p._421_2020_dissenting_notes.pdf": 3.1489651010910205, "C.A._992_2013.pdf": 9.446895303273061, "C.P._569-K_2016.pdf": 3.1489651010910205, "C.A._493_2011.pdf": 3.1489651010910205, "c.p._1417_2022.pdf": 9.446895303273061, "C.A._1348_2006.pdf": 3.1489651010910205, "c.r.p._296_2020_29012022.pdf": 3.1489651010910205, "c.a._1080_2011.pdf": 6.297930202182041, "c.a._502_2017.pdf": 12.595860404364082, "c.a._446_2021.pdf": 3.1489651010910205, "HRC-4668of2006.pdf": 3.1489651010910205, "const.p._6_2023_07032024.pdf": 3.1489651010910205, "C.A._633_2007.pdf": 15.744825505455102, "C.A._1171_2017.pdf": 15.744825505455102, "C.A._308_2008.pdf": 9.446895303273061, "c.p._490_k_2020.pdf": 25.191720808728164, "C.A._26_2009.pdf": 3.1489651010910205, "c.a._1029_2019.pdf": 3.1489651010910205, "c.a._23_2017.pdf": 3.1489651010910205, "c.a._24_2015.pdf": 3.1489651010910205, "c.a._565_2011.pdf": 9.446895303273061, "c.p._398_l_2018.pdf": 3.1489651010910205, "C.A._145_2010.pdf": 6.297930202182041, "c.p._3739_2019.pdf": 3.1489651010910205, "C.A._725_2008.pdf": 3.1489651010910205, "c.a._647_2018.pdf": 3.1489651010910205, "c.a._1095_2018_13092019.pdf": 3.1489651010910205, "c.p._1691_l_2018.pdf": 9.446895303273061, "c.r.p._421_2020.pdf": 3.1489651010910205, "c.a._433_2015.pdf": 3.1489651010910205, "C.A._1509_2016.pdf": 3.1489651010910205, "Const.Petition.24_2011_dt02062011.pdf": 3.1489651010910205, "C.P._3551_2015.pdf": 9.446895303273061, "c.a.1540-1599_2013.pdf": 6.297930202182041, "c.p._1148_l_2021.pdf": 3.1489651010910205, "c.p._3286_2017.pdf": 3.1489651010910205, "c.a._573_2013.pdf": 3.1489651010910205, "C.A._1264_2006.pdf": 9.446895303273061, "c.a._458_2017.pdf": 3.1489651010910205, "c.a._1476_2018.pdf": 6.297930202182041, "C.A._767_2014.pdf": 3.1489651010910205, "const.p._6_2023_dt_05_01_2023.pdf": 6.297930202182041, "c.a._1113_2017_dissenting_note.pdf": 3.1489651010910205, "c.p._593_l_2021.pdf": 3.1489651010910205, "c.p._846_l_2017.pdf": 6.297930202182041, "c.p._1496_k_2021.pdf": 3.1489651010910205, "C.A._457_2010.pdf": 3.1489651010910205, "c.a._597_2020.pdf": 3.1489651010910205, "reference_1_2020.pdf": 3.1489651010910205, "c.a._1314_2014.pdf": 3.1489651010910205, "c.p._349_l_2017.pdf": 9.446895303273061, "c.p._800_p_2019.pdf": 3.1489651010910205, "c.a._1521_2018.pdf": 3.1489651010910205, "c.a._822_2014.pdf": 3.1489651010910205, "const.p._17_2020_dissenting_note_hj4.pdf": 9.446895303273061, "c.a._1113_2017.pdf": 22.04275570763714, "c.p._323_l_2014.pdf": 6.297930202182041, "C.A._441_2010.pdf": 15.744825505455102, "c.a._1089_2015.pdf": 6.297930202182041, "Const.P._35_2016_dt_15_12_2017.pdf": 3.1489651010910205, "c.a._94_2008.pdf": 3.1489651010910205, "c.p._1554_l_2020.pdf": 9.446895303273061, "C.A._1086_2009.pdf": 6.297930202182041, "c.a._491_2012.pdf": 3.1489651010910205, "c.a._2440_2016.pdf": 3.1489651010910205, "c.p._1842_l_2022.pdf": 3.1489651010910205, "C.A._2148_2016_dt_4-4-2018.pdf": 6.297930202182041, "c.p._4_k_2021.pdf": 3.1489651010910205, "C.A._1262_2018.pdf": 3.1489651010910205, "C.A.876-879of2005.pdf": 22.04275570763714, "C.A._700_2017.pdf": 3.1489651010910205, "c.a._24_q_2014.pdf": 3.1489651010910205, "H.R.C._17599_2018.pdf": 3.1489651010910205, "C.A._1049_2011.pdf": 15.744825505455102, "c.p._32_q_2019.pdf": 3.1489651010910205, "C.A._150_2006.pdf": 18.893790606546123, "c.p._3797_2020.pdf": 3.1489651010910205, "CJD_Section 2-A_Case_as_on_26_06_2006.pdf": 3.1489651010910205, "c.a._477_2021.pdf": 3.1489651010910205, "c.a._1547_2019.pdf": 3.1489651010910205, "c.p._2447_l_2022.pdf": 44.08551141527428, "C.A._475-L_2010.pdf": 3.1489651010910205, "CJD_Pakistan_Steel_Mills_Case.pdf": 3.1489651010910205, "c.a._65_k_2019.pdf": 3.1489651010910205, "C.A._1475_2007.PDF": 3.1489651010910205, "C.A._622 _2008.pdf": 141.70342954909592, "c.p._6_l_2023.pdf": 12.595860404364082, "c.p._4700_2021.pdf": 6.297930202182041, "JR_Fecto_Belarus_Tractor_Limited_Case.pdf": 3.1489651010910205, "c.a._196_p_2014_13062023.pdf": 3.1489651010910205, "c.a._247_2021.pdf": 6.297930202182041}, "ptdc": {"Const.P._50_2018.pdf": 31.361251933280656}, "ptds": {"C.A._514_2008.pdf": 156.80625966640326}}