{"ptet": {"C.A._353_2015.pdf": 12.908037244400546, "C.P._565_2014.pdf": 12.908037244400546, "C.R.P._247_ 2011.pdf": 19.36205586660082, "C.A._1313_2014.pdf": 6.454018622200273}, "pter": {"const.p._39_16122019.pdf": 21.441497408280654, "const.p._39_2019.pdf": 21.441497408280654}, "pte": {"C.A.800Lof2013etc.pdf": 7.1471658027602185, "c.a._1547_2019.pdf": 21.441497408280654}}