{"pti": {"C.M.A.No.64of2013-dt13.3.2013.pdf": 7.70265787351178, "Crl.O.P.92_2013_dt_02.08.2013.pdf": 15.40531574702356, "Const.P.87of2011[UrduVersion].pdf": 50.06727617782657, "Const.P._29_2016.pdf": 7.70265787351178, "Const.P._36_2016_dt_15_12_2017.pdf": 19.25664468377945, "const.p._19_2022_01062022.pdf": 65.47259192485012, "s.m.c._1_2022_detailed.pdf": 19.25664468377945, "s.m.c._1_2023_01032023.pdf": 3.85132893675589, "s.m.c._1_2023_31mar2023.pdf": 7.70265787351178, "C.A._1042_2018.pdf": 3.85132893675589, "const.p._9_2023_20042023.pdf": 11.55398681026767, "const.p.6_2023.pdf": 7.70265787351178, "const.p._6_2023_08052023.pdf": 3.85132893675589, "const.p._32_2023_02nov2023.pdf": 3.85132893675589, "const.p_32_2023_dt_23-10-23.pdf": 7.70265787351178, "const.p._2_2022_14102022.pdf": 77.0265787351178, "const.p.39_90_2011.pdf": 7.70265787351178, "Const.P.87of2011.pdf": 69.32392086160601, "C.A._508_2017.pdf": 107.83721022916491, "cma.7679_2013.pdf": 7.70265787351178, "const.p._17_2020_dissenting_note_hj11.pdf": 19.25664468377945, "refernece_1_2022.pdf": 3.85132893675589, "c.p._42_2024.pdf": 103.98588129240902, "c.r.p._266_2019_28oct2023.pdf": 19.25664468377945, "const.p._17_2019_detailed_reasoning.pdf": 23.10797362053534, "Crl.O.P.92of2013.pdf": 7.70265787351178, "const.p._21_2023_11082023.pdf": 3.85132893675589, "s.m.c._1_2023_27032023.pdf": 23.10797362053534, "Const.P.39and90of2011-dt-3-5-2013.pdf": 7.70265787351178, "C.M.A.No.64of2013-dt14.3.2013.pdf": 7.70265787351178, "const.p._2_2022_21032022.pdf": 15.40531574702356, "crl.o.p._148_2022.pdf": 7.70265787351178, "const.p._ 22_2022_26072022.pdf": 7.70265787351178, "const.p._6_2023_13042023.pdf": 3.85132893675589, "const.p._32_2023_03nov2023.pdf": 11.55398681026767, "c.p._2242_2022.pdf": 15.40531574702356, "s.m.c._1_2022_07042022.pdf": 3.85132893675589, "s.m.c._1_2023_12062023.pdf": 15.40531574702356, "c.p._4365_2023_15122023.pdf": 7.70265787351178, "c.p._42_2024_25012024.pdf": 404.38953835936843, "constp.p._47_2023.pdf": 15.40531574702356, "const.p._6_2023_111023.pdf": 3.85132893675589, "const.p._17_2020_dissenting_note_hj4.pdf": 42.36461830431479, "const.p._22_2022.pdf": 3.85132893675589, "crl.o.p._148_2022_02112022.pdf": 7.70265787351178, "const.p._9_2023.pdf": 15.40531574702356, "cp_1646-l_2014.pdf": 3.85132893675589, "Const.Ps.No.39and90of2011-Dt-27-3-2013.pdf": 3.85132893675589, "Const.P._35_2016_dt_15_12_2017.pdf": 408.24086729612435, "c.r.p._266_2019_01112023.pdf": 19.25664468377945, "S.M.C.16of2011dt-22-3-2013.pdf": 3.85132893675589, "S.M.C._7_2017_06022019.pdf": 38.5132893675589, "C.A._946_2014.pdf": 7.70265787351178, "s.m.c._1_2022_note_hj4.pdf": 7.70265787351178}}