{"pto": {"C.A._514_2008.pdf": 14.294331605520437, "c.a._730_2015.pdf": 28.588663211040874}}