{"ptr": {"c.p._2143_l_2020.pdf": 16.929265217951833, "c.p._2256_l_2015.pdf": 5.643088405983945, "c.p._6309_2021.pdf": 5.643088405983945, "C.A._1084_2008.pdf": 28.215442029919725, "c.a._502_2017.pdf": 28.215442029919725, "c.p._310_l_2017.pdf": 50.787795653855504, "c.a._489_2013l.pdf": 16.929265217951833, "C.P._3364_2016.pdf": 5.643088405983945, "C.A.876-879of2005.pdf": 45.14470724787156}, "ptrs": {"c.p._6309_2021.pdf": 31.361251933280656}}