{"pu": {"j.p._147_2016.pdf": 6.454018622200273, "crl.p._499_2019.pdf": 6.454018622200273, "C.A._1428_2016.pdf": 6.454018622200273, "j.p._112_2017.pdf": 6.454018622200273}}