{"puisne": {"C.A._1171_2013.pdf": 31.20753392222943, "Const.P.12of2010.pdf": 15.603766961114715, "Ref.01_2012_addl.note_HJ.ejaz_afzal_khan.pdf": 5.201255653704905, "const.p._24_to_26_of_2023_04072023.pdf": 15.603766961114715, "const.p._14_2023.pdf": 5.201255653704905, "C.A._1703_2013.pdf": 5.201255653704905, "const.p.9_2014_detail_reasons.pdf": 20.80502261481962, "s.m.c._1_2023_27032023.pdf": 5.201255653704905, "const.p._6_2023_dt_05_01_2023.pdf": 10.40251130740981, "const.p._24_2023_23062023.pdf": 15.603766961114715, "const.p._17_2020_dissenting_note_hj4.pdf": 5.201255653704905, "c.p._2314_2022.pdf": 10.40251130740981, "const.p._76_2018.pdf": 5.201255653704905, "c.m.a._3932_2023.pdf": 5.201255653704905}}