{"pukhtoon": {"SMC16of2011_detailed_judgment.pdf": 15.680625966640328}, "pukka": {"H.R.C.19of1996[AsgharKhanCase]DetailedReasons.pdf": 23.52093894996049}, "pukhtoonkhwa": {"Const.P.77-78-79 [Memogate]DetailedOrder.pdf": 7.1471658027602185, "Const.P.50-69of2011.pdf": 7.1471658027602185}, "pukhtunkwa": {"c.p._167_p_2022.pdf": 7.840312983320164}, "pukhtunkhwa": {"c.p._5646_2021.pdf": 12.097107028184219, "Const.Petition.24_2011_dt02062011.pdf": 12.097107028184219, "C.P._1983_2012.pdf": 12.097107028184219, "const.p._32_2023_additional_note.pdf": 6.048553514092109, "c.a._364_p_2019.pdf": 6.048553514092109, "C.A._79_P_2013.pdf": 6.048553514092109}, "pukhta": {"crl.a._139_2022.pdf": 7.1471658027602185, "Crl.A._7_P_2014.pdf": 7.1471658027602185}, "pukta": {"c.a._1044_2015.pdf": 7.840312983320164}, "pukhraj": {"c.a._317_l_2011.pdf": 7.840312983320164}}