{"pump": {"report_128_k_2021.pdf": 4.374577080520438, "H.R.C._10_K_2007.pdf": 8.749154161040876, "Const.P._38_2016.pdf": 65.61865620780657, "SMC16of2011_detailed_judgment.pdf": 4.374577080520438, "C.A._532_2015.pdf": 8.749154161040876, "crl.p._457_l_2021.pdf": 4.374577080520438, "c.p._1134_l_2018.pdf": 43.74577080520438, "const.p._9_2010_27122021.pdf": 13.123731241561313, "c.a._2150_2019.pdf": 4.374577080520438, "c.p._446_l_2019.pdf": 39.37119372468394, "c.a._1295_2019.pdf": 8.749154161040876, "c.p._1290_l_2019.pdf": 8.749154161040876, "crl.a._531_2019.pdf": 13.123731241561313, "Const.P._38_2016_2.pdf": 8.749154161040876, "c.a._3090_2022.pdf": 17.49830832208175, "const.p.115_2011.pdf": 8.749154161040876, "const.p._9_2010.pdf": 4.374577080520438, "j.p._496_2019.pdf": 4.374577080520438, "SMC.13-2009.pdf": 4.374577080520438, "j.p._296_2016.pdf": 4.374577080520438, "Const.P.No.33and34of2005-dt-27-6-2013.pdf": 8.749154161040876, "c.p._2338_l_2017.pdf": 4.374577080520438, "C.P._4876_2018.pdf": 4.374577080520438, "c.a._1314_2014.pdf": 34.9966166441635, "C.A._1242_2013.pdf": 4.374577080520438, "const.p._9_2010_28122021.pdf": 8.749154161040876, "crl.a._239_2020.pdf": 4.374577080520438, "C.A._2148_2016_dt_4-4-2018.pdf": 8.749154161040876, "hrc_20107-G_2013.pdf": 4.374577080520438, "crl.a._446_2020.pdf": 8.749154161040876, "C.A.83and84of2006.pdf": 8.749154161040876, "c.m.a._8758_2018.pdf": 4.374577080520438}}