{"pupil": {"cr.p_1054_l_2023.pdf": 6.230875070886063, "Const.P._50_2018.pdf": 6.230875070886063, "Const.P.12of2010.pdf": 6.230875070886063, "crl.p._916_l_2021.pdf": 6.230875070886063, "smc_1_2014.pdf": 6.230875070886063}, "puppet": {"Const.P.12of2010.pdf": 6.741700694652055, "s.m.c._1_2022_detailed.pdf": 6.741700694652055, "C.M.A._3854_2014_dt_31-3-2015.pdf": 6.741700694652055}, "puppy": {"Const.P.87of2011[UrduVersion].pdf": 7.1471658027602185, "crl.p._883_l_2022_urdu.pdf": 7.1471658027602185}, "puppeteer": {"const.p._2_2022_14102022.pdf": 7.840312983320164}, "puppoo": {"S.M.C.16of2011dt-22-3-2013.pdf": 7.840312983320164}}