{"puzzles": {"c.m.a.4343_2014_etc_with_urdu_translation.pdf": 7.840312983320164}, "puzo": {"Const.P._29_2016.pdf": 7.840312983320164}, "puzzle": {"Const.P._29_2016.pdf": 6.741700694652055, "c.r.p._296_2020_04022022.pdf": 6.741700694652055, "C.A._552_2015.pdf": 6.741700694652055}}