{"pv": {"smc.18_2010_final.pdf": 6.741700694652055, "j.p._147_2016.pdf": 6.741700694652055, "j.p._462_2016.pdf": 6.741700694652055}}