{"pyramidical": {"c.p._3436_l_2022.pdf": 7.840312983320164}, "pyramid": {"Const.P.12of2010.pdf": 20.225102083956166, "c.p._5178_2021.pdf": 6.741700694652055, "s.m.c._4_2021_26082021.pdf": 6.741700694652055}}