{"pz": {"crl.p._83_p_2013.pdf": 7.1471658027602185, "crl.a._66_l_2020.pdf": 7.1471658027602185}}