{"qaim": {"c.r.p._292_2021_sacked_employees.pdf": 4.544476117315835, "Const.P.127of2012.pdf": 13.633428351947504, "c.p._1809_2020.pdf": 4.544476117315835, "C.M.A.64of2013dt-12-3-2013.pdf": 9.08895223463167, "Const.P.12of2010.pdf": 4.544476117315835, "Const.P.87of2011[UrduVersion].pdf": 4.544476117315835, "c.p._1517_2022.pdf": 4.544476117315835, "Crl.A._104_2010.pdf": 4.544476117315835, "c.p._1857_2022.pdf": 4.544476117315835, "crl.p._230_2019.pdf": 4.544476117315835, "Crl.P._105_2017.pdf": 22.722380586579174, "j.p._40_2017.pdf": 4.544476117315835, "c.r.p._255_2021.pdf": 4.544476117315835, "C.P._1340_2014.pdf": 4.544476117315835, "Const.P.87of2011.pdf": 4.544476117315835, "Crl.A._436_2017.pdf": 9.08895223463167, "const.p._6_2023_dt_05_01_2023.pdf": 4.544476117315835, "reference_1_2020.pdf": 4.544476117315835, "CMA2745of2009etc.pdf": 13.633428351947504, "c.a._25_q_2018_dt_25_01_2024.pdf": 31.811332821210843, "ICA3,4,6TO11of2011dt2011.04.pdf": 4.544476117315835, "c.a._52_k_2022.pdf": 4.544476117315835, "c.a._130_2016.pdf": 49.98923729047418, "c.r.p._432_k_2022.pdf": 13.633428351947504, "const.p._5_2023_detailed_reasons.pdf": 4.544476117315835, "crl.p._46_p_2016.pdf": 4.544476117315835, "C.P._662_2017.pdf": 4.544476117315835}, "qaiser": {"Const.P.127of2012.pdf": 11.444883877755045, "Crl.A._479_2015.pdf": 7.629922585170029, "Const.P._134_2012.pdf": 3.8149612925850147, "NRO_Judgment.pdf": 3.8149612925850147, "j.p._587_2016.pdf": 19.074806462925075, "c.p._2243_l_2019.pdf": 11.444883877755045, "S.M.C.24of2010[urdu-version].pdf": 3.8149612925850147, "C.A._2109_2016.pdf": 7.629922585170029, "crl.p._849_2019.pdf": 3.8149612925850147, "Ref.01_2012_addl.note_HJ.ejaz_afzal_khan.pdf": 7.629922585170029, "Const.P.NO.62OF2010_orderdt06062011.pdf": 3.8149612925850147, "j.p._147_2016.pdf": 3.8149612925850147, "s.m.c._1_2022_detailed.pdf": 3.8149612925850147, "C.A._870_2014.pdf": 3.8149612925850147, "CP778-779.pdf": 3.8149612925850147, "C.P.No.1017-Lof2011.pdf": 3.8149612925850147, "Const.P.35of2013_28.08.2013.pdf": 3.8149612925850147, "reference._1_2011_urdu.pdf": 3.8149612925850147, "c.p._2144_l_2011.pdf": 3.8149612925850147, "18TH_AMENDMENT_ORDER.pdf": 3.8149612925850147, "crl.p._537_2021.pdf": 3.8149612925850147, "crl.p._801_l_2020.pdf": 15.259845170340059, "const.p.35_2013.pdf": 3.8149612925850147, "crl.p._1233_2023.pdf": 3.8149612925850147, "crl.p._923_2020.pdf": 3.8149612925850147, "crl.a._181_2012.pdf": 3.8149612925850147, "const.p.9_2014_detail_reasons.pdf": 11.444883877755045, "C.A._300_2017.pdf": 3.8149612925850147, "crl.a._139_2022.pdf": 3.8149612925850147, "crl.p._149_k_2020.pdf": 3.8149612925850147, "crl.p._654_2020.pdf": 3.8149612925850147, "c.a._1772_2008.pdf": 7.629922585170029, "c.m.a._7084_2020.pdf": 3.8149612925850147, "SMC_24_2010_DT_01_03.pdf": 3.8149612925850147, "S.M.C._3_2018.pdf": 3.8149612925850147, "s.m.c._2_2022_27052022.pdf": 3.8149612925850147, "cp-733_of_2019_final.pdf": 3.8149612925850147, "reference_1_2020.pdf": 3.8149612925850147, "Const.P.22of2013.pdf": 3.8149612925850147, "reference_1_2011_06mar2024.pdf": 3.8149612925850147, "S.M.C_15_2015.pdf": 3.8149612925850147, "ConstitutionPetitionNo39of2009.pdf": 3.8149612925850147, "SMC24-2010.pdf": 3.8149612925850147, "C.A._42_K_2016.pdf": 3.8149612925850147, "ICA3,4,6TO11of2011dt2011.04.pdf": 3.8149612925850147, "Const.P._134_2012_21012019.pdf": 3.8149612925850147, "crl.p_12_2014_07.02.2014.pdf": 3.8149612925850147, "reference._1_2020.pdf": 3.8149612925850147, "crl.p._277_2020.pdf": 3.8149612925850147, "CJD_Section 2-A_Case_as_on_26_06_2006.pdf": 3.8149612925850147, "Crl.A._218_2015.pdf": 3.8149612925850147, "H.R.C.39216_G_2018.pdf": 3.8149612925850147, "Crl.A._154_L_2017.pdf": 3.8149612925850147, "crl.p._476_l_2018.pdf": 3.8149612925850147, "j.p._95_2017.pdf": 3.8149612925850147, "c.a._498_2020.pdf": 3.8149612925850147}, "qair": {"const.p.42of2011(UrduVersion).pdf": 12.097107028184219, "cng_prices_order_21-12-12-alongwith_translation.pdf": 6.048553514092109, "CONST.P.77OF2010-DT-06.04.12[URDU].pdf": 6.048553514092109, "CMA1362OF2012-DT-10-04-2012[URDU].pdf": 6.048553514092109, "Const.P.77of2010-DT-05-04-2012.pdf": 6.048553514092109, "C.M.A.3325_of_2012_dt_31-1-2013_ENG_URDU.pdf.pdf": 90.72830271138164}, "qairshah": {"CONST.P.77OF2010-DT-05.04.12[URDU].pdf": 7.840312983320164}, "qaisar": {"Const.P_6of2011.pdf": 13.317346804974026, "j.p._587_2016.pdf": 13.317346804974026, "crl.p._849_2019.pdf": 13.317346804974026, "s.m.c._1_2022_detailed.pdf": 4.439115601658009, "C.A._80_L_2014.pdf": 4.439115601658009, "smc.11_2011.pdf": 4.439115601658009, "crp.328-329_2013.pdf": 4.439115601658009, "Const.P_3_2014.pdf": 4.439115601658009, "crl.p._801_l_2020.pdf": 8.878231203316018, "const.p.35_2013.pdf": 4.439115601658009, "H.R.C._14158-G_2016_[19082016].pdf": 4.439115601658009, "crl.p._551_2020.pdf": 4.439115601658009, "Crl.A._178-L_2009.pdf": 4.439115601658009, "C.R.P._94_2014.pdf": 4.439115601658009, "crl.sh.a._23_2017.pdf": 13.317346804974026, "c.m.a._4821_2018_14012022.pdf": 4.439115601658009, "crl.p._654_2020.pdf": 4.439115601658009, "crl.p._1196_l_2015.pdf": 26.63469360994805, "C.A._1086_2014.pdf": 4.439115601658009, "const.p.6_2011_final.pdf": 4.439115601658009, "crl.p._1149_l_2017.pdf": 8.878231203316018, "Crl.A._7_P_2013.pdf": 4.439115601658009, "c.m.a._1243_2021_04042022.pdf": 13.317346804974026, "Crl.A._154_L_2017.pdf": 8.878231203316018, "c.p._2447_l_2022.pdf": 4.439115601658009, "c.p._5601_2021.pdf": 4.439115601658009, "C.R.P._309_2013.pdf": 4.439115601658009, "c.p._4700_2021.pdf": 4.439115601658009, "crl.p._716_2019.pdf": 4.439115601658009, "s.m.c._1_2022_note_hj4.pdf": 4.439115601658009}, "qaisrani": {"Const.P._29_2016.pdf": 6.230875070886063, "CMA3470OF2013_08.07.2013.pdf": 12.461750141772127, "c.a._981_2018.pdf": 6.230875070886063, "C.P._2853_2018.pdf": 6.230875070886063, "Const.P.31of2011.pdf": 12.461750141772127}, "qaid": {"Const.P._36_2016_dt_15_12_2017.pdf": 7.840312983320164}, "qaimous": {"C.A._233_2015.pdf": 7.840312983320164}, "qaisarani": {"C.A._233_2015.pdf": 5.643088405983945, "C.A._532_2015.pdf": 5.643088405983945, "c.a._982_2018_19022024.pdf": 11.28617681196789, "C.A._467_2015.pdf": 5.643088405983945, "c.a._188_2019.pdf": 11.28617681196789, "c.a._1399_2019.pdf": 5.643088405983945, "c.a._982_2018_08_jan_2024.pdf": 11.28617681196789, "c.a._981_2018_02012024.pdf": 11.28617681196789, "C.A.1628_2014.pdf": 5.643088405983945}, "qaisr": {"s.m.c._1_2022_detailed.pdf": 7.1471658027602185, "s.m.c._1_2022_note_hj4.pdf": 7.1471658027602185}, "qaidabad": {"SMC16of2011_detailed_judgment.pdf": 7.1471658027602185, "crl.a._15_q_2020.pdf": 7.1471658027602185}, "qaisra": {"c.r.p._296_2020_29012022.pdf": 7.1471658027602185, "const.p._17_2020_dissenting_note_hj11.pdf": 7.1471658027602185}, "qaimkhani": {"const.p.37_2012_final.pdf": 7.840312983320164}, "qai": {"crl.p._290_2020.pdf": 7.840312983320164}, "qaimullah": {"crl.p._1146_2021.pdf": 7.840312983320164}, "qaiserani": {"C.M.A._6250_2018.PDF": 7.840312983320164}, "qaiyum": {"const.p._42_2022_07032024.pdf": 7.1471658027602185, "SMCNo25of2009.pdf": 7.1471658027602185}, "qais": {"crl.p._298_2023.pdf": 7.840312983320164}}