{"qatar": {"C.R.P._297_2017_Reserved.pdf": 5.442417710521793, "Const.P._29_2016_28072016.pdf": 5.442417710521793, "Const.P._29_2016.pdf": 1028.616947288619, "c.u.o._18_2024_dt_21_02_2024.pdf": 5.442417710521793, "c.r.p._421_2020_dissenting_notes.pdf": 5.442417710521793, "Const.P._2_2011.pdf": 5.442417710521793, "c.r.p._421_2020.pdf": 5.442417710521793, "c.a._1113_2017_dissenting_note.pdf": 10.884835421043586, "c.p._3813_2019.pdf": 5.442417710521793, "c.a._1113_2017.pdf": 21.769670842087173, "Const.P.5and15-HRC14144-DetailedReasons.pdf": 10.884835421043586}, "qatri": {"Const.P._29_2016_28072016.pdf": 35.735829013801094, "Const.P._29_2016.pdf": 7.1471658027602185}, "qatai": {"c.p._3436_l_2022.pdf": 42.88299481656131, "c.p._3985_2019.pdf": 21.441497408280654}, "qatari": {"Const.P._29_2016.pdf": 62.72250386656131}, "qatl": {"C.A._340_2002.pdf": 10.884835421043586, "Crl.P._303_L_2018.pdf": 5.442417710521793, "crl.p._127_q_2021.pdf": 5.442417710521793, "crl.a._531_2019.pdf": 5.442417710521793, "crl.p._335_2020.pdf": 5.442417710521793, "Crl.A._137_L_2010.pdf": 21.769670842087173, "c.a._1772_2008.pdf": 5.442417710521793, "j.p._887_2018.pdf": 5.442417710521793, "Crl.A.126of2012.pdf": 21.769670842087173, "j.p._282_2017.pdf": 5.442417710521793, "j.p._462_2016.pdf": 5.442417710521793}}