{"qauder": {"ConstitutionPetitionNo21OF2007.pdf": 6.741700694652055, "CPs.10-18of2011.pdf": 6.741700694652055, "Const.P.12of2010.pdf": 6.741700694652055}, "qausain": {"C.R.P._49_2016.pdf": 5.8944028342648505, "c.m.a._87_2122.pdf": 5.8944028342648505, "c.m.appeal_39_2021.pdf": 11.788805668529701, "const.p._6_2023_07032024.pdf": 5.8944028342648505, "C.A._651_2012.pdf": 5.8944028342648505, "I.C.A._4_2017.pdf": 11.788805668529701, "Const.P.5and15-HRC14144-DetailedReasons.pdf": 5.8944028342648505}, "qaumi": {"Const.P.31of2011etc.pdf": 14.247811589885544, "NRO_Judgment.pdf": 4.749270529961848, "Const.P.87of2011[UrduVersion].pdf": 14.247811589885544, "Const.P.12of2010Urdu.pdf": 4.749270529961848, "Const.P._29_2016.pdf": 14.247811589885544, "C.A._233_2015.pdf": 9.498541059923696, "H.R.C.19of1996[AsgharKhanCase]DetailedReasonsUrduTranslation.pdf": 9.498541059923696, "SMC16of2011_detailed_judgment.pdf": 28.495623179771087, "C.A._760_2016.pdf": 4.749270529961848, "SMC-16of2011-translation.pdf": 4.749270529961848, "Const.P.40of2012-DetailJudgment-dt-3.7.2012.pdf": 4.749270529961848, "Crl.O.P.96_12_Altaf_Hussain _1.pdf": 18.99708211984739, "Const.P.56_2003_U_dt_8-9-2015.pdf": 4.749270529961848, "const.p.6_2023.pdf": 9.498541059923696, "Const.P._24_2012.pdf": 9.498541059923696, "Const.P.87of2011.pdf": 14.247811589885544, "C.A._508_2017.pdf": 4.749270529961848, "const.p._17_2019_detailed_reasoning.pdf": 4.749270529961848, "const.p._6_2023_13042023.pdf": 4.749270529961848, "reference_1_2020.pdf": 14.247811589885544, "Const.P._35_2016_dt_15_12_2017.pdf": 4.749270529961848, "S.M.C._7_2017_06022019.pdf": 4.749270529961848}, "qaum": {"const.p.1_ 2012_etc.pdf": 23.52093894996049}}