{"qaw": {"AdditionalNoteConst.P.77of2012.pdf": 7.840312983320164}, "qaww\u0101m\u012bna": {"c.m.a._490_2021_20022021.pdf": 7.840312983320164}, "qawmin": {"c.m.a._490_2021_20022021.pdf": 7.840312983320164}}