{"qc": {"Const.P._29_2016.pdf": 6.230875070886063, "C.P.796of2007-dt-10-5-2013.pdf": 6.230875070886063, "hrc_4925-g_2014.pdf": 6.230875070886063, "c.p._3767_2023.pdf": 6.230875070886063, "c.a._1547_2019.pdf": 6.230875070886063}}