{"qda": {"C.P._51_2015.pdf": 317.7746286151892, "c.a._202_2021.pdf": 49.84700056708851, "c.a._1562_2020.pdf": 68.5396257797467, "C.P._1774_2015.pdf": 280.38937818987284, "C.P._1774_2014.pdf": 286.62025326075894}}