{"qesco": {"c.a._749_2021.pdf": 101.12551041978082, "const.p.115_2011.pdf": 20.225102083956166, "hrc.14392of2013-01.07.2013.pdf": 6.741700694652055}}