{"qiadat": {"H.R.C.19of1996[AsgharKhanCase]DetailedReasons.pdf": 7.840312983320164}, "qiasrani": {"c.a._982_2018_19022024.pdf": 7.1471658027602185, "c.a._982_2018_08_jan_2024.pdf": 7.1471658027602185}, "qian": {"c.p._2459_2017.pdf": 7.840312983320164}, "qia": {"c.p._3718_2023.pdf": 15.680625966640328}}