{"qilla": {"C.A._1256_2008.pdf": 6.230875070886063, "smc.11_2011.pdf": 112.15575127594914, "const.p.115_2011.pdf": 6.230875070886063, "Crl.M.A._200_2019.pdf": 6.230875070886063, "c.p._1133_l_2016.pdf": 6.230875070886063}, "qila": {"SMC16of2011_detailed_judgment.pdf": 12.908037244400546, "H.R.C.19of1996[AsgharKhanCase]DetailedReasons.pdf": 19.36205586660082, "Const.P.77of2010-DT-05-04-2012.pdf": 6.454018622200273, "c.a._23_p_2017.pdf": 6.454018622200273}}