{"qita": {"c.p._174_q_2021.pdf": 7.1471658027602185, "c.p._189_q_2017.pdf": 14.294331605520437}, "qitat": {"c.a._408_2022.pdf": 7.840312983320164}, "qittat": {"smc.9_2011.pdf": 7.840312983320164}}