{"qom": {"c.p._1193_2020.pdf": 14.294331605520437, "smc.18_2010_final.pdf": 7.1471658027602185}}