{"qoum": {"crl.a._241_2020.pdf": 7.1471658027602185, "ConstitutionPetitionNo.77of2010-dt-17-04-2012.pdf": 7.1471658027602185}, "qoumi": {"c.p._302_2019.pdf": 7.840312983320164}, "qousain": {"C.P._3345_2016.pdf": 7.840312983320164}}