{"qq": {"Const.P.12of2010.pdf": 7.1471658027602185, "c.p._2459_2017.pdf": 14.294331605520437}}