{"qso": {"crl.a._251_2020.pdf": 40.541794088643066, "C.A._90_2011_UrduVersion.pdf": 30.4063455664823, "C.A._90_2011_EnglishVersion.pdf": 40.541794088643066, "Crl.P.163_to_171_S.M.C.5_2005.pdf": 45.60951834972345, "C.A._461_2014.pdf": 30.4063455664823, "c.a._1355_2006.pdf": 5.067724261080383, "crl.p._513_2020.pdf": 45.60951834972345, "c.r.p._420_2016.pdf": 10.135448522160766, "crl.p_1124_l_2015.pdf": 101.35448522160766, "c.a._102_l_2017.pdf": 10.135448522160766, "Const.P._35_2016_dt_15_12_2017.pdf": 5.067724261080383, "C.R.P._420_2013.pdf": 10.135448522160766, "c.p._1451_2020.pdf": 10.135448522160766, "c.p.1795_2022.pdf": 60.8126911329646, "crl.a._154_l_2013.pdf": 40.541794088643066, "c.a._1005_2009.pdf": 5.067724261080383}}