{"qu": {"Const.P.12of2010.pdf": 6.741700694652055, "ICA-1OF2012-UrduTranslation.pdf": 6.741700694652055, "c.p._1170_2018.pdf": 6.741700694652055}}