{"qul": {"Const.Petition No.77of2010-08-12-2012.pdf": 7.1471658027602185, "C.A._542-L_2012.pdf": 7.1471658027602185}, "quli": {"H.R.C._39216_G_2018.pdf": 6.741700694652055, "c.p._3985_2019.pdf": 6.741700694652055, "H.R.C.39216_G_2018.pdf": 20.225102083956166}, "qulubikum": {"c.m.a._490_2021_20022021.pdf": 7.840312983320164}}