{"qumi": {"C.R.P._49_2016.pdf": 7.840312983320164}, "qum": {"CONST.P.77OF2010-DT-05.04.12[URDU].pdf": 7.1471658027602185, "AdditionalNoteConst.P.77of2012.pdf": 7.1471658027602185}}