{"qutab": {"SMC15OF2009.pdf": 6.230875070886063, "const.p._6_2023_dt_05_01_2023.pdf": 6.230875070886063, "c.a._849_2015.pdf": 6.230875070886063, "Crl.A._324_2011.pdf": 6.230875070886063, "c.r.p._432_k_2022.pdf": 6.230875070886063}, "qutub": {"18TH_AMENDMENT_ORDER.pdf": 7.840312983320164}, "qutubuddin": {"c.a._315_2022.pdf": 6.230875070886063, "C.A._305_2008.pdf": 6.230875070886063, "C.P._3078_2016.pdf": 6.230875070886063, "C.P._3078_2016_D.pdf": 6.230875070886063, "C.A._539_2003.pdf": 6.230875070886063}, "qutrio": {"c.a._26_k_2021.pdf": 7.840312983320164}}