{"raampura": {"Const.P_6of2011.pdf": 7.840312983320164}, "raat": {"const.p.42of2011.pdf": 7.1471658027602185, "Crl.A._617_2017.pdf": 7.1471658027602185}, "raad": {"SMC16of2011_detailed_judgment.pdf": 7.840312983320164}, "raana": {"Crl.A._39_L_2015_Urdu.pdf": 10.884835421043586, "const.p._9_2010_27122021.pdf": 5.442417710521793, "C.A._1171_2017.pdf": 5.442417710521793, "const.p._9_2010.pdf": 10.884835421043586, "const.p._9_2010_28122021.pdf": 5.442417710521793, "C.P._423_K_2015.pdf": 5.442417710521793, "j.p._24_2016.pdf": 5.442417710521793, "c.a._91_k_2017.pdf": 5.442417710521793, "C.P._423-K_2015.pdf": 5.442417710521793, "c.p._231_k_2020.pdf": 5.442417710521793, "HR8340OF2010.pdf": 5.442417710521793}, "raaj": {"crl.p._1001_l_2017.pdf": 31.361251933280656}, "raazi": {"C.P._3078_2016.pdf": 7.1471658027602185, "C.P._3078_2016_D.pdf": 7.1471658027602185}, "raashid": {"c.a._174_2012.pdf": 47.191904862564385, "CJD_Pakistan_Steel_Mills_Case.pdf": 6.741700694652055, "CPs987-989OF2011-DT19.10.2011.pdf": 6.741700694652055}}