{"race": {"c.a._1476_2018_urdu.pdf": 8.023343173662138, "crl.s.m.r.p._84_2018.pdf": 4.011671586831069, "C.R.P._49_2016.pdf": 8.023343173662138, "NRO_Judgment.pdf": 24.070029520986413, "Const.P._50_2018.pdf": 20.058357934155346, "Const.P.12of2010.pdf": 16.046686347324275, "Const.P.87of2011[UrduVersion].pdf": 4.011671586831069, "Const.P._29_2016.pdf": 4.011671586831069, "Const.P.NO.62OF2010_orderdt06062011.pdf": 4.011671586831069, "s.m.c._1_2022_detailed.pdf": 4.011671586831069, "smc_1_2014.pdf": 24.070029520986413, "C.P._45_2015.pdf": 12.035014760493207, "c.a._71_p_2014.pdf": 4.011671586831069, "Const.P_3_2014.pdf": 4.011671586831069, "C.A._1084_2008.pdf": 12.035014760493207, "c.p._3506_2020.pdf": 8.023343173662138, "c.r.p._255_2021.pdf": 4.011671586831069, "Const.P._24_2012.pdf": 8.023343173662138, "c.a._797_2013.pdf": 4.011671586831069, "const.p._17_2020_dissenting_note_hj11.pdf": 4.011671586831069, "crl.a._531_2019.pdf": 4.011671586831069, "C.A._95_2005.pdf": 4.011671586831069, "j.p._34_2020.pdf": 4.011671586831069, "crl.p._1371_2016.pdf": 4.011671586831069, "Crl.A.140of2005.pdf": 4.011671586831069, "C.A._616_2006.pdf": 12.035014760493207, "Crl.M.A._200_2019.pdf": 4.011671586831069, "c.a._1476_2018.pdf": 8.023343173662138, "const.p.20_2013.pdf": 4.011671586831069, "S.M.C._3_2018.pdf": 4.011671586831069, "c.p._596_2021.pdf": 4.011671586831069, "c.p._2045_2019.pdf": 8.023343173662138, "Const.P.50-69of2011.pdf": 4.011671586831069, "CMA2745of2009etc.pdf": 4.011671586831069, "Crl.A._103_2019.pdf": 4.011671586831069, "c.a._827_2020.pdf": 4.011671586831069, "c.p._1451_2020.pdf": 4.011671586831069, "c.a._49_2022.pdf": 4.011671586831069, "c.a._359_2020.pdf": 8.023343173662138, "c.p.3531_2021.pdf": 4.011671586831069, "j.p._794_2017.pdf": 4.011671586831069, "c.p._84_p_2020.pdf": 4.011671586831069, "c.p._4570_2019.pdf": 4.011671586831069, "HR8340OF2010.pdf": 4.011671586831069, "C.P._3195-L_2016.pdf": 4.011671586831069, "Const.P.5and15-HRC14144-DetailedReasons.pdf": 4.011671586831069}, "ractor": {"c.p._1567_l_2019.pdf": 7.1471658027602185, "c.p._3122_2020.pdf": 7.1471658027602185}, "racel": {"Const.P_6of2011.pdf": 7.840312983320164}, "racial": {"Const.P._50_2018.pdf": 5.8944028342648505, "Const.P.12of2010.pdf": 5.8944028342648505, "SMC16of2011_detailed_judgment.pdf": 11.788805668529701, "smc_1_2014.pdf": 17.68320850279455, "Const.P.87of2011.pdf": 5.8944028342648505, "c.r.p._420_2016.pdf": 5.8944028342648505, "S.M.C._7_2017_06022019.pdf": 11.788805668529701}, "racketeering": {"CMA_1145-K_2013_in_SMC_16-2011_08-03-2013.pdf": 7.840312983320164}, "racing": {"Const.P._97_2014.pdf": 7.1471658027602185, "CJD_Constitution_Petition_No_36_of_2005.pdf": 7.1471658027602185}, "racism": {"smc_1_2014.pdf": 35.735829013801094, "c.p._2045_2019.pdf": 14.294331605520437}, "rachid": {"const.p.9_2014_detail_reasons.pdf": 15.680625966640328}, "raco": {"c.m.a._8758_2018_23nov2023.pdf": 7.1471658027602185, "c.a._1137_2014.pdf": 7.1471658027602185}, "racket": {"c.p._3747_2023.pdf": 7.840312983320164}, "racaw": {"c.p._140_l_2015.pdf": 7.840312983320164}, "rack": {"cma_6762_20.pdf": 7.840312983320164}}