{"rafiullah": {"C.A._1171_2013.pdf": 6.048553514092109, "C.P._3078_2016.pdf": 6.048553514092109, "Crl.A._103_2010.pdf": 6.048553514092109, "C.P._3078_2016_D.pdf": 6.048553514092109, "crl.p._35_q_2017.pdf": 6.048553514092109, "C.A._85_K_2015.pdf": 6.048553514092109}, "rafia": {"c.r.p._446_2022.pdf": 12.908037244400546, "c.a._2150_2019.pdf": 19.36205586660082, "crl.p._406_2017.pdf": 32.270093111001366, "Crl.P.213-2013_03.07.2013.pdf": 12.908037244400546}, "rafaqaat": {"C.A._219-L_2015.pdf": 6.741700694652055, "crl.p._883_l_2022_urdu.pdf": 6.741700694652055, "C.P._2280_2015.pdf": 6.741700694652055}, "rafiq": {"Const.P.127of2012.pdf": 6.9165726972925645, "C.A._1125_2014.pdf": 3.4582863486462823, "C.P.796of2007-UrduTranslation-dt-10-5-2013.pdf": 3.4582863486462823, "c.p._620_2021.pdf": 3.4582863486462823, "Const.P.12of2010.pdf": 3.4582863486462823, "Const.P.87of2011[UrduVersion].pdf": 24.208004440523975, "S.M.C._20_2016.pdf": 6.9165726972925645, "j.p._405_2021.pdf": 3.4582863486462823, "c.p._2243_l_2019.pdf": 6.9165726972925645, "c.a._782_2014.pdf": 3.4582863486462823, "crl.p._883_l_2022_urdu.pdf": 3.4582863486462823, "H.R.C.19of1996[AsgharKhanCase]DetailedReasonsUrduTranslation.pdf": 13.833145394585129, "SMC16of2011_detailed_judgment.pdf": 6.9165726972925645, "smc.24_2010.pdf": 3.4582863486462823, "H.R.C.19of1996[AsgharKhanCase]DetailedReasons.pdf": 10.374859045938846, "Const.P.77-78-79 [Memogate]DetailedOrder.pdf": 10.374859045938846, "C.P.796of2007-dt-10-5-2013.pdf": 6.9165726972925645, "CJD_Reference by_the_President_of_Pakistan_under_Article_186.pdf": 3.4582863486462823, "crl.p._883_l_2022.pdf": 3.4582863486462823, "C.M.A._230_2019.pdf": 3.4582863486462823, "c.m.a._5602_2021.pdf": 3.4582863486462823, "C.P._3460_2015.pdf": 3.4582863486462823, "const.p._17_2019_19062020.pdf": 3.4582863486462823, "Const.P.77of2010_dt_27-8-2013.pdf": 3.4582863486462823, "crl.p._863_l_2021.pdf": 3.4582863486462823, "c.a._675_2019.pdf": 3.4582863486462823, "crl.p._230_2019.pdf": 3.4582863486462823, "JR_Detailed_Judgment_in_Referendum_Case.pdf": 44.95772253240167, "C.R.P._100_2016.pdf": 3.4582863486462823, "C.R.P._142_2015.pdf": 3.4582863486462823, "Const.P.87of2011.pdf": 13.833145394585129, "c.p._490_k_2020.pdf": 20.749718091877693, "c.p._657_2020.pdf": 3.4582863486462823, "JR_Constitution_Petition_No._15_17-24_and_512_of_2002.pdf": 10.374859045938846, "c.p._2836_2020.pdf": 6.9165726972925645, "c.a._1219_2015.pdf": 6.9165726972925645, "Crl.A._149_L_2017.pdf": 10.374859045938846, "crl.a._270_l_2012.pdf": 3.4582863486462823, "c.m.a._4821_2018.pdf": 6.9165726972925645, "c.m.a._6336_2023.pdf": 3.4582863486462823, "C.A._280-L_2009.pdf": 3.4582863486462823, "Const.P.77-2011[MemoScandal]dt.30.12.2011.pdf": 3.4582863486462823, "crl.a.19of2012.pdf": 10.374859045938846, "c.a._664_k_2017.pdf": 3.4582863486462823, "crl.p._251_l_2020.pdf": 3.4582863486462823, "c.a._801_2021.pdf": 6.9165726972925645, "const.p._17_2019_detailed_reasoning.pdf": 3.4582863486462823, "const.p._21_2023_11082023.pdf": 6.9165726972925645, "Crl.A._322_2018.pdf": 51.87429522969423, "crl.p._495_2021.pdf": 3.4582863486462823, "c.a._471_l_2012.pdf": 6.9165726972925645, "C.A._1797_2005.pdf": 6.9165726972925645, "J.P.No.56of2005.pdf": 13.833145394585129, "C.P._2537_2016.pdf": 3.4582863486462823, "C.A._794_2006.pdf": 3.4582863486462823, "CMA2745of2009etc.pdf": 3.4582863486462823, "C.A.39_2010.pdf": 3.4582863486462823, "c.a._2613_2016.pdf": 3.4582863486462823, "c.a._3_k_2021.pdf": 3.4582863486462823, "const.p._2_2022.pdf": 3.4582863486462823, "ICA3,4,6TO11of2011dt2011.04.pdf": 3.4582863486462823, "C.P._529_2015.pdf": 3.4582863486462823, "crl.a._266_2019.pdf": 3.4582863486462823, "crl.a._3_q_2021.pdf": 3.4582863486462823, "c.a._23_p_2017.pdf": 3.4582863486462823, "Crl.A._7_P_2013.pdf": 6.9165726972925645, "Const.P.67of2011-dt-10.6.2013.pdf": 3.4582863486462823, "c.p._3148_2020.pdf": 6.9165726972925645, "crl.p._717_2023.pdf": 3.4582863486462823, "c.p._32_q_2019.pdf": 3.4582863486462823, "C.P.784of2014.pdf": 6.9165726972925645, "crl.p._742_l_2019.pdf": 3.4582863486462823, "CJD_Section 2-A_Case_as_on_26_06_2006.pdf": 10.374859045938846, "c.p.3531_2021.pdf": 3.4582863486462823, "crl.a._66_l_2020.pdf": 3.4582863486462823, "c.a._998_2020.pdf": 3.4582863486462823, "c.p._590_2021.pdf": 3.4582863486462823, "C.R.P._309_2013.pdf": 3.4582863486462823, "crl.a._145_l_2017.pdf": 3.4582863486462823, "Const.P.77of2011[MEMO SCANDAL CASE]-ShortOrder.pdf": 6.9165726972925645}, "rafique": {"Const.P.127of2012.pdf": 3.307713490166908, "hrc_42389-P_2013.pdf": 3.307713490166908, "Const.P_6of2011.pdf": 9.923140470500725, "c.p._3637_2019.pdf": 3.307713490166908, "SMC15OF2009.pdf": 3.307713490166908, "S.M.C._20_2016.pdf": 9.923140470500725, "j.p._405_2021.pdf": 13.230853960667632, "C.R.P._125_2014.pdf": 19.84628094100145, "c.a._864_2017.pdf": 6.615426980333816, "crl.p._907_2020.pdf": 3.307713490166908, "c.p._2243_l_2019.pdf": 59.538842823004344, "c.p._2824_2019.pdf": 3.307713490166908, "crl.p._883_l_2022_urdu.pdf": 3.307713490166908, "j.p._147_2016.pdf": 6.615426980333816, "crl.p._916_l_2021.pdf": 3.307713490166908, "CP778-779.pdf": 3.307713490166908, "C.A._80_L_2014.pdf": 3.307713490166908, "MemoCase-final-30.12.2011(UrduVersion).pdf": 3.307713490166908, "smc.11_2011.pdf": 6.615426980333816, "Crl.O.P.89of2011.pdf": 9.923140470500725, "crl.p._883_l_2022.pdf": 3.307713490166908, "c.p._2144_l_2011.pdf": 3.307713490166908, "cma.908_2014_14.04.2014.pdf": 9.923140470500725, "S.M.C._18_2016.pdf": 19.84628094100145, "Const.P35of2013-dt-20-7-2013.pdf": 3.307713490166908, "C.A._353_2015.pdf": 3.307713490166908, "j.p._415_2018.pdf": 6.615426980333816, "const.p._9_2023_20042023.pdf": 9.923140470500725, "Cr.P.749-Lof2013.pdf": 6.615426980333816, "c.p._173_q_2023.pdf": 6.615426980333816, "c.p._943_k_2022.pdf": 3.307713490166908, "C.P._1067_2016.pdf": 3.307713490166908, "Const.P.87of2011.pdf": 9.923140470500725, "c.p._490_k_2020.pdf": 3.307713490166908, "c.a._1295_2019.pdf": 3.307713490166908, "c.a._342_2014.pdf": 3.307713490166908, "C.R.P._268_2015.pdf": 6.615426980333816, "C.R.P.193of2013.pdf": 19.84628094100145, "c.a._982_2018_19022024.pdf": 3.307713490166908, "crl.p._105_k_2020.pdf": 3.307713490166908, "crl.p._588_l_2023.pdf": 3.307713490166908, "c.p._3203_2017.pdf": 3.307713490166908, "C.P._565_2014.pdf": 3.307713490166908, "crl.p._275_2021.pdf": 3.307713490166908, "H.R.C._4729_2011.pdf": 9.923140470500725, "C.P._3078_2016.pdf": 3.307713490166908, "j.p._296_2016.pdf": 3.307713490166908, "crl.p._301_2022.pdf": 3.307713490166908, "c.p._1084_2011.pdf": 3.307713490166908, "crl.a._15_q_2020.pdf": 3.307713490166908, "crl.p._1196_l_2015.pdf": 3.307713490166908, "crl.p._445_2020.pdf": 3.307713490166908, "crl.p._457_l_2016.pdf": 3.307713490166908, "crl.p._252_2020.pdf": 3.307713490166908, "crl.a_413-414_2013_18.02.2014.pdf": 3.307713490166908, "cma_908_2014_22.04.2014.pdf": 3.307713490166908, "const.p.6_2011_final.pdf": 3.307713490166908, "crl.p._1296_l_2013.pdf": 9.923140470500725, "c.a._982_2018_19022024_2.pdf": 3.307713490166908, "crl.a._475_2019.pdf": 3.307713490166908, "smc.16of2011.pdf": 6.615426980333816, "CMA2745of2009etc.pdf": 6.615426980333816, "c.p._469_l_2023.pdf": 3.307713490166908, "c.p._1017_2021.pdf": 3.307713490166908, "c.a._550_2020.pdf": 3.307713490166908, "C.A.404of2011.pdf": 3.307713490166908, "c.a._1113_2017.pdf": 3.307713490166908, "C.A._1255_2012.pdf": 3.307713490166908, "C.A._319_2014.pdf": 3.307713490166908, "Const.P._37_2017_dt_21_2_2018.pdf": 3.307713490166908, "C.P._529_2015.pdf": 6.615426980333816, "c.p._1451_2020.pdf": 3.307713490166908, "crl.p._13_k_2023.pdf": 3.307713490166908, "c.m.a._649_l_2021.pdf": 3.307713490166908, "Crl.A._582_2018.pdf": 39.6925618820029, "c.p._2000_l_2020.pdf": 3.307713490166908, "crl.p._390_2021.pdf": 3.307713490166908, "C.A._157_K_2016.pdf": 3.307713490166908, "c.p._4889_2018.pdf": 6.615426980333816, "C.A._446_2012.pdf": 3.307713490166908, "Crl.A._133_L_2017.pdf": 6.615426980333816,