{"rakum": {"SMC5of2012[UrduVersion]dt16-6-2012.pdf": 7.840312983320164}, "rakim": {"SMC5of2012[UrduVersion]dt16-6-2012.pdf": 7.840312983320164}, "rakha": {"c.a._1079_2015.pdf": 6.048553514092109, "c.a._1348_2014.pdf": 18.145660542276328, "c.p._3011_2021.pdf": 6.048553514092109, "c.p._2230_2015.pdf": 6.048553514092109, "crl.p._120_2020.pdf": 6.048553514092109, "c.p._1276_2020.pdf": 12.097107028184219}, "raki": {"CONST.P.77OF2010-DT-05.04.12[URDU].pdf": 7.840312983320164}, "rakh": {"Crl.A._190_2016.pdf": 12.908037244400546, "H.R.C._4729_2011.pdf": 6.454018622200273, "C.M.A._6250_2018.PDF": 6.454018622200273, "c.p._1276_2020.pdf": 6.454018622200273}, "rakar": {"Crl.O.P_57_2015.pdf": 7.840312983320164}, "rakesh": {"NRO_Judgment.pdf": 7.1471658027602185, "CP778-779.pdf": 7.1471658027602185}, "rakat": {"Const.P._29_2016.pdf": 7.1471658027602185, "CJD_Reference by_the_President_of_Pakistan_under_Article_186.pdf": 7.1471658027602185}, "rakot": {"Crl.A._39_L_2015_Urdu.pdf": 7.840312983320164}, "rakkar": {"c.a._2150_2019.pdf": 47.04187789992098}, "rakarand": {"c.a._2150_2019.pdf": 7.840312983320164}, "rakiful": {"c.p._3447_2022.pdf": 7.840312983320164}, "rakah": {"c.p._1950_l_2018.pdf": 7.840312983320164}, "rakhio": {"j.p._960_2017.pdf": 7.840312983320164}, "rakshanda": {"C.A._1169_2014.pdf": 7.1471658027602185, "c.p._2447_l_2022.pdf": 7.1471658027602185}, "rake": {"C.A._825_2015.pdf": 7.840312983320164}, "raka": {"C.M.A.5216OF2012.pdf": 7.840312983320164}, "rakhshani": {"c.p._178_q_2023.pdf": 7.840312983320164}, "rakhi": {"H.R.C._10842_P_2018.pdf": 7.1471658027602185, "c.a._419_2011.pdf": 14.294331605520437}, "rakhshan": {"ref._2_2022_13092023.pdf": 7.840312983320164}, "rakhsahani": {"c.a._40_q_2018.pdf": 7.840312983320164}}