{"rapid": {"c.p._852_2020.pdf": 9.791748008307447, "C.R.P._49_2016.pdf": 4.895874004153724, "Const.P._38_2016.pdf": 4.895874004153724, "Crl.O.P_57_2015.pdf": 9.791748008307447, "Const.P.77-78-79 [Memogate]DetailedOrder.pdf": 4.895874004153724, "Const.P.77to85of2011-ShortOrder-1.pdf": 4.895874004153724, "Const.P.77-2011[MemoScandal]dt.30.12.2011.pdf": 4.895874004153724, "c.a._914_l_2013.pdf": 4.895874004153724, "const.p.6_2011_final.pdf": 9.791748008307447, "C.A._1242_2013.pdf": 9.791748008307447, "Crl.P._488_2015.pdf": 4.895874004153724, "crl.a._48_2021.pdf": 4.895874004153724, "C.P._529_2015.pdf": 4.895874004153724, "SMCNo25of2009.pdf": 34.271118029076064, "c.p._2459_2017.pdf": 4.895874004153724, "c.r.p._104_l_2019.pdf": 4.895874004153724, "c.p.1795_2022.pdf": 4.895874004153724, "H.R.C._17599_2018.pdf": 9.791748008307447, "C.M.A._8215_2016.pdf": 19.583496016614895}, "rapidly": {"c.p._852_2020.pdf": 4.795790545596741, "C.P._272_2016.pdf": 4.795790545596741, "C.R.P._49_2016.pdf": 4.795790545596741, "Crl.O.P_57_2015.pdf": 4.795790545596741, "Const.P.12of2010.pdf": 9.591581091193483, "Const.P.12of2010Urdu.pdf": 4.795790545596741, "Crl.P._724_2016.pdf": 4.795790545596741, "Const.P.NO.62OF2010_orderdt06062011.pdf": 4.795790545596741, "SMC16of2011_detailed_judgment.pdf": 4.795790545596741, "smc_1_2014.pdf": 9.591581091193483, "Crl.O.P.89of2011.pdf": 4.795790545596741, "Const.P.5of2013.pdf": 4.795790545596741, "c.p._943_k_2022.pdf": 4.795790545596741, "const.p._2_2022_14102022.pdf": 4.795790545596741, "c.m.a._2769_2023.pdf": 4.795790545596741, "const.p._5_2023_14042023.pdf": 4.795790545596741, "C.A._800_2011.pdf": 4.795790545596741, "C.P._2812_2017.pdf": 4.795790545596741, "H.R.C._17599_2018.pdf": 9.591581091193483, "C.A._622 _2008.pdf": 4.795790545596741, "C.M.A._8215_2016.pdf": 19.183162182386965}, "rape": {"hrc_42389-P_2013.pdf": 33.621814588750226, "S.M.C._28_2018.pdf": 8.405453647187556, "crl.a._251_2020.pdf": 180.71725341453248, "Crl.A._190_2016.pdf": 8.405453647187556, "NRO_Judgment.pdf": 8.405453647187556, "Const.P._50_2018.pdf": 4.202726823593778, "crl.p._407_2022.pdf": 12.608180470781335, "c.p._2243_l_2019.pdf": 4.202726823593778, "crl.a._95_2019.pdf": 12.608180470781335, "C.A._90_2011_EnglishVersion.pdf": 4.202726823593778, "crp.328-329_2013.pdf": 4.202726823593778, "Crl.P.163_to_171_S.M.C.5_2005.pdf": 390.85359459422136, "crl.p._596_l_2022.pdf": 16.810907294375113, "crl.r.p._15_2011.pdf": 12.608180470781335, "crl.s.a.07_2011.pdf": 8.405453647187556, "c.r.p._255_2021.pdf": 4.202726823593778, "crl.p._1121_2023.pdf": 25.21636094156267, "j.p._73_2016.pdf": 63.040902353906674, "J.P._298_2018.pdf": 8.405453647187556, "crl.sh.a._16_2017.pdf": 8.405453647187556, "crl.p._1276_2023.pdf": 4.202726823593778, "crl.p._513_2020.pdf": 50.43272188312534, "crl.p._1420_l_2019.pdf": 16.810907294375113, "c.a._561_2020.pdf": 8.405453647187556, "Const.P._29_2017.pdf": 8.405453647187556, "crl.p._457_l_2016.pdf": 16.810907294375113, "C.P._4876_2018.pdf": 4.202726823593778, "J.P._217_2017.pdf": 4.202726823593778, "j.p._712_2018.pdf": 21.01363411796889, "crl.a._120_2019.pdf": 4.202726823593778, "crl.p_1124_l_2015.pdf": 16.810907294375113, "j.p._324_2019.pdf": 42.02726823593778, "crl.p._75_q_2021.pdf": 12.608180470781335, "crl.p._601_l_2021.pdf": 8.405453647187556, "c.p._940_k_2022.pdf": 50.43272188312534, "crl.p._92_k_2021.pdf": 4.202726823593778, "smc_6_2014.pdf": 4.202726823593778, "c.p._2414_l_2015.pdf": 4.202726823593778}, "rapidity": {"Const.P.12of2010.pdf": 13.48340138930411, "c.a._908_2015.pdf": 6.741700694652055, "C.M.A._376-K_2014.pdf": 6.741700694652055}, "rapoport": {"crl.a._95_2019.pdf": 7.840312983320164}, "rapist": {"C.A._90_2011_EnglishVersion.pdf": 13.48340138930411, "Crl.P.163_to_171_S.M.C.5_2005.pdf": 13.48340138930411, "C.P._4876_2018.pdf": 6.741700694652055}, "rapport": {"H.R.C.19of1996[AsgharKhanCase]DetailedReasons.pdf": 15.680625966640328}, "rap": {"C.P._45_2015.pdf": 7.1471658027602185, "Crl.P.163_to_171_S.M.C.5_2005.pdf": 7.1471658027602185}, "rapat": {"j.p._403_2018.pdf": 5.8944028342648505, "c.p._3958_2019.pdf": 11.788805668529701, "crl.a._560_2020.pdf": 5.8944028342648505, "crl.a._120_2019.pdf": 5.8944028342648505, "Const.P._35_2016_dt_15_12_2017.pdf": 5.8944028342648505, "crl.m.a._130_k_2019.pdf": 11.788805668529701, "clr.a._250_2020.pdf": 11.788805668529701}, "rapt": {"c.p._3958_2019.pdf": 6.230875070886063, "c.a._2121_2017.pdf": 6.230875070886063, "crl.p._443_l_2020_dissenting_note.pdf": 6.230875070886063, "smc.9_2011.pdf": 6.230875070886063, "clr.a._250_2020.pdf": 24.923500283544254}, "rappat": {"c.a._343_l_2020.pdf": 7.840312983320164}, "rapporteur": {"s.m.c._3_2022_13062023.pdf": 15.680625966640328}, "raphael": {"C.P._3195-L_2016.pdf": 7.840312983320164}}