{"rarely": {"Const.P.127of2012.pdf": 4.343805421853684, "NRO_Judgment.pdf": 4.343805421853684, "Const.P.40of2012-DetailJudgment[UrduTranslation]-dt-3.7.2012.pdf": 4.343805421853684, "Const.P.12of2010.pdf": 8.687610843707368, "AdditionalNoteConst.P.77of2012.pdf": 4.343805421853684, "Const.P._29_2016.pdf": 4.343805421853684, "crl.p._883_l_2022_urdu.pdf": 4.343805421853684, "s.m.c._1_2022_detailed.pdf": 4.343805421853684, "crl.p._1667_2021.pdf": 4.343805421853684, "smc_1_2014.pdf": 8.687610843707368, "crl.p._1359_2023.pdf": 4.343805421853684, "CJD_Reference by_the_President_of_Pakistan_under_Article_186.pdf": 4.343805421853684, "Const.P_3_2014.pdf": 4.343805421853684, "c.a._1494_2017.pdf": 4.343805421853684, "c.p._3506_2020.pdf": 4.343805421853684, "const.p._6_2023_07032024.pdf": 4.343805421853684, "H.R.C._69229_P_2018.pdf": 4.343805421853684, "C.A._1428_2016.pdf": 4.343805421853684, "c.a._444_2017.pdf": 4.343805421853684, "crl.p._105_k_2020.pdf": 4.343805421853684, "Crl.A.13-14-15and16of2004and53of2011.pdf": 4.343805421853684, "C.A._94_2012.pdf": 4.343805421853684, "s.m.c._1_2023_27032023.pdf": 4.343805421853684, "c.a._1400_2019.pdf": 4.343805421853684, "c.p._1496_k_2021.pdf": 4.343805421853684, "Crl.O.P._47_2016.pdf": 4.343805421853684, "ConstitutionPetitionNo39of2009.pdf": 4.343805421853684, "C.A._1023_2016.pdf": 4.343805421853684, "c.p._1369_l_2019.pdf": 4.343805421853684, "c.a._1547_2019.pdf": 4.343805421853684, "C.A._682_2008.pdf": 4.343805421853684, "C.M.A._8215_2016.pdf": 4.343805421853684, "Crl.P._198_2016.pdf": 4.343805421853684}, "rare": {"ConstitutionPetitionNo21OF2007.pdf": 3.522824869783854, "Order-DNC-nd-note.pdf": 3.522824869783854, "crl.s.m.r.p._84_2018.pdf": 3.522824869783854, "Crl.P._1188_2016.pdf": 3.522824869783854, "c.a._653_2014.pdf": 3.522824869783854, "Const.P.12of2010.pdf": 7.045649739567708, "REVIEW_P_46&47_2011_full.pdf": 3.522824869783854, "C.P.796of2007-dt-10-5-2013.pdf": 3.522824869783854, "C.P._45_2015.pdf": 3.522824869783854, "Crl.P.163_to_171_S.M.C.5_2005.pdf": 7.045649739567708, "c.a._1474_2021.pdf": 3.522824869783854, "crl.p._614_2017.pdf": 3.522824869783854, "crl.p._537_2021.pdf": 3.522824869783854, "s.m.c._1_2023_31mar2023.pdf": 3.522824869783854, "crl.p._290_l_2015.pdf": 3.522824869783854, "C.A._49_2015.pdf": 3.522824869783854, "j.p._865_2017.pdf": 3.522824869783854, "j.p._501_2018.pdf": 3.522824869783854, "C.P._549-P_2015.pdf": 3.522824869783854, "Crl.P._105_2017.pdf": 3.522824869783854, "Const.P.20to27-39&45.pdf": 3.522824869783854, "C.P._1340_2014.pdf": 3.522824869783854, "j.p._206_2019.pdf": 3.522824869783854, "Const.P._24_2012.pdf": 3.522824869783854, "crl.p._1485_l_2019.pdf": 3.522824869783854, "c.p._4129_2019.pdf": 3.522824869783854, "j.p._73_2016.pdf": 3.522824869783854, "crl.a._531_2019.pdf": 3.522824869783854, "j.p._557_2016.pdf": 3.522824869783854, "crl.p._167_k_2022.pdf": 3.522824869783854, "c.a._982_2018_19022024.pdf": 3.522824869783854, "C.A._94_2012.pdf": 3.522824869783854, "crl.p._1371_2016.pdf": 3.522824869783854, "const.p._21_2022_30102023.pdf": 3.522824869783854, "const.p._21_2023_11082023.pdf": 3.522824869783854, "j.p._154_2016.pdf": 3.522824869783854, "c.p._2148_2020.pdf": 3.522824869783854, "crl.a._398_2020.pdf": 3.522824869783854, "Const.P._29_2017.pdf": 3.522824869783854, "c.a._438_2021.pdf": 3.522824869783854, "crl.a_413-414_2013_18.02.2014.pdf": 3.522824869783854, "C.A._767_2014.pdf": 3.522824869783854, "crl.a._85_2020.pdf": 3.522824869783854, "C.A._1216_2015.pdf": 3.522824869783854, "const.p._24_2023_f.pdf": 7.045649739567708, "c.a._849_2015.pdf": 3.522824869783854, "C.P._1707_2018.pdf": 7.045649739567708, "j.p._883_2017.pdf": 3.522824869783854, "crl.a._190_2020.pdf": 3.522824869783854, "j.p._553_2017.pdf": 3.522824869783854, "j.p._417_2019.pdf": 3.522824869783854, "const.p._17_2020_dissenting_note_hj4.pdf": 10.568474609351561, "ConstitutionPetitionNo39of2009.pdf": 3.522824869783854, "crl.p._577_2021.pdf": 3.522824869783854, "c.m.appeal._47_2020.pdf": 7.045649739567708, "JR_The_State_through_NAB_VS_Haji_Nasim-ur-Rehman.pdf": 3.522824869783854, "crl.p._53_q_2020.pdf": 3.522824869783854, "crl.a._75_l_2021.pdf": 3.522824869783854, "C.A._833_2006.pdf": 3.522824869783854, "Crl.A._324_2011.pdf": 3.522824869783854, "j.p._355_2018.pdf": 3.522824869783854, "C.A._1085_2017.pdf": 3.522824869783854, "crl.a._446_2020.pdf": 3.522824869783854, "j.p._794_2017.pdf": 3.522824869783854, "c.a._1191_2016.pdf": 3.522824869783854, "crl.p._583_2021.pdf": 3.522824869783854, "crl.p._963_l_2016.pdf": 3.522824869783854, "crl.p._566_2021.pdf": 3.522824869783854, "j.p._190_2017.pdf": 3.522824869783854, "crl.a._82_2022.pdf": 3.522824869783854, "C.M.A._8215_2016.pdf": 3.522824869783854, "CPs987-989OF2011-DT19.10.2011.pdf": 3.522824869783854, "C.P._632_2018.pdf": 3.522824869783854, "j.p._462_2016.pdf": 3.522824869783854, "Const.P.5and15-HRC14144-DetailedReasons.pdf": 3.522824869783854}, "rar": {"c.a._108_2015.pdf": 7.1471658027602185, "c.p._3772_2019.pdf": 7.1471658027602185}, "raruha": {"c.a._307_2017.pdf": 7.840312983320164}}