{"rc": {"H.R.C.19of1996[AsgharKhanCase]DetailedReasonsUrduTranslation.pdf": 6.741700694652055, "C.A._1890_2002.pdf": 13.48340138930411, "C.P._1958_2016.pdf": 6.741700694652055}}