{"rcal": {"c.a._1295_2019.pdf": 7.840312983320164}, "rca": {"C.A._2564_2001.pdf": 7.840312983320164}}