{"rcd": {"crl.a._184_2020.pdf": 7.1471658027602185, "h.r.c._12726_b_2020.pdf": 7.1471658027602185}}