{"rcr": {"c.p._1290_l_2019.pdf": 6.741700694652055, "c.a._1044_2015.pdf": 6.741700694652055, "c.p._280_k_2019.pdf": 13.48340138930411}}