{"rcs": {"C.R.P._49_2016.pdf": 6.230875070886063, "c.a._864_2017.pdf": 6.230875070886063, "c.a._559_2020.pdf": 6.230875070886063, "c.a._1546_2019.pdf": 6.230875070886063, "c.p._688_2020.pdf": 6.230875070886063}}