{"rda": {"Crl.O.P_57_2015.pdf": 13.48340138930411, "smc.11_2011.pdf": 26.96680277860822, "Crl.O.P._57_2015_Additional_Note.pdf": 6.741700694652055}}