{"reopen": {"Const.P.127of2012.pdf": 29.769421411502172, "crl.s.m.r.p._84_2018.pdf": 9.923140470500725, "C.R.P._49_2016.pdf": 13.230853960667632, "Const.P._29_2016_28072016.pdf": 6.615426980333816, "NRO_Judgment.pdf": 3.307713490166908, "Const.P.40of2012-DetailJudgment[UrduTranslation]-dt-3.7.2012.pdf": 3.307713490166908, "Const.P.12of2010.pdf": 3.307713490166908, "Const.P._29_2016.pdf": 62.846556313171256, "C.R.P._125_2014.pdf": 3.307713490166908, "Const.P._36_2016_dt_15_12_2017.pdf": 6.615426980333816, "S.M.C.24of2010[urdu-version].pdf": 3.307713490166908, "H.R.C.19of1996[AsgharKhanCase]DetailedReasons.pdf": 3.307713490166908, "Const.P.77-78-79 [Memogate]DetailedOrder.pdf": 3.307713490166908, "JR_Judgment_on_17th_Amendmend_and_Presidents_Uniform_Case.pdf": 3.307713490166908, "const.p._21_2022_15092023.pdf": 3.307713490166908, "Crl.O.P.89of2011.pdf": 9.923140470500725, "c.p._2256_l_2015.pdf": 3.307713490166908, "c.a._730_2015.pdf": 3.307713490166908, "Crl.P.163_to_171_S.M.C.5_2005.pdf": 6.615426980333816, "C.A.669-L_2013.pdf": 3.307713490166908, "c.a._315_2022.pdf": 3.307713490166908, "C.A._992_2013.pdf": 3.307713490166908, "C.A._176_2015.pdf": 6.615426980333816, "crl.m.a._62_p_2018.pdf": 16.53856745083454, "Crl.A._1-K_2018.pdf": 6.615426980333816, "c.r.p._296_2020_29012022.pdf": 9.923140470500725, "c.a._1414_2021.pdf": 6.615426980333816, "reference._1_2011.pdf": 3.307713490166908, "JR_Detailed_Judgment_in_Referendum_Case.pdf": 3.307713490166908, "C.R.P._100_2016.pdf": 3.307713490166908, "const.p._17_2020_dissenting_note_hj11.pdf": 3.307713490166908, "C.A._616_2014.pdf": 3.307713490166908, "Crl.A._6-P_2015.pdf": 3.307713490166908, "c.a._1389_2014.pdf": 3.307713490166908, "c.a._1226_2016.pdf": 6.615426980333816, "C.A._2564_2001.pdf": 3.307713490166908, "C.R.P.193of2013.pdf": 3.307713490166908, "Crl.A.140of2005.pdf": 3.307713490166908, "const.p.37_2012_final.pdf": 6.615426980333816, "Crl.M.A._200_2019.pdf": 3.307713490166908, "const.p._21_2023_11082023.pdf": 29.769421411502172, "Crl.M.A.No.486of2010-dt-26-6-2013.pdf": 3.307713490166908, "C.P._816_2009.pdf": 3.307713490166908, "c.a._420_2020.pdf": 3.307713490166908, "C.A._110_L_2013.pdf": 6.615426980333816, "c.a._185_l_2015.pdf": 3.307713490166908, "c.m.a._2769_2023.pdf": 3.307713490166908, "c.p._677_k_2019.pdf": 3.307713490166908, "C.R.P._335_2014.pdf": 6.615426980333816, "Crl.O.P_36_2017.pdf": 3.307713490166908, "C.A.800Lof2013etc.pdf": 3.307713490166908, "C.A._158_2006.pdf": 9.923140470500725, "C.P._816-L_2009.pdf": 3.307713490166908, "c.a._1772_2008.pdf": 13.230853960667632, "c.a._30_l_2018.pdf": 3.307713490166908, "c.a._171_2019.pdf": 6.615426980333816, "C.M.A._6250_2018.PDF": 16.53856745083454, "const.p._6_2023_dt_05_01_2023.pdf": 3.307713490166908, "c.p._2997_2021.pdf": 3.307713490166908, "crl_r_p.8-l_2013.pdf": 3.307713490166908, "C.A._457_2010.pdf": 26.461707921335265, "smc.16of2011.pdf": 9.923140470500725, "c.a._1798_2016.pdf": 3.307713490166908, "const.p._17_2020_dissenting_note_hj4.pdf": 9.923140470500725, "C.A._204-L_2015.pdf": 3.307713490166908, "I.C.A._4_2017.pdf": 3.307713490166908, "C.M.A._376-K_2014.pdf": 3.307713490166908, "c.a._329_2022.pdf": 3.307713490166908, "C.P._548-P_2013.pdf": 3.307713490166908, "c.p._2314_2022.pdf": 3.307713490166908, "c.m.appeal._47_2020.pdf": 3.307713490166908, "C.A._441_2010.pdf": 6.615426980333816, "c.p._3709_2022.pdf": 3.307713490166908, "SMC24-2010.pdf": 3.307713490166908, "Const.P._35_2016_dt_15_12_2017.pdf": 9.923140470500725, "C.A._1086_2009.pdf": 16.53856745083454, "c.a._491_2012.pdf": 3.307713490166908, "C.R.P._420_2013.pdf": 3.307713490166908, "Crl.O.P.6of2012.pdf": 13.230853960667632, "C.P._3095_2017.pdf": 3.307713490166908, "const.p._6_2023_addl_n.pdf": 16.53856745083454, "C.A.876-879of2005.pdf": 43.0002753721698, "c.a._1275_2009.pdf": 3.307713490166908, "C.M.A._3305_2014.pdf": 3.307713490166908, "c.r.p._432_k_2022.pdf": 6.615426980333816, "c.p._1854_l_2022.pdf": 3.307713490166908, "c.a._1547_2019.pdf": 3.307713490166908, "C.A._510_2012.pdf": 3.307713490166908, "c.p._2351_2019.pdf": 3.307713490166908, "JR_Fecto_Belarus_Tractor_Limited_Case.pdf": 23.153994431168357, "c.a._2063_2019.pdf": 6.615426980333816, "C.A._1207_2004.pdf": 9.923140470500725, "c.p._2341_l_2016.pdf": 3.307713490166908}, "reorganize": {"Const.P._38_2016.pdf": 5.643088405983945, "C.A._3_2018_dt-14-9-2018.pdf": 5.643088405983945, "C.A._3_2018.pdf": 5.643088405983945, "c.a._799_2021.pdf": 16.929265217951833, "const.p._2_2022_14102022.pdf": 5.643088405983945, "c.p._657_2020.pdf": 5.643088405983945, "c.p._546_2021.pdf": 5.643088405983945, "C.A._908_2012.pdf": 5.643088405983945, "C.P._3078_2016_D.pdf": 5.643088405983945}, "reorganization": {"const.p.42of2011.pdf": 4.406325778835018, "C.R.P._125_2014.pdf": 4.406325778835018, "smc.18_2010_final.pdf": 13.218977336505052, "HRC7734-G_1003-GOF2009[UrduTranslation].pdf": 4.406325778835018, "C.P.796of2007-dt-10-5-2013.pdf": 4.406325778835018, "C.P._2093_2015.pdf": 4.406325778835018, "C.A._353_2015.pdf": 4.406325778835018, "const.p_32_2023_dt_23-10-23.pdf": 4.406325778835018, "c.p._657_2020.pdf": 4.406325778835018, "C.A._1428_2016.pdf": 4.406325778835018, "C.R.P.193of2013.pdf": 4.406325778835018, "C.A._139_2013.pdf": 26.437954673010104, "C.P._565_2014.pdf": 30.844280451845123, "C.A.269_ETC_OF_2011.pdf": 22.03162889417509, "const.p._32_2023_03nov2023.pdf": 4.406325778835018, "c.a._616_2020.pdf": 8.812651557670035, "c.a._323_2018.pdf": 4.406325778835018, "C.P._3186_2017.pdf": 8.812651557670035, "C.P._1958_2016.pdf": 4.406325778835018, "c.p.2124_2013.pdf": 4.406325778835018, "C.A._908_2012.pdf": 17.62530311534007, "cp_1545_2009.pdf": 4.406325778835018, "c.a._977_2018.pdf": 4.406325778835018, "c.p._2459_2017.pdf": 4.406325778835018, "C.A._588_2017.pdf": 8.812651557670035, "C.P._3078_2016_D.pdf": 17.62530311534007, "HR8340OF2010.pdf": 4.406325778835018, "C.A._1475_2007.PDF": 4.406325778835018, "C.P._1247_2016.pdf": 4.406325778835018, "C.R.P._247_ 2011.pdf": 4.406325778835018, "C.A._85_K_2015.pdf": 17.62530311534007}, "reorganisation": {"smc.18_2010_final.pdf": 6.741700694652055, "C.A._1428_2016.pdf": 6.741700694652055, "C.A._1352_2013.pdf": 6.741700694652055}, "reoffende": {"crl.p._1667_2021.pdf": 7.840312983320164}, "reorder": {"c.p._510_2019.pdf": 7.840312983320164}, "reoti": {"c.a.32_k_2018.pdf": 7.840312983320164}, "reorganizational": {"c.a._202_2021.pdf": 15.680625966640328}, "reopne": {"smc.16of2011.pdf": 15.680625966640328}}