{"rerolle": {"c.r.p._292_2021_sacked_employees.pdf": 5.132262782217954, "C.R.P._49_2016.pdf": 5.132262782217954, "SMC15OF2009.pdf": 30.793576693307728, "C.A._1600_2006.pdf": 10.264525564435909, "c.p._1417_2022.pdf": 5.132262782217954, "c.r.p._296_2020_29012022.pdf": 5.132262782217954, "C.A._633_2007.pdf": 15.396788346653864, "c.a._24_2015.pdf": 5.132262782217954, "c.p._398_l_2018.pdf": 5.132262782217954, "c.a._513_2014.pdf": 5.132262782217954, "const.p._17_2020_dissenting_note_hj4.pdf": 5.132262782217954, "c.a._1113_2017.pdf": 5.132262782217954, "c.p._409_l_2021.pdf": 5.132262782217954, "c.p._3134_2022.pdf": 51.32262782217954, "C.A._682_2008.pdf": 15.396788346653864}}