{"reuters": {"Const.P.12of2010.pdf": 6.741700694652055, "c.p._517_l_2016.pdf": 13.48340138930411, "c.a._491_2012.pdf": 6.741700694652055}, "reus": {"crl.a._599_2020_26032021.pdf": 12.097107028184219, "crl.p._916_l_2021.pdf": 12.097107028184219, "crl.a._95_2019.pdf": 72.58264216910531, "Crl.A._210_2015.pdf": 18.145660542276328, "crl.a._120_2019.pdf": 6.048553514092109, "crl.a.264_2006.pdf": 54.43698162682898}, "reuschlein": {"c.a._1275_2009.pdf": 7.840312983320164}}