{"rewrite": {"c.r.p._292_2021_sacked_employees.pdf": 5.132262782217954, "c.p._852_2020.pdf": 5.132262782217954, "Const.P.12of2010.pdf": 10.264525564435909, "Const.P.77of2012[DetailedOrderFinal].pdf": 5.132262782217954, "JR_Judgment_on_17th_Amendmend_and_Presidents_Uniform_Case.pdf": 5.132262782217954, "i.c.a._1_2024_dn_20032024.pdf": 5.132262782217954, "crl.p._614_2017.pdf": 5.132262782217954, "c.p._2597_2019.pdf": 5.132262782217954, "c.a._982_2018_19022024.pdf": 5.132262782217954, "crl.p._1371_2016.pdf": 5.132262782217954, "S.M.C._03_2017.pdf": 5.132262782217954, "c.a._258_2020.pdf": 5.132262782217954, "c.a._ 870_2020.pdf": 5.132262782217954, "c.a._174_2012.pdf": 5.132262782217954, "c.p._2_2022_dissenting_note.pdf": 5.132262782217954}, "reward": {"c.a._1476_2018_urdu.pdf": 10.906861091787594, "crl.s.m.r.p._84_2018.pdf": 3.635620363929198, "const.p.42of2011(UrduVersion).pdf": 7.271240727858396, "C.R.P._49_2016.pdf": 83.61926837037156, "c.a._803_2016.pdf": 7.271240727858396, "Crl.A._39_L_2015.pdf": 3.635620363929198, "NRO_Judgment.pdf": 7.271240727858396, "Const.P.33_2013.pdf": 3.635620363929198, "Const.P._29_2016.pdf": 7.271240727858396, "C.R.P._125_2014.pdf": 29.084962911433585, "C.A._233_2015.pdf": 7.271240727858396, "Const.P.30of2013.pdf": 3.635620363929198, "I.C.A._7_2018.pdf": 3.635620363929198, "smc.24_2010.pdf": 7.271240727858396, "smc_1_2014.pdf": 3.635620363929198, "crl.p._1359_2023.pdf": 7.271240727858396, "Const.P.77-78-79 [Memogate]DetailedOrder.pdf": 7.271240727858396, "Crl.A._39_L_2015_Urdu.pdf": 3.635620363929198, "C.A._904_2013.pdf": 3.635620363929198, "s.m.c._4_2022.pdf": 3.635620363929198, "CJD_Reference by_the_President_of_Pakistan_under_Article_186.pdf": 3.635620363929198, "const.p._21_2022_15092023.pdf": 7.271240727858396, "Crl.O.P.89of2011.pdf": 43.627444367150375, "Const.P_3_2014.pdf": 3.635620363929198, "Crl.M.A_693_2018.pdf": 10.906861091787594, "c.r.p._296_2020_29012022.pdf": 3.635620363929198, "Const.P.39of2007-dt-25-6-2013.pdf": 3.635620363929198, "const.p._2_2022_14102022.pdf": 10.906861091787594, "c.p._4129_2019.pdf": 3.635620363929198, "Crl.R.P._47_2015.pdf": 3.635620363929198, "C.R.P.193of2013.pdf": 29.084962911433585, "c.a._982_2018_19022024.pdf": 3.635620363929198, "Crl.P.200of2009.pdf": 3.635620363929198, "Crl.A.140of2005.pdf": 3.635620363929198, "const.p._21_2022_30102023.pdf": 3.635620363929198, "Const.Petition.24_2011_dt02062011.pdf": 7.271240727858396, "c.p._2148_2020.pdf": 3.635620363929198, "c.p._34_2022.pdf": 14.542481455716793, "c.a._458_2017.pdf": 3.635620363929198, "c.a._1476_2018.pdf": 3.635620363929198, "S.M.C._3_2018.pdf": 10.906861091787594, "c.p._596_2021.pdf": 3.635620363929198, "c.p._1092_2018.pdf": 3.635620363929198, "c.p._1647_2018.pdf": 3.635620363929198, "c.p._2602_2019.pdf": 3.635620363929198, "C.A._1950_2007.pdf": 130.88233310145114, "I.C.A._4_2017.pdf": 3.635620363929198, "JR_Varan_Case.pdf": 3.635620363929198, "Const.P.22of2013.pdf": 7.271240727858396, "Crl.P.No.426of2009&Crl.A.No.pdf": 3.635620363929198, "c.a._1113_2017.pdf": 3.635620363929198, "c.a._2121_2017.pdf": 3.635620363929198, "JR_The_State_through_NAB_VS_Haji_Nasim-ur-Rehman.pdf": 3.635620363929198, "ICA3,4,6TO11of2011dt2011.04.pdf": 3.635620363929198, "SMCNo25of2009.pdf": 3.635620363929198, "C.P._423_K_2015.pdf": 14.542481455716793, "c.p._449_2019.pdf": 3.635620363929198, "C.P._423-K_2015.pdf": 14.542481455716793, "c.p._6117_2021.pdf": 3.635620363929198, "c.p._3587_2020.pdf": 3.635620363929198, "Crl.A._218_2015.pdf": 3.635620363929198, "c.a._508_2020.pdf": 7.271240727858396, "C.R.P._309_2013.pdf": 3.635620363929198, "C.A.83and84of2006.pdf": 3.635620363929198, "C.M.A.2376of2013inConst.P.105-dt-7-5-13.pdf": 7.271240727858396, "c.p._4980_2021.pdf": 3.635620363929198, "c.a._1005_2009.pdf": 3.635620363929198}, "rewati": {"NRO_Judgment.pdf": 7.840312983320164}, "rewriting": {"Const.P.12of2010.pdf": 5.442417710521793, "Const.P._29_2016.pdf": 5.442417710521793, "JR_Judgment_on_17th_Amendmend_and_Presidents_Uniform_Case.pdf": 5.442417710521793, "Crl.A._135_L_2017.pdf": 5.442417710521793, "c.p._2_2022_dissenting_note2.pdf": 10.884835421043586, "const.p._2_2022_14102022.pdf": 59.866594815739724, "refernece_1_2022.pdf": 5.442417710521793, "J.P.No.56of2005.pdf": 5.442417710521793, "c.a._1476_2018.pdf": 5.442417710521793, "const.p._32_2023_additional_note.pdf": 5.442417710521793, "C.M.A._376-K_2014.pdf": 5.442417710521793}, "rework": {"Const.P.33_2013.pdf": 7.840312983320164}, "rewa": {"C.A._2564_2001.pdf": 7.840312983320164}}