{"reynolds": {"c.p._150_2024_3012024.pdf": 7.1471658027602185, "c.a._ 870_2020.pdf": 14.294331605520437}}