{"rfas": {"C.A._1125_2014.pdf": 6.454018622200273, "C.A._176_2015.pdf": 6.454018622200273, "C.A._1011_2006.pdf": 19.36205586660082, "C.A._79_P_2013.pdf": 12.908037244400546}, "rfa": {"C.A._634_L_2012.pdf": 4.176751337190518, "c.p._2063_2020.pdf": 29.237259360333624, "C.A._104-L_2015.pdf": 8.353502674381035, "c.a._1498_2016.pdf": 8.353502674381035, "c.a._601_2019.pdf": 4.176751337190518, "c.m.a._4053_2018.pdf": 12.530254011571554, "c.r.p_537_2019.pdf": 12.530254011571554, "c.a._1120_2009.pdf": 4.176751337190518, "c.a._315_2022.pdf": 41.767513371905174, "C.A._176_2015.pdf": 12.530254011571554, "c.a._13_q_2020.pdf": 4.176751337190518, "C.A._49_2015.pdf": 8.353502674381035, "c.a._499_2017.pdf": 8.353502674381035, "c.a._2150_2019.pdf": 4.176751337190518, "c.p._3011_2021.pdf": 4.176751337190518, "c.p._3059_2021.pdf": 8.353502674381035, "C.A._548_2009.pdf": 8.353502674381035, "C.A._2564_2001.pdf": 20.883756685952587, "c.a._8_q_2017.pdf": 8.353502674381035, "c.a._914_l_2013.pdf": 4.176751337190518, "C.P._816_2009.pdf": 8.353502674381035, "c.a._547_2012.pdf": 4.176751337190518, "c.a._471_l_2012.pdf": 4.176751337190518, "C.A._167-Q_2005.pdf": 4.176751337190518, "C.P._816-L_2009.pdf": 8.353502674381035, "C.A._1011_2006.pdf": 41.767513371905174, "c.p._5632_2021.pdf": 4.176751337190518, "C.M.A._2593_2008.pdf": 4.176751337190518, "c.p._5718_2021.pdf": 33.41401069752414, "c.a._2619_2016.pdf": 8.353502674381035, "c.a._152_l_2010.pdf": 8.353502674381035, "c.a._51_2011.pdf": 4.176751337190518, "c.a._700_2014.pdf": 16.70700534876207, "c.p._3057_2019.pdf": 4.176751337190518, "C.A._552_2015.pdf": 4.176751337190518, "c.a._997_2010.pdf": 8.353502674381035, "c.a._317_l_2011.pdf": 4.176751337190518, "c.p._1965_2019.pdf": 12.530254011571554, "c.a._10_q_2021.pdf": 8.353502674381035}, "rfano": {"c.a._8_q_2017.pdf": 15.680625966640328}}