{"rfid": {"Const.P.91of2011Dt-23-8-2012.pdf": 13.48340138930411, "c.p._280_k_2019.pdf": 13.48340138930411, "CMA.2243-2010.pdf": 13.48340138930411}}