{"rhc": {"crl.p._490_2019.pdf": 33.70850347326027, "j.p._262_2015.pdf": 13.48340138930411, "J.P.No.56of2005.pdf": 6.741700694652055}, "rhcs": {"H.R.C._17599_2018.pdf": 7.840312983320164}}