{"rhetorical": {"Order-DNC-nd-note.pdf": 6.741700694652055, "Const.P.12of2010.pdf": 33.70850347326027, "c.a._982_2018_19022024.pdf": 6.741700694652055}, "rhetoric": {"Const.P.12of2010.pdf": 5.442417710521793, "cma_2774_2014_in_const.p.51_2010_dt_22.05.14.pdf": 5.442417710521793, "Const.P._29_2016.pdf": 5.442417710521793, "Const.P.NO.62OF2010_orderdt06062011.pdf": 5.442417710521793, "Crl.P.163_to_171_S.M.C.5_2005.pdf": 5.442417710521793, "const.p._2_2022_14102022.pdf": 5.442417710521793, "const.p.39_90_2011.pdf": 5.442417710521793, "C.A.800Lof2013etc.pdf": 5.442417710521793, "const.p._32_2023_additional_note.pdf": 5.442417710521793, "Const.P._35_2016_dt_15_12_2017.pdf": 5.442417710521793, "C.A._1646_2000.pdf": 5.442417710521793}, "rheinallee": {"H.R.C.19of1996[AsgharKhanCase]DetailedReasonsUrduTranslation.pdf": 7.1471658027602185, "H.R.C.19of1996[AsgharKhanCase]DetailedReasons.pdf": 7.1471658027602185}, "rheumatology": {"C.A._125_K_2016_JPMC_Dissenting_Note.pdf": 7.840312983320164}, "rhe": {"c.a._654_2021.pdf": 7.840312983320164}}