{"riba": {"Const.P._50_2018.pdf": 6.454018622200273, "C.P._816_2009.pdf": 6.454018622200273, "C.P._816-L_2009.pdf": 6.454018622200273, "c.a._140_l_2015.pdf": 12.908037244400546}, "ribbon": {"c.m.a._7923_2019.pdf": 7.840312983320164}, "rib": {"crl.p._499_2019.pdf": 5.760871441640328, "crl.p._461_2023.pdf": 5.760871441640328, "crl.sh.a._16_2017.pdf": 5.760871441640328, "crl.p._1431_2019.pdf": 11.521742883280655, "j.p._450_2015.pdf": 5.760871441640328, "c.p._3209_2019.pdf": 11.521742883280655, "crl.p._1329_2023.pdf": 11.521742883280655, "crl.p._1720_2022.pdf": 11.521742883280655}}