{"rikshaw": {"Const.PetitionNo.77of2010_12.10.2012.pdf": 6.741700694652055, "c.p._4129_2019.pdf": 6.741700694652055, "hrc_20107-G_2013.pdf": 6.741700694652055}, "riki": {"reference._1_2011_urdu.pdf": 7.840312983320164}, "riko": {"C.A.800Lof2013etc.pdf": 7.840312983320164}}