{"riley": {"crl.s.m.r.p._84_2018.pdf": 7.840312983320164}, "riland": {"Const.P.40of2012-DetailJudgment[UrduTranslation]-dt-3.7.2012.pdf": 7.840312983320164}, "rile": {"SMC16of2011_detailed_judgment.pdf": 7.840312983320164}}