{"ripe": {"ConstitutionPetitionNo21OF2007.pdf": 5.760871441640328, "crl.p._1233_2023.pdf": 5.760871441640328, "const.p._2_2022_14102022.pdf": 5.760871441640328, "crl.a._177_2022.pdf": 5.760871441640328, "C.A._334_2004.pdf": 5.760871441640328, "crl.p._733_l_2018.pdf": 5.760871441640328, "j.p._657_2016.pdf": 5.760871441640328, "C.A._1646_2000.pdf": 5.760871441640328}, "riposte": {"Const.P.12of2010.pdf": 7.840312983320164}, "ripen": {"CP778-779.pdf": 5.8944028342648505, "crl.p._1233_2023.pdf": 11.788805668529701, "c.p._1877_l_2016.pdf": 5.8944028342648505, "crl.p._588_l_2023.pdf": 17.68320850279455, "c.a._284_2017.pdf": 5.8944028342648505, "c.a._179_2016.pdf": 5.8944028342648505, "crl.p._1072_2021.pdf": 5.8944028342648505}, "riper": {"c.p._154_2019.pdf": 15.680625966640328}, "riphah": {"CMA3470OF2013_08.07.2013.pdf": 7.1471658027602185, "CMA.3470of2013etc.pdf": 35.735829013801094}, "ripple": {"c.p._44_2019.pdf": 7.1471658027602185, "const.p.9_2014_detail_reasons.pdf": 7.1471658027602185}}