{"riyaz": {"SMC5of2012[UrduVersion]dt16-6-2012.pdf": 20.225102083956166, "Urdu-Const.P-77-2010-12.10.2012.pdf": 6.741700694652055, "c.a._1219_2015.pdf": 6.741700694652055}, "riyaya": {"Const.P.12of2010.pdf": 7.840312983320164}, "riyal": {"Const.P._29_2016.pdf": 62.308750708860636, "S.M.C.24of2010[urdu-version].pdf": 24.923500283544254, "crl.p._209_2018.pdf": 6.230875070886063, "crl.p._994_2020.pdf": 24.923500283544254, "C.P._3912_2016.pdf": 6.230875070886063}, "riyasat": {"CJD_Reference by_the_President_of_Pakistan_under_Article_186.pdf": 7.840312983320164}, "riyat": {"Crl.A._235_2010.pdf": 35.735829013801094, "Crl.M.A._200_2019.pdf": 7.1471658027602185}}