{"rlng": {"c.r.p._421_2020_dissenting_notes.pdf": 6.454018622200273, "c.r.p._421_2020.pdf": 6.454018622200273, "c.a._1113_2017_dissenting_note.pdf": 6.454018622200273, "c.a._1113_2017.pdf": 6.454018622200273}}