{"rmc": {"C.A.2234and2235of2005-dt-31-8-2013.pdf": 7.1471658027602185, "C.P._606_2018.pdf": 35.735829013801094}}