{"ro": {"Crl.O.P._09_2018.pdf": 4.256794044864054, "Const.P._38_2016.pdf": 68.10870471782486, "Const.P.87of2011[UrduVersion].pdf": 17.027176179456216, "smc.18_2010_final.pdf": 4.256794044864054, "smc.11_2011.pdf": 8.513588089728108, "Crl.O.P.89of2011.pdf": 4.256794044864054, "C.M.A._230_2019.pdf": 8.513588089728108, "C.A.669-L_2013.pdf": 8.513588089728108, "S.M.C._19_2016.pdf": 4.256794044864054, "crl.p._188_p_2023.pdf": 4.256794044864054, "Const.P.77of2010_dt_27-8-2013.pdf": 21.28397022432027, "c.p._4185_2019.pdf": 4.256794044864054, "Const.P.87of2011.pdf": 12.770382134592161, "c.p._3447_2022.pdf": 8.513588089728108, "crl.a._531_2019.pdf": 42.56794044864054, "c.a._1219_2015.pdf": 4.256794044864054, "crl.p._1802_l_2017.pdf": 4.256794044864054, "c.p._3203_2017.pdf": 4.256794044864054, "C.P.756-Lof2013-dt-10-5-2013.pdf": 8.513588089728108, "c.a._681_2020.pdf": 4.256794044864054, "SMC.13-2009.pdf": 4.256794044864054, "C.P.No.636of2013-dt-9-5-2013.pdf": 4.256794044864054, "C.A._467_2015.pdf": 8.513588089728108, "crl.m.a._365_l_2020.pdf": 4.256794044864054, "C.A._194_2015.pdf": 12.770382134592161, "hr.29388-k_2013.pdf": 4.256794044864054, "C.A._710_2014.pdf": 4.256794044864054, "c.p._4365_2023_15122023.pdf": 29.797558314048377, "Const.P.77of2010-dt-21-12-2012.pdf": 38.31114640377648, "Crl.A._617_2017.pdf": 4.256794044864054, "h.r.c._20883_2018.pdf": 17.027176179456216, "c.p._159_2024.pdf": 8.513588089728108, "c.p._184_2024_21032024.pdf": 17.027176179456216, "crl.a._154_l_2013.pdf": 4.256794044864054, "c.p._181_2024_n.pdf": 38.31114640377648, "C.A._946_2014.pdf": 21.28397022432027}}