{"rob": {"c.r.p._292_2021_sacked_employees.pdf": 4.406325778835018, "Crl.A._190_2016.pdf": 4.406325778835018, "j.p._405_2021.pdf": 4.406325778835018, "Const.P._29_2016.pdf": 4.406325778835018, "S.M.C.24of2010[urdu-version].pdf": 4.406325778835018, "SMC16of2011_detailed_judgment.pdf": 4.406325778835018, "smc.24_2010.pdf": 4.406325778835018, "Const.P.40of2012-DetailJudgment-dt-3.7.2012.pdf": 4.406325778835018, "Crl.O.P.96_12_Altaf_Hussain _1.pdf": 8.812651557670035, "Crl.A._126_2010.pdf": 4.406325778835018, "const.p._17_2020_dissenting_note_hj11.pdf": 61.688560903690245, "h.r.c._8157_p_2023.pdf": 8.812651557670035, "const.p._17_2019_detailed_reasoning.pdf": 83.72018979786533, "crl.p._982_l_2022.pdf": 4.406325778835018, "C.P._2066_2013.pdf": 4.406325778835018, "C.A._654_2010.pdf": 4.406325778835018, "crl.p._910_2022 .pdf": 4.406325778835018, "crl.a._291_2020.pdf": 4.406325778835018, "C.A._1611_2014.pdf": 4.406325778835018, "c.a._1476_2018.pdf": 17.62530311534007, "C.P._4682_2017.pdf": 4.406325778835018, "c.p._183_2024_20032024.pdf": 8.812651557670035, "Crl.O.P.6of2012.pdf": 8.812651557670035, "ConstP.No.53of2007andConst.P.83of2012.pdf": 4.406325778835018, "c.a._1522_2013.pdf": 4.406325778835018, "c.m.a._8758_2018_23nov2023.pdf": 4.406325778835018, "c.p._1165_2021.pdf": 4.406325778835018, "crl.p._464_2020.pdf": 4.406325778835018, "crl.p._1392_2022.pdf": 26.437954673010104, "c.a._443_2021.pdf": 4.406325778835018, "c.p._1824_2019.pdf": 4.406325778835018}, "robust": {"Const.P.127of2012.pdf": 4.544476117315835, "Const.P._50_2018.pdf": 9.08895223463167, "Const.P.12of2010.pdf": 9.08895223463167, "c.p._2243_l_2019.pdf": 9.08895223463167, "C.A._233_2015.pdf": 4.544476117315835, "c.p._1347_2019.pdf": 4.544476117315835, "const.p._21_2022_15092023.pdf": 4.544476117315835, "Supreme_Judicial_Council_242_2015.pdf": 4.544476117315835, "S.M.C._18_2016.pdf": 4.544476117315835, "c.p._2_2022_dissenting_note2.pdf": 4.544476117315835, "const.p._2_2022_14102022.pdf": 13.633428351947504, "c.p._1290_l_2019.pdf": 4.544476117315835, "refernece_1_2022.pdf": 9.08895223463167, "c.a._1172_2020.pdf": 4.544476117315835, "c.p._2916_2019.pdf": 4.544476117315835, "c.a._350_2020.pdf": 4.544476117315835, "c.p._2_2022_dissenting_note.pdf": 9.08895223463167, "c.a._1113_2017_dissenting_note.pdf": 4.544476117315835, "const.p._24_2023_f.pdf": 4.544476117315835, "const.p._17_2020_dissenting_note_hj4.pdf": 4.544476117315835, "c.a._1113_2017.pdf": 4.544476117315835, "Const.P._35_2016_dt_15_12_2017.pdf": 4.544476117315835, "c.m.a._1243_2021.pdf": 4.544476117315835, "c.p._3041_2020.pdf": 4.544476117315835, "C.A._700_2017.pdf": 4.544476117315835, "H.R.C._17599_2018.pdf": 4.544476117315835, "c.p._140_l_2015.pdf": 4.544476117315835}, "robbery": {"c.a._1476_2018_urdu.pdf": 4.662259152972219, "NRO_Judgment.pdf": 4.662259152972219, "j.p._405_2021.pdf": 79.25840560052771, "smc.18_2010_final.pdf": 4.662259152972219, "Crl.A._275_2011.pdf": 9.324518305944437, "S.J.C_347_2018.PDF": 4.662259152972219, "j.p._147_2016.pdf": 32.63581407080553, "crl.a._95_2019.pdf": 13.986777458916656, "Crl.A._301_L_2017.pdf": 4.662259152972219, "Crl.A._157_L_2017.pdf": 13.986777458916656, "crl.p._574_2019.pdf": 9.324518305944437, "Crl.A._107_L_2017.pdf": 4.662259152972219, "crl.p._994_2022.pdf": 9.324518305944437, "crl.p._910_2022 .pdf": 4.662259152972219, "crl.a._291_2020.pdf": 4.662259152972219, "Crl.A._466_2017.pdf": 4.662259152972219, "crl.sh.a._12_2017.pdf": 13.986777458916656, "c.a._648_2021.pdf": 9.324518305944437, "Crl.P.No.426of2009&Crl.A.No.pdf": 18.649036611888874, "crl.p._963_l_2016.pdf": 23.311295764861093, "c.p._287_p_2016.pdf": 13.986777458916656, "crl.a._363_2021.pdf": 18.649036611888874, "CPs987-989OF2011-DT19.10.2011.pdf": 4.662259152972219, "crl.a._145_l_2017.pdf": 4.662259152972219}, "robi": {"Crl.A._479_2015.pdf": 15.680625966640328}, "robin": {"Const.P.105-2012-eng-urd.PDF": 6.230875070886063, "C.A._104-L_2015.pdf": 6.230875070886063, "c.a._1476_2018.pdf": 6.230875070886063, "c.a._329_2022.pdf": 6.230875070886063, "C.M.A._8215_2016.pdf": 12.461750141772127}, "robert": {"crl.s.m.r.p._84_2018.pdf": 5.275363625858628, "SMC15OF2009.pdf": 5.275363625858628, "Const.P.12of2010.pdf": 26.376818129293138, "Const.P._29_2016.pdf": 5.275363625858628, "Const.P._36_2016_dt_15_12_2017.pdf": 5.275363625858628, "C.P.796of2007-dt-10-5-2013.pdf": 5.275363625858628, "C.A._1406_2016.pdf": 10.550727251717255, "C.A._2564_2001.pdf": 10.550727251717255, "const.p._17_2019_detailed_reasoning.pdf": 10.550727251717255, "Crl.O.P.6of2012.pdf": 5.275363625858628, "c.p._5601_2021.pdf": 5.275363625858628, "C.M.A._8215_2016.pdf": 5.275363625858628, "Const.P.5and15-HRC14144-DetailedReasons.pdf": 5.275363625858628}, "robber": {"Crl.A._190_2016.pdf": 42.33987459864477, "j.p._405_2021.pdf": 12.097107028184219, "crl.p._910_2022 .pdf": 6.048553514092109, "crl.a._291_2020.pdf": 6.048553514092109, "crl.a._363_2021.pdf": 6.048553514092109, "crl.a._145_l_2017.pdf": 24.194214056368438}, "robe": {"Const.P.12of2010.pdf": 5.355406333532164, "crl.a._95_2019.pdf": 10.710812667064328, "CP778-779.pdf": 5.355406333532164, "crl.p._299_2020_07042020.pdf": 5.355406333532164, "const.p._17_2019_detailed_reasoning.pdf": 5.355406333532164, "c.a._937_2018.pdf": 10.710812667064328, "C.P._29_2017.pdf": 5.355406333532164, "crl.a._633_2019_15092023.pdf": 5.355406333532164, "c.a._26_k_2021.pdf": 5.355406333532164, "SMC24-2010.pdf": 5.355406333532164, "s.m.c._1_2023_07042023.pdf": 5.355406333532164, "CJD_Section 2-A_Case_as_on_26_06_2006.pdf": 5.355406333532164}, "roberts": {"Const.P.12of2010.pdf": 5.8944028342648505, "c.a._24_2015.pdf": 5.8944028342648505, "const.p._39_16122019.pdf": 5.8944028342648505, "C.P._4876_2018.pdf": 17.68320850279455, "c.p._2314_2022.pdf": 5.8944028342648505, "const.p._39_2019.pdf": 5.8944028342648505, "c.m.a._1243_2021_04042022.pdf": 5.8944028342648505}, "robinson": {"Const.P.87of2011[UrduVersion].pdf": 5.442417710521793, "Const.P._29_2016.pdf": 10.884835421043586, "c.a._371_2020.pdf": 5.442417710521793, "CP778-779.pdf": 5.442417710521793, "Crl.P.163_to_171_S.M.C.5_2005.pdf": 5.442417710521793, "Const.P.87of2011.pdf": 5.442417710521793, "c.a._2444_2016.pdf": 5.442417710521793, "c.p._517_l_2016.pdf": 5.442417710521793, "c.a._ 870_2020.pdf": 5.442417710521793, "c.p._2608_2019.pdf": 5.442417710521793, "c.p._1441_2021.pdf": 5.442417710521793}, "robkar": {"Const.P.77of2012[DetailedOrderFinal].pdf": 23.52093894996049}, "robina": {"CPLA_796_2007_ETC_SHORT_ORDER_REKO_DIQ_CASE.pdf": 5.8944028342648505, "c.p._2119_2018.pdf": 5.8944028342648505, "C.P.796of2007-dt-10-5-2013.pdf": 5.8944028342648505, "C.A._1072_2005.pdf": 5.8944028342648505, "crl.p._806_2022.pdf": 11.788805668529701, "crl.p._83_p_2013.pdf": 35.3664170055891, "C.P._3195-L_2016.pdf": 17.68320850279455}, "robot": {"Ref.01_2012_addl.note_HJ.ejaz_afzal_khan.pdf": 15.680625966640328}, "rober": {"Crl.A._39_L_2015_Urdu.pdf": 7.840312983320164}, "robustly": {"c.a._608_2021.pdf": 5.760871441640328, "const.p._2_2022_14102022.pdf": 17.282614324920985, "const.p._21_2023_11082023.pdf": 5.760871441640328, "const.p._24_2023_f.pdf": 5.760871441640328, "c.p._1496_k_2021.pdf": 5.760871441640328, "c.p._42_2024_25012024.pdf": 5.760871441640328, "H.R.C._17599_2018.pdf": 5.760871441640328, "const.p._5_2023_detailed_reasons.pdf": 5.760871441640328}, "roberton": {"C.P._2093_2015.pdf": 7.1471658027602185, "JR_Fecto_Belarus_Tractor_Limited_Case.pdf": 7.1471658027602185}, "robbin": {"c.p._3532_2023.pdf": 7.840312983320164}, "robson": {"crl.p._230_2019.pdf": 7.1471658027602185, "c.a.32_k_2018.pdf": 7.1471658027602185}, "robertson": {"c.a._444_2017.pdf": 14.294331605520437, "JR_Fecto_Belarus_Tractor_Limited_Case.pdf": 7.1471658027602185}, "robotic": {"c.a._ 870_2020.pdf": 7.840312983320164}}