{"rock": {"Const.P.12of2010.pdf": 5.007099639263948, "c.p._2119_2018.pdf": 5.007099639263948, "C.P.796of2007-dt-10-5-2013.pdf": 10.014199278527895, "hrc_29388-K_2013.pdf": 10.014199278527895, "j.p._467_2017.pdf": 5.007099639263948, "c.a._499_2017.pdf": 5.007099639263948, "C.P._1067_2016.pdf": 125.1774909815987, "crl.a._85_2020.pdf": 5.007099639263948, "j.p._450_2015.pdf": 5.007099639263948, "crl.a._585_2020.pdf": 5.007099639263948, "Crl.A._37_L_2016.pdf": 5.007099639263948, "j.p._112_2017.pdf": 5.007099639263948, "CJD_Constitution_Petition_No_36_of_2005.pdf": 5.007099639263948, "crl.a._266_2019.pdf": 5.007099639263948, "Crl.A._52_L_2013.pdf": 5.007099639263948, "C.M.A._8215_2016.pdf": 20.02839855705579, "Const.P.5and15-HRC14144-DetailedReasons.pdf": 5.007099639263948}, "rocket": {"SMC16of2011_detailed_judgment.pdf": 18.145660542276328, "crl.a._95_2019.pdf": 6.048553514092109, "crp.328-329_2013.pdf": 6.048553514092109, "const.p._17_2020_dissenting_note_hj11.pdf": 6.048553514092109, "Const.P.77of2010-dt-21-12-2012.pdf": 6.048553514092109, "C.P._357_2016.pdf": 6.048553514092109}, "rochester": {"CP778-779.pdf": 7.1471658027602185, "c.p._154_2019.pdf": 21.441497408280654}, "rochadle": {"Const.P.5of2013.pdf": 15.680625966640328}}