{"rohani": {"crl.p._149_l_2022.pdf": 7.1471658027602185, "crl.p._1313_l_2021.pdf": 14.294331605520437}, "rohail": {"c.p._852_2020.pdf": 6.048553514092109, "c.m.a._4053_2018.pdf": 12.097107028184219, "c.p._1517_2022.pdf": 6.048553514092109, "c.p._2597_2019.pdf": 6.048553514092109, "c.a._125_k_2016.pdf": 6.048553514092109, "crl.p._258_2020.pdf": 12.097107028184219}, "rohand": {"c.p._852_2020.pdf": 7.840312983320164}, "rohri": {"Const.P_6of2011.pdf": 24.194214056368438, "Const.P._38_2016.pdf": 36.291321084552656, "c.a._1295_2019.pdf": 6.048553514092109, "Const.P._38_2016_2.pdf": 6.048553514092109, "crl.a._208_2022.pdf": 12.097107028184219, "C.P._1702_2015.pdf": 12.097107028184219}, "rohaifa": {"Const.P.1of2012Dt-10.02.2012[ProductionOfDetenus].pdf": 7.1471658027602185, "const.p.1_ 2012_etc.pdf": 21.441497408280654}, "rohi": {"c.p._2865_2022.pdf": 12.908037244400546, "C.A._1171_2017.pdf": 12.908037244400546, "c.p._398_l_2018.pdf": 6.454018622200273, "c.p._4657_2022.pdf": 6.454018622200273}, "rohan": {"crl.p._894_l_2023.pdf": 7.1471658027602185, "crl.p._1313_l_2021.pdf": 71.47165802760219}, "rohala": {"S.M.C._ 26_2007_30062018.pdf": 7.840312983320164}, "rohir": {"c.m.a._4821_2018_13102021.pdf": 7.840312983320164}, "rohaila": {"S.M.C._26_2007_04072018.pdf": 5.537727890326118, "const.p._18_2019.pdf": 27.68863945163059, "c.a._125_k_2016.pdf": 5.537727890326118, "c.p._5671_2021.pdf": 5.537727890326118, "c.a._630_2010.pdf": 5.537727890326118, "c.a._354_2020.pdf": 5.537727890326118, "C.A._9_2006.pdf": 5.537727890326118, "c.p._389_2022.pdf": 5.537727890326118, "C.P._701_2016.pdf": 5.537727890326118, "c.a._196_p_2014_13062023.pdf": 5.537727890326118}, "roheen": {"c.a._759_2020.pdf": 7.840312983320164}, "rohatgi": {"c.p._3286_2017.pdf": 7.1471658027602185, "c.p._560_k_2019.pdf": 7.1471658027602185}, "rohila": {"C.A._9_2006.pdf": 7.840312983320164}, "rohit": {"c.p._4657_2022.pdf": 23.52093894996049}, "rohilan": {"crl.p._1329_2023.pdf": 7.840312983320164}, "rohtas": {"CJD_Section 2-A_Case_as_on_26_06_2006.pdf": 15.680625966640328}}