{"roidar": {"c.a._925_2020.pdf": 7.840312983320164}, "roi": {"smc.9_2011.pdf": 7.840312983320164}}