{"rojer": {"Const.P._29_2016.pdf": 7.840312983320164}, "roj": {"c.p._2148_2020.pdf": 7.840312983320164}}