{"ror": {"c.a._1257_2013.pdf": 6.741700694652055, "c.p_.4178_2019.pdf": 20.225102083956166, "c.p._4178_2019.pdf": 20.225102083956166}}