{"rot": {"Const.P._38_2016.pdf": 5.643088405983945, "crl.p._1054_2023.pdf": 5.643088405983945, "crl.p._167_k_2022.pdf": 5.643088405983945, "Crl.A.13-14-15and16of2004and53of2011.pdf": 5.643088405983945, "Crl.P._634_2015.pdf": 11.28617681196789, "crl.p._1329_2023.pdf": 5.643088405983945, "crl.p._950_2021.pdf": 5.643088405983945, "C.P._632_2018.pdf": 5.643088405983945, "crl.p._1072_l_2022.pdf": 5.643088405983945}, "rotation": {"Const.P._38_2016.pdf": 5.643088405983945, "Const.P.12of2010.pdf": 5.643088405983945, "Const.P._29_2016.pdf": 5.643088405983945, "Const.P_3_2014.pdf": 5.643088405983945, "c.a._353_2010.pdf": 11.28617681196789, "C.A._1149_2015.pdf": 11.28617681196789, "C.A._1242_2013.pdf": 11.28617681196789, "H.R.C._39216_G_2018.pdf": 5.643088405983945, "H.R.C.39216_G_2018.pdf": 5.643088405983945}, "rotational": {"c.a._1729_2019.pdf": 14.294331605520437, "SMCNo25of2009.pdf": 7.1471658027602185}, "rotate": {"c.a._1729_2019.pdf": 7.1471658027602185, "Const.P._29_2016.pdf": 14.294331605520437}, "rotunda": {"NRO_Judgment.pdf": 12.097107028184219, "Const.P.77of2012[DetailedOrderFinal].pdf": 6.048553514092109, "CJD_Reference by_the_President_of_Pakistan_under_Article_186.pdf": 6.048553514092109, "JR_Detailed_Judgment_in_Graduation_Qualification_Case.pdf": 6.048553514092109, "C.A.800Lof2013etc.pdf": 6.048553514092109, "c.a._1476_2018.pdf": 6.048553514092109}, "roti": {"Const.P.12of2010.pdf": 7.1471658027602185, "C.M.A._376-K_2014.pdf": 7.1471658027602185}, "rotten": {"C.P._1340_2014.pdf": 7.840312983320164}, "rotterdam": {"c.a._ 870_2020.pdf": 7.840312983320164}, "rotationale": {"C.M.A._204_2017.pdf": 7.840312983320164}}