{"round": {"C.P._2350_2015.pdf": 2.94996385509841, "Const.P.127of2012.pdf": 8.84989156529523, "Crl.O.P._09_2018.pdf": 2.94996385509841, "c.p._852_2020.pdf": 2.94996385509841, "C.A._503_2006.pdf": 5.89992771019682, "C.A._93_2015.pdf": 2.94996385509841, "crl.s.m.r.p._84_2018.pdf": 11.79985542039364, "C.R.P._49_2016.pdf": 2.94996385509841, "crl.a._400_2019.pdf": 5.89992771019682, "Const.P.31of2011etc.pdf": 2.94996385509841, "SMC15OF2009.pdf": 2.94996385509841, "Const.P.12of2010.pdf": 11.79985542039364, "Const.P.87of2011[UrduVersion].pdf": 2.94996385509841, "const.p.42of2011.pdf": 5.89992771019682, "Const.P._29_2016.pdf": 2.94996385509841, "C.R.P._125_2014.pdf": 5.89992771019682, "Const.P.77of2012[DetailedOrderFinal].pdf": 8.84989156529523, "j.p._147_2016.pdf": 2.94996385509841, "SMC16of2011_detailed_judgment.pdf": 5.89992771019682, "C.A._03_2017.pdf": 2.94996385509841, "C.A._514_2008.pdf": 2.94996385509841, "crp.328-329_2013.pdf": 5.89992771019682, "c.a._700_2016.pdf": 67.84916866726343, "c.p._3772_2019.pdf": 8.84989156529523, "c.a._730_2015.pdf": 2.94996385509841, "Crl.P.163_to_171_S.M.C.5_2005.pdf": 2.94996385509841, "C.A._704_2017.pdf": 2.94996385509841, "S.M.C._18_2016.pdf": 2.94996385509841, "CMA.64_of_2013_etc._15.01.2013.pdf": 2.94996385509841, "C.A._353_2015.pdf": 2.94996385509841, "C.A._1628_2017.pdf": 2.94996385509841, "C.A._1042_2018.pdf": 8.84989156529523, "c.a._315_2022.pdf": 5.89992771019682, "c.a._1573_2017.pdf": 2.94996385509841, "c.m.a._7084_2020_opinion_hj_5.pdf": 2.94996385509841, "Crl.P._113_2016.pdf": 23.59971084078728, "c.p._3112_2020.pdf": 2.94996385509841, "c.p._3950_2019.pdf": 8.84989156529523, "Crl.A._1-K_2018.pdf": 2.94996385509841, "C.P._3068_2017.pdf": 5.89992771019682, "C.P._549-P_2015.pdf": 5.89992771019682, "c.a._1414_2021.pdf": 11.79985542039364, "c.a._502_2017.pdf": 2.94996385509841, "c.a._446_2021.pdf": 2.94996385509841, "c.a._278_2015.pdf": 2.94996385509841, "c.a._538_2022.pdf": 2.94996385509841, "C.R.P._100_2016.pdf": 5.89992771019682, "const.p._2_2022_14102022.pdf": 2.94996385509841, "Const.P._39_2016.pdf": 2.94996385509841, "C.P._1340_2014.pdf": 2.94996385509841, "Crl.A._11_P_2017.pdf": 2.94996385509841, "Const.P.87of2011.pdf": 2.94996385509841, "c.a._668_2022.pdf": 2.94996385509841, "c.a._383_2013.pdf": 5.89992771019682, "C.A._508_2017.pdf": 5.89992771019682, "crl.p_77_p_2020.pdf": 14.749819275492051, "c.p._3059_2021.pdf": 2.94996385509841, "C.P._60_K_2018.pdf": 2.94996385509841, "C.A._1149_2015.pdf": 2.94996385509841, "c.p._283_k_2020.pdf": 5.89992771019682, "C.A._95_2005.pdf": 2.94996385509841, "Crl.A._6-P_2015.pdf": 5.89992771019682, "ca411to414of2013.pdf": 2.94996385509841, "c.a._441_2021.pdf": 2.94996385509841, "c.p._2231_2020.pdf": 2.94996385509841, "C.A._548_2009.pdf": 5.89992771019682, "C.A._2564_2001.pdf": 8.84989156529523, "C.R.P.193of2013.pdf": 5.89992771019682, "Crl.A.13-14-15and16of2004and53of2011.pdf": 2.94996385509841, "crl.p._588_l_2023.pdf": 2.94996385509841, "c.a._226_p_2018.pdf": 2.94996385509841, "c.p._2916_2019.pdf": 2.94996385509841, "c.r.p._421_2020.pdf": 2.94996385509841, "c.a._21_2021.pdf": 5.89992771019682, "Crl.M.A._200_2019.pdf": 2.94996385509841, "const.p._21_2022_30102023.pdf": 2.94996385509841, "c.p._47_2016.pdf": 14.749819275492051, "C.P._1616_2018.pdf": 2.94996385509841, "J.P.No.56of2005.pdf": 2.94996385509841, "C.A.800Lof2013etc.pdf": 2.94996385509841, "c.a._350_2020.pdf": 2.94996385509841, "c.a._1772_2008.pdf": 2.94996385509841, "c.a._30_l_2018.pdf": 14.749819275492051, "c.m.a._7084_2020.pdf": 2.94996385509841, "c.a._1481_2015.pdf": 2.94996385509841, "c.p_.4178_2019.pdf": 2.94996385509841, "C.A._288_2013.pdf": 2.94996385509841, "crl.p._560_l_2021.pdf": 2.94996385509841, "C.A._1011_2006.pdf": 2.94996385509841, "const.p._5_2023_14042023.pdf": 2.94996385509841, "c.a._171_2019.pdf": 8.84989156529523, "C.M.A._6250_2018.PDF": 20.64974698568887, "c.a._1562_2020.pdf": 20.64974698568887, "const.p._24_2023_f.pdf": 2.94996385509841, "c.a._908_2015.pdf": 8.84989156529523, "c.a._654_2021.pdf": 2.94996385509841, "crl_r_p.8-l_2013.pdf": 17.69978313059046, "c.a._822_2014.pdf": 5.89992771019682, "C.A._204-L_2015.pdf": 5.89992771019682, "j.p._201_2015.pdf": 2.94996385509841, "const.p._22_2022.pdf": 2.94996385509841, "Crl.P.No.426of2009&Crl.A.No.pdf": 2.94996385509841, "c.a._1113_2017.pdf": 5.89992771019682, "c.a._1877_2016_dt_24_01_2024.pdf": 5.89992771019682, "crl.a._437_2020.pdf": 2.94996385509841, "c.p._2913_2021.pdf": 2.94996385509841, "Crl.A.126of2012.pdf": 2.94996385509841, "c.a._957_2014.pdf": 8.84989156529523, "c.a._23_p_2017.pdf": 11.79985542039364, "c.p._2711_2019.pdf": 2.94996385509841, "Crl.A._324_2011.pdf": 5.89992771019682, "S.M.C.16of2011dt-22-3-2013.pdf": 2.94996385509841, "c.p._1777_2020.pdf": 2.94996385509841, "Crl.A._582_2018.pdf": 2.94996385509841, "crl.m.a._459_2020.pdf": 2.94996385509841, "c.p._659_2019.pdf": 5.89992771019682, "c.a.482_2014.pdf": 2.94996385509841, "c.a._179_2016.pdf": 2.94996385509841, "Crl.A._176_2012.pdf": 5.89992771019682, "C.P._3095_2017.pdf": 2.94996385509841, "c.p._4690_2018.pdf": 2.94996385509841, "crl.a._154_l_2013.pdf": 2.94996385509841, "c.p._4178_2019.pdf": 2.94996385509841, "crl.p._273_l_2021.pdf": 2.94996385509841, "C.P._661_K_2015.pdf": 2.94996385509841, "c.a._1191_2016.pdf": 5.89992771019682, "C.M.A._8215_2016.pdf": 5.89992771019682, "JR_Fecto_Belarus_Tractor_Limited_Case.pdf": 11.79985542039364, "cp_1472_2013_03.03.2014.pdf": 2.94996385509841, "CPs987-989OF2011-DT19.10.2011.pdf": 2.94996385509841, "crl.p._35_q_2017.pdf": 2.94996385509841, "c.p._2341_l_2016.pdf": 2.94996385509841, "Const.P.5and15-HRC14144-DetailedReasons.pdf": 5.89992771019682}, "route": {"c.r.p._292_2021_sacked_employees.pdf": 3.307713490166908, "Crl.A._24_2010.pdf": 3.307713490166908, "c.a._465_2021.pdf": 3.307713490166908, "c.p._1567_l_2019.pdf": 3.307713490166908, "C.R.P._297_2017_Reserved.pdf": 3.307713490166908, "crl.s.m.r.p._84_2018.pdf": 3.307713490166908, "Const.P._38_2016.pdf": 3.307713490166908, "Crl.A._190_2016.pdf": 3.307713490166908, "NRO_Judgment.pdf": 3.307713490166908, "Const.P.12of2010.pdf": 6.615426980333816, "Const.P.77of2010dt-08.09.2012[UrduTranslation].pdf": 3.307713490166908, "Const.P.87of2011[UrduVersion].pdf": 9.923140470500725, "Const.P._29_2016.pdf": 19.84628094100145, "crl.p._907_2020.pdf": 3.307713490166908, "CPLA_796_2007_ETC_SHORT_ORDER_REKO_DIQ_CASE.pdf": 3.307713490166908, "H.R.C.19of1996[AsgharKhanCase]DetailedReasonsUrduTranslation.pdf": 3.307713490166908, "s.m.c._1_2022_detailed.pdf": 3.307713490166908, "SMC16of2011_detailed_judgment.pdf": 3.307713490166908, "Const.P.40of2012-DetailJudgment-dt-3.7.2012.pdf": 3.307713490166908, "JR_Judgment_on_17th_Amendmend_and_Presidents_Uniform_Case.pdf": 3.307713490166908, "C.P._45_2015.pdf": 6.615426980333816, "c.a._1474_2021.pdf": 13.230853960667632, "c.p._1134_l_2018.pdf": 3.307713490166908, "C.M.A._3221_2012.pdf": 9.923140470500725, "j.p._14_2016.pdf": 3.307713490166908, "c.p._167_p_2022.pdf": 3.307713490166908, "crl.p._1271_2019.pdf": 3.307713490166908, "c.r.p._296_2020_04022022.pdf": 3.307713490166908, "C.P._549-P_2015.pdf": 16.53856745083454, "HRC-4668of2006.pdf": 6.615426980333816, "Crl.A._126_2010.pdf": 3.307713490166908, "const.p._2_2022_14102022.pdf": 9.923140470500725, "crl.p._299_2020_07042020.pdf": 3.307713490166908, "Const.P.87of2011.pdf": 9.923140470500725, "c.a._668_2022.pdf": 3.307713490166908, "C.M.A.3325_of_2012_dt_11-2-2013.pdf": 3.307713490166908, "C.P._3345_2016.pdf": 3.307713490166908, "C.A._1428_2016.pdf": 6.615426980333816, "h.r.c_11827_s_2018.pdf": 13.230853960667632, "c.a._1095_2018_13092019.pdf": 13.230853960667632, "const.p._17_2019_detailed_reasoning.pdf": 9.923140470500725, "c.a._1011_2020.pdf": 3.307713490166908, "Crl.A._103_2010.pdf": 3.307713490166908, "C.P._145_2015.pdf": 3.307713490166908, "c.p._560_k_2019.pdf": 3.307713490166908, "C.A.800Lof2013etc.pdf": 9.923140470500725, "c.p._34_2022.pdf": 3.307713490166908, "const.p._9_2023_19042023.pdf": 3.307713490166908,