{"roz": {"Crl.P._927_2016.pdf": 5.8944028342648505, "cma.2943_2014_order_dt_28.05.2014.pdf": 5.8944028342648505, "H.R.C.19of1996[AsgharKhanCase]DetailedReasonsUrduTranslation.pdf": 5.8944028342648505, "CP778-779.pdf": 5.8944028342648505, "const.p._17_2019_detailed_reasoning.pdf": 5.8944028342648505, "crl.p._801_2021.pdf": 5.8944028342648505, "c.p._389_2022.pdf": 5.8944028342648505}, "rozina": {"Const.P_6of2011.pdf": 7.840312983320164}, "roznamcha": {"c.a._95_p_2014.pdf": 37.487844334725146, "c.a._170_2017.pdf": 26.77703166766082, "c.a._775_2015.pdf": 10.710812667064328, "c.a._396_2018.pdf": 5.355406333532164, "j.p._637_2016.pdf": 5.355406333532164, "c.p._3958_2019.pdf": 10.710812667064328, "c.a._221_2018.pdf": 5.355406333532164, "c.a._2121_2017.pdf": 5.355406333532164, "Const.P._35_2016_dt_15_12_2017.pdf": 5.355406333532164, "c.p._659_2019.pdf": 10.710812667064328, "crl.m.a._130_k_2019.pdf": 5.355406333532164, "clr.a._250_2020.pdf": 5.355406333532164}, "roza": {"smc.24_2010.pdf": 7.840312983320164}, "roze": {"c.p._279_p_2015.pdf": 7.1471658027602185, "c.a._11_2022.pdf": 7.1471658027602185}, "rozi": {"hr.29388-k_2013.pdf": 7.1471658027602185, "C.P._842_2016.pdf": 7.1471658027602185}}