{"rp": {"C.R.P._125_2014.pdf": 25.816074488801092, "C.R.P.193of2013.pdf": 25.816074488801092, "C.P._29_2017.pdf": 6.454018622200273, "S.M.C_15_2015.pdf": 6.454018622200273}}