{"rpo": {"hrc_42389-P_2013.pdf": 5.643088405983945, "Crl.P._1188_2016.pdf": 5.643088405983945, "C.R.P._49_2016.pdf": 16.929265217951833, "Crl.P._630_2017.pdf": 5.643088405983945, "c.a._1736_2019.pdf": 33.85853043590367, "c.m.a._5602_2021.pdf": 5.643088405983945, "c.m.a._4821_2018_13102021.pdf": 5.643088405983945, "c.m.a._4821_2018.pdf": 5.643088405983945, "c.a._324_2020.pdf": 5.643088405983945}, "rpos": {"Const.P.46and47of2010.pdf": 7.840312983320164}}