{"rps": {"C.R.P._125_2014.pdf": 38.72411173320164, "HRC7734-G_1003-GOF2009[UrduTranslation].pdf": 6.454018622200273, "Crl.O.P.89of2011.pdf": 12.908037244400546, "C.R.P.193of2013.pdf": 38.72411173320164}}