{"rrr": {"c.a._1113_2017_dissenting_note.pdf": 14.294331605520437, "c.a._1113_2017.pdf": 14.294331605520437}}