{"rsa": {"c.a._601_2019.pdf": 4.8445807097661735, "HRC7734-G_1003-GOF2009[UrduTranslation].pdf": 4.8445807097661735, "HRC7734-G_1003-GOF2009[AllegedCorruptionInRentalPowerPlants].pdf": 4.8445807097661735, "c.a._515_2015.pdf": 4.8445807097661735, "c.p._1540_2018.pdf": 4.8445807097661735, "c.p._2597_2019.pdf": 4.8445807097661735, "c.a._781_2017.pdf": 4.8445807097661735, "c.a._840_2017.pdf": 4.8445807097661735, "c.a._342_2014.pdf": 4.8445807097661735, "C.P._1598_2016.pdf": 4.8445807097661735, "C.A._2564_2001.pdf": 4.8445807097661735, "c.p._2658_2019.pdf": 4.8445807097661735, "c.p._1084_2011.pdf": 9.689161419532347, "c.a._775_2015.pdf": 4.8445807097661735, "c.a._221_2018.pdf": 4.8445807097661735, "c.p._3380_l_2017.pdf": 4.8445807097661735, "C.A._833_2006.pdf": 4.8445807097661735, "c.a._528_l_2012.pdf": 4.8445807097661735, "c.p._2341_l_2016.pdf": 4.8445807097661735, "c.a._1005_2009.pdf": 9.689161419532347}}