{"rsc": {"C.M.A.No.3685of2012-dt-17-1-2013.pdf": 12.908037244400546, "Const.P._29_2016.pdf": 6.454018622200273, "HRC7734-G_1003-GOF2009[UrduTranslation].pdf": 77.44822346640328, "HRC7734-G_1003-GOF2009[AllegedCorruptionInRentalPowerPlants].pdf": 90.35626071080382}}