{"rso": {"C.A._1519_2013.pdf": 49.84700056708851, "c.a._18_k_2021.pdf": 18.69262521265819, "C.A._1184_2011.pdf": 12.461750141772127, "C.A.39_2010.pdf": 18.69262521265819, "c.a._661_2018.pdf": 6.230875070886063}, "rsoq": {"CJD_Pakistan_Steel_Mills_Case.pdf": 31.361251933280656}}