{"rspdnt": {"C.P._78_K_2015.pdf": 7.840312983320164}, "rspdt": {"C.A._1219_2014.pdf": 12.908037244400546, "const.p.115_2011.pdf": 19.36205586660082, "Const.P.115-2012etc.pdf": 19.36205586660082, "C.A._1033_2014.pdf": 19.36205586660082}}