{"rt": {"H.R.C.No.19of1996DT19-10-2012[UrduTranslation].pdf": 11.788805668529701, "CP778-779.pdf": 5.8944028342648505, "smc.11_2011.pdf": 5.8944028342648505, "C.P.796of2007-dt-10-5-2013.pdf": 11.788805668529701, "Crl.O.P.89of2011.pdf": 5.8944028342648505, "SMC.13-2009.pdf": 5.8944028342648505, "CMA2745of2009etc.pdf": 5.8944028342648505}}