{"rta": {"CP778-779.pdf": 6.048553514092109, "JR_Varan_Case.pdf": 6.048553514092109, "C.P._423_K_2015.pdf": 6.048553514092109, "hrc_20107-G_2013.pdf": 6.048553514092109, "C.P._423-K_2015.pdf": 6.048553514092109, "HR8340OF2010.pdf": 6.048553514092109}}