{"rubric": {"ConstitutionPetitionNo21OF2007.pdf": 5.8944028342648505, "NRO_Judgment.pdf": 5.8944028342648505, "C.A._125_K_2016_JPMC_Dissenting_Note.pdf": 11.788805668529701, "c.p._2045_2019.pdf": 5.8944028342648505, "crl.p._527_2017.pdf": 5.8944028342648505, "c.p._607_2021.pdf": 5.8944028342648505, "Criminal_Original_P93to98.pdf": 5.8944028342648505}, "rubina": {"Const.P_6of2011.pdf": 11.075455780652236, "C.A._2109_2016.pdf": 5.537727890326118, "crl.p._91_k_2020.pdf": 5.537727890326118, "c.p._1125_2018.pdf": 5.537727890326118, "CMA2745of2009etc.pdf": 5.537727890326118, "c.p._3030_2021.pdf": 5.537727890326118, "c.p._1278_k_2023.pdf": 5.537727890326118, "crl.p._806_2022.pdf": 11.075455780652236, "CJD_Section 2-A_Case_as_on_26_06_2006.pdf": 5.537727890326118, "c.a._1546_2019.pdf": 5.537727890326118}, "rubber": {"Const.P.12of2010.pdf": 4.795790545596741, "H.R.C.19of1996[AsgharKhanCase]DetailedReasonsUrduTranslation.pdf": 4.795790545596741, "s.m.c._1_2022_detailed.pdf": 4.795790545596741, "H.R.C.19of1996[AsgharKhanCase]DetailedReasons.pdf": 4.795790545596741, "C.P.796of2007-dt-10-5-2013.pdf": 4.795790545596741, "c.a._73_2020.pdf": 4.795790545596741, "c.p._3532_2023.pdf": 4.795790545596741, "C.A._633_2007.pdf": 4.795790545596741, "const.p._17_2020_dissenting_note_hj11.pdf": 9.591581091193483, "C.A._1428_2016.pdf": 9.591581091193483, "h.r.c_11827_s_2018.pdf": 9.591581091193483, "c.p._1691_l_2018.pdf": 4.795790545596741, "C.A._616_2006.pdf": 4.795790545596741, "c.a.1540-1599_2013.pdf": 14.387371636790224, "c.p._414_2021.pdf": 9.591581091193483, "C.R.P._335_2014.pdf": 14.387371636790224, "const.p._17_2020_dissenting_note_hj4.pdf": 9.591581091193483, "c.a._1113_2017.pdf": 4.795790545596741, "c.p._1842_l_2022.pdf": 9.591581091193483, "c.r.p._266_2019_01112023.pdf": 4.795790545596741, "C.A._682_2008.pdf": 4.795790545596741}, "ruba": {"HRC7734-G_1003-GOF2009[UrduTranslation].pdf": 28.588663211040874, "HRC7734-G_1003-GOF2009[AllegedCorruptionInRentalPowerPlants].pdf": 28.588663211040874}, "rubabbuddin": {"Const.P.77-78-79 [Memogate]DetailedOrder.pdf": 13.48340138930411, "C.A.800Lof2013etc.pdf": 6.741700694652055, "SMC24-2010.pdf": 6.741700694652055}, "rubab": {"S.M.C._01_2010.pdf": 7.1471658027602185, "c.p._2210_l_2020.pdf": 7.1471658027602185}, "rubbish": {"crl.p._883_l_2022.pdf": 7.840312983320164}, "rubia": {"C.P._809_P_2018.pdf": 7.840312983320164}, "rubicon": {"S.M.C._ 26_2007_30062018.pdf": 6.741700694652055, "S.M.C._26_2007_04072018.pdf": 6.741700694652055, "S.M.C._26_2007_02082018.pdf": 6.741700694652055}, "ruby": {"C.A._1563_2014.pdf": 6.741700694652055, "C.A._1049_2011.pdf": 6.741700694652055, "C.A._539_2003.pdf": 6.741700694652055}}