{"rudimentary": {"c.m.a.4343_2014_etc_with_urdu_translation.pdf": 6.048553514092109, "Crl.A._39_L_2015.pdf": 6.048553514092109, "C.R.P._383_2005.pdf": 6.048553514092109, "c.a._1095_2018_13092019.pdf": 6.048553514092109, "c.p._1133_l_2016.pdf": 6.048553514092109, "c.a._1137_2014.pdf": 6.048553514092109}, "rudiment": {"c.p._303_2019.pdf": 5.643088405983945, "c.p._419_2020.pdf": 5.643088405983945, "c.p._175_k_2022.pdf": 5.643088405983945, "c.a._307_2017.pdf": 5.643088405983945, "crl.p._1121_2023.pdf": 5.643088405983945, "c.p._677_k_2019.pdf": 5.643088405983945, "c.p._2608_2019.pdf": 5.643088405983945, "c.p._1496_k_2021.pdf": 5.643088405983945, "c.a._179_2016.pdf": 5.643088405983945}, "rudani": {"S.M.C._20_2016.pdf": 7.840312983320164}, "ruddy": {"Const.P.77of2012[DetailedOrderFinal].pdf": 7.840312983320164}, "rudini": {"ConstitutionPetitionNo.77of2010-dt-17-04-2012.pdf": 7.840312983320164}, "rude": {"crp.328-329_2013.pdf": 7.1471658027602185, "c.p._2420_2015.pdf": 7.1471658027602185}, "rudra": {"c.a._446_2021.pdf": 7.840312983320164}, "rudderless": {"const.p._2_2022_14102022.pdf": 15.680625966640328}, "rudely": {"crl_r_p.8-l_2013.pdf": 7.840312983320164}}