{"rue": {"C.P.796of2007-dt-10-5-2013.pdf": 6.741700694652055, "Crl.M.A.No.486of2010-dt-26-6-2013.pdf": 6.741700694652055, "const.p._6_2023_addl_n.pdf": 6.741700694652055}}