{"ruqia": {"c.p._1942_2022.pdf": 7.1471658027602185, "c.a._797_2013.pdf": 14.294331605520437}, "ruqayya": {"c.p._2447_l_2022.pdf": 7.840312983320164}}