{"rustam": {"Const.P.127of2012.pdf": 9.324518305944437, "Const.P_6of2011.pdf": 9.324518305944437, "C.A._634_L_2012.pdf": 177.16584781294432, "JR_Judgment_on_17th_Amendmend_and_Presidents_Uniform_Case.pdf": 9.324518305944437, "c.a._1348_2014.pdf": 4.662259152972219, "Crl.A._80_L_2017.pdf": 4.662259152972219, "crl.p._1054_2023.pdf": 9.324518305944437, "c.p._223_p_2012.pdf": 4.662259152972219, "c.a._446_2021.pdf": 4.662259152972219, "JR_Detailed_Judgment_in_Referendum_Case.pdf": 4.662259152972219, "c.p._262_p_2017.pdf": 9.324518305944437, "c.a._837_2015.pdf": 4.662259152972219, "C.A._26_2009.pdf": 4.662259152972219, "crl.p._93_p_2015.pdf": 4.662259152972219, "crl.a.19of2012.pdf": 4.662259152972219, "c.p._957_2020.pdf": 4.662259152972219, "c.a._185_l_2015.pdf": 23.311295764861093, "c.a._329_2022.pdf": 4.662259152972219, "crl.a._293_2020.pdf": 27.97355491783331, "crl.p._83_p_2013.pdf": 4.662259152972219, "C.A._446_2012.pdf": 4.662259152972219, "c.a._97_2003.pdf": 4.662259152972219, "CJD_Section 2-A_Case_as_on_26_06_2006.pdf": 4.662259152972219, "c.a._1300_2019.pdf": 9.324518305944437}, "russell": {"c.a._1476_2018_urdu.pdf": 5.760871441640328, "C.A._104-L_2015.pdf": 5.760871441640328, "crl.a._599_2020_26032021.pdf": 11.521742883280655, "HRC7734-G_1003-GOF2009[UrduTranslation].pdf": 5.760871441640328, "c.a._1476_2018.pdf": 5.760871441640328, "H.R.C._17599_2018.pdf": 5.760871441640328, "c.a._1275_2009.pdf": 5.760871441640328, "C.A._539_2003.pdf": 5.760871441640328}, "rush": {"ConstitutionPetitionNo21OF2007.pdf": 28.23555345484891, "Const.P.12of2010.pdf": 8.067300987099689, "AdditionalNoteConst.P.77of2012.pdf": 4.033650493549844, "Const.P._29_2016.pdf": 4.033650493549844, "Const.P._36_2016_dt_15_12_2017.pdf": 12.100951480649533, "S.J.C_347_2018.PDF": 4.033650493549844, "crl.p._490_2019.pdf": 4.033650493549844, "Const.P.NO.62OF2010_orderdt06062011.pdf": 4.033650493549844, "crl.p._1359_2023.pdf": 4.033650493549844, "C.P.796of2007-dt-10-5-2013.pdf": 4.033650493549844, "CJD_Reference by_the_President_of_Pakistan_under_Article_186.pdf": 4.033650493549844, "j.p._14_2016.pdf": 4.033650493549844, "j.p._210_2018.pdf": 4.033650493549844, "c.a._1355_2006.pdf": 4.033650493549844, "j.p._415_2018.pdf": 4.033650493549844, "crl.a._541_2020.pdf": 4.033650493549844, "SMC5of2012-2dt[07-06-2012].pdf": 4.033650493549844, "crl.p._1054_2023.pdf": 4.033650493549844, "Crl.A._126_2010.pdf": 4.033650493549844, "j.p._206_2019.pdf": 4.033650493549844, "c.p._3127_2020.pdf": 4.033650493549844, "const.p._17_2020_dissenting_note_hj11.pdf": 4.033650493549844, "crl.a._531_2019.pdf": 4.033650493549844, "c.p._669_l_2018.pdf": 4.033650493549844, "j.p._345_2017.pdf": 4.033650493549844, "j.p._943_2017.pdf": 4.033650493549844, "C.A._424_2015.pdf": 4.033650493549844, "crl.p._457_l_2016.pdf": 4.033650493549844, "crl.p._534_2019.pdf": 4.033650493549844, "Crl.A._466_2017.pdf": 8.067300987099689, "Crl.A._67_L_2017.pdf": 4.033650493549844, "c.p._349_l_2017.pdf": 4.033650493549844, "crl.p_1124_l_2015.pdf": 4.033650493549844, "j.p._302_2017.pdf": 4.033650493549844, "ref._2_2022_13092023_2.pdf": 4.033650493549844, "crl.p._406_2017.pdf": 4.033650493549844, "crl.a._3_q_2021.pdf": 4.033650493549844, "SMCNo25of2009.pdf": 4.033650493549844, "Crl.A._97_L_2016.pdf": 4.033650493549844, "crl.m.a._130_k_2019.pdf": 4.033650493549844, "c.p._178_q_2023.pdf": 4.033650493549844, "j.p._190_2017.pdf": 4.033650493549844, "crl.p._716_2019.pdf": 4.033650493549844, "crl.p._1152_2020.pdf": 8.067300987099689, "crl.p._60_2017.pdf": 8.067300987099689}, "rustom": {"ConstitutionPetitionNo21OF2007.pdf": 7.840312983320164}, "russian": {"ConstitutionPetitionNo21OF2007.pdf": 5.275363625858628, "SMC15OF2009.pdf": 5.275363625858628, "Const.P._29_2016.pdf": 5.275363625858628, "crl.a._95_2019.pdf": 10.550727251717255, "c.a._315_2022.pdf": 5.275363625858628, "Const.P.77of2010_dt_27-8-2013.pdf": 5.275363625858628, "j.p._36_2016.pdf": 5.275363625858628, "c.p._3059_2021.pdf": 5.275363625858628, "c.p._3767_2023.pdf": 5.275363625858628, "c.a._822_2014.pdf": 5.275363625858628, "Crl.O.P.6of2012.pdf": 5.275363625858628, "CJD_Pakistan_Steel_Mills_Case.pdf": 15.826090877575883, "C.A._539_2003.pdf": 5.275363625858628}, "rust": {"Const.P._38_2016.pdf": 12.097107028184219, "Const.P.12of2010.pdf": 12.097107028184219, "Const.P._29_2016.pdf": 6.048553514092109, "c.p._3286_2017.pdf": 6.048553514092109, "c.p._560_k_2019.pdf": 12.097107028184219, "c.a._94_2008.pdf": 24.194214056368438}, "russia": {"Const.P.12of2010.pdf": 29.472014171324254, "JR_Detailed_Judgment_in_Referendum_Case.pdf": 5.8944028342648505, "S.M.C._3_2018.pdf": 11.788805668529701, "Crl.O.P.6of2012.pdf": 5.8944028342648505, "H.R.C._17599_2018.pdf": 5.8944028342648505, "CJD_Pakistan_Steel_Mills_Case.pdf": 41.26081983985395, "C.A._539_2003.pdf": 5.8944028342648505}, "russians": {"Const.P.12of2010.pdf": 7.840312983320164}, "ruse": {"c.p._2243_l_2019.pdf": 6.454018622200273, "S.M.C.18OF2010.pdf": 6.454018622200273, "C.A._2564_2001.pdf": 6.454018622200273, "const.p._17_2020_dissenting_note_hj4.pdf": 12.908037244400546}, "rushman": {"HRC7734-G_1003-GOF2009[UrduTranslation].pdf": 7.840312983320164}, "russick": {"crl.p._230_2019.pdf": 7.840312983320164}, "russel": {"c.p._3059_2021.pdf": 6.741700694652055, "Const.P._29_2017.pdf": 6.741700694652055, "c.a._722_2012.pdf": 6.741700694652055}, "ruston": {"c.a._444_2017.pdf": 7.840312983320164}, "rustic": {"C.A._774_2013.pdf": 6.741700694652055, "C.A._535_2015.pdf": 6.741700694652055, "Crl.P._1099_2016.pdf": 6.741700694652055}, "rusi": {"CRP.229_2006_in_CA.802_2006.pdf": 7.840312983320164}, "rustan": {"c.p._4459_2018.pdf": 7.1471658027602185, "c.p._659_2019.pdf": 7.1471658027602185}, "rusk": {"Const.P.No.33and34of2005-dt-27-6-2013.pdf": 7.840312983320164}, "russo": {"c.p._596_2021.pdf": 7.840312983320164}, "rustomji": {"CMA2745of2009etc.pdf": 7.840312983320164}}