{"ruth": {"Const.P.12of2010.pdf": 6.048553514092109, "crl.a._599_2020_26032021.pdf": 18.145660542276328, "const.p._17_2020_dissenting_note_hj11.pdf": 6.048553514092109, "crl.a._599_2020.pdf": 6.048553514092109, "crl.p._371_2020l.pdf": 6.048553514092109, "c.p._1716_2022.pdf": 6.048553514092109}, "ruthless": {"Const.P.12of2010.pdf": 11.075455780652236, "Const.P._29_2016.pdf": 5.537727890326118, "j.p._147_2016.pdf": 5.537727890326118, "Const.P._2_2011.pdf": 5.537727890326118, "c.p._3209_2019.pdf": 5.537727890326118, "Crl.A.126of2012.pdf": 5.537727890326118, "Crl.O.P.6of2012.pdf": 5.537727890326118, "c.a.482_2014.pdf": 5.537727890326118, "Crl.A._218_2015.pdf": 5.537727890326118, "crl.a_310_2006_12.03.2014.pdf": 5.537727890326118}, "ruthlessness": {"crl.a._95_2019.pdf": 6.454018622200273, "Crl.A._589_2006.pdf": 6.454018622200273, "C.A._69_2015.pdf": 6.454018622200273, "c.p._3209_2019.pdf": 6.454018622200273}, "rutile": {"C.P.796of2007-dt-10-5-2013.pdf": 7.840312983320164}, "ruthlessly": {"Crl.A._465_2015.pdf": 5.8944028342648505, "Const.P._24_2012.pdf": 5.8944028342648505, "const.p.6_2011_final.pdf": 11.788805668529701, "crl.sh.a._12_2017.pdf": 5.8944028342648505, "C.A._69_2015.pdf": 5.8944028342648505, "c.p._3944_2019.pdf": 5.8944028342648505, "Crl.A._218_2015.pdf": 5.8944028342648505}, "ruttinger": {"c.p._55_2020.pdf": 7.840312983320164}}