{"rw": {"smc.18_2010_final.pdf": 5.067724261080383, "SMC16of2011_detailed_judgment.pdf": 10.135448522160766, "C.A._03_2017.pdf": 5.067724261080383, "Crl.O.P.96_12_Altaf_Hussain _1.pdf": 5.067724261080383, "Crl.O.P.89of2011.pdf": 5.067724261080383, "C.A.669-L_2013.pdf": 5.067724261080383, "C.A._461_2014.pdf": 15.20317278324115, "c.a._929_2017.pdf": 10.135448522160766, "c.p._4_p_2020.pdf": 10.135448522160766, "C.A._359_2013.pdf": 10.135448522160766, "Crl.P.200of2009.pdf": 15.20317278324115, "C.A._1611_2014.pdf": 5.067724261080383, "C.A._1169_2014.pdf": 35.47406982756268, "c.a.482_2014.pdf": 10.135448522160766, "C.R.P._3_2015.pdf": 5.067724261080383, "c.a._799_2007.pdf": 5.067724261080383}}