{"ry": {"Const.P.12of2010.pdf": 12.908037244400546, "c.a._371_2020.pdf": 6.454018622200273, "HRC7734-G_1003-GOF2009[UrduTranslation].pdf": 6.454018622200273, "HRC7734-G_1003-GOF2009[AllegedCorruptionInRentalPowerPlants].pdf": 6.454018622200273}}