{"ryot": {"const.p.1_ 2012_etc.pdf": 6.741700694652055, "C.A._1149_2015.pdf": 6.741700694652055, "c.p._3413_2017.pdf": 6.741700694652055}}