{"sa": {"C.R.P._297_2017_Reserved.pdf": 4.5081084731449605, "URDU_CONST.P.05-2012-20.09.12.pdf": 4.5081084731449605, "Const.P._29_2016_28072016.pdf": 4.5081084731449605, "Const.P._29_2016.pdf": 4.5081084731449605, "Const.P._36_2016_dt_15_12_2017.pdf": 9.016216946289921, "ca.a_239_2020.pdf": 4.5081084731449605, "HRC7734-G_1003-GOF2009[UrduTranslation].pdf": 4.5081084731449605, "H.R.C.19of1996[AsgharKhanCase]DetailedReasons.pdf": 9.016216946289921, "C.P.796of2007-dt-10-5-2013.pdf": 4.5081084731449605, "crp.328-329_2013.pdf": 4.5081084731449605, "Crl.O.P.89of2011.pdf": 22.540542365724804, "Const.P.5of2013.pdf": 4.5081084731449605, "c.a._357_2020.pdf": 4.5081084731449605, "c.a._45_l_2018.pdf": 4.5081084731449605, "C.A._699_2017.pdf": 4.5081084731449605, "c.p._1925_2020.pdf": 4.5081084731449605, "c.a._ 870_2020.pdf": 9.016216946289921, "c.a._174_2012.pdf": 4.5081084731449605, "C.P._1787_2016.pdf": 4.5081084731449605, "C.P._3186_2017.pdf": 22.540542365724804, "const.p._32_2023_additional_note.pdf": 13.52432541943488, "c.a._2121_2017.pdf": 4.5081084731449605, "c.a._284_2017.pdf": 4.5081084731449605, "c.a._91_k_2017.pdf": 4.5081084731449605, "CJD_Section 2-A_Case_as_on_26_06_2006.pdf": 13.52432541943488, "c.a._1547_2019.pdf": 4.5081084731449605, "CJD_Pakistan_Steel_Mills_Case.pdf": 9.016216946289921, "c.a._2063_2019.pdf": 4.5081084731449605}}