{"saila": {"ConstitutionPetitionNo5of2012[UrduTranslation].pdf": 7.1471658027602185, "HRC19526of2013.pdf": 7.1471658027602185}, "saifuddin": {"c.p._1676_l_2011.pdf": 5.643088405983945, "C.A._1079_2011.pdf": 5.643088405983945, "c.p._593_2020.pdf": 5.643088405983945, "C.A._1797_2005.pdf": 5.643088405983945, "CMA2745of2009etc.pdf": 5.643088405983945, "C.P._3186_2017.pdf": 5.643088405983945, "C.A.876-879of2005.pdf": 5.643088405983945, "C.A._845_2010.pdf": 5.643088405983945, "Const.P.31of2011.pdf": 11.28617681196789}, "saigol": {"Const.P.127of2012.pdf": 5.8944028342648505, "c.p._1628_2020.pdf": 5.8944028342648505, "crl.p._435_2021.pdf": 5.8944028342648505, "C.R.P._142_2015.pdf": 5.8944028342648505, "const.p._21_2023_11082023.pdf": 11.788805668529701, "Crl.A._274_2006.pdf": 41.26081983985395, "c.a._317_l_2011.pdf": 5.8944028342648505}, "sain": {"Const.P.127of2012.pdf": 11.075455780652236, "Ref.01_2012_addl.note_HJ.ejaz_afzal_khan.pdf": 11.075455780652236, "c.a._675_2019.pdf": 5.537727890326118, "c.a._446_2021.pdf": 5.537727890326118, "c.p._2178_l_2022.pdf": 5.537727890326118, "crl.p._1245_2020.pdf": 27.68863945163059, "CMA2745of2009etc.pdf": 5.537727890326118, "ICA3,4,6TO11of2011dt2011.04.pdf": 5.537727890326118, "Crl.A._176_2012.pdf": 5.537727890326118, "crl.p._92_k_2021.pdf": 5.537727890326118}, "saif": {"ConstitutionPetitionNo21OF2007.pdf": 3.9484926852095374, "H.R.C._10_K_2007.pdf": 3.9484926852095374, "Const.P_6of2011.pdf": 19.74246342604769, "C.A._90_2011_UrduVersion.pdf": 3.9484926852095374, "Crl.A._609_2014.pdf": 15.79397074083815, "crl.p._1067_2020.pdf": 3.9484926852095374, "Const.P._29_2016.pdf": 3.9484926852095374, "c.a._864_2017.pdf": 3.9484926852095374, "Const.P.77of2012[DetailedOrderFinal].pdf": 3.9484926852095374, "C.A._90_2011_EnglishVersion.pdf": 3.9484926852095374, "Crl.A._39_L_2015_Urdu.pdf": 3.9484926852095374, "crp.328-329_2013.pdf": 7.896985370419075, "C.A._353_2015.pdf": 3.9484926852095374, "crl.sh.a._9_2017.pdf": 7.896985370419075, "Const.P.77of2010_dt_27-8-2013.pdf": 7.896985370419075, "const.p._24_2023_02082023.pdf": 3.9484926852095374, "S.M.C._13_2016_dt_31-03-2017.pdf": 3.9484926852095374, "const.p._24_2023_21072023.pdf": 3.9484926852095374, "crp_328-329_2013_short_order.pdf": 3.9484926852095374, "c.p._43_l_2021.pdf": 3.9484926852095374, "crl.p._47_p_2017.pdf": 7.896985370419075, "C.A._1219_2014.pdf": 7.896985370419075, "C.A._1428_2016.pdf": 3.9484926852095374, "c.p._5178_2021.pdf": 3.9484926852095374, "c.r.p._421_2020.pdf": 7.896985370419075, "const.p._24_2023_03082023.pdf": 3.9484926852095374, "const.p._24_2023_26062023.pdf": 3.9484926852095374, "c.a._513_2014.pdf": 3.9484926852095374, "C.A._288_2013.pdf": 3.9484926852095374, "reference_1_2020.pdf": 3.9484926852095374, "crl.a._560_2020.pdf": 3.9484926852095374, "C.A.39_2010.pdf": 3.9484926852095374, "c.a._1113_2017.pdf": 7.896985370419075, "c.a._661_2018.pdf": 3.9484926852095374, "c.p._3263_2022.pdf": 7.896985370419075, "const.p._24_2023_27032023.pdf": 3.9484926852095374, "C.A.876-879of2005.pdf": 3.9484926852095374, "reference._1_2020.pdf": 3.9484926852095374, "C.P._3912_2016.pdf": 3.9484926852095374, "const.p._24_2023_01082023.pdf": 3.9484926852095374, "C.A._1049_2011.pdf": 7.896985370419075, "crl.p._742_l_2019.pdf": 7.896985370419075, "CJD_Section 2-A_Case_as_on_26_06_2006.pdf": 7.896985370419075, "Const.P.31of2011.pdf": 3.9484926852095374, "c.p._84_p_2020.pdf": 7.896985370419075, "crl.m.a._1659_2019.pdf": 3.9484926852095374, "c.p._287_p_2016.pdf": 3.9484926852095374, "crl.a.264_2006.pdf": 7.896985370419075, "crl.a._122_l_2012.pdf": 3.9484926852095374}, "saifullah": {"ConstitutionPetitionNo21OF2007.pdf": 10.732899318836546, "Const.P.31of2011etc.pdf": 7.155266212557698, "Const.P_6of2011.pdf": 10.732899318836546, "c.p._3637_2019.pdf": 3.577633106278849, "Const.P._29_2016_28072016.pdf": 7.155266212557698, "NRO_Judgment.pdf": 7.155266212557698, "Const.P.12of2010.pdf": 3.577633106278849, "Const.P.87of2011[UrduVersion].pdf": 3.577633106278849, "Const.P._29_2016.pdf": 3.577633106278849, "C.R.P._125_2014.pdf": 7.155266212557698, "Const.PetitionNo.77of2010_12.10.2012.pdf": 3.577633106278849, "Urdu-Const.P-77-2010-12.10.2012.pdf": 3.577633106278849, "crl.a._599_2020_26032021.pdf": 3.577633106278849, "Const.P.30of2013.pdf": 7.155266212557698, "c.a.149-150_2010.pdf": 3.577633106278849, "H.R.C.19of1996[AsgharKhanCase]DetailedReasonsUrduTranslation.pdf": 14.310532425115396, "j.p._147_2016.pdf": 7.155266212557698, "s.m.c._1_2022_detailed.pdf": 32.19869795650964, "SMC16of2011_detailed_judgment.pdf": 7.155266212557698, "CP778-779.pdf": 3.577633106278849, "H.R.C.19of1996[AsgharKhanCase]DetailedReasons.pdf": 14.310532425115396, "Const.P.77-78-79 [Memogate]DetailedOrder.pdf": 3.577633106278849, "Crl.O.P.89of2011.pdf": 42.931597275346185, "Const.P.5of2013.pdf": 14.310532425115396, "C.A._704_2017.pdf": 7.155266212557698, "s.m.c._1_2023_01032023.pdf": 3.577633106278849, "cma.908_2014_14.04.2014.pdf": 3.577633106278849, "crl.sh.a._9_2017.pdf": 14.310532425115396, "s.m.c._1_2020_19052020.pdf": 3.577633106278849, "JR_Detailed_Judgment_in_Graduation_Qualification_Case.pdf": 3.577633106278849, "c.a._675_2019.pdf": 3.577633106278849, "const.p.6_2023.pdf": 3.577633106278849, "const.p.30of2013_dt_22.05.2013.pdf": 3.577633106278849, "JR_Detailed_Judgment_in_Referendum_Case.pdf": 10.732899318836546, "const.p._2_2022_14102022.pdf": 3.577633106278849, "C.P._1340_2014.pdf": 3.577633106278849, "Const.P.87of2011.pdf": 3.577633106278849, "cma.7679_2013.pdf": 3.577633106278849, "const.p.115_2011.pdf": 3.577633106278849, "C.R.P.193of2013.pdf": 7.155266212557698, "h.r.c_11827_s_2018.pdf": 3.577633106278849, "const.p.37_2012_final.pdf": 3.577633106278849, "C.P.756-Lof2013-dt-10-5-2013.pdf": 3.577633106278849, "const.p._17_2019_detailed_reasoning.pdf": 3.577633106278849, "crl.p._982_l_2022.pdf": 10.732899318836546, "const.p._21_2023_11082023.pdf": 7.155266212557698, "c.a._1363_2018.pdf": 3.577633106278849, "c.p._414_2021.pdf": 3.577633106278849, "C.P._1885_2017.pdf": 7.155266212557698, "crl.p._534_2019.pdf": 3.577633106278849, "cma_908_2014_22.04.2014.pdf": 3.577633106278849, "C.M.A._6250_2018.PDF": 3.577633106278849, "const.p._24_2023_f.pdf": 3.577633106278849, "s.m.c._1_2023_12062023.pdf": 3.577633106278849, "CAs.149-150of2010.pdf": 3.577633106278849, "C.P._1707_2018.pdf": 7.155266212557698, "CMA2745of2009etc.pdf": 3.577633106278849, "Crl.A._106_L_2017.pdf": 7.155266212557698, "crl.p_1124_l_2015.pdf": 3.577633106278849, "const.p._6_2023_111023.pdf": 3.577633106278849, "C.P._80_2018.pdf": 3.577633106278849, "Const.P._35_2016_dt_15_12_2017.pdf": 17.888165531394243, "c.p._3944_2019.pdf": 3.577633106278849, "c.a._364_p_2019.pdf": 3.577633106278849, "const.p._48_2019.pdf": 7.155266212557698, "j.p._430_2015.pdf": 3.577633106278849, "c.a._836_l_2013.pdf": 7.155266212557698, "s.m.c._01_2020_18052020.pdf": 3.577633106278849, "hrc.14392_2013.pdf": 3.577633106278849, "C.P._632_2018.pdf": 7.155266212557698, "crl.a.264_2006.pdf": 3.577633106278849}, "saiye": {"ConstitutionPetitionNo21OF2007.pdf": 16.929265217951833, "smc.11_2011.pdf": 11.28617681196789, "CJD_Reference by_the_President_of_Pakistan_under_Article_186.pdf": 5.643088405983945, "CJD_Civil_Petition_No_378-L_of_2004.pdf": 5.643088405983945, "const.p._32_2023_additional_note.pdf": 5.643088405983945, "CJD_Constitution_Petition_No_36_of_2005.pdf": 5.643088405983945, "Criminal_Original_P93to98.pdf": 5.643088405983945, "CJD_Pakistan_Steel_Mills_Case.pdf": 5.643088405983945, "C.R.P._309_2013.pdf": 11.28617681196789}, "saiduzzaman": {"CPs.10-18of2011.pdf": 5.643088405983945, "HR-19of1996.pdf": 5.643088405983945, "Const.P.12of2010.pdf": 5.643088405983945, "H.R.C.19of1996[AsgharKhanCase]DetailedReasons.pdf": 28.215442029919725, "S.M.C._18_2016.pdf": 5.643088405983945, "C.P._78_K_2015.pdf": 5.643088405983945, "c.a._353_2010.pdf": 5.643088405983945, "J.P.No.56of2005.pdf": 5.643088405983945, "const.p._24_2023_f.pdf": 11.28617681196789},