{"sap": {"ConstitutionPetitionNo21OF2007.pdf": 5.760871441640328, "SMC16of2011_detailed_judgment.pdf": 5.760871441640328, "Supreme_Judicial_Council_242_2015.pdf": 5.760871441640328, "c.a._681_2020.pdf": 5.760871441640328, "c.a._1731_2021.pdf": 5.760871441640328, "s.m.c._4_2021_26082021.pdf": 5.760871441640328, "c.r.p._310_2018.pdf": 11.521742883280655, "C.M.A._8215_2016.pdf": 5.760871441640328}, "sapphire": {"Const.P.77of2012[DetailedOrderFinal].pdf": 5.760871441640328, "HRC7734-G_1003-GOF2009[UrduTranslation].pdf": 5.760871441640328, "HRC7734-G_1003-GOF2009[AllegedCorruptionInRentalPowerPlants].pdf": 5.760871441640328, "C.A._1171_2017.pdf": 17.282614324920985, "c.a._1095_2018_13092019.pdf": 5.760871441640328, "c.r.p._421_2020.pdf": 17.282614324920985, "C.A._1049_2011.pdf": 17.282614324920985, "C.A._1646_2000.pdf": 5.760871441640328}, "sape": {"c.a._371_2020.pdf": 7.840312983320164}, "sapo": {"S.M.C._01_2010.pdf": 7.840312983320164}, "sappi": {"Crl.A._402_2013.pdf": 6.741700694652055, "Crl.M.A._200_2019.pdf": 6.741700694652055, "Crl.A.126of2012.pdf": 13.48340138930411}, "sapm": {"const.p._17_2019_detailed_reasoning.pdf": 86.2434428165218}, "sapling": {"c.a._547_2012.pdf": 7.840312983320164}, "sapper": {"C.A._654_2007.pdf": 7.840312983320164}, "saprema": {"ICA3,4,6TO11of2011dt2011.04.pdf": 7.840312983320164}}