{"saza": {"H.R.C.19of1996[AsgharKhanCase]DetailedReasons.pdf": 7.1471658027602185, "CMA2745of2009etc.pdf": 14.294331605520437}, "sazda": {"Crl.O.P.89of2011.pdf": 7.840312983320164}, "sazco": {"c.a._ 870_2020.pdf": 14.294331605520437, "c.a._1731_2021.pdf": 7.1471658027602185}}