{"sb": {"Const.P_6of2011.pdf": 6.048553514092109, "SMC16of2011_detailed_judgment.pdf": 6.048553514092109, "Crl.O.P.89of2011.pdf": 6.048553514092109, "Const.P._38_2016_2.pdf": 6.048553514092109, "hrc.14392_2013.pdf": 6.048553514092109, "Crl.A._148_L_2017.pdf": 12.097107028184219}}