{"sbf": {"Const.P.5of2013.pdf": 7.840312983320164}, "sbfc": {"Const.P.5of2013.pdf": 7.1471658027602185, "CJD_Section 2-A_Case_as_on_26_06_2006.pdf": 14.294331605520437}}