{"scc": {"Const.P.127of2012.pdf": 18.972899878779632, "ConstitutionPetitionNo21OF2007.pdf": 5.420828536794181, "c.p._852_2020.pdf": 10.841657073588362, "S.M.C._28_2018.pdf": 10.841657073588362, "C.R.P._49_2016.pdf": 2.7104142683970904, "c.m.a._87_2122.pdf": 2.7104142683970904, "NRO_Judgment.pdf": 8.13124280519127, "Const.P.40of2012-DetailJudgment[UrduTranslation]-dt-3.7.2012.pdf": 2.7104142683970904, "c.p._3436_l_2022.pdf": 10.841657073588362, "j.p._587_2016.pdf": 2.7104142683970904, "C.A._3_2018_dt-14-9-2018.pdf": 2.7104142683970904, "Const.P.12of2010.pdf": 40.65621402595636, "Const.P.87of2011[UrduVersion].pdf": 5.420828536794181, "Const.P.12of2010Urdu.pdf": 2.7104142683970904, "Const.P.33_2013.pdf": 24.393728415573815, "Const.P._29_2016.pdf": 5.420828536794181, "Const.P.77of2012[DetailedOrderFinal].pdf": 24.393728415573815, "C.A._3_2018.pdf": 2.7104142683970904, "c.p._2243_l_2019.pdf": 2.7104142683970904, "Const.P._36_2016_dt_15_12_2017.pdf": 5.420828536794181, "S.M.C.24of2010[urdu-version].pdf": 8.13124280519127, "Ref.01_2012_addl.note_HJ.ejaz_afzal_khan.pdf": 2.7104142683970904, "Const.P.NO.62OF2010_orderdt06062011.pdf": 5.420828536794181, "H.R.C.19of1996[AsgharKhanCase]DetailedReasonsUrduTranslation.pdf": 2.7104142683970904, "S.M.C.18OF2010.pdf": 24.393728415573815, "s.m.c._1_2022_detailed.pdf": 13.552071341985453, "SMC16of2011_detailed_judgment.pdf": 21.683314147176723, "crl.a._95_2019.pdf": 2.7104142683970904, "HRC7734-G_1003-GOF2009[UrduTranslation].pdf": 13.552071341985453, "CP778-779.pdf": 2.7104142683970904, "Const.P.40of2012-DetailJudgment-dt-3.7.2012.pdf": 5.420828536794181, "smc.11_2011.pdf": 18.972899878779632, "H.R.C.19of1996[AsgharKhanCase]DetailedReasons.pdf": 2.7104142683970904, "Const.P.77-78-79 [Memogate]DetailedOrder.pdf": 21.683314147176723, "C.P.796of2007-dt-10-5-2013.pdf": 18.972899878779632, "crl.a._03_p_2017.pdf": 5.420828536794181, "CJD_Reference by_the_President_of_Pakistan_under_Article_186.pdf": 8.13124280519127, "c.m.appeal_39_2021.pdf": 2.7104142683970904, "Crl.O.P.89of2011.pdf": 5.420828536794181, "Const.P.5of2013.pdf": 2.7104142683970904, "Crl.P.163_to_171_S.M.C.5_2005.pdf": 2.7104142683970904, "HRC7734-G_1003-GOF2009[AllegedCorruptionInRentalPowerPlants].pdf": 13.552071341985453, "c.p._1057_2019.pdf": 32.52497122076508, "const.p._24_2017.pdf": 8.13124280519127, "i.c.a._1_2024_dn_20032024.pdf": 2.7104142683970904, "c.r.p._421_2020_dissenting_notes.pdf": 2.7104142683970904, "C.A._176_2015.pdf": 2.7104142683970904, "crl.m.a._62_p_2018.pdf": 13.552071341985453, "c.p._1417_2022.pdf": 2.7104142683970904, "c.p._3950_2019.pdf": 2.7104142683970904, "Crl.A._1-K_2018.pdf": 5.420828536794181, "c.r.p._296_2020_29012022.pdf": 2.7104142683970904, "c.r.p._296_2020_04022022.pdf": 5.420828536794181, "c.a._446_2021.pdf": 2.7104142683970904, "c.p._150_2024_3012024.pdf": 2.7104142683970904, "C.P.41_66_2015.pdf": 2.7104142683970904, "Const.P._24_2012.pdf": 5.420828536794181, "Const.P.87of2011.pdf": 5.420828536794181, "C.P._3345_2016.pdf": 2.7104142683970904, "C.A._359_2013.pdf": 5.420828536794181, "c.p._3127_2020.pdf": 2.7104142683970904, "const.p._17_2020_dissenting_note_hj11.pdf": 2.7104142683970904, "c.p._3186_2020.pdf": 2.7104142683970904, "c.a._24_2015.pdf": 2.7104142683970904, "C.A._1428_2016.pdf": 18.972899878779632, "c.a._444_2017.pdf": 2.7104142683970904, "Crl.P._169_2007.pdf": 2.7104142683970904, "C.A._2564_2001.pdf": 21.683314147176723, "crl.p._105_k_2020.pdf": 2.7104142683970904, "const.p.37_2012_final.pdf": 5.420828536794181, "c.a._1095_2018_13092019.pdf": 5.420828536794181, "c.r.p._421_2020.pdf": 2.7104142683970904, "c.a._21_2021.pdf": 5.420828536794181, "const.p._21_2023_11082023.pdf": 5.420828536794181, "SMC.13-2009.pdf": 21.683314147176723, "c.a.1540-1599_2013.pdf": 18.972899878779632, "Const.P.No.33and34of2005-dt-27-6-2013.pdf": 2.7104142683970904, "c.p._3286_2017.pdf": 5.420828536794181, "J.P.No.56of2005.pdf": 2.7104142683970904, "c.p._3855_2022.pdf": 13.552071341985453, "C.A.800Lof2013etc.pdf": 27.104142683970906, "Const.P._29_2017.pdf": 16.26248561038254, "c.p._819_2017.pdf": 2.7104142683970904, "c.a._458_2017.pdf": 2.7104142683970904, "c.a._1476_2018.pdf": 10.841657073588362, "c.a._17_q_2021.pdf": 2.7104142683970904, "c.a._ 870_2020.pdf": 2.7104142683970904, "c.p._596_2021.pdf": 5.420828536794181, "c.p._2_2022_dissenting_note.pdf": 2.7104142683970904, "const.p._6_2023_dt_05_01_2023.pdf": 24.393728415573815, "Const.P.91of2011Dt-23-8-2012.pdf": 2.7104142683970904, "c.a._1113_2017_dissenting_note.pdf": 5.420828536794181, "c.r.p._420_2016.pdf": 16.26248561038254, "c.p._686_k_2019.pdf": 8.13124280519127, "const.p._24_2023_f.pdf": 2.7104142683970904, "c.p._593_l_2021.pdf": 2.7104142683970904, "crl_r_p.8-l_2013.pdf": 2.7104142683970904, "c.p._1496_k_2021.pdf": 8.13124280519127, "reference_1_2020.pdf": 13.552071341985453, "crl.a._120_2019.pdf": 2.7104142683970904, "CMA2745of2009etc.pdf": 40.65621402595636, "c.p._4294_2019.pdf": 2.7104142683970904, "c.p._349_l_2017.pdf": 13.552071341985453, "c.p._1336_l_2021.pdf": 2.7104142683970904, "c.a._550_2020.pdf": 2.7104142683970904, "crl.a._48_2021.pdf": 13.552071341985453, "const.p._17_2020_dissenting_note_hj4.pdf": 2.7104142683970904, "JR_Varan_Case.pdf": 2.7104142683970904, "ref._2_2022_13092023_2.pdf": 2.7104142683970904, "c.a._1280_2019.pdf": 2.7104142683970904, "Crl.P.No.426of2009&Crl.A.No.pdf": 2.7104142683970904, "c.a._1113_2017.pdf": 13.552071341985453, "JR_The_State_through_NAB_VS_Haji_Nasim-ur-Rehman.pdf": 2.7104142683970904, "SMC24-2010.pdf": 10.841657073588362, "Const.P._35_2016_dt_15_12_2017.pdf": 2.7104142683970904, "c.p._3944_2019.pdf": 2.7104142683970904, "ICA3,4,6TO11of2011dt2011.04.pdf": 8.13124280519127, "c.p._2913_2021.pdf": 2.7104142683970904, "c.a._94_2008.pdf": 8.13124280519127, "c.p._3989_2022.pdf": 2.7104142683970904, "c.a._1422_2019.pdf": 2.7104142683970904, "c.p._1842_l_2022.pdf": 13.552071341985453, "s.m.c._4_2021_26082021.pdf": 2.7104142683970904, "c.p._803_2019.pdf": 5.420828536794181, "c.a._52_k_2022.pdf": 18.972899878779632, "c.p._940_k_2022.pdf": 5.420828536794181, "Crl.O.P.6of2012.pdf": 2.7104142683970904, "Const.P._134_2012_21012019.pdf": 2.7104142683970904, "C.A._157_K_2016.pdf": 2.7104142683970904, "c.p._1369_l_2019.pdf": 18.972899878779632, "c.a._179_2016.pdf": 2.7104142683970904, "c.p._2717_l_2015.pdf": 2.7104142683970904, "C.A._1000_2006.pdf": 5.420828536794181, "c.p._446_l_2014.pdf": 5.420828536794181, "c.a._570_2011.pdf": 5.420828536794181, "H.R.C._17599_2018.pdf": 10.841657073588362, "c.a._1275_2009.pdf": 2.7104142683970904, "c.a._722_2012.pdf": 2.7104142683970904, "c.p._2270_2019.pdf": 8.13124280519127, "c.m.a._1243_2021_04042022.pdf": 2.7104142683970904, "c.r.p._432_k_2022.pdf": 13.552071341985453, "CJD_Section 2-A_Case_as_on_26_06_2006.pdf": 2.7104142683970904, "C.P._661_K_2015.pdf": 5.420828536794181, "c.a._1547_2019.pdf": 16.26248561038254, "c.p._84_p_2020.pdf": 2.7104142683970904, "crl.m.a._1659_2019.pdf": 2.7104142683970904, "C.P._2167_2014.pdf": 2.7104142683970904, "crl.p._46_p_2016.pdf": 2.7104142683970904, "CJD_Pakistan_Steel_Mills_Case.pdf": 2.7104142683970904, "c.a._317_l_2011.pdf": 2.7104142683970904, "HR8340OF2010.pdf": 13.552071341985453, "c.p._2414_l_2015.pdf": 2.7104142683970904, "c.p._3122_2020.pdf": 8.13124280519127, "C.A._682_2008.pdf": 2.7104142683970904, "C.A.83and84of2006.pdf": 21.683314147176723, "Const.P.59of2011.pdf": 10.841657073588362, "S.M.C._7_2017_06022019.pdf": 10.841657073588362, "C.A._539_2003.pdf": 10.841657073588362, "c.p._4806_2019.pdf": 24.393728415573815, "C.M.A._8215_2016.pdf": 5.420828536794181, "c.p._1276_2020.pdf": 5.420828536794181, "JR_Fecto_Belarus_Tractor_Limited_Case.pdf": 24.393728415573815, "CPs987-989OF2011-DT19.10.2011.pdf": 13.552071341985453, "c.a._196_p_2014_13062023.pdf": 2.7104142683970904, "c.a._1692_2021.pdf": 2.7104142683970904, "c.a._40_q_2018.pdf": 2.7104142683970904, "c.p._1965_2019.pdf": 2.7104142683970904, "Const.P.5and15-HRC14144-DetailedReasons.pdf": 5.420828536794181,