{"scenario": {"Const.P.127of2012.pdf": 12.381523419827657, "ConstitutionPetitionNo21OF2007.pdf": 3.095380854956914, "Const.P.12of2010.pdf": 6.190761709913828, "C.A._104-L_2015.pdf": 3.095380854956914, "S.M.C._20_2016.pdf": 6.190761709913828, "Const.P.33_2013.pdf": 3.095380854956914, "Const.P._29_2016.pdf": 18.572285129741484, "Const.P._36_2016_dt_15_12_2017.pdf": 3.095380854956914, "C.A._233_2015.pdf": 6.190761709913828, "Const.P.30of2013.pdf": 3.095380854956914, "S.M.C.24of2010[urdu-version].pdf": 3.095380854956914, "Const.P.NO.62OF2010_orderdt06062011.pdf": 3.095380854956914, "s.m.c._1_2022_detailed.pdf": 6.190761709913828, "SMC16of2011_detailed_judgment.pdf": 12.381523419827657, "CP778-779.pdf": 3.095380854956914, "C.P.796of2007-dt-10-5-2013.pdf": 3.095380854956914, "JR_Judgment_on_17th_Amendmend_and_Presidents_Uniform_Case.pdf": 3.095380854956914, "crp.328-329_2013.pdf": 3.095380854956914, "c.a._2434_2016.pdf": 3.095380854956914, "Crl.P.163_to_171_S.M.C.5_2005.pdf": 3.095380854956914, "crl.a._128_2020.pdf": 3.095380854956914, "c.p._1057_2019.pdf": 18.572285129741484, "S.M.C._19_2016.pdf": 6.190761709913828, "i.c.a._1_2024_dn_20032024.pdf": 3.095380854956914, "C.P._3460_2015.pdf": 3.095380854956914, "Constitution_Petition_No.18.pdf": 3.095380854956914, "crl.a._541_2020.pdf": 3.095380854956914, "c.a._1076_2019.pdf": 3.095380854956914, "c.a._401_2015.pdf": 3.095380854956914, "s.m.c._1_2020_19052020.pdf": 3.095380854956914, "j.p._488_2015.pdf": 3.095380854956914, "JR_Detailed_Judgment_in_Graduation_Qualification_Case.pdf": 3.095380854956914, "c.r.p._296_2020_29012022.pdf": 3.095380854956914, "j.p._501_2018.pdf": 6.190761709913828, "c.r.p._296_2020_04022022.pdf": 6.190761709913828, "c.a._10_k_2019.pdf": 3.095380854956914, "c.a._446_2021.pdf": 3.095380854956914, "JR_Detailed_Judgment_in_Referendum_Case.pdf": 6.190761709913828, "crl.a._324_2021.pdf": 3.095380854956914, "Const.P.No.77of2012[ShortOrder2.8.2012].pdf": 3.095380854956914, "const.p._2_2022_14102022.pdf": 3.095380854956914, "crl.p._299_2020_07042020.pdf": 3.095380854956914, "crl.p._1485_l_2019.pdf": 3.095380854956914, "C.A._1563_2014.pdf": 6.190761709913828, "crl.sh.a._16_2017.pdf": 3.095380854956914, "C.P._2669_2016.pdf": 3.095380854956914, "c.p._1026_2021.pdf": 3.095380854956914, "C.A._301_2014.pdf": 3.095380854956914, "c.a._39_k_2021.pdf": 3.095380854956914, "c.a._647_2018.pdf": 9.286142564870742, "c.m.a.145_q_2022_dt_02_01_23.pdf": 3.095380854956914, "const.p.37_2012_final.pdf": 3.095380854956914, "S.M.C._03_2017.pdf": 3.095380854956914, "const.p._17_2019_detailed_reasoning.pdf": 6.190761709913828, "c.a._377_2014.pdf": 3.095380854956914, "s.m.c._3_2022_06012023.pdf": 3.095380854956914, "C.A._1611_2014.pdf": 3.095380854956914, "c.p._819_2017.pdf": 3.095380854956914, "c.p._648_l_2021_detailed.pdf": 3.095380854956914, "c.a._458_2017.pdf": 6.190761709913828, "C.P._892_2015.pdf": 3.095380854956914, "c.p._1077_2018.pdf": 3.095380854956914, "c.a._84_k_2023.pdf": 3.095380854956914, "crl.a._597_2018_dt_25_01_2024.pdf": 6.190761709913828, "C.A._767_2014.pdf": 3.095380854956914, "const.p._6_2023_dt_05_01_2023.pdf": 6.190761709913828, "C.A._1216_2015.pdf": 3.095380854956914, "c.p._686_k_2019.pdf": 3.095380854956914, "c.p._1133_l_2016.pdf": 6.190761709913828, "const.p._24_2023_f.pdf": 3.095380854956914, "Crl.A._274_2006.pdf": 3.095380854956914, "c.p._5632_2021.pdf": 3.095380854956914, "const.p._64_2013.pdf": 3.095380854956914, "CMA2745of2009etc.pdf": 3.095380854956914, "C.A._1242_2013.pdf": 6.190761709913828, "c.a._1498_2018.pdf": 9.286142564870742, "c.p._42_2024_25012024.pdf": 6.190761709913828, "Crl.A._106_L_2017.pdf": 3.095380854956914, "c.p._3573_2020.pdf": 3.095380854956914, "c.a._323_2018.pdf": 3.095380854956914, "c.a._1731_2021.pdf": 3.095380854956914, "const.p._24_2023_23062023.pdf": 3.095380854956914, "const.p._17_2020_dissenting_note_hj4.pdf": 3.095380854956914, "c.p._1920_2022.pdf": 3.095380854956914, "C.M.A._376-K_2014.pdf": 3.095380854956914, "crl.p._263_l_2015.pdf": 3.095380854956914, "Const.P.20of2013-dt-28-6-2013.pdf": 3.095380854956914, "C.P._3364_2016.pdf": 3.095380854956914, "ICA3,4,6TO11of2011dt2011.04.pdf": 6.190761709913828, "c.a._152_l_2010.pdf": 3.095380854956914, "c.p._803_2019.pdf": 3.095380854956914, "c.a._284_2017.pdf": 3.095380854956914, "crl.p._1806_l_2017.pdf": 3.095380854956914, "c.p._409_l_2021.pdf": 3.095380854956914, "C.A._1169_2014.pdf": 3.095380854956914, "crl.p._806_2022.pdf": 3.095380854956914, "Const.P.73of2011.pdf": 3.095380854956914, "ca679-lof2012.pdf": 3.095380854956914, "c.a._179_2016.pdf": 3.095380854956914, "crl.a._277_2020.pdf": 3.095380854956914, "c.p._4222_2018.pdf": 3.095380854956914, "c.p._3041_2020.pdf": 3.095380854956914, "c.p.1795_2022.pdf": 3.095380854956914, "H.R.C._17599_2018.pdf": 3.095380854956914, "crl.a._180_2020.pdf": 3.095380854956914, "C.A._2669_2016.pdf": 3.095380854956914, "crl.m.a._130_k_2019.pdf": 3.095380854956914, "Crl.A._218_2015.pdf": 3.095380854956914, "Crl.A_6_P_2010.pdf": 3.095380854956914, "c.a._1547_2019.pdf": 6.190761709913828, "CMA3258of2013inCP65of09DetailOrder.pdf": 3.095380854956914, "c.a._317_l_2011.pdf": 3.095380854956914, "C.A._1440_2007.pdf": 3.095380854956914, "C.M.A._8215_2016.pdf": 6.190761709913828, "C.P._632_2018.pdf": 3.095380854956914}, "scene": {"Const.P.127of2012.pdf": 2.75271664808778, "ConstitutionPetitionNo21OF2007.pdf": 8.258149944263339, "Crl.P._9-P_2016.pdf": 2.75271664808778, "C.P.796of2007-UrduTranslation-dt-10-5-2013.pdf": 2.75271664808778, "Crl.A._39_L_2015.pdf": 5.50543329617556, "Crl.A._190_2016.pdf": 2.75271664808778, "Crl.P._630_2017.pdf": 5.50543329617556, "AdditionalNoteConst.P.77of2012.pdf": 2.75271664808778, "CMA_1145-K_2013_in_SMC_16-2011_08-03-2013.pdf": 2.75271664808778, "Const.P._29_2016.pdf": 8.258149944263339, "crl.p._407_2022.pdf": 2.75271664808778, "Const.P.77of2012[DetailedOrderFinal].pdf": 2.75271664808778, "crl.p._907_2020.pdf": 2.75271664808778, "c.p._2243_l_2019.pdf": 2.75271664808778, "crl.a._599_2020_26032021.pdf": 8.258149944263339, "S.J.C_347_2018.PDF": 2.75271664808778, "crl.p._849_2019.pdf": 2.75271664808778, "CMA_1145-K_2013_in_SMC_16-2011_06-03-2013.pdf": 5.50543329617556, "Const.P.NO.62OF2010_orderdt06062011.pdf": 2.75271664808778, "j.p._147_2016.pdf": 11.01086659235112, "crl.a._95_2019.pdf": 5.50543329617556, "smc_1_2014.pdf": 2.75271664808778, "Const.P.77-78-79 [Memogate]DetailedOrder.pdf": 2.75271664808778, "Crl.A._39_L_2015_Urdu.pdf": 13.7635832404389, "C.P.796of2007-dt-10-5-2013.pdf": 5.50543329617556, "c.a._73_2016.pdf": 2.75271664808778, "Crl.A._382_2011.pdf": 8.258149944263339, "crl.p._883_l_2022.pdf": 2.75271664808778, "Crl.P.163_to_171_S.M.C.5_2005.pdf": 8.258149944263339, "crl.a._128_2020.pdf": 2.75271664808778, "crl.p._610_2020.pdf": 2.75271664808778, "Crl.A._135_L_2017.pdf": 2.75271664808778, "Crl.A._160_L_2017.pdf": 2.75271664808778, "crl.a._40_2020.pdf": 2.75271664808778, "crl.sh.a._9_2017.pdf": 11.01086659235112, "j.p._684_2016.pdf": 2.75271664808778, "j.p._335_2017.pdf": 2.75271664808778, "j.p._210_2018.pdf": 2.75271664808778, "Const.P.77to85of2011-ShortOrder-1.pdf": 2.75271664808778, "j.p._415_2018.pdf": 2.75271664808778, "crl.p._290_l_2015.pdf": 5.50543329617556, "crl.p._17_l_2018.pdf": 2.75271664808778, "crl.a._20_2018.pdf": 2.75271664808778, "crl.p._1054_2023.pdf": 8.258149944263339, "j.p._488_2015.pdf": 2.75271664808778, "JR_Detailed_Judgment_in_Graduation_Qualification_Case.pdf": 2.75271664808778, "crl.p._1001_l_2017.pdf": 2.75271664808778, "j.p._467_2017.pdf": 2.75271664808778, "crl.p._54_p_2012.pdf": 2.75271664808778, "c.p._3506_2020.pdf": 2.75271664808778, "crl.p._1612_2021.pdf": 2.75271664808778, "j.p._501_2018.pdf": 2.75271664808778, "c.p._1787_l_2022.pdf": 2.75271664808778, "Crl.A._126_2010.pdf": 2.75271664808778, "const.p._2_2022_14102022.pdf": 5.50543329617556, "crl.p._251_2020.pdf": 2.75271664808778, "crl.a._181_2012.pdf": 2.75271664808778, "Crl.A._107_L_2017.pdf": 5.50543329617556, "crl.p._167_k_2022.pdf": 8.258149944263339,