{"scj": {"ConstitutionPetitionNo21OF2007.pdf": 6.230875070886063, "S.M.C.18OF2010.pdf": 6.230875070886063, "C.A._1178_2008.pdf": 6.230875070886063, "c.p._2144_2016.pdf": 6.230875070886063, "C.A._542-L_2012.pdf": 6.230875070886063}}