{"scn": {"c.r.p._296_2020_04022022.pdf": 6.454018622200273, "const.p._17_2019_detailed_reasoning.pdf": 135.53439106620573, "C.A._1509_2016.pdf": 32.270093111001366, "const.p._43_2023.pdf": 32.270093111001366}}