{"scp": {"c.p._3436_l_2022.pdf": 4.343805421853684, "S.J.C_347_2018.PDF": 8.687610843707368, "HRC7734-G_1003-GOF2009[UrduTranslation].pdf": 17.375221687414736, "HRC7734-G_1003-GOF2009[AllegedCorruptionInRentalPowerPlants].pdf": 17.375221687414736, "Supreme_Judicial_Council_242_2015.pdf": 8.687610843707368, "i.c.a._1_2024_dn_20032024.pdf": 4.343805421853684, "c.p._1857_2022.pdf": 4.343805421853684, "c.p._1503_2022.pdf": 4.343805421853684, "const.p._6_2023_07032024.pdf": 13.031416265561052, "c.p._150_2024_3012024.pdf": 8.687610843707368, "const.p.39_90_2011.pdf": 4.343805421853684, "c.p._1290_l_2019.pdf": 4.343805421853684, "c.p._2712_2020.pdf": 4.343805421853684, "crl.p._235_l_2015.pdf": 8.687610843707368, "c.a._982_2018_19022024.pdf": 4.343805421853684, "c.p._3767_2023.pdf": 4.343805421853684, "const.p._21_2022_30102023.pdf": 4.343805421853684, "C.A._307-L_2015.pdf": 4.343805421853684, "crl.p._994_2022.pdf": 8.687610843707368, "s.m.c._1_2023_27032023.pdf": 13.031416265561052, "Const.P.39and90of2011-dt-3-5-2013.pdf": 4.343805421853684, "C.M.A._1656_2015.pdf": 4.343805421853684, "const.p._24_2023_26062023.pdf": 8.687610843707368, "c.p._1257_2020.pdf": 4.343805421853684, "c.p._1441_2021.pdf": 4.343805421853684, "c.a._982_2018_19022024_2.pdf": 4.343805421853684, "c.p._4305_2023.pdf": 4.343805421853684, "c.p._2717_l_2015.pdf": 4.343805421853684, "Crl.O.P.70_2012_dt_10-09-2013.pdf": 13.031416265561052, "c.p._3797_2020.pdf": 4.343805421853684, "c.p._2270_2019.pdf": 4.343805421853684, "c.p._1716_2022.pdf": 4.343805421853684, "c.a._142_2019.pdf": 8.687610843707368}, "scppa": {"i.c.a._1_2024_dn_20032024.pdf": 23.52093894996049}}