{"scurrilous": {"C.M.A._3854_2014_dt_17-04-2015.pdf": 6.048553514092109, "C.A._90_2011_EnglishVersion.pdf": 6.048553514092109, "C.M.A._3854_2014_dt_31-3-2015.pdf": 6.048553514092109, "const.p._19_2020.pdf": 6.048553514092109, "Const.P._29_2017.pdf": 24.194214056368438, "C.P._4876_2018.pdf": 6.048553514092109}, "scuffle": {"crl.a._400_2019.pdf": 11.075455780652236, "crl.p._1067_2020.pdf": 5.537727890326118, "crl.p._499_2019.pdf": 5.537727890326118, "crl.p._911_2020.pdf": 5.537727890326118, "crl.a._291_2020.pdf": 5.537727890326118, "C.A._424_2015.pdf": 5.537727890326118, "crl.m.a._1581_2021.pdf": 5.537727890326118, "Crl.A._466_2017.pdf": 5.537727890326118, "j.p._450_2015.pdf": 11.075455780652236, "c.a._1684_2021.pdf": 11.075455780652236}, "scuttle": {"Const.P.12of2010.pdf": 6.741700694652055, "Const.P._29_2016.pdf": 13.48340138930411, "HR8340OF2010.pdf": 6.741700694652055}, "scug": {"C.R.P._125_2014.pdf": 6.741700694652055, "C.P._78_K_2015.pdf": 20.225102083956166, "C.R.P.193of2013.pdf": 6.741700694652055}, "sculpture": {"c.p._3506_2020.pdf": 7.840312983320164}, "sculpt": {"const.p._24_2023_f.pdf": 7.1471658027602185, "c.a._512_2021.pdf": 7.1471658027602185}}