{"scw": {"C.A._2564_2001.pdf": 6.741700694652055, "C.A.800Lof2013etc.pdf": 6.741700694652055, "c.p._1496_k_2021.pdf": 6.741700694652055}, "scwr": {"c.p._1496_k_2021.pdf": 7.1471658027602185, "CMA2745of2009etc.pdf": 7.1471658027602185}}