{"sda": {"C.R.P._125_2014.pdf": 6.741700694652055, "C.R.P.193of2013.pdf": 6.741700694652055, "c.a._2186_2017.pdf": 20.225102083956166}, "sdame": {"Const.P35of2013-dt-20-7-2013.pdf": 7.840312983320164}}