{"sdd": {"Const.P.33_2013.pdf": 7.840312983320164}, "sdditional": {"c.p._1170_2018.pdf": 7.840312983320164}}