{"sdk": {"Const.P._134_2012.pdf": 7.1471658027602185, "Const.P._134_2012_21012019.pdf": 7.1471658027602185}}