{"sdl": {"c.a._97_2021.pdf": 11.28617681196789, "crl.m.a._62_p_2018.pdf": 5.643088405983945, "c.a._1767_2019.pdf": 5.643088405983945, "c.a._471_l_2012.pdf": 5.643088405983945, "c.a._597_2020.pdf": 5.643088405983945, "c.a._1134_2020.pdf": 5.643088405983945, "j.p._201_2015.pdf": 5.643088405983945, "c.a._925_2020.pdf": 5.643088405983945, "c.a._498_2020.pdf": 5.643088405983945}}