{"sdo": {"smc.18_2010_final.pdf": 10.550727251717255, "ca.a_239_2020.pdf": 5.275363625858628, "c.a._240_2020.pdf": 5.275363625858628, "c.a._249_2020.pdf": 5.275363625858628, "c.a._232_2020.pdf": 5.275363625858628, "const.p.115_2011.pdf": 10.550727251717255, "c.a._914_l_2013.pdf": 5.275363625858628, "c.a._258_2020.pdf": 5.275363625858628, "c.p._1441_2021.pdf": 5.275363625858628, "S.M.C_15_2015.pdf": 5.275363625858628, "c.a._268_2020.pdf": 5.275363625858628, "c.a._231_2020.pdf": 5.275363625858628, "c.p._820_2019.pdf": 10.550727251717255}}