{"se": {"C.A._1171_2013.pdf": 2.5470081585956716, "Const.P.127of2012.pdf": 15.28204895157403, "c.p._1193_2020.pdf": 5.094016317191343, "ConstitutionPetitionNo21OF2007.pdf": 2.5470081585956716, "CPs.10-18of2011.pdf": 2.5470081585956716, "SMC5of2012[UrduVersion]dt16-6-2012.pdf": 2.5470081585956716, "crl.s.m.r.p._84_2018.pdf": 2.5470081585956716, "C.R.P._49_2016.pdf": 5.094016317191343, "crl.a._400_2019.pdf": 2.5470081585956716, "c.a._653_2014.pdf": 5.094016317191343, "Const.P._29_2016_28072016.pdf": 2.5470081585956716, "Crl.A._39_L_2015.pdf": 5.094016317191343, "NRO_Judgment.pdf": 7.641024475787015, "Const.P.12of2010.pdf": 15.28204895157403, "C.A._104-L_2015.pdf": 5.094016317191343, "S.M.C._20_2016.pdf": 12.735040792978358, "const.p.42of2011.pdf": 2.5470081585956716, "Const.P.59of2011dt-9-4-2013[UrduTranslation].pdf": 2.5470081585956716, "C.A._2215_2006.pdf": 2.5470081585956716, "C.R.P._125_2014.pdf": 2.5470081585956716, "smc.18_2010_final.pdf": 2.5470081585956716, "Const.P.77of2012[DetailedOrderFinal].pdf": 10.188032634382687, "crl.a._599_2020_26032021.pdf": 5.094016317191343, "Const.P._36_2016_dt_15_12_2017.pdf": 15.28204895157403, "CPLA_796_2007_ETC_SHORT_ORDER_REKO_DIQ_CASE.pdf": 2.5470081585956716, "C.A._2109_2016.pdf": 2.5470081585956716, "Ref.01_2012_addl.note_HJ.ejaz_afzal_khan.pdf": 43.29913869612642, "Const.P.NO.62OF2010_orderdt06062011.pdf": 15.28204895157403, "crl.a._95_2019.pdf": 10.188032634382687, "Crl.A._94_2019.pdf": 2.5470081585956716, "Const.P.40of2012-DetailJudgment-dt-3.7.2012.pdf": 2.5470081585956716, "c.a._108_2015.pdf": 2.5470081585956716, "H.R.C.19of1996[AsgharKhanCase]DetailedReasons.pdf": 2.5470081585956716, "Const.P.77-78-79 [Memogate]DetailedOrder.pdf": 2.5470081585956716, "C.P.796of2007-dt-10-5-2013.pdf": 2.5470081585956716, "C.A._514_2008.pdf": 2.5470081585956716, "CJD_Reference by_the_President_of_Pakistan_under_Article_186.pdf": 2.5470081585956716, "crp.328-329_2013.pdf": 2.5470081585956716, "c.a._73_2016.pdf": 2.5470081585956716, "C.P.No.1017-Lof2011.pdf": 2.5470081585956716, "Crl.O.P.89of2011.pdf": 5.094016317191343, "C.A._137-K_1976.pdf": 2.5470081585956716, "Const.P.5of2013.pdf": 5.094016317191343, "Crl.P.163_to_171_S.M.C.5_2005.pdf": 5.094016317191343, "C.A.540_L_2009_dt_05_01_2017.pdf": 2.5470081585956716, "crl.a._128_2020.pdf": 2.5470081585956716, "C.A._704_2017.pdf": 2.5470081585956716, "C.A._1072_2005.pdf": 5.094016317191343, "C.A._1084_2008.pdf": 2.5470081585956716, "i.c.a._1_2024_dn_20032024.pdf": 5.094016317191343, "c.a._33_k_2018.pdf": 2.5470081585956716, "c.p._302_2019.pdf": 2.5470081585956716, "c.p._167_p_2022.pdf": 2.5470081585956716, "c.a._731_2016.pdf": 5.094016317191343, "const.p._24_2023_an_10012024_r.pdf": 2.5470081585956716, "c.a._515_2015.pdf": 5.094016317191343, "c.a._1355_2006.pdf": 2.5470081585956716, "c.a._799_2021.pdf": 2.5470081585956716, "C.A._417-L_2009.pdf": 10.188032634382687, "C.A._1189_2014.pdf": 2.5470081585956716, "c.p._609_2020.pdf": 2.5470081585956716, "c.p._419_2019.pdf": 2.5470081585956716, "C.P._3068_2017.pdf": 5.094016317191343, "crl.p._520_2020.pdf": 2.5470081585956716, "j.p._865_2017.pdf": 2.5470081585956716, "Const.P.39of2007-dt-25-6-2013.pdf": 5.094016317191343, "c.r.p._296_2020_04022022.pdf": 2.5470081585956716, "crl.p._927_l_2021.pdf": 2.5470081585956716, "c.p._211_q_2017.pdf": 2.5470081585956716, "c.a._2150_2019.pdf": 2.5470081585956716, "c.p._310_l_2017.pdf": 2.5470081585956716, "c.a._446_2021.pdf": 7.641024475787015, "C.P._1067_2016.pdf": 2.5470081585956716, "JR_Detailed_Judgment_in_Referendum_Case.pdf": 2.5470081585956716, "crl.p._1016_l_2021.pdf": 2.5470081585956716, "C.A._633_2007.pdf": 5.094016317191343, "C.P._1088_2016.pdf": 2.5470081585956716, "Const.P._39_2016.pdf": 38.20512237893507, "Const.P.87of2011.pdf": 2.5470081585956716, "C.A._1560_2008.pdf": 2.5470081585956716, "c.a._797_2013.pdf": 2.5470081585956716, "const.p.9_2014.pdf": 5.094016317191343, "const.p.9_2014_detail_reasons.pdf": 71.3162284406788, "const.p._17_2020_dissenting_note_hj11.pdf": 2.5470081585956716, "j.p._557_2016.pdf": 2.5470081585956716, "Crl.A._210_2015.pdf": 2.5470081585956716, "C.A._95_2005.pdf": 2.5470081585956716, "Const.P._38_2016_2.pdf": 2.5470081585956716, "c.a._1219_2015.pdf": 5.094016317191343, "Crl.A._178-L_2009.pdf": 2.5470081585956716, "C.A._1428_2016.pdf": 5.094016317191343, "crl.p._955_l_2016.pdf": 2.5470081585956716, "i.c.a._1_2024_15032024.pdf": 2.5470081585956716, "c.a._1226_2016.pdf": 2.5470081585956716, "C.R.P._94_2014.pdf": 7.641024475787015, "j.p._333_2013.pdf": 2.5470081585956716, "C.A._2564_2001.pdf": 25.470081585956716, "C.R.P.193of2013.pdf": 2.5470081585956716, "crl.p._1802_l_2017.pdf": 10.188032634382687, "C.A._301_2014.pdf": 2.5470081585956716, "c.a._982_2018_19022024.pdf": 2.5470081585956716, "crl.p._513_2020.pdf": 15.28204895157403, "c.a._1172_2020.pdf": 7.641024475787015, "c.a._1095_2018_13092019.pdf": 2.5470081585956716, "c.p._479_k_2020.pdf": 5.094016317191343, "CONST.P.9OF2009.pdf": 2.5470081585956716, "const.p._17_2019_detailed_reasoning.pdf": 5.094016317191343, "const.p._21_2023_11082023.pdf": 7.641024475787015, "j.p._154_2016.pdf": 2.5470081585956716, "C.A._1890_2002.pdf": 5.094016317191343, "c.a._1011_2020.pdf": 2.5470081585956716, "C.A._110_L_2013.pdf": 2.5470081585956716, "crl.p._335_2020.pdf": 2.5470081585956716, "crl.p._203_2021.pdf": 2.5470081585956716, "crl.p._1146_2021.pdf": 2.5470081585956716, "Crl.A._137_L_2010.pdf": 2.5470081585956716, "C.A._1611_2014.pdf": 2.5470081585956716, "C.A.800Lof2013etc.pdf": 2.5470081585956716, "Const.P._29_2017.pdf": 2.5470081585956716, "crl.p._879_2021.pdf": 2.5470081585956716, "crl.p._457_l_2016.pdf": 2.5470081585956716, "c.a._513_2014.pdf": 2.5470081585956716, "i.c.a._1_2024_1502024_an.pdf": 2.5470081585956716, "c.a._1772_2008.pdf": 2.5470081585956716, "j.p._255_2017.pdf": 2.5470081585956716, "c.a._171_2019.pdf": 2.5470081585956716, "cp-733_of_2019_final.pdf": 2.5470081585956716, "C.M.A._6250_2018.PDF": 10.188032634382687, "const.p._6_2023_dt_05_01_2023.pdf": 5.094016317191343, "c.a._1113_2017_dissenting_note.pdf": 2.5470081585956716, "C.P._1787_2016.pdf": 2.5470081585956716, "c.a._617_2020.pdf": 2.5470081585956716, "const.p._24_2023_f.pdf": 2.5470081585956716, "c.a._654_2021.pdf": 2.5470081585956716, "c.p._1496_k_2021.pdf": 2.5470081585956716, "crl.p._1296_l_2013.pdf": 2.5470081585956716, "c.a._290_2022.pdf": 2.5470081585956716, "c.a._982_2018_19022024_2.pdf": 2.5470081585956716, "CMA2745of2009etc.pdf": 2.5470081585956716, "crl.p._527_2017.pdf": 2.5470081585956716, "Crl.O.P._47_2016.pdf": 2.5470081585956716, "C.A._322_2018.pdf": 12.735040792978358, "crl.a._190_2020.pdf": 2.5470081585956716, "C.P._3186_2017.pdf": 2.5470081585956716, "const.p._17_2020_dissenting_note_hj4.pdf": 2.5470081585956716, "C.A._204-L_2015.pdf": 2.5470081585956716, "crl.p._1149_l_2017.pdf": 2.5470081585956716, "C.M.A._376-K_2014.pdf": 2.5470081585956716, "crl.a._239_2020.pdf": 2.5470081585956716, "j.p._112_2017.pdf": 12.735040792978358, "c.a._1113_2017.pdf": 2.5470081585956716, "c.p._323_l_2014.pdf": 2.5470081585956716, "c.p._448_p_2017.pdf": 5.094016317191343, "c.p._488_k_2023.pdf": 2.5470081585956716, "crl.p._406_2017.pdf": 2.5470081585956716, "Const.P._35_2016_dt_15_12_2017.pdf": 5.094016317191343, "ICA3,4,6TO11of2011dt2011.04.pdf": 2.5470081585956716, "C.P._529_2015.pdf": 5.094016317191343, "crl.a._75_l_2021.pdf": 2.5470081585956716, "crl.p._519_2023_detailed_order.pdf": 7.641024475787015, "SMCNo25of2009.pdf": 2.5470081585956716, "C.A._2148_2016_dt_4-4-2018.pdf": 2.5470081585956716, "c.p._167_p_2022_an.pdf": 2.5470081585956716, "c.a._485_2020.pdf": 12.735040792978358, "j.p._355_2018.pdf": 2.5470081585956716, "c.p._1777_2020.pdf": 5.094016317191343, "ca679-lof2012.pdf": 10.188032634382687, "c.p._1369_l_2019.pdf": 2.5470081585956716, "crl.p._594_2020.pdf": 2.5470081585956716, "crl.p._234_2020.pdf": 2.5470081585956716, "C.A._700_2017.pdf": 2.5470081585956716, "c.p._69_q_2015.pdf": 2.5470081585956716, "c.a._97_2003.pdf": 2.5470081585956716,