{"seb": {"c.p._1193_2020.pdf": 6.741700694652055, "const.p._6_2023_dt_05_01_2023.pdf": 6.741700694652055, "c.r.p._432_k_2022.pdf": 6.741700694652055}, "sebastian": {"Const.P._29_2016.pdf": 47.04187789992098}, "sebastien": {"Const.P._29_2016.pdf": 7.840312983320164}, "sebar": {"S.M.C._01_2010.pdf": 7.840312983320164}}