{"sedimentation": {"Const.P._38_2016.pdf": 6.741700694652055, "Crl.O.P_57_2015.pdf": 13.48340138930411, "Const.P.NO.62OF2010_orderdt06062011.pdf": 6.741700694652055}, "seduction": {"C.A._90_2011_UrduVersion.pdf": 7.1471658027602185, "C.A._90_2011_EnglishVersion.pdf": 7.1471658027602185}, "sediment": {"Crl.O.P_57_2015.pdf": 7.840312983320164}, "seduce": {"Const.P.12of2010.pdf": 23.577611337059402, "const.p.23of2012.pdf": 5.8944028342648505, "const.p.1_ 2012_etc.pdf": 11.788805668529701, "const.p._24_2023_an_10012024_r.pdf": 58.94402834264851, "CRP.229_2006_in_CA.802_2006.pdf": 11.788805668529701, "const.p._24_2023_f.pdf": 94.31044534823761, "c.a._1191_2016.pdf": 11.788805668529701}, "sed": {"c.a._371_2020.pdf": 7.1471658027602185, "hrc.14392_2013.pdf": 7.1471658027602185}, "seditious": {"c.p._2119_2018.pdf": 7.1471658027602185, "crl.p._251_2020.pdf": 7.1471658027602185}, "sedition": {"c.u.o._18_2024_dt_21_02_2024.pdf": 6.741700694652055, "crl.p._251_2020.pdf": 13.48340138930411, "S.M.C._7_2017_06022019.pdf": 6.741700694652055}, "sedative": {"crl.a._177_2022.pdf": 6.741700694652055, "crl.p._733_l_2018.pdf": 6.741700694652055, "j.p._657_2016.pdf": 6.741700694652055}, "sedc": {"C.A._145_2010.pdf": 15.680625966640328}, "sedley": {"const.p._21_2022_30102023.pdf": 7.1471658027602185, "c.a._547_2012.pdf": 7.1471658027602185}}