{"sefyan": {"C.A._503_2006.pdf": 7.840312983320164}, "sefir": {"HRC7734-G_1003-GOF2009[UrduTranslation].pdf": 7.840312983320164}, "sefam": {"c.p._398_l_2018.pdf": 15.680625966640328}}