{"segment": {"Const.P.127of2012.pdf": 11.970496144830317, "C.A._3_2018_dt-14-9-2018.pdf": 3.9901653816101055, "Const.P.12of2010.pdf": 7.980330763220211, "const.p.42of2011.pdf": 3.9901653816101055, "Const.PetitionNo.77of2010_12.10.2012.pdf": 3.9901653816101055, "C.A._3_2018.pdf": 3.9901653816101055, "Ref.01_2012_addl.note_HJ.ejaz_afzal_khan.pdf": 3.9901653816101055, "CP778-779.pdf": 3.9901653816101055, "CJD_Reference by_the_President_of_Pakistan_under_Article_186.pdf": 11.970496144830317, "c.p._1057_2019.pdf": 3.9901653816101055, "C.M.A._3221_2012.pdf": 3.9901653816101055, "Crl.O.P._59_2015.pdf": 7.980330763220211, "const.p.1_ 2012_etc.pdf": 3.9901653816101055, "c.m.a._7084_2020_opinion_hj_5.pdf": 3.9901653816101055, "c.p._3506_2020.pdf": 3.9901653816101055, "HRC-4668of2006.pdf": 7.980330763220211, "const.p._6_2023_07032024.pdf": 3.9901653816101055, "c.p._3998_2016.pdf": 3.9901653816101055, "Const.P._24_2012.pdf": 3.9901653816101055, "Const.P.87of2011.pdf": 19.950826908050526, "Crl.A._210_2015.pdf": 7.980330763220211, "c.a._39_k_2021.pdf": 3.9901653816101055, "CONST.P.9OF2009.pdf": 3.9901653816101055, "c.a._1011_2020.pdf": 3.9901653816101055, "c.a.1540-1599_2013.pdf": 3.9901653816101055, "C.A._125_K_2016_JPMC_Dissenting_Note.pdf": 3.9901653816101055, "Crl.A._137_L_2010.pdf": 3.9901653816101055, "c.p._329_k_2022.pdf": 3.9901653816101055, "c.a._1476_2018.pdf": 15.960661526440422, "const.p.20_2013.pdf": 3.9901653816101055, "const.p._6_2023_dt_05_01_2023.pdf": 3.9901653816101055, "c.p._1133_l_2016.pdf": 3.9901653816101055, "const.p._64_2013.pdf": 3.9901653816101055, "Const.P.50-69of2011.pdf": 3.9901653816101055, "CMA2745of2009etc.pdf": 3.9901653816101055, "const.p._6_2023_dn.pdf": 3.9901653816101055, "c.a._26_2015l.pdf": 11.970496144830317, "s.m.c._4_2021_26082021.pdf": 3.9901653816101055, "c.a._512_2021.pdf": 3.9901653816101055, "c.a._52_k_2022.pdf": 3.9901653816101055, "c.p._3413_2017.pdf": 3.9901653816101055, "H.R.C._17599_2018.pdf": 3.9901653816101055, "CJD_Section 2-A_Case_as_on_26_06_2006.pdf": 3.9901653816101055, "c.a._1137_2014.pdf": 3.9901653816101055, "CJD_Pakistan_Steel_Mills_Case.pdf": 7.980330763220211, "Const.P.59of2011.pdf": 3.9901653816101055, "C.M.A._8215_2016.pdf": 3.9901653816101055}, "segregated": {"Const.P._38_2016.pdf": 6.230875070886063, "C.A._95_2005.pdf": 6.230875070886063, "c.p._2045_2019.pdf": 12.461750141772127, "const.p._6_2023_dt_05_01_2023.pdf": 6.230875070886063, "Const.P._74_2015.pdf": 6.230875070886063}, "segregate": {"SMC15OF2009.pdf": 6.230875070886063, "const.p.39_90_2011.pdf": 6.230875070886063, "c.p._657_2020.pdf": 6.230875070886063, "c.p._3317_2018.pdf": 6.230875070886063, "reference_1_2020.pdf": 6.230875070886063}, "segregationist": {"Const.P._29_2016.pdf": 7.840312983320164}, "segregation": {"smc_1_2014.pdf": 12.461750141772127, "JR_Detailed_Judgment_in_Graduation_Qualification_Case.pdf": 6.230875070886063, "c.p._3317_2018.pdf": 6.230875070886063, "c.p._2045_2019.pdf": 12.461750141772127, "c.a._764_2021.pdf": 6.230875070886063}, "segue": {"C.A._359_2013.pdf": 7.840312983320164}}