{"sekhom": {"Const.P.127of2012.pdf": 7.840312983320164}, "sekar": {"Const.P.40of2012-DetailJudgment[UrduTranslation]-dt-3.7.2012.pdf": 7.840312983320164}, "sekha": {"c.p._490_k_2020.pdf": 7.840312983320164}}