{"sex": {"Const.P.127of2012.pdf": 3.9901653816101055, "c.a._1476_2018_urdu.pdf": 3.9901653816101055, "crl.a._251_2020.pdf": 3.9901653816101055, "C.R.P._49_2016.pdf": 7.980330763220211, "NRO_Judgment.pdf": 15.960661526440422, "Const.P._50_2018.pdf": 19.950826908050526, "Const.P.12of2010.pdf": 7.980330763220211, "c.p._1665_2020.pdf": 7.980330763220211, "c.p._1347_2019.pdf": 11.970496144830317, "smc_1_2014.pdf": 3.9901653816101055, "c.p._154_2019.pdf": 7.980330763220211, "c.a._71_p_2014.pdf": 3.9901653816101055, "c.a._71_p_2014_urdu.pdf": 3.9901653816101055, "Const.P_3_2014.pdf": 3.9901653816101055, "C.A._1042_2018.pdf": 7.980330763220211, "JR_Detailed_Judgment_in_Graduation_Qualification_Case.pdf": 3.9901653816101055, "const.p._2_2022_14102022.pdf": 3.9901653816101055, "c.r.p._255_2021.pdf": 51.872149960931374, "Const.P._24_2012.pdf": 19.950826908050526, "Const.P.87of2011.pdf": 3.9901653816101055, "c.a._797_2013.pdf": 3.9901653816101055, "const.p._17_2020_dissenting_note_hj11.pdf": 3.9901653816101055, "c.a.32_k_2018.pdf": 3.9901653816101055, "Crl.A.140of2005.pdf": 3.9901653816101055, "C.A.800Lof2013etc.pdf": 3.9901653816101055, "c.a._1476_2018.pdf": 7.980330763220211, "c.p._240_2021.pdf": 3.9901653816101055, "S.M.C._3_2018.pdf": 3.9901653816101055, "c.p._596_2021.pdf": 3.9901653816101055, "c.p._2045_2019.pdf": 11.970496144830317, "c.a._1113_2017_dissenting_note.pdf": 3.9901653816101055, "c.p._1647_2018.pdf": 3.9901653816101055, "ca.297_2014.pdf": 11.970496144830317, "crl.a._120_2019.pdf": 7.980330763220211, "Crl.P.No.426of2009&Crl.A.No.pdf": 3.9901653816101055, "c.a._1113_2017.pdf": 3.9901653816101055, "C.A.2234and2235of2005-dt-31-8-2013.pdf": 3.9901653816101055, "c.a._49_2022.pdf": 15.960661526440422, "c.p._482_k_2020.pdf": 7.980330763220211, "crl.a._154_l_2013.pdf": 3.9901653816101055, "c.a._359_2020.pdf": 15.960661526440422, "c.p._962_2016 .pdf": 3.9901653816101055, "c.p._84_p_2020.pdf": 3.9901653816101055, "HR8340OF2010.pdf": 11.970496144830317, "crl.p._476_l_2018.pdf": 3.9901653816101055, "c.a._764_2021.pdf": 3.9901653816101055, "c.p._3718_2023.pdf": 7.980330763220211}, "sexual": {"Const.P.127of2012.pdf": 4.439115601658009, "crl.a._251_2020.pdf": 155.3690460580303, "Crl.P._120_2016.pdf": 4.439115601658009, "Const.P._29_2016.pdf": 8.878231203316018, "c.p._1347_2019.pdf": 53.2693872198961, "smc_1_2014.pdf": 4.439115601658009, "Crl.P.163_to_171_S.M.C.5_2005.pdf": 57.70850282155411, "crl.p._596_l_2022.pdf": 8.878231203316018, "c.p._3506_2020.pdf": 8.878231203316018, "crl.s.a.07_2011.pdf": 8.878231203316018, "c.r.p._255_2021.pdf": 546.0112190039351, "j.p._73_2016.pdf": 13.317346804974026, "c.a._982_2018_19022024.pdf": 4.439115601658009, "crl.p._513_2020.pdf": 17.756462406632036, "crl.sh.a._23_2017.pdf": 4.439115601658009, "Const.P._29_2017.pdf": 8.878231203316018, "crl.p._457_l_2016.pdf": 4.439115601658009, "C.P._842_2016.pdf": 4.439115601658009, "c.r.p._420_2016.pdf": 4.439115601658009, "j.p._712_2018.pdf": 13.317346804974026, "crl.a._120_2019.pdf": 8.878231203316018, "crl.p._1154_2021.pdf": 4.439115601658009, "j.p._324_2019.pdf": 8.878231203316018, "crl.p._75_q_2021.pdf": 4.439115601658009, "c.p._940_k_2022.pdf": 4.439115601658009, "crl.p._92_k_2021.pdf": 4.439115601658009, "crl.p._978_2021.pdf": 17.756462406632036, "c.p._4570_2019.pdf": 142.05169925305628, "crl.p._476_l_2018.pdf": 4.439115601658009, "c.p._1431_2022.pdf": 8.878231203316018}, "sexuality": {"crl.a._251_2020.pdf": 7.840312983320164}, "sexually": {"crl.a._251_2020.pdf": 22.57235362393578, "Const.P._29_2016.pdf": 5.643088405983945, "c.p._1347_2019.pdf": 5.643088405983945, "c.r.p._255_2021.pdf": 84.64632608975917, "j.p._73_2016.pdf": 5.643088405983945, "j.p._712_2018.pdf": 5.643088405983945, "crl.a._120_2019.pdf": 5.643088405983945, "crl.p._75_q_2021.pdf": 22.57235362393578, "c.p._4570_2019.pdf": 11.28617681196789}, "sexualize": {"c.r.p._255_2021.pdf": 7.1471658027602185, "c.p._4570_2019.pdf": 7.1471658027602185}, "sexism": {"c.p._2045_2019.pdf": 7.840312983320164}}