{"sft": {"smc.18_2010_final.pdf": 14.294331605520437, "S.M.C.18OF2010.pdf": 21.441497408280654}}