{"sgm": {"cng_prices_order_21-12-12-alongwith_translation.pdf": 7.840312983320164}, "sgmd": {"cng_prices_order_21-12-12-alongwith_translation.pdf": 7.840312983320164}}