{"sialkot": {"c.p._1567_l_2019.pdf": 3.8700210697680424, "HRC19526of2013.pdf": 3.8700210697680424, "Const.P._134_2012.pdf": 7.740042139536085, "C.A._1129_2013.pdf": 7.740042139536085, "j.p._405_2021.pdf": 3.8700210697680424, "HRC7734-G_1003-GOF2009[UrduTranslation].pdf": 69.66037925582476, "c.p._1517_2022.pdf": 3.8700210697680424, "c.p._154_2019.pdf": 3.8700210697680424, "Crl.A._382_2011.pdf": 7.740042139536085, "HRC7734-G_1003-GOF2009[AllegedCorruptionInRentalPowerPlants].pdf": 81.2704424651289, "crl.p._610_2020.pdf": 3.8700210697680424, "18TH_AMENDMENT_ORDER.pdf": 3.8700210697680424, "C.A._1084_2008.pdf": 11.610063209304126, "i.c.a._1_2024_dn_20032024.pdf": 3.8700210697680424, "c.a._731_2016.pdf": 7.740042139536085, "const.p._24_2023_an_10012024_r.pdf": 3.8700210697680424, "crl.p._1271_2019.pdf": 3.8700210697680424, "C.A._1519_2013.pdf": 3.8700210697680424, "crl.p._596_l_2022.pdf": 11.610063209304126, "c.p._1874_2022.pdf": 11.610063209304126, "C.A._508_2017.pdf": 7.740042139536085, "c.p._1950_l_2018.pdf": 3.8700210697680424, "C.P._1598_2016.pdf": 3.8700210697680424, "c.p._2477_l_2015.pdf": 3.8700210697680424, "const.p.37_2012_final.pdf": 11.610063209304126, "Crl.M.A._200_2019.pdf": 3.8700210697680424, "c.a.1540-1599_2013.pdf": 3.8700210697680424, "C.A._2133_2006.pdf": 11.610063209304126, "C.A._158_2006.pdf": 15.48008427907217, "C.P._1191_2017.pdf": 3.8700210697680424, "c.p._2230_2015.pdf": 7.740042139536085, "const.p._24_2023_f.pdf": 3.8700210697680424, "c.p._469_l_2023.pdf": 3.8700210697680424, "j.p._302_2017.pdf": 3.8700210697680424, "C.A._204-L_2015.pdf": 3.8700210697680424, "c.p._1890_l_2017.pdf": 3.8700210697680424, "crl.p._145_l_2021.pdf": 3.8700210697680424, "crl.p._120_2020.pdf": 3.8700210697680424, "C.P._4682_2017.pdf": 3.8700210697680424, "Crl.P.213of2013-dt-20.7.2013.pdf": 19.350105348840213, "Const.P._134_2012_21012019.pdf": 7.740042139536085, "c.p._446_l_2014.pdf": 3.8700210697680424, "c.a._1685_2021.pdf": 3.8700210697680424, "c.p._2014_l_2019.pdf": 7.740042139536085, "c.p._2885_2022.pdf": 7.740042139536085, "Crl.P.213-2013_03.07.2013.pdf": 30.96016855814434, "CMA3258of2013inCP65of09DetailOrder.pdf": 3.8700210697680424, "c.p._3122_2020.pdf": 3.8700210697680424, "C.A._682_2008.pdf": 7.740042139536085, "C.A._450_2010.pdf": 3.8700210697680424, "C.A._1207_2004.pdf": 7.740042139536085, "crl.a._145_l_2017.pdf": 3.8700210697680424, "crl.a.264_2006.pdf": 3.8700210697680424}, "sialvi": {"Const.P_6of2011.pdf": 7.1471658027602185, "c.p._1874_2022.pdf": 7.1471658027602185}, "sial": {"Const.P_6of2011.pdf": 10.40251130740981, "const.p._9_2010_27122021.pdf": 5.201255653704905, "Const.P.77of2010_dt_27-8-2013.pdf": 5.201255653704905, "c.r.p._296_2020_04022022.pdf": 46.811300883344146, "const.p._9_2010.pdf": 10.40251130740981, "const.p._17_2019_detailed_reasoning.pdf": 5.201255653704905, "c.a._1476_2018.pdf": 5.201255653704905, "CMA2745of2009etc.pdf": 5.201255653704905, "crl.p._103_p_2011.pdf": 5.201255653704905, "j.p._417_2019.pdf": 5.201255653704905, "c.p._3041_2020.pdf": 5.201255653704905, "c.p._3747_2023.pdf": 5.201255653704905, "CJD_Section 2-A_Case_as_on_26_06_2006.pdf": 10.40251130740981, "crl.a._122_l_2012.pdf": 5.201255653704905}, "siasi": {"Crl.P.163_to_171_S.M.C.5_2005.pdf": 31.361251933280656}, "siachin": {"C.A._718_2007.pdf": 7.840312983320164}, "siah": {"C.A._1219_2014.pdf": 7.1471658027602185, "Crl.P.No.426of2009&Crl.A.No.pdf": 7.1471658027602185}, "siar": {"c.a._617_2020.pdf": 7.840312983320164}, "siani": {"c.a._1011_2016.pdf": 7.840312983320164}, "siara": {"C.A.876-879of2005.pdf": 7.840312983320164}}