{"sibling": {"C.A._219-L_2015.pdf": 4.895874004153724, "Const.P._29_2016.pdf": 4.895874004153724, "c.m.a._4053_2018.pdf": 4.895874004153724, "c.a._73_2016.pdf": 4.895874004153724, "c.p._2144_l_2011.pdf": 9.791748008307447, "j.p._415_2018.pdf": 4.895874004153724, "c.r.p._296_2020_04022022.pdf": 4.895874004153724, "c.p._3127_2020.pdf": 24.47937002076862, "j.p._333_2013.pdf": 4.895874004153724, "c.a._1095_2018_13092019.pdf": 4.895874004153724, "c.p._1530_2019.pdf": 4.895874004153724, "C.P._4876_2018.pdf": 9.791748008307447, "c.a._849_2015.pdf": 9.791748008307447, "c.m.a._3492_2022.pdf": 4.895874004153724, "c.a._152_2019.pdf": 19.583496016614895, "c.a._1286_2018.pdf": 9.791748008307447, "C.A._446_2012.pdf": 4.895874004153724, "c.p._5601_2021.pdf": 4.895874004153724, "c.p._3249_2015.pdf": 9.791748008307447}, "sibtain": {"H.R.C._18877_2018_03072019.pdf": 7.70265787351178, "const.p._24_to_26_of_2023_04072023.pdf": 3.85132893675589, "s.m.c._1_2022_detailed.pdf": 3.85132893675589, "smc.11_2011.pdf": 3.85132893675589, "Const.P.33and34of2005.pdf": 3.85132893675589, "Const.P.35of2013_28.08.2013.pdf": 7.70265787351178, "S.M.C._12_2015.pdf": 3.85132893675589, "C.P._731_K_2018.pdf": 3.85132893675589, "const.p._9_2010_27122021.pdf": 3.85132893675589, "s.m.c._1_2023_01032023.pdf": 3.85132893675589, "s.m.c._1_2020.pdf": 3.85132893675589, "Const.P35of2013-dt-20-7-2013.pdf": 3.85132893675589, "s.m.c._1_2023_31mar2023.pdf": 3.85132893675589, "const.p.35_2013.pdf": 3.85132893675589, "c.p._4540_2021.pdf": 3.85132893675589, "s.m.c._1_2023.pdf": 3.85132893675589, "crl.p._299_2020_01042020.pdf": 3.85132893675589, "c.a._10_k_2019.pdf": 3.85132893675589, "crl.p._299_2020_07042020.pdf": 3.85132893675589, "H.R.C._69229_P_2018.pdf": 3.85132893675589, "const.p._2_2024_06032024.pdf": 3.85132893675589, "c.p._174_q_2021.pdf": 3.85132893675589, "crl.o.p.4-k_2023_dt_21_12_2023.pdf": 3.85132893675589, "C.A._2564_2001.pdf": 11.55398681026767, "c.a._664_k_2017.pdf": 3.85132893675589, "s.m.c._1_2023_27032023.pdf": 3.85132893675589, "c.m.a._2769_2023.pdf": 3.85132893675589, "const.p._5_2023_04022023.pdf": 3.85132893675589, "H.R.C._18877_2018.pdf": 3.85132893675589, "const.p._5_2023_04apr2023.pdf": 3.85132893675589, "c.a._84_k_2023.pdf": 3.85132893675589, "crl.p._560_l_2021.pdf": 3.85132893675589, "const.p._5_2023_14042023.pdf": 3.85132893675589, "c.p._2242_2022.pdf": 3.85132893675589, "s.m.c._1_2022_07042022.pdf": 3.85132893675589, "s.m.c._1_2023_12062023.pdf": 7.70265787351178, "reference_1_2020.pdf": 3.85132893675589, "C.P._1983_2012.pdf": 7.70265787351178, "const.p._5_2023_2732023.pdf": 3.85132893675589, "c.p._940_k_2022.pdf": 3.85132893675589, "c.a._735_2016.pdf": 3.85132893675589, "crl.p._390_2021.pdf": 3.85132893675589, "reference._1_2020.pdf": 3.85132893675589, "H.R.C._17599_2018.pdf": 3.85132893675589, "c.m.a._8758_2018_23nov2023.pdf": 3.85132893675589, "CJD_Section 2-A_Case_as_on_26_06_2006.pdf": 3.85132893675589, "crl.m.a._1566_2016.pdf": 3.85132893675589, "c.a._477_2021.pdf": 7.70265787351178, "const.p._5_2023_detailed_reasons.pdf": 3.85132893675589, "C.R.P._309_2013.pdf": 7.70265787351178, "s.m.c._1_2023_23022023.pdf": 3.85132893675589, "c.p._3200_l_2019.pdf": 7.70265787351178, "C.P._481-K_2017.pdf": 3.85132893675589, "c.p._1431_2022.pdf": 11.55398681026767}, "sibghatullah": {"c.p._3436_l_2022.pdf": 6.741700694652055, "H.R.C.19of1996[AsgharKhanCase]DetailedReasonsUrduTranslation.pdf": 13.48340138930411, "H.R.C.19of1996[AsgharKhanCase]DetailedReasons.pdf": 13.48340138930411}, "sibi": {"Const.PetitionNo.77of2010_12.10.2012.pdf": 5.275363625858628, "Urdu-Const.P-77-2010-12.10.2012.pdf": 5.275363625858628, "c.p._3950_2019.pdf": 5.275363625858628, "Crl.A._155_2018.pdf": 5.275363625858628, "Const.P._24_2012.pdf": 5.275363625858628, "const.p.115_2011.pdf": 52.753636258586276, "const.p.37_2012_final.pdf": 15.826090877575883, "c.a._561_2020.pdf": 10.550727251717255, "c.a._17_q_2021.pdf": 73.85509076202078, "c.p._279_q_2020.pdf": 5.275363625858628, "c.a._17_q_2023.pdf": 10.550727251717255, "C.A._1023_2016.pdf": 10.550727251717255, "CPs987-989OF2011-DT19.10.2011.pdf": 5.275363625858628}, "sibbi": {"Const.P.77of2010_dt_27-8-2013.pdf": 6.741700694652055, "c.a._25_q_2018_dt_25_01_2024.pdf": 6.741700694652055, "crl.a._3_q_2021.pdf": 6.741700694652055}, "sibnath": {"C.A._1428_2016.pdf": 21.441497408280654, "const.p._21_2022_30102023.pdf": 14.294331605520437}, "sibaro": {"C.A.876-879of2005.pdf": 7.840312983320164}, "sibte": {"c.a._1547_2019.pdf": 7.840312983320164}, "sibghat": {"c.p._84_p_2020.pdf": 7.840312983320164}, "sibal": {"C.A._539_2003.pdf": 7.840312983320164}}