{"sic": {"c.r.p._292_2021_sacked_employees.pdf": 3.6208052781440574, "crl.a._184_2020.pdf": 3.6208052781440574, "J.P._191_2018.pdf": 7.241610556288115, "ConstitutionPetitionNo21OF2007.pdf": 3.6208052781440574, "Const.P.31of2011etc.pdf": 3.6208052781440574, "Const.P.12of2010.pdf": 7.241610556288115, "const.p.42of2011.pdf": 7.241610556288115, "H.R.C.19of1996[AsgharKhanCase]DetailedReasons.pdf": 3.6208052781440574, "crl.a._03_p_2017.pdf": 3.6208052781440574, "crp.328-329_2013.pdf": 36.20805278144057, "H.R.C._32642_2018.pdf": 3.6208052781440574, "crl.p._883_l_2022.pdf": 3.6208052781440574, "c.p._2256_l_2015.pdf": 3.6208052781440574, "C.A._1406_2016.pdf": 3.6208052781440574, "C.R.P._561_2015_dt_04-02-2016.pdf": 3.6208052781440574, "C.R.P._383_2005.pdf": 3.6208052781440574, "C.A._417-L_2009.pdf": 14.48322111257623, "C.A._493_2011.pdf": 3.6208052781440574, "C.A._394_2014.pdf": 3.6208052781440574, "crl.p._299_2020_07042020.pdf": 3.6208052781440574, "C.A._26_2009.pdf": 3.6208052781440574, "const.p.9_2014_detail_reasons.pdf": 3.6208052781440574, "c.p._1290_l_2019.pdf": 7.241610556288115, "C.A._1563_2014.pdf": 14.48322111257623, "c.p._271_2021.pdf": 3.6208052781440574, "s.m.c._4_2022_04apr2023.pdf": 3.6208052781440574, "C.A._2564_2001.pdf": 43.44966333772869, "C.A._145_2010.pdf": 3.6208052781440574, "Crl.A.13-14-15and16of2004and53of2011.pdf": 3.6208052781440574, "Const.P._2_2011.pdf": 10.862415834432172, "c.p.1603_2012.pdf": 3.6208052781440574, "c.p._3203_2017.pdf": 3.6208052781440574, "c.a._1095_2018_13092019.pdf": 18.104026390720286, "C.M.A._3854_2014_dt_31-3-2015.pdf": 3.6208052781440574, "C.A._1509_2016.pdf": 3.6208052781440574, "c.p._1084_2011.pdf": 3.6208052781440574, "C.P._145_2015.pdf": 7.241610556288115, "c.a._350_2020.pdf": 3.6208052781440574, "c.a._1476_2018.pdf": 3.6208052781440574, "S.M.C._3_2018.pdf": 28.96644222515246, "c.p._4618_2019.pdf": 3.6208052781440574, "c.a._617_2020.pdf": 3.6208052781440574, "c.p._720_2020.pdf": 18.104026390720286, "C.A._1242_2013.pdf": 3.6208052781440574, "C.P._1983_2012.pdf": 3.6208052781440574, "c.p._280_k_2019.pdf": 7.241610556288115, "c.a._329_2022.pdf": 3.6208052781440574, "C.R.P._70_2018_dt_7_4_2018.pdf": 3.6208052781440574, "C.A._833_2006.pdf": 3.6208052781440574, "hrc_20107-G_2013.pdf": 7.241610556288115, "c.a._1685_2021.pdf": 3.6208052781440574, "c.a._1684_2021.pdf": 3.6208052781440574, "C.A._552_2015.pdf": 3.6208052781440574, "C.P._3912_2016.pdf": 3.6208052781440574, "c.a._57_k_2018.pdf": 3.6208052781440574, "crl.p._29_k_2022.pdf": 32.58724750329652, "crl.a._154_l_2013.pdf": 3.6208052781440574, "c.m.a._490_2021_20022021.pdf": 7.241610556288115, "c.m.a._1243_2021_04042022.pdf": 3.6208052781440574, "crl.p._742_l_2019.pdf": 7.241610556288115, "c.a._1547_2019.pdf": 3.6208052781440574, "H.R.C._3654_2018.pdf": 10.862415834432172, "CMA3258of2013inCP65of09DetailOrder.pdf": 3.6208052781440574, "C.A._510_2012.pdf": 7.241610556288115, "C.A._622 _2008.pdf": 3.6208052781440574, "Const.P.59of2011.pdf": 3.6208052781440574, "C.A._1313_2014.pdf": 3.6208052781440574, "c.p._3718_2023.pdf": 3.6208052781440574}, "sickness": {"c.a._1476_2018_urdu.pdf": 5.132262782217954, "Const.P._50_2018.pdf": 10.264525564435909, "smc.18_2010_final.pdf": 10.264525564435909, "c.a._1355_2006.pdf": 5.132262782217954, "Crl.P._105_2017.pdf": 10.264525564435909, "c.p._860_2019.pdf": 5.132262782217954, "c.a._1476_2018.pdf": 10.264525564435909, "c.p._2045_2019.pdf": 5.132262782217954, "c.p._4618_2019.pdf": 5.132262782217954, "c.a._616_2020.pdf": 5.132262782217954, "c.a._908_2015.pdf": 5.132262782217954, "c.p._4719_2017.pdf": 5.132262782217954, "C.A._545_K_2010.pdf": 5.132262782217954, "crl.p._796_l_2021.pdf": 5.132262782217954, "C.R.P._247_ 2011.pdf": 5.132262782217954}, "sick": {"HR-19of1996.pdf": 4.582216445298682, "C.A._93_2015.pdf": 4.582216445298682, "Const.P.12of2010.pdf": 18.32886578119473, "Crl.P._120_2016.pdf": 4.582216445298682, "Const.P._36_2016_dt_15_12_2017.pdf": 4.582216445298682, "smc_1_2014.pdf": 9.164432890597364, "const.p.1_ 2012_etc.pdf": 13.746649335896047, "crl.p._54_2023.pdf": 4.582216445298682, "Crl.P._105_2017.pdf": 22.911082226493413, "crl.p._299_2020_07042020.pdf": 4.582216445298682, "Const.P.87of2011.pdf": 4.582216445298682, "c.p._2129_2020.pdf": 4.582216445298682, "c.a._346_2020.pdf": 4.582216445298682, "crl.p._994_2022.pdf": 4.582216445298682, "C.A._654_2010.pdf": 9.164432890597364, "crl.p._910_2022 .pdf": 13.746649335896047, "C.A._767_2014.pdf": 4.582216445298682, "c.r.p._420_2016.pdf": 4.582216445298682, "Crl.A._274_2006.pdf": 4.582216445298682, "Crl.P._634_2015.pdf": 4.582216445298682, "crl.p_1124_l_2015.pdf": 4.582216445298682, "c.p._4719_2017.pdf": 32.075515117090774, "crl.p._298_2023.pdf": 4.582216445298682, "c.a._508_2020.pdf": 4.582216445298682, "S.M.C._7_2017_06022019.pdf": 4.582216445298682, "crl.p._636_2022.pdf": 9.164432890597364}, "sickening": {"Const.P.12of2010.pdf": 6.741700694652055, "crl.a._95_2019.pdf": 6.741700694652055, "Crl.A._104_2010.pdf": 13.48340138930411}, "sicus": {"c.a._371_2020.pdf": 7.840312983320164}, "sicilian": {"SMC16of2011_detailed_judgment.pdf": 7.840312983320164}, "sicarii": {"crl.a._95_2019.pdf": 7.840312983320164}, "sicarris": {"crl.a._95_2019.pdf": 7.840312983320164}, "sicae": {"crl.a._95_2019.pdf": 7.840312983320164}, "sicca": {"const.p._17_2019_detailed_reasoning.pdf": 7.840312983320164}, "sicpa": {"c.p._414_2021.pdf": 7.840312983320164}}