{"siemen": {"Const.P.33_2013.pdf": 94.31044534823761, "HRC7734-G_1003-GOF2009[UrduTranslation].pdf": 5.8944028342648505, "smc.11_2011.pdf": 5.8944028342648505, "HRC7734-G_1003-GOF2009[AllegedCorruptionInRentalPowerPlants].pdf": 5.8944028342648505, "SMC.13-2009.pdf": 5.8944028342648505, "Const.P.33of2013_09.07.13.pdf": 5.8944028342648505, "c.p._1842_l_2022.pdf": 5.8944028342648505}, "siege": {"S.J.C_347_2018.PDF": 32.270093111001366, "Const.P.NO.62OF2010_orderdt06062011.pdf": 6.454018622200273, "H.R.C.19of1996[AsgharKhanCase]DetailedReasonsUrduTranslation.pdf": 6.454018622200273, "S.M.C._7_2017_06022019.pdf": 6.454018622200273}, "siesin": {"S.M.C.18OF2010.pdf": 7.840312983320164}, "sieve": {"REVIEW_P_46&47_2011_full.pdf": 6.741700694652055, "c.a._11_2022.pdf": 6.741700694652055, "const.p._24_2023_f.pdf": 13.48340138930411}}