{"sift": {"H.R.C._18877_2018_03072019.pdf": 5.067724261080383, "Const.P._29_2016_28072016.pdf": 5.067724261080383, "Const.P._29_2016.pdf": 5.067724261080383, "crl.a._03_p_2017.pdf": 5.067724261080383, "Crl.P.163_to_171_S.M.C.5_2005.pdf": 5.067724261080383, "c.a._33_k_2018.pdf": 5.067724261080383, "JR_Detailed_Judgment_in_Referendum_Case.pdf": 10.135448522160766, "C.A._448_2014_DJ.pdf": 5.067724261080383, "crl.a.19of2012.pdf": 5.067724261080383, "Crl.M.A._200_2019.pdf": 126.69310652700958, "c.a._513_2014.pdf": 5.067724261080383, "c.p._1077_2018.pdf": 5.067724261080383, "crl.a_413-414_2013_18.02.2014.pdf": 5.067724261080383, "c.r.p._432_k_2022.pdf": 5.067724261080383, "crl.p._742_l_2019.pdf": 5.067724261080383, "Const.P.59of2011.pdf": 5.067724261080383}, "sifarish": {"const.p.23of2012.pdf": 6.741700694652055, "Const.P.59of2011.pdf": 6.741700694652055, "crl.a.264_2006.pdf": 20.225102083956166}, "sifat": {"const.p.6_2023.pdf": 7.1471658027602185, "crl.m.a._365_l_2020.pdf": 7.1471658027602185}, "siffat": {"J.P.No.56of2005.pdf": 62.72250386656131}}