{"sihala": {"c.p._1665_2020.pdf": 6.741700694652055, "c.a._1877_2016_dt_24_01_2024.pdf": 6.741700694652055, "C.P._529_2015.pdf": 6.741700694652055}, "sihdh": {"Crl.O.P.89of2011.pdf": 7.840312983320164}}