{"sional": {"C.A._2215_2006.pdf": 7.840312983320164}, "sioner": {"Crl.O.P.89of2011.pdf": 7.840312983320164}, "sio": {"Const.P.No.1_2013_order_dated_10.01.2013.pdf": 7.840312983320164}}