{"siphon": {"Const.P._38_2016.pdf": 5.201255653704905, "Const.P._29_2016.pdf": 5.201255653704905, "smc.18_2010_final.pdf": 5.201255653704905, "crl.p._907_2020.pdf": 5.201255653704905, "Const.P._36_2016_dt_15_12_2017.pdf": 5.201255653704905, "H.R.C.19of1996[AsgharKhanCase]DetailedReasons.pdf": 10.40251130740981, "C.M.A.3325_of_2012_dt_31-1-2013_ENG_URDU.pdf.pdf": 5.201255653704905, "c.p._2129_2020.pdf": 5.201255653704905, "crl.p._654_2020.pdf": 5.201255653704905, "suo_motu_in_court.pdf": 5.201255653704905, "c.p._722_p_2021.pdf": 5.201255653704905, "C.P._1707_2018.pdf": 5.201255653704905, "C.P._3912_2016.pdf": 5.201255653704905, "Crl.P._533_2019.pdf": 5.201255653704905}, "sipra": {"C.A._233_2015.pdf": 6.741700694652055, "c.m.a._5602_2021.pdf": 6.741700694652055, "CJD_Section 2-A_Case_as_on_26_06_2006.pdf": 20.225102083956166}, "sip": {"Crl.P.200of2009.pdf": 6.741700694652055, "j.p._637_2016.pdf": 53.93360555721644, "smc.16of2011.pdf": 13.48340138930411}, "sipa": {"c.p._414_2021.pdf": 7.840312983320164}, "sipahia": {"crl.p._408_l_2021.pdf": 7.840312983320164}}