{"siu": {"Const.P._29_2016.pdf": 18.69262521265819, "CMA_1145-K_2013_in_SMC_16-2011_06-03-2013.pdf": 12.461750141772127, "const.p.35_2013.pdf": 6.230875070886063, "smc.16of2011.pdf": 6.230875070886063, "S.M.C.16of2011dt-22-3-2013.pdf": 6.230875070886063}}