{"sivan": {"C.A._448_2014_DJ.pdf": 6.741700694652055, "C.R.P._94_2014.pdf": 20.225102083956166, "c.a._142_2019.pdf": 6.741700694652055}, "sivil": {"c.a._1474_2015.pdf": 7.840312983320164}}