{"size": {"Const.P.127of2012.pdf": 7.127293728608217, "crl.a._251_2020.pdf": 3.5636468643041086, "Const.P_6of2011.pdf": 7.127293728608217, "SMC15OF2009.pdf": 3.5636468643041086, "Const.P.12of2010.pdf": 3.5636468643041086, "Const.P.87of2011[UrduVersion].pdf": 3.5636468643041086, "Const.P.12of2010Urdu.pdf": 3.5636468643041086, "Const.P.33_2013.pdf": 7.127293728608217, "Const.PetitionNo.77of2010_12.10.2012.pdf": 3.5636468643041086, "smc.18_2010_final.pdf": 3.5636468643041086, "c.p._2243_l_2019.pdf": 3.5636468643041086, "Const.P.30of2013.pdf": 3.5636468643041086, "H.R.C.19of1996[AsgharKhanCase]DetailedReasonsUrduTranslation.pdf": 3.5636468643041086, "crl.a._95_2019.pdf": 7.127293728608217, "HRC7734-G_1003-GOF2009[UrduTranslation].pdf": 7.127293728608217, "smc.11_2011.pdf": 21.381881185824653, "H.R.C.19of1996[AsgharKhanCase]DetailedReasons.pdf": 3.5636468643041086, "smc_1_2014.pdf": 3.5636468643041086, "C.P.796of2007-dt-10-5-2013.pdf": 28.50917491443287, "JR_Judgment_on_17th_Amendmend_and_Presidents_Uniform_Case.pdf": 10.690940592912327, "crp.328-329_2013.pdf": 3.5636468643041086, "HRC7734-G_1003-GOF2009[AllegedCorruptionInRentalPowerPlants].pdf": 10.690940592912327, "const.p._24_2017.pdf": 3.5636468643041086, "Const.P35of2013-dt-20-7-2013.pdf": 7.127293728608217, "C.A._353_2015.pdf": 7.127293728608217, "C.A._1189_2014.pdf": 3.5636468643041086, "c.a._781_2017.pdf": 3.5636468643041086, "crl.s.a.07_2011.pdf": 3.5636468643041086, "c.p._3532_2023.pdf": 3.5636468643041086, "c.a._2150_2019.pdf": 3.5636468643041086, "const.p._2_2022_14102022.pdf": 3.5636468643041086, "c.a._455_2012.pdf": 3.5636468643041086, "Const.P.87of2011.pdf": 7.127293728608217, "C.P._1499-L_2012.pdf": 3.5636468643041086, "c.p._3347_2021.pdf": 3.5636468643041086, "h.r.c_11827_s_2018.pdf": 3.5636468643041086, "c.p._3203_2017.pdf": 3.5636468643041086, "C.P._51_2015.pdf": 3.5636468643041086, "c.a._21_2021.pdf": 3.5636468643041086, "c.a._8_q_2017.pdf": 3.5636468643041086, "const.p._21_2023_11082023.pdf": 3.5636468643041086, "SMC.13-2009.pdf": 42.76376237164931, "C.A._699_2017.pdf": 3.5636468643041086, "crl.p._335_2020.pdf": 3.5636468643041086, "C.A._654_2007.pdf": 3.5636468643041086, "c.m.a._7084_2020.pdf": 3.5636468643041086, "C.M.A._6250_2018.PDF": 3.5636468643041086, "const.p._6_2023_dt_05_01_2023.pdf": 7.127293728608217, "crl.a._633_2019_15092023.pdf": 3.5636468643041086, "C.R.P._561_2015.pdf": 3.5636468643041086, "c.p._3215_2021.pdf": 3.5636468643041086, "C.M.A._376-K_2014.pdf": 7.127293728608217, "C.A._843_2012.pdf": 3.5636468643041086, "c.a._2186_2017.pdf": 3.5636468643041086, "c.p.2124_2013.pdf": 3.5636468643041086, "C.A._42_K_2016.pdf": 3.5636468643041086, "Const.P._35_2016_dt_15_12_2017.pdf": 3.5636468643041086, "C.P._1774_2015.pdf": 3.5636468643041086, "C.P._1774_2014.pdf": 3.5636468643041086, "Crl.A._298_L_2017.pdf": 3.5636468643041086, "S.M.C._17_2016.pdf": 3.5636468643041086, "c.p._409_l_2021.pdf": 3.5636468643041086, "C.A._1023_2016.pdf": 3.5636468643041086, "C.A._620_2006.pdf": 3.5636468643041086, "H.R.C._17599_2018.pdf": 3.5636468643041086, "c.r.p._432_k_2022.pdf": 3.5636468643041086, "c.a._632_2019.pdf": 3.5636468643041086, "CJD_Pakistan_Steel_Mills_Case.pdf": 7.127293728608217, "C.R.P._309_2013.pdf": 3.5636468643041086, "C.M.A._8215_2016.pdf": 21.381881185824653, "c.p._570_p_2013.pdf": 3.5636468643041086, "c.a._764_2021.pdf": 3.5636468643041086}, "sizeable": {"c.a._465_2021.pdf": 5.007099639263948, "NRO_Judgment.pdf": 5.007099639263948, "Const.P.12of2010.pdf": 15.021298917791842, "Const.P._29_2016.pdf": 10.014199278527895, "Const.P.NO.62OF2010_orderdt06062011.pdf": 5.007099639263948, "JR_Judgment_on_17th_Amendmend_and_Presidents_Uniform_Case.pdf": 5.007099639263948, "C.A._493_2011.pdf": 5.007099639263948, "C.P._3122_2017.pdf": 5.007099639263948, "const.p._17_2020_dissenting_note_hj11.pdf": 5.007099639263948, "const.p.115_2011.pdf": 5.007099639263948, "c.a._1095_2018_13092019.pdf": 5.007099639263948, "c.a._1476_2018.pdf": 5.007099639263948, "c.a._202_2021.pdf": 10.014199278527895, "C.A._1242_2013.pdf": 5.007099639263948, "C.R.P._3_2015.pdf": 5.007099639263948, "S.M.C._7_2017_06022019.pdf": 5.007099639263948, "Const.P.5and15-HRC14144-DetailedReasons.pdf": 5.007099639263948}, "sized": {"smc.11_2011.pdf": 6.230875070886063, "C.P.796of2007-dt-10-5-2013.pdf": 12.461750141772127, "c.p._3347_2021.pdf": 6.230875070886063, "C.M.A._376-K_2014.pdf": 6.230875070886063, "c.p._659_2019.pdf": 6.230875070886063}, "sizable": {"c.a._700_2016.pdf": 6.048553514092109, "const.p._24_2017.pdf": 6.048553514092109, "crl.p._1001_l_2017.pdf": 6.048553514092109, "crl.sh.a._16_2017.pdf": 6.048553514092109, "c.p._1530_2019.pdf": 6.048553514092109, "crl.p._860_l_2021.pdf": 12.097107028184219}, "sizzling": {"const.p.1_ 2012_etc.pdf": 6.741700694652055, "crl.p._263_l_2015.pdf": 6.741700694652055, "j.p._112_2017.pdf": 6.741700694652055}, "siza": {"HRC-4668of2006.pdf": 188.76761945025754, "SMC.13-2009.pdf": 6.741700694652055, "C.A.876-879of2005.pdf": 6.741700694652055}}