{"sjc": {"ConstitutionPetitionNo21OF2007.pdf": 143.54829553729599, "S.J.C_347_2018.PDF": 14.849823676271999, "const.p._24_to_26_of_2023_04072023.pdf": 54.44935347966399, "Supreme_Judicial_Council_242_2015.pdf": 79.19905960678399, "i.c.a._1_2024_dn_20032024.pdf": 24.749706127119996, "const.p._14_2023.pdf": 19.799764901695998, "const.p._17_2019_19062020.pdf": 4.949941225423999, "c.r.p._296_2020_04022022.pdf": 519.74382866952, "i.c.a._1_2024_15032024.pdf": 207.89753146780797, "const.p._17_2019_detailed_reasoning.pdf": 455.3945927390079, "const.p._19_2020.pdf": 29.699647352543998, "Const.P._29_2017.pdf": 871.1896556746239, "i.c.a._1_2024_1502024_an.pdf": 4.949941225423999, "const.p._43_2023.pdf": 34.649588577968, "const.p._17_2020_dissenting_note_hj4.pdf": 197.99764901695997, "const.p._76_2018.pdf": 296.99647352543997, "c.m.a._490_2021_20022021.pdf": 19.799764901695998, "i.c.a._1_2024_dt_21_02_2024.pdf": 9.899882450847999}}