{"sjit": {"s.m.c._3_2022_06012023.pdf": 53.93360555721644, "s.m.c._3_2022_13022023.pdf": 47.191904862564385, "s.m.c._3_2022_13062023.pdf": 20.225102083956166}}