{"sjst": {"c.p._167_p_2022.pdf": 14.294331605520437, "c.p._167_p_2022_an.pdf": 14.294331605520437}}