{"sketchy": {"C.A._503_2006.pdf": 5.537727890326118, "Const.P._29_2016.pdf": 16.613183670978355, "c.p._2243_l_2019.pdf": 5.537727890326118, "C.P.796of2007-dt-10-5-2013.pdf": 5.537727890326118, "crl.s.a.07_2011.pdf": 5.537727890326118, "C.A._95_2005.pdf": 5.537727890326118, "crl.a._106_2020.pdf": 5.537727890326118, "C.P._733_2018.pdf": 5.537727890326118, "c.a._801_2021.pdf": 5.537727890326118, "C.P._357_2016.pdf": 5.537727890326118}, "skeptical": {"NRO_Judgment.pdf": 7.1471658027602185, "c.p._2547_2019.pdf": 7.1471658027602185}, "sketch": {"S.M.C.16of2011dt.4.4.2013.pdf": 5.643088405983945, "Crl.A._39_L_2015_Urdu.pdf": 5.643088405983945, "Crl.A._93_2013.pdf": 5.643088405983945, "Crl.A._115_2013.pdf": 5.643088405983945, "c.a._700_2014.pdf": 5.643088405983945, "C.A._1000_2006.pdf": 5.643088405983945, "H.R.C._17599_2018.pdf": 5.643088405983945, "C.M.A._8215_2016.pdf": 5.643088405983945, "crl.p._950_2021.pdf": 5.643088405983945}, "skewered": {"ICA-1OF2012-UrduTranslation.pdf": 7.840312983320164}, "skew": {"HRC7734-G_1003-GOF2009[UrduTranslation].pdf": 6.741700694652055, "C.M.A._3221_2012.pdf": 6.741700694652055, "const.p.5_2011.pdf": 6.741700694652055}, "skeleton": {"smc.11_2011.pdf": 5.355406333532164, "c.r.p._296_2020_29012022.pdf": 5.355406333532164, "Crl.A.140of2005.pdf": 5.355406333532164, "c.a._1095_2018_13092019.pdf": 21.421625334128656, "s.m.c._1_2023_12062023.pdf": 5.355406333532164, "CMA2745of2009etc.pdf": 5.355406333532164, "Crl.A._496_2009.pdf": 10.710812667064328, "s.m.c._1_2023_23022023.pdf": 5.355406333532164, "C.M.A._8215_2016.pdf": 5.355406333532164, "crl.a._92_l_2017.pdf": 5.355406333532164, "const.p._10_2019.pdf": 5.355406333532164, "c.p._47_q_2016.pdf": 5.355406333532164}, "skeletal": {"crl.p._1617_2022.pdf": 7.1471658027602185, "crl.a._398_2020.pdf": 7.1471658027602185}, "skepticism": {"const.p._17_2019_detailed_reasoning.pdf": 6.741700694652055, "S.M.C._3_2018.pdf": 6.741700694652055, "const.p._6_2023_dt_05_01_2023.pdf": 6.741700694652055}, "sketchily": {"s.m.c._4_2021_26082021.pdf": 7.840312983320164}, "skeltonize": {"Cr.A._137_L_2017.pdf": 7.840312983320164}}