{"sleeve": {"Const.P.127of2012.pdf": 5.643088405983945, "Const.P.12of2010.pdf": 5.643088405983945, "c.a._937_2018.pdf": 11.28617681196789, "c.a._1772_2008.pdf": 5.643088405983945, "C.P._29_2017.pdf": 5.643088405983945, "c.a._1653_2021.pdf": 5.643088405983945, "ICA3,4,6TO11of2011dt2011.04.pdf": 5.643088405983945, "C.A._1085_2017.pdf": 5.643088405983945, "CJD_Section 2-A_Case_as_on_26_06_2006.pdf": 5.643088405983945}, "sleep": {"hrc_42389-P_2013.pdf": 4.5081084731449605, "C.M.A.No.3685of2012-dt-17-1-2013.pdf": 4.5081084731449605, "Const.P._38_2016.pdf": 9.016216946289921, "Crl.O.P_57_2015.pdf": 4.5081084731449605, "Crl.P._120_2016.pdf": 4.5081084731449605, "j.p._405_2021.pdf": 4.5081084731449605, "Const.P.33_2013.pdf": 4.5081084731449605, "Const.P._29_2016.pdf": 9.016216946289921, "Crl.A._275_2011.pdf": 4.5081084731449605, "S.M.C.24of2010[urdu-version].pdf": 4.5081084731449605, "crp.328-329_2013.pdf": 4.5081084731449605, "Const.P.5of2013.pdf": 9.016216946289921, "C.A._427_2009.pdf": 4.5081084731449605, "C.A._353_2015.pdf": 4.5081084731449605, "crl.a._297_2020.pdf": 4.5081084731449605, "Crl.A._402_2013.pdf": 22.540542365724804, "c.p._677_k_2019.pdf": 4.5081084731449605, "Crl.A._466_2017.pdf": 4.5081084731449605, "c.p._469_l_2023.pdf": 9.016216946289921, "ConstitutionPetitionNo39of2009.pdf": 4.5081084731449605, "SMC24-2010.pdf": 4.5081084731449605, "Const.P.73of2011.pdf": 13.52432541943488, "c.a._1685_2021.pdf": 4.5081084731449605, "C.P.784of2014.pdf": 4.5081084731449605, "c.p._1854_l_2022.pdf": 4.5081084731449605, "crl.p._1004_2019.pdf": 9.016216946289921, "C.A._510_2012.pdf": 4.5081084731449605, "S.M.C._7_2017_06022019.pdf": 4.5081084731449605}, "slew": {"Const.P.12of2010.pdf": 15.680625966640328}, "slender": {"Const.P.12of2010.pdf": 14.294331605520437, "C.R.P._561_2015_dt_04-02-2016.pdf": 7.1471658027602185}, "sleepless": {"SMC16of2011_detailed_judgment.pdf": 7.840312983320164}, "sledgehammer": {"const.p._24_2017.pdf": 6.454018622200273, "C.P._330_P_2013.pdf": 6.454018622200273, "const.p._17_2019_detailed_reasoning.pdf": 6.454018622200273, "c.p._1007_2022.pdf": 12.908037244400546}, "sleem": {"crl.a.19of2012.pdf": 15.680625966640328}}