{"slow": {"c.r.p._292_2021_sacked_employees.pdf": 4.176751337190518, "H.R.C._18877_2018_03072019.pdf": 4.176751337190518, "Crl.P._630_2017.pdf": 4.176751337190518, "Const.P.33_2013.pdf": 25.060508023143107, "Const.P._29_2016.pdf": 12.530254011571554, "CJD_Reference by_the_President_of_Pakistan_under_Article_186.pdf": 4.176751337190518, "Crl.P.163_to_171_S.M.C.5_2005.pdf": 4.176751337190518, "C.M.A._3221_2012.pdf": 16.70700534876207, "C.P._2093_2015.pdf": 4.176751337190518, "crl.m.a._62_p_2018.pdf": 4.176751337190518, "crl.p._290_l_2015.pdf": 4.176751337190518, "crl.p._280_2021.pdf": 4.176751337190518, "Const.P.87of2011.pdf": 4.176751337190518, "c.p._1290_l_2019.pdf": 4.176751337190518, "const.p.115_2011.pdf": 12.530254011571554, "C.A._2564_2001.pdf": 4.176751337190518, "c.p._3767_2023.pdf": 4.176751337190518, "Crl.P.200of2009.pdf": 4.176751337190518, "c.p._957_2020.pdf": 4.176751337190518, "c.p._2148_2020.pdf": 4.176751337190518, "c.p._1257_2020.pdf": 4.176751337190518, "c.a._ 870_2020.pdf": 4.176751337190518, "const.p._42_2022_07032024.pdf": 4.176751337190518, "s.m.c._1_2023_12062023.pdf": 4.176751337190518, "Const.P.50-69of2011.pdf": 4.176751337190518, "H.R.C._39216_G_2018.pdf": 8.353502674381035, "SMCNo25of2009.pdf": 33.41401069752414, "H.R.C._20171_B_2018.pdf": 4.176751337190518, "C.P._3451_2015.pdf": 12.530254011571554, "H.R.C._17599_2018.pdf": 4.176751337190518, "j.p._516_2018_detailed.pdf": 4.176751337190518, "crl.a._66_l_2020.pdf": 4.176751337190518, "c.p._140_l_2015.pdf": 4.176751337190518, "H.R.C.39216_G_2018.pdf": 12.530254011571554, "crl.p.203-l_2014.pdf": 8.353502674381035, "H.R.C._10842_P_2018.pdf": 4.176751337190518, "C.A.83and84of2006.pdf": 4.176751337190518, "c.a._196_p_2014_13062023.pdf": 4.176751337190518, "crl.a.264_2006.pdf": 4.176751337190518}, "slogan": {"Crl.A._24_2010.pdf": 5.760871441640328, "Crl.P._1188_2016.pdf": 5.760871441640328, "Const.P.12of2010.pdf": 5.760871441640328, "S.J.C_347_2018.PDF": 17.282614324920985, "CP778-779.pdf": 11.521742883280655, "Const.P.77-78-79 [Memogate]DetailedOrder.pdf": 5.760871441640328, "Const.P.5of2013.pdf": 11.521742883280655, "crl.m.a._1581_2021.pdf": 5.760871441640328}, "slope": {"Crl.O.P_57_2015.pdf": 6.230875070886063, "Crl.M.A._200_2019.pdf": 6.230875070886063, "c.a._1113_2017_dissenting_note.pdf": 6.230875070886063, "c.a._1113_2017.pdf": 6.230875070886063, "SMCNo25of2009.pdf": 12.461750141772127}, "slo": {"cng_prices_order_21-12-12-alongwith_translation.pdf": 14.294331605520437, "smc_1_2014.pdf": 7.1471658027602185}, "slowly": {"Const.P.12of2010.pdf": 16.929265217951833, "Const.P.33_2013.pdf": 5.643088405983945, "CJD_Reference by_the_President_of_Pakistan_under_Article_186.pdf": 5.643088405983945, "const.p._17_2020_dissenting_note_hj11.pdf": 5.643088405983945, "JR_Varan_Case.pdf": 5.643088405983945, "ref._2_2022_13092023_2.pdf": 5.643088405983945, "SMCNo25of2009.pdf": 5.643088405983945, "S.M.C._7_2017_06022019.pdf": 5.643088405983945, "crl.a.264_2006.pdf": 5.643088405983945}, "slot": {"Const.P.12of2010.pdf": 16.327253131565378, "Ref.01_2012_addl.note_HJ.ejaz_afzal_khan.pdf": 5.442417710521793, "C.P.No.1017-Lof2011.pdf": 5.442417710521793, "C.P.41_66_2015.pdf": 5.442417710521793, "Crl.P.200of2009.pdf": 5.442417710521793, "c.p._479_k_2020.pdf": 5.442417710521793, "c.p._560_k_2019.pdf": 5.442417710521793, "const.p._ 22_2022_26072022.pdf": 5.442417710521793, "c.a._1481_2015.pdf": 5.442417710521793, "c.p._1716_2022.pdf": 16.327253131565378, "C.A._946_2014.pdf": 5.442417710521793}, "slowness": {"Const.P.87of2011[UrduVersion].pdf": 7.1471658027602185, "c.r.p._420_2016.pdf": 7.1471658027602185}, "slovak": {"Const.P._29_2016.pdf": 7.840312983320164}, "slowdown": {"JR_Detailed_Judgment_in_Referendum_Case.pdf": 6.741700694652055, "Crl.A.140of2005.pdf": 6.741700694652055, "C.A.83and84of2006.pdf": 13.48340138930411}, "slovakia": {"SMCNo25of2009.pdf": 15.680625966640328}}