{"slp": {"S.M.C.24of2010[urdu-version].pdf": 6.454018622200273, "Const.P.77-78-79 [Memogate]DetailedOrder.pdf": 6.454018622200273, "C.A.800Lof2013etc.pdf": 6.454018622200273, "SMC24-2010.pdf": 6.454018622200273}}