{"sludge": {"Const.P._38_2016.pdf": 7.840312983320164}, "slump": {"SMC15OF2009.pdf": 7.840312983320164}, "slumber": {"Const.P.12of2010.pdf": 5.643088405983945, "Const.P._29_2016.pdf": 5.643088405983945, "crp.328-329_2013.pdf": 5.643088405983945, "JR_Detailed_Judgment_in_Referendum_Case.pdf": 5.643088405983945, "c.p._1441_2021.pdf": 5.643088405983945, "c.p._469_l_2023.pdf": 5.643088405983945, "C.A._843_2012.pdf": 5.643088405983945, "Crl.P._1099_2016.pdf": 5.643088405983945, "c.a._1685_2021.pdf": 5.643088405983945}, "slum": {"const.p.42of2011.pdf": 6.454018622200273, "Ref.01_2012_addl.note_HJ.ejaz_afzal_khan.pdf": 12.908037244400546, "Const.P.NO.62OF2010_orderdt06062011.pdf": 12.908037244400546, "c.a._957_2014.pdf": 6.454018622200273}, "sluggish": {"crl.p._682_2020.pdf": 7.1471658027602185, "Const.P.5and15-HRC14144-DetailedReasons.pdf": 14.294331605520437}, "sluggishness": {"c.p._469_l_2023.pdf": 6.741700694652055, "c.p._940_k_2022.pdf": 6.741700694652055, "c.a._179_2016.pdf": 6.741700694652055}, "sluggishly": {"Const.P._134_2012_21012019.pdf": 7.840312983320164}, "slur": {"c.p._2717_l_2015.pdf": 7.1471658027602185, "const.p._10_2019.pdf": 7.1471658027602185}}