{"sm": {"C.R.P._49_2016.pdf": 5.8944028342648505, "smc.18_2010_final.pdf": 5.8944028342648505, "Urdu-Const.P-77-2010-12.10.2012.pdf": 17.68320850279455, "H.R.C.19of1996[AsgharKhanCase]DetailedReasonsUrduTranslation.pdf": 5.8944028342648505, "Const.P.5of2013.pdf": 5.8944028342648505, "c.a._515_2015.pdf": 5.8944028342648505, "const.p._17_2020_dissenting_note_hj11.pdf": 5.8944028342648505}}