{"smbr": {"s.m.c._1_2020_19052020.pdf": 6.230875070886063, "s.m.c._01_2020_04052020.pdf": 6.230875070886063, "s.m.c._1_2020_20042020.pdf": 6.230875070886063, "s.m.c._01_2020_18052020.pdf": 6.230875070886063, "c.a._370_2020.pdf": 12.461750141772127}}