{"smith": {"c.r.p._292_2021_sacked_employees.pdf": 4.621437158451963, "Const.P.12of2010.pdf": 9.242874316903926, "Const.P._29_2016.pdf": 13.864311475355889, "CP778-779.pdf": 4.621437158451963, "c.p._757_l_2021.pdf": 4.621437158451963, "C.P.No.1017-Lof2011.pdf": 4.621437158451963, "Const.P.5of2013.pdf": 4.621437158451963, "C.P._2093_2015.pdf": 4.621437158451963, "c.a._446_2021.pdf": 4.621437158451963, "JR_Detailed_Judgment_in_Referendum_Case.pdf": 4.621437158451963, "c.p._479_k_2020.pdf": 4.621437158451963, "c.p._1743_2020_03032023.pdf": 4.621437158451963, "c.p._517_l_2016.pdf": 4.621437158451963, "c.a._ 870_2020.pdf": 4.621437158451963, "C.A._767_2014.pdf": 4.621437158451963, "C.A.39_2010.pdf": 4.621437158451963, "c.p._448_p_2017.pdf": 4.621437158451963, "c.p._2459_2017.pdf": 9.242874316903926, "c.p._1369_l_2019.pdf": 4.621437158451963, "c.p._2717_l_2015.pdf": 4.621437158451963, "C.A.876-879of2005.pdf": 4.621437158451963, "c.p._1600_2021_dt_25_01_2024.pdf": 4.621437158451963, "C.P.784of2014.pdf": 4.621437158451963, "c.a._1547_2019.pdf": 4.621437158451963, "C.A._622 _2008.pdf": 4.621437158451963}, "smile": {"ConstitutionPetitionNo21OF2007.pdf": 6.741700694652055, "c.p._2129_2020.pdf": 13.48340138930411, "c.r.p._420_2016.pdf": 13.48340138930411}, "smil": {"Const.P._134_2012.pdf": 7.1471658027602185, "Const.P._134_2012_21012019.pdf": 7.1471658027602185}, "smite": {"Crl.A._39_L_2015.pdf": 15.680625966640328}, "smit": {"Const.P.5of2013.pdf": 7.1471658027602185, "const.p._17_2020_dissenting_note_hj11.pdf": 7.1471658027602185}, "smithaben": {"C.P._816_2009.pdf": 7.1471658027602185, "C.P._816-L_2009.pdf": 7.1471658027602185}, "smithh": {"c.a._ 870_2020.pdf": 7.840312983320164}, "smis": {"c.r.p._420_2016.pdf": 7.840312983320164}}