{"smse": {"ConstitutionPetitionNo21OF2007.pdf": 7.840312983320164}, "smss": {"ConstitutionPetitionNo21OF2007.pdf": 7.840312983320164}, "sms": {"ConstitutionPetitionNo21OF2007.pdf": 5.355406333532164, "Const.P.87of2011[UrduVersion].pdf": 16.06621900059649, "S.M.C.24of2010[urdu-version].pdf": 5.355406333532164, "Const.P.77to85of2011-ShortOrder-1.pdf": 16.06621900059649, "Const.P.87of2011.pdf": 16.06621900059649, "const.p._17_2020_dissenting_note_hj11.pdf": 5.355406333532164, "C.P._733_2018.pdf": 21.421625334128656, "C.A._1509_2016.pdf": 5.355406333532164, "SMC24-2010.pdf": 5.355406333532164, "C.M.A.6309_2018_14072018.pdf": 10.710812667064328, "const.p._10_2019.pdf": 5.355406333532164, "c.m.a._9009_2022.pdf": 5.355406333532164}}