{"snap": {"crl.a._184_2020.pdf": 6.048553514092109, "Crl.A._39_L_2015.pdf": 6.048553514092109, "Const.P.12of2010.pdf": 6.048553514092109, "j.p._14_2016.pdf": 6.048553514092109, "const.p.1_ 2012_etc.pdf": 6.048553514092109, "Crl.A._496_2009.pdf": 6.048553514092109}, "snatch": {"ConstitutionPetitionNo21OF2007.pdf": 4.126740916615856, "Crl.A._190_2016.pdf": 4.126740916615856, "Const.P.12of2010.pdf": 4.126740916615856, "SMC16of2011_detailed_judgment.pdf": 4.126740916615856, "crl.a._95_2019.pdf": 4.126740916615856, "crl.a._128_2020.pdf": 4.126740916615856, "c.a._73_2020.pdf": 4.126740916615856, "Crl.A._157_L_2017.pdf": 4.126740916615856, "Crl.A._160_L_2017.pdf": 8.253481833231712, "crl.p._574_2019.pdf": 8.253481833231712, "c.p._2_2022_dissenting_note2.pdf": 4.126740916615856, "j.p._403_2018.pdf": 8.253481833231712, "C.A._2564_2001.pdf": 4.126740916615856, "j.p._105_2020.pdf": 8.253481833231712, "j.p._255_2018.pdf": 8.253481833231712, "SMC.13-2009.pdf": 4.126740916615856, "J.P.No.56of2005.pdf": 4.126740916615856, "c.p._873_2021.pdf": 4.126740916615856, "crl.sh.a._12_2017.pdf": 4.126740916615856, "c.p._469_l_2023.pdf": 4.126740916615856, "Const.P.77of2010-dt-21-12-2012.pdf": 4.126740916615856, "j.p._148_2022.pdf": 4.126740916615856, "j.p._553_2017.pdf": 8.253481833231712, "constp.p._47_2023.pdf": 4.126740916615856, "crl.p._619_2020.pdf": 4.126740916615856, "crl.a._75_l_2021.pdf": 4.126740916615856, "C.P._4682_2017.pdf": 4.126740916615856, "crl.a._446_2020.pdf": 4.126740916615856, "c.p._1285_2020.pdf": 4.126740916615856, "crl.a._66_l_2020.pdf": 8.253481833231712, "crl.p._963_l_2016.pdf": 41.26740916615856, "crl.p._566_2021.pdf": 4.126740916615856, "crl.p._29_q_2015.pdf": 4.126740916615856, "Crl.A._52_L_2013.pdf": 12.380222749847569, "Crl.A._148_L_2017.pdf": 12.380222749847569, "crl.a._363_2021.pdf": 4.126740916615856, "j.sh.p._03_2020.pdf": 4.126740916615856, "C.A._946_2014.pdf": 4.126740916615856, "crl.a._145_l_2017.pdf": 4.126740916615856, "crl.a._122_l_2012.pdf": 4.126740916615856, "crl.p._1072_l_2022.pdf": 8.253481833231712}, "snag": {"c.p._2243_l_2019.pdf": 7.840312983320164}, "snappy": {"c.a._608_2021.pdf": 6.048553514092109, "c.p._419_2019.pdf": 6.048553514092109, "c.a._3_k_2021.pdf": 6.048553514092109, "c.p._803_2019.pdf": 6.048553514092109, "c.p._2711_2019.pdf": 6.048553514092109, "c.p._342_k_2020.pdf": 6.048553514092109}, "snake": {"const.p._9_2010_27122021.pdf": 6.741700694652055, "c.a._158_l_2011.pdf": 6.741700694652055, "C.M.A._8215_2016.pdf": 6.741700694652055}, "snadha": {"crl.p._1802_l_2017.pdf": 7.840312983320164}, "snamprogetti": {"c.p._3286_2017.pdf": 26.96680277860822, "c.p._560_k_2019.pdf": 13.48340138930411, "c.a._94_2008.pdf": 6.741700694652055}, "snapshot": {"crl.p._1313_l_2021.pdf": 7.840312983320164}, "snack": {"c.a._57_k_2018.pdf": 7.840312983320164}}