{"sniff": {"C.P.796of2007-dt-10-5-2013.pdf": 7.1471658027602185, "Crl.A._115_2013.pdf": 7.1471658027602185}, "sniffer": {"Crl.A._115_2013.pdf": 23.52093894996049}, "snit": {"c.a._1602_2014.pdf": 7.840312983320164}}