{"snub": {"crl.a._599_2020_26032021.pdf": 7.1471658027602185, "S.M.C.18OF2010.pdf": 7.1471658027602185}, "snuff": {"j.p._147_2016.pdf": 7.1471658027602185, "c.a._458_2017.pdf": 28.588663211040874}}