{"soap": {"c.p._1331_l_2017.pdf": 4.8445807097661735, "C.A._861_2007.pdf": 9.689161419532347, "s.m.c._1_2020.pdf": 4.8445807097661735, "c.a._1660_2014.pdf": 4.8445807097661735, "S.M.C._26_2007_04072018.pdf": 4.8445807097661735, "crl.a._177_2022.pdf": 4.8445807097661735, "c.a._1029_2019.pdf": 4.8445807097661735, "c.a._444_2017.pdf": 4.8445807097661735, "c.r.p._421_2020.pdf": 9.689161419532347, "const.p._21_2022_30102023.pdf": 4.8445807097661735, "C.P._2066_2013.pdf": 4.8445807097661735, "crl.p._733_l_2018.pdf": 4.8445807097661735, "const.p._6_2023_dt_05_01_2023.pdf": 4.8445807097661735, "c.a._354_2020.pdf": 4.8445807097661735, "c.a._1113_2017.pdf": 9.689161419532347, "j.p._657_2016.pdf": 4.8445807097661735, "c.p._4599_2021.pdf": 4.8445807097661735, "c.a._26_2015l.pdf": 4.8445807097661735, "c.a._957_2014.pdf": 4.8445807097661735, "C.A._682_2008.pdf": 4.8445807097661735}, "soar": {"c.a._621_2019.pdf": 6.741700694652055, "const.p._2_2022_14102022.pdf": 26.96680277860822, "c.p._3347_2021.pdf": 6.741700694652055}, "soak": {"Crl.A._178-L_2009.pdf": 7.840312983320164}, "soaii": {"c.a._634_2014.pdf": 23.52093894996049}, "soahil": {"hrc_20107-G_2013.pdf": 7.840312983320164}}