{"sobriety": {"ConstitutionPetitionNo21OF2007.pdf": 6.454018622200273, "crl.a._03_p_2017.pdf": 6.454018622200273, "const.p._17_2019_detailed_reasoning.pdf": 6.454018622200273, "crl.p._806_2022.pdf": 6.454018622200273}, "sober": {"C.A._503_2006.pdf": 6.741700694652055, "c.m.a._1243_2021.pdf": 6.741700694652055, "crl.p.203-l_2014.pdf": 6.741700694652055}, "sobh": {"C.M.A.No.3685of2012-dt-17-1-2013.pdf": 7.840312983320164}, "sob": {"Urdu-Const.P-77-2010-12.10.2012.pdf": 7.1471658027602185, "c.p._2129_2020.pdf": 7.1471658027602185}, "soban": {"smc.11_2011.pdf": 7.1471658027602185, "C.R.P._309_2013.pdf": 7.1471658027602185}, "sobhan": {"C.R.P._100_2016.pdf": 7.840312983320164}, "sobhedero": {"c.a._1295_2019.pdf": 23.52093894996049}, "sobhcdcro": {"c.a._1295_2019.pdf": 7.840312983320164}, "sobhodero": {"c.a._1295_2019.pdf": 39.201564916600816}, "sobharo": {"Crl.M.A_183_2019.pdf": 7.840312983320164}, "sobti": {"crl.a.19of2012.pdf": 15.680625966640328}, "sobia": {"crl.p._1420_l_2019.pdf": 6.454018622200273, "crl.p._258_2020.pdf": 6.454018622200273, "C.A.876-879of2005.pdf": 6.454018622200273, "c.a._1546_2019.pdf": 6.454018622200273}, "sobho": {"Const.P.No.33and34of2005-dt-27-6-2013.pdf": 7.840312983320164}, "soba": {"Crl.P._634_2015.pdf": 15.680625966640328}, "sobar": {"crl.p_1124_l_2015.pdf": 7.840312983320164}, "sobharaj": {"C.A._510_2012.pdf": 7.840312983320164}}