{"soe": {"const.p._21_2022_15092023.pdf": 12.908037244400546, "c.a._421_2018.pdf": 109.71831657740464, "CJD_Pakistan_Steel_Mills_Case.pdf": 6.454018622200273, "ref._2_2022_13092023.pdf": 6.454018622200273}}