{"sogreah": {"c.p._1290_l_2019.pdf": 7.840312983320164}, "soga": {"c.a._1275_2009.pdf": 15.680625966640328}}