{"sophisticated": {"Const.P.105-2012-eng-urd.PDF": 4.749270529961848, "NRO_Judgment.pdf": 4.749270529961848, "Const.P.12of2010.pdf": 4.749270529961848, "SMC16of2011_detailed_judgment.pdf": 14.247811589885544, "crl.a._95_2019.pdf": 4.749270529961848, "crl.a._528_2019.pdf": 4.749270529961848, "const.p._24_2017.pdf": 4.749270529961848, "Crl.A._104_2010.pdf": 9.498541059923696, "Const.P.87of2011.pdf": 4.749270529961848, "C.P._330_P_2013.pdf": 4.749270529961848, "const.p._17_2019_detailed_reasoning.pdf": 4.749270529961848, "c.p._3855_2022.pdf": 4.749270529961848, "Const.P.91of2011Dt-23-8-2012.pdf": 4.749270529961848, "smc.16of2011.pdf": 4.749270529961848, "c.p._1007_2022.pdf": 4.749270529961848, "crl.p._443_l_2020_dissenting_note.pdf": 4.749270529961848, "c.p._3747_2023.pdf": 4.749270529961848, "c.a._1547_2019.pdf": 4.749270529961848, "CJD_Pakistan_Steel_Mills_Case.pdf": 4.749270529961848, "c.a._2797_2022.pdf": 4.749270529961848, "Crl.A._148_L_2017.pdf": 4.749270529961848, "C.M.A._8215_2016.pdf": 9.498541059923696}, "sop": {"c.p._1331_l_2017.pdf": 4.47301715333369, "SMC15OF2009.pdf": 4.47301715333369, "crl.p._407_2022.pdf": 4.47301715333369, "C.M.A.No.1535and1536of2013.pdf": 8.94603430666738, "Const.P.NO.62OF2010_orderdt06062011.pdf": 40.257154380003215, "S.M.C._01_2010.pdf": 4.47301715333369, "const.p._21_2022_15092023.pdf": 8.94603430666738, "s.m.c._1_2020.pdf": 4.47301715333369, "c.m.a._7923_2019.pdf": 17.89206861333476, "Const.P.20to27-39&45.pdf": 4.47301715333369, "crl.p._1086_l_2022.pdf": 4.47301715333369, "Const.P._24_2012.pdf": 4.47301715333369, "s.m.c._01_2020_04052020.pdf": 8.94603430666738, "C.P._3874_2016.pdf": 4.47301715333369, "C.A._448_2014_DJ.pdf": 4.47301715333369, "hrc_4925-g_2014.pdf": 8.94603430666738, "s.m.c._1_2020_20042020.pdf": 8.94603430666738, "c.p._55_2020.pdf": 8.94603430666738, "c.p._3598_2020.pdf": 4.47301715333369, "crl.p._1420_l_2019.pdf": 40.257154380003215, "c.a._350_2020.pdf": 4.47301715333369, "smc_3_2014_10.03.2014.pdf": 4.47301715333369, "S.M.C._3_2018.pdf": 4.47301715333369, "c.p._469_l_2023.pdf": 17.89206861333476, "c.p._1336_l_2021.pdf": 4.47301715333369, "j.p._324_2019.pdf": 13.419051460001072, "crl.p._519_2023_detailed_order.pdf": 4.47301715333369, "s.m.c._01_2020_18052020.pdf": 13.419051460001072, "c.p._1303_2020.pdf": 8.94603430666738}, "sophistication": {"c.a._2797_2022.pdf": 7.840312983320164}}