{"sordid": {"H.R.C._14158_G_2016_dt_12_08_2016.pdf": 6.230875070886063, "H.R.C.19of1996[AsgharKhanCase]DetailedReasons.pdf": 18.69262521265819, "Crl.P.163_to_171_S.M.C.5_2005.pdf": 6.230875070886063, "SMC24-2010.pdf": 6.230875070886063, "const.p._10_2019.pdf": 6.230875070886063}, "sorrow": {"SMC5of2012[UrduVersion]dt16-6-2012.pdf": 13.48340138930411, "Const.P.77-78-79 [Memogate]DetailedOrder.pdf": 6.741700694652055, "ICA3,4,6TO11of2011dt2011.04.pdf": 6.741700694652055}, "sorry": {"hrc_42389-P_2013.pdf": 5.275363625858628, "S.M.C._28_2018.pdf": 5.275363625858628, "c.r.p._513_2014.pdf": 5.275363625858628, "Const.P.12of2010.pdf": 10.550727251717255, "Const.P._29_2016.pdf": 15.826090877575883, "Crl.O.P._154_2017.pdf": 5.275363625858628, "smc_1_2014.pdf": 5.275363625858628, "Const.P.77-78-79 [Memogate]DetailedOrder.pdf": 5.275363625858628, "c.p._223_p_2012.pdf": 5.275363625858628, "s.m.c._01_2020.pdf": 5.275363625858628, "Const.P.No.33and34of2005-dt-27-6-2013.pdf": 5.275363625858628, "c.a._17_q_2021.pdf": 5.275363625858628, "ICA3,4,6TO11of2011dt2011.04.pdf": 21.10145450343451}, "sorrowful": {"hrc_42389-P_2013.pdf": 7.1471658027602185, "CP778-779.pdf": 7.1471658027602185}, "sort": {"NRO_Judgment.pdf": 3.286436091719623, "Const.P._50_2018.pdf": 6.572872183439246, "cng_prices_order_21-12-12-alongwith_translation.pdf": 3.286436091719623, "Const.P.12of2010.pdf": 19.71861655031774, "Crl.O.P.92_2013_dt_02.08.2013.pdf": 3.286436091719623, "C.A._104-L_2015.pdf": 3.286436091719623, "const.p.42of2011.pdf": 9.85930827515887, "Const.P._29_2016.pdf": 9.85930827515887, "Const.P.77of2012[DetailedOrderFinal].pdf": 3.286436091719623, "crl.a._599_2020_26032021.pdf": 3.286436091719623, "c.a._782_2014.pdf": 3.286436091719623, "Ref.01_2012_addl.note_HJ.ejaz_afzal_khan.pdf": 6.572872183439246, "crl.a._95_2019.pdf": 3.286436091719623, "REVIEW_P_46&47_2011_full.pdf": 3.286436091719623, "smc.11_2011.pdf": 9.85930827515887, "s.m.c._4_2022.pdf": 6.572872183439246, "Const.P_3_2014.pdf": 3.286436091719623, "const.p._24_2017.pdf": 3.286436091719623, "Crl.M.A_693_2018.pdf": 3.286436091719623, "C.A._1628_2017.pdf": 3.286436091719623, "h.r.c._12726_b_2020.pdf": 3.286436091719623, "S.M.C.18_2016_dt_06_01_2017.pdf": 3.286436091719623, "c.a._1355_2006.pdf": 3.286436091719623, "C.A._493_2011.pdf": 3.286436091719623, "s.m.c._1_2020_19052020.pdf": 3.286436091719623, "C.P._78_K_2015.pdf": 6.572872183439246, "c.a._502_2017.pdf": 9.85930827515887, "JR_Detailed_Judgment_in_Referendum_Case.pdf": 3.286436091719623, "s.m.c._01_2020.pdf": 6.572872183439246, "const.p._2_2022_14102022.pdf": 19.71861655031774, "C.A._308_2008.pdf": 3.286436091719623, "C.A._359_2013.pdf": 3.286436091719623, "c.m.a.no20&21of2009.pdf": 3.286436091719623, "const.p._9_2010.pdf": 3.286436091719623, "c.a._183_2015.pdf": 3.286436091719623, "crl.a.19of2012.pdf": 23.005052642037363, "h.r.c_11827_s_2018.pdf": 3.286436091719623, "C.A._725_2008.pdf": 9.85930827515887, "c.p._84_.2016.pdf": 3.286436091719623, "c.p._479_k_2020.pdf": 13.145744366878493, "const.p._17_2019_detailed_reasoning.pdf": 3.286436091719623, "const.p._21_2023_11082023.pdf": 6.572872183439246, "c.p._3097_2015.pdf": 3.286436091719623, "h.r.c._318_1993.pdf": 3.286436091719623, "Const.P.No.33and34of2005-dt-27-6-2013.pdf": 3.286436091719623, "C.P._1616_2018.pdf": 3.286436091719623, "c.a._350_2020.pdf": 3.286436091719623, "c.p._1077_2018.pdf": 3.286436091719623, "const.p._6_2023_13042023.pdf": 6.572872183439246, "c.a._1481_2015.pdf": 3.286436091719623, "S.M.C._3_2018.pdf": 6.572872183439246, "crl.a._108_2020.pdf": 3.286436091719623, "Crl.A._466_2017.pdf": 3.286436091719623, "c.a._1113_2017_dissenting_note.pdf": 3.286436091719623, "c.p._686_k_2019.pdf": 3.286436091719623, "c.a._617_2020.pdf": 3.286436091719623, "const.p.6_2011_final.pdf": 3.286436091719623, "const.p._24_2023_f.pdf": 13.145744366878493, "crl.a._633_2019_15092023.pdf": 3.286436091719623, "s.m.c._1_2023_12062023.pdf": 3.286436091719623, "s.m.c._1_2020_08062020.pdf": 3.286436091719623, "c.a._1498_2018.pdf": 9.85930827515887, "const.p._9_2010_28122021.pdf": 3.286436091719623, "crl.a._239_2020.pdf": 3.286436091719623, "c.a._1113_2017.pdf": 3.286436091719623, "c.a._1089_2015.pdf": 3.286436091719623, "Const.P._35_2016_dt_15_12_2017.pdf": 3.286436091719623, "c.m.a._1243_2021.pdf": 3.286436091719623, "c.a._94_2008.pdf": 3.286436091719623, "c.p._1554_l_2020.pdf": 3.286436091719623, "C.A._1086_2009.pdf": 3.286436091719623, "C.M.A._592_K_2013_order_dt_26_03_2015.pdf": 3.286436091719623, "s.m.c._4_2021_26082021.pdf": 3.286436091719623, "C.A._833_2006.pdf": 3.286436091719623, "c.a._735_2016.pdf": 3.286436091719623, "C.A._1169_2014.pdf": 6.572872183439246, "hrc_20107-G_2013.pdf": 3.286436091719623, "ca679-lof2012.pdf": 6.572872183439246, "c.a._179_2016.pdf": 3.286436091719623, "C.M.A.4918of2012-dt-26-4-2013.pdf": 3.286436091719623, "C.A._545_K_2010.pdf": 3.286436091719623, "crl.p._742_l_2019.pdf": 3.286436091719623, "C.P._661_K_2015.pdf": 3.286436091719623, "c.a._998_2020.pdf": 3.286436091719623, "c.a._508_2020.pdf": 6.572872183439246, "const.p._5_2023_detailed_reasons.pdf": 3.286436091719623, "crl.m.a._1659_2019.pdf": 3.286436091719623, "H.R.C._3654_2018.pdf": 3.286436091719623, "C.R.P._309_2013.pdf": 3.286436091719623, "Const.P.59of2011.pdf": 9.85930827515887, "C.M.A._8215_2016.pdf": 9.85930827515887, "c.p._4700_2021.pdf": 6.572872183439246, "c.a._1486_2017.pdf": 3.286436091719623, "c.a._712_2020.pdf": 3.286436091719623, "crl.a.264_2006.pdf": 6.572872183439246}, "sore": {"Const.P.33_2013.pdf": 7.840312983320164}, "soria": {"Const.P._29_2016.pdf": 7.840312983320164}, "sorrowfully": {"SMC16of2011_detailed_judgment.pdf": 7.840312983320164}, "sorcerery": {"CJD_Reference by_the_President_of_Pakistan_under_Article_186.pdf": 7.840312983320164}, "sorcery": {"crl.p._1245_2020.pdf": 7.840312983320164}, "soraya": {"C.R.P._94_2014.pdf": 7.1471658027602185, "C.A._1086_2014.pdf": 7.1471658027602185}, "sortable": {"c.a._21_2021.pdf": 7.840312983320164}, "soran": {"c.a._ 870_2020.pdf": 7.840312983320164}, "sorish": {"C.A.39_2010.pdf": 7.840312983320164}, "sorter": {"c.a._508_2020.pdf": 7.840312983320164}}