{"sot": {"c.a._1011_2020.pdf": 360.65439723272755}, "sota": {"j.p._943_2017.pdf": 23.04348576656131, "crl.p._601_l_2021.pdf": 17.282614324920985, "j.p._201_2015.pdf": 5.760871441640328, "crl.p._507_l_2021.pdf": 5.760871441640328, "Crl.A._582_2018.pdf": 5.760871441640328, "crl.p._1145_l_2020.pdf": 5.760871441640328, "crl.p._656_l_2021.pdf": 17.282614324920985, "clr.a._250_2020.pdf": 5.760871441640328}, "sothern": {"c.a._570_2011.pdf": 7.840312983320164}}