{"soya": {"reference._1_2011_urdu.pdf": 7.1471658027602185, "Const.P.No.33and34of2005-dt-27-6-2013.pdf": 28.588663211040874}}