{"sphere": {"Const.P.127of2012.pdf": 9.474545268587834, "ConstitutionPetitionNo21OF2007.pdf": 12.632727024783778, "C.A._786_2017.pdf": 9.474545268587834, "SMC15OF2009.pdf": 9.474545268587834, "NRO_Judgment.pdf": 41.05636283054728, "Const.P.40of2012-DetailJudgment[UrduTranslation]-dt-3.7.2012.pdf": 3.1581817561959444, "Const.P._50_2018.pdf": 3.1581817561959444, "Const.P.12of2010.pdf": 63.16363512391889, "Const.P.12of2010Urdu.pdf": 3.1581817561959444, "const.p.42of2011.pdf": 6.316363512391889, "Const.P._29_2016.pdf": 9.474545268587834, "Const.P.77of2012[DetailedOrderFinal].pdf": 12.632727024783778, "C.A._233_2015.pdf": 3.1581817561959444, "Const.P.30of2013.pdf": 3.1581817561959444, "Ref.01_2012_addl.note_HJ.ejaz_afzal_khan.pdf": 3.1581817561959444, "SMC16of2011_detailed_judgment.pdf": 6.316363512391889, "C.A._785_2017.pdf": 9.474545268587834, "crl.a._95_2019.pdf": 3.1581817561959444, "C.R.P.167of2012-dt-30-8-2012.pdf": 3.1581817561959444, "c.p._1347_2019.pdf": 6.316363512391889, "Const.P.40of2012-DetailJudgment-dt-3.7.2012.pdf": 6.316363512391889, "smc.11_2011.pdf": 3.1581817561959444, "c.p._2119_2018.pdf": 3.1581817561959444, "H.R.C.19of1996[AsgharKhanCase]DetailedReasons.pdf": 3.1581817561959444, "Const.P.77-78-79 [Memogate]DetailedOrder.pdf": 3.1581817561959444, "C.P.796of2007-dt-10-5-2013.pdf": 3.1581817561959444, "c.p._154_2019.pdf": 3.1581817561959444, "JR_Judgment_on_17th_Amendmend_and_Presidents_Uniform_Case.pdf": 3.1581817561959444, "crl.a._03_p_2017.pdf": 3.1581817561959444, "C.P._45_2015.pdf": 3.1581817561959444, "CJD_Reference by_the_President_of_Pakistan_under_Article_186.pdf": 3.1581817561959444, "Crl.O.P.89of2011.pdf": 6.316363512391889, "const.p.23of2012.pdf": 9.474545268587834, "const.p._24_2017.pdf": 3.1581817561959444, "const.p._14_2023.pdf": 6.316363512391889, "c.p.614_p_2022.pdf": 3.1581817561959444, "C.R.P._561_2015_dt_04-02-2016.pdf": 3.1581817561959444, "c.a._1355_2006.pdf": 3.1581817561959444, "CMA No.5144of2011.pdf": 3.1581817561959444, "c.a._307_2017.pdf": 3.1581817561959444, "JR_Detailed_Judgment_in_Graduation_Qualification_Case.pdf": 3.1581817561959444, "const.p._6_2023_07032024.pdf": 3.1581817561959444, "const.p._2_2022_14102022.pdf": 3.1581817561959444, "crl.p._299_2020_07042020.pdf": 3.1581817561959444, "Const.P.87of2011.pdf": 6.316363512391889, "c.a._353_2010.pdf": 3.1581817561959444, "c.p._4129_2019.pdf": 6.316363512391889, "c.a._797_2013.pdf": 3.1581817561959444, "C.A._359_2013.pdf": 3.1581817561959444, "const.p._17_2020_dissenting_note_hj11.pdf": 18.949090537175667, "c.a._24_2015.pdf": 3.1581817561959444, "C.A._1563_2014.pdf": 3.1581817561959444, "C.A._1428_2016.pdf": 9.474545268587834, "c.a._444_2017.pdf": 6.316363512391889, "crl.p._1371_2016.pdf": 3.1581817561959444, "Crl.A.140of2005.pdf": 6.316363512391889, "S.M.C._03_2017.pdf": 3.1581817561959444, "c.r.p._292_2021_detailed.pdf": 3.1581817561959444, "const.p._17_2019_detailed_reasoning.pdf": 3.1581817561959444, "c.p._957_2020.pdf": 3.1581817561959444, "const.p._21_2023_11082023.pdf": 3.1581817561959444, "SMC.13-2009.pdf": 3.1581817561959444, "j.p._499_2015.pdf": 3.1581817561959444, "C.A._125_K_2016_JPMC_Dissenting_Note.pdf": 31.581817561959443, "Const.P.No.33and34of2005-dt-27-6-2013.pdf": 3.1581817561959444, "crl.p._713_l_2020.pdf": 3.1581817561959444, "c.a._513_2014.pdf": 3.1581817561959444, "c.a._1476_2018.pdf": 3.1581817561959444, "const.p._6_2023_13042023.pdf": 3.1581817561959444, "c.a._1481_2015.pdf": 3.1581817561959444, "c.a._84_k_2023.pdf": 3.1581817561959444, "C.A._767_2014.pdf": 15.790908780979722, "c.p._2_2022_dissenting_note.pdf": 3.1581817561959444, "const.p._6_2023_dt_05_01_2023.pdf": 3.1581817561959444, "c.r.p._420_2016.pdf": 3.1581817561959444, "const.p._24_2023_f.pdf": 6.316363512391889, "reference_1_2020.pdf": 3.1581817561959444, "C.R.P._561_2015.pdf": 3.1581817561959444, "Const.P.39-2103.pdf": 3.1581817561959444, "const.p._6_2023_dn.pdf": 3.1581817561959444, "C.A._651_2012.pdf": 3.1581817561959444, "const.p._17_2020_dissenting_note_hj4.pdf": 6.316363512391889, "Const.P.22of2013.pdf": 6.316363512391889, "c.p._2314_2022.pdf": 3.1581817561959444, "c.a._26_k_2021.pdf": 3.1581817561959444, "c.p._3944_2019.pdf": 3.1581817561959444, "C.P._529_2015.pdf": 3.1581817561959444, "crl.p._1091_2021.pdf": 3.1581817561959444, "s.m.c._4_2021_26082021.pdf": 6.316363512391889, "c.a._977_2018.pdf": 3.1581817561959444, "ConstP.No.53of2007andConst.P.83of2012.pdf": 6.316363512391889, "Const.P._134_2012_21012019.pdf": 3.1581817561959444, "c.p._3413_2017.pdf": 3.1581817561959444, "c.m.a._1243_2021_04042022.pdf": 3.1581817561959444, "CJD_Section 2-A_Case_as_on_26_06_2006.pdf": 3.1581817561959444, "c.p._962_2016 .pdf": 3.1581817561959444, "c.a._1191_2016.pdf": 3.1581817561959444, "c.a._1547_2019.pdf": 3.1581817561959444, "C.P._2167_2014.pdf": 3.1581817561959444, "CJD_Pakistan_Steel_Mills_Case.pdf": 3.1581817561959444, "CMA3258of2013inCP65of09DetailOrder.pdf": 3.1581817561959444, "HR8340OF2010.pdf": 3.1581817561959444, "c.p._2414_l_2015.pdf": 3.1581817561959444, "S.M.C._7_2017_06022019.pdf": 3.1581817561959444, "c.p._4700_2021.pdf": 3.1581817561959444, "JR_Fecto_Belarus_Tractor_Limited_Case.pdf": 6.316363512391889, "CPs987-989OF2011-DT19.10.2011.pdf": 3.1581817561959444, "c.a._1486_2017.pdf": 3.1581817561959444}, "sphincter": {"crl.s.a.07_2011.pdf": 7.1471658027602185, "j.p._300_2022.pdf": 14.294331605520437}, "sphinx": {"C.A._539_2003.pdf": 15.680625966640328}}