{"split": {"J.P._191_2018.pdf": 4.47301715333369, "Const.P.12of2010.pdf": 13.419051460001072, "Const.P.33_2013.pdf": 22.36508576666845, "Const.P._29_2016.pdf": 8.94603430666738, "H.R.C.19of1996[AsgharKhanCase]DetailedReasonsUrduTranslation.pdf": 4.47301715333369, "CP778-779.pdf": 4.47301715333369, "HRC7734-G_1003-GOF2009[AllegedCorruptionInRentalPowerPlants].pdf": 8.94603430666738, "j.p._14_2016.pdf": 4.47301715333369, "i.c.a._1_2024_dn_20032024.pdf": 4.47301715333369, "C.P._78_K_2015.pdf": 4.47301715333369, "c.r.p._296_2020_29012022.pdf": 4.47301715333369, "c.r.p._296_2020_04022022.pdf": 4.47301715333369, "c.a._353_2010.pdf": 8.94603430666738, "const.p.115_2011.pdf": 13.419051460001072, "Crl.P.200of2009.pdf": 4.47301715333369, "crl.a._139_2022.pdf": 4.47301715333369, "c.p._479_k_2020.pdf": 4.47301715333369, "const.p._21_2022_30102023.pdf": 4.47301715333369, "cas_727-730_777_778_2014_etc.pdf": 13.419051460001072, "c.a._1460_2013.pdf": 8.94603430666738, "const.p._6_2023_dt_05_01_2023.pdf": 4.47301715333369, "const.p._24_2023_f.pdf": 4.47301715333369, "s.m.c._1_2023_12062023.pdf": 4.47301715333369, "reference_1_2020.pdf": 4.47301715333369, "c.p._280_k_2019.pdf": 4.47301715333369, "CMA.2243-2010.pdf": 4.47301715333369, "C.A._1023_2016.pdf": 4.47301715333369, "crl.a._154_l_2013.pdf": 4.47301715333369, "c.a._2797_2022.pdf": 4.47301715333369}, "spl": {"c.p._620_2021.pdf": 41.96457421843516, "c.p._1628_2020.pdf": 3.8149612925850147, "Const.P._29_2016_28072016.pdf": 61.039380681360235, "Const.P.12of2010.pdf": 7.629922585170029, "Crl.A._523_2017.pdf": 7.629922585170029, "c.p._2243_l_2019.pdf": 3.8149612925850147, "c.p._4599_2017.pdf": 3.8149612925850147, "crl.a._599_2020_26032021.pdf": 3.8149612925850147, "C.A._233_2015.pdf": 3.8149612925850147, "C.A._2109_2016.pdf": 3.8149612925850147, "s.m.c._1_2022_detailed.pdf": 3.8149612925850147, "c.p._3236_2019.pdf": 3.8149612925850147, "c.p._4522_2023_dt_05_01_2024 .pdf": 3.8149612925850147, "C.A._2105_2008.pdf": 3.8149612925850147, "Crl.P._888_2015.pdf": 3.8149612925850147, "Crl.P._105_2017.pdf": 3.8149612925850147, "c.p._1128_2020.pdf": 3.8149612925850147, "s.m.c._01_2020_04052020.pdf": 3.8149612925850147, "C.P._3874_2016.pdf": 3.8149612925850147, "c.p._1542_2017.pdf": 7.629922585170029, "const.p._21_2022_29082023.pdf": 3.8149612925850147, "h.r.c_11827_s_2018.pdf": 3.8149612925850147, "c.m.a._7139_2019.pdf": 3.8149612925850147, "c.p._5178_2021.pdf": 3.8149612925850147, "C.P._1069_K_2018.pdf": 15.259845170340059, "c.p._186_2024.pdf": 3.8149612925850147, "C.P._1885_2017.pdf": 15.259845170340059, "c.m.a._2769_2023.pdf": 3.8149612925850147, "const.p._5_2023_04apr2023.pdf": 3.8149612925850147, "s.m.c._2_2022_27052022.pdf": 3.8149612925850147, "const.p._5_2023_14042023.pdf": 3.8149612925850147, "Crl.A._35_K_2016.pdf": 7.629922585170029, "s.m.c._1_2022_07042022.pdf": 3.8149612925850147, "s.m.c._1_2023_12062023.pdf": 3.8149612925850147, "C.P._1707_2018.pdf": 3.8149612925850147, "constp.p._47_2023.pdf": 3.8149612925850147, "C.A._1447_2016.pdf": 3.8149612925850147, "crl.a._239_2020.pdf": 7.629922585170029, "crl.a._599_2020.pdf": 3.8149612925850147, "c.p._258_2017.pdf": 3.8149612925850147, "const.p._26_2016.pdf": 3.8149612925850147, "c.p._3988_2022.pdf": 3.8149612925850147, "s.m.c._3_2022_13062023.pdf": 3.8149612925850147, "c.p._183_2024.pdf": 3.8149612925850147, "c.p._183_2024_20032024.pdf": 3.8149612925850147, "S.M.C._17_2016.pdf": 3.8149612925850147, "s.m.c._01_2020_18052020.pdf": 3.8149612925850147, "crl.p._29_k_2022.pdf": 7.629922585170029, "c.p._184_2024.pdf": 3.8149612925850147, "c.p._185_2024.pdf": 3.8149612925850147, "const.p._5_2023_detailed_reasons.pdf": 3.8149612925850147, "s.m.c._1_2023_23022023.pdf": 3.8149612925850147, "c.p._4387_2021.pdf": 3.8149612925850147, "const.p._21_2022_18082023.pdf": 7.629922585170029, "c.p._4387_2021_24012022.pdf": 3.8149612925850147, "c.m.a._8758_2018.pdf": 3.8149612925850147}, "splitting": {"Const.P.33_2013.pdf": 16.929265217951833, "c.p._2933_2019.pdf": 5.643088405983945, "crl.a._139_2022.pdf": 16.929265217951833, "const.p._21_2022_30102023.pdf": 16.929265217951833, "c.a._1460_2013.pdf": 33.85853043590367, "c.a._1113_2017.pdf": 11.28617681196789, "c.a._1877_2016_dt_24_01_2024.pdf": 5.643088405983945, "C.A._1023_2016.pdf": 16.929265217951833, "c.p._3797_2020.pdf": 5.643088405983945}, "splinter": {"c.p._2243_l_2019.pdf": 7.840312983320164}, "spld": {"c.p._2_2022_dissenting_note2.pdf": 7.840312983320164}, "splash": {"crl.a._416_2020.pdf": 7.840312983320164}, "splendour": {"C.P._816_2009.pdf": 7.1471658027602185, "C.P._816-L_2009.pdf": 7.1471658027602185}, "splintered": {"Crl.P._634_2015.pdf": 7.840312983320164}, "splendid": {"C.M.A._8215_2016.pdf": 7.840312983320164}}