{"sps": {"C.R.P._49_2016.pdf": 7.1471658027602185, "SMC16of2011_detailed_judgment.pdf": 7.1471658027602185}, "spssp": {"CMA_1145-K_2013_in_SMC_16-2011_08-03-2013.pdf": 7.840312983320164}, "spsc": {"S.M.C._18_2016.pdf": 18.69262521265819, "S.M.C.18_2016_dt_06_01_2017.pdf": 68.5396257797467, "C.A.212and213OF2011.pdf": 174.46450198480977, "c.a._52_k_2022.pdf": 18.69262521265819, "c.p._590_2021.pdf": 6.230875070886063}}