{"spurn": {"Const.P.12of2010.pdf": 6.454018622200273, "S.J.C_347_2018.PDF": 6.454018622200273, "C.R.P._383_2005.pdf": 6.454018622200273, "const.p._2_2022_14102022.pdf": 6.454018622200273}, "spulchre": {"Const.P.12of2010.pdf": 7.840312983320164}, "spurious": {"Const.P._29_2016.pdf": 6.230875070886063, "C.P.796of2007-dt-10-5-2013.pdf": 6.230875070886063, "Const.P.5of2013.pdf": 6.230875070886063, "C.A._461_2014.pdf": 6.230875070886063, "c.p._42_2024_25012024.pdf": 6.230875070886063}, "spurpose": {"c.a._371_2020.pdf": 7.840312983320164}, "spur": {"C.P.796of2007-dt-10-5-2013.pdf": 5.067724261080383, "const.p._2_2022_14102022.pdf": 5.067724261080383, "j.p._496_2019.pdf": 10.135448522160766, "Crl.A.13-14-15and16of2004and53of2011.pdf": 5.067724261080383, "crl.p._1371_2016.pdf": 25.338621305401915, "crl.p._911_2020.pdf": 5.067724261080383, "j.p._943_2017.pdf": 5.067724261080383, "j.p._148_2022.pdf": 5.067724261080383, "crl.p._53_q_2020.pdf": 10.135448522160766, "j.p._355_2018.pdf": 15.20317278324115, "c.a._1275_2009.pdf": 10.135448522160766, "crl.a._154_l_2013.pdf": 5.067724261080383, "crl.a._446_2020.pdf": 10.135448522160766, "crl.a._506_2020.pdf": 15.20317278324115, "crl.a._82_2022.pdf": 10.135448522160766, "j.p._462_2016.pdf": 5.067724261080383}, "spu": {"c.p._152_2022.pdf": 47.04187789992098}}