{"spy": {"c.a._1476_2018_urdu.pdf": 5.067724261080383, "Const.P.12of2010.pdf": 10.135448522160766, "Const.P._29_2016.pdf": 5.067724261080383, "const.p.1_ 2012_etc.pdf": 5.067724261080383, "Crl.A._126_2010.pdf": 15.20317278324115, "Crl.P._15_2015.pdf": 5.067724261080383, "crl.a._208_2022.pdf": 5.067724261080383, "c.a._1476_2018.pdf": 5.067724261080383, "crl.p._733_l_2018.pdf": 5.067724261080383, "j.p._637_2016.pdf": 5.067724261080383, "crl.p._789_2023.pdf": 5.067724261080383, "const.p._17_2020_dissenting_note_hj4.pdf": 5.067724261080383, "Crl.A._21-K_2016.pdf": 5.067724261080383, "j.p._657_2016.pdf": 5.067724261080383, "crl.p._29_k_2022.pdf": 25.338621305401915, "j.p._95_2017.pdf": 10.135448522160766}, "spying": {"ConstitutionPetitionNo21OF2007.pdf": 6.741700694652055, "crl.a._599_2020_26032021.pdf": 6.741700694652055, "CJD_Reference by_the_President_of_Pakistan_under_Article_186.pdf": 20.225102083956166}}