{"sqlain": {"Crl.A.13-14-15and16of2004and53of2011.pdf": 7.840312983320164}, "sql": {"c.p._258_2017.pdf": 6.741700694652055, "c.p._3985_2019.pdf": 6.741700694652055, "c.a._712_2020.pdf": 6.741700694652055}}