{"sra": {"c.a._1476_2018_urdu.pdf": 7.840312983320164}, "srac": {"s.m.c._01_2020_04052020.pdf": 7.840312983320164}}