{"srbc": {"smc.24_2010.pdf": 14.294331605520437, "H.R.C._3654_2018.pdf": 21.441497408280654}, "srb": {"C.P._1069_K_2018.pdf": 188.76761945025754, "c.p._414_2021.pdf": 53.93360555721644, "C.A._767_2014.pdf": 6.741700694652055}}