{"sre": {"c.p._510_2019.pdf": 7.840312983320164}, "sreenivasa": {"c.a.1540-1599_2013.pdf": 13.48340138930411, "c.a._1113_2017_dissenting_note.pdf": 6.741700694652055, "c.a._1113_2017.pdf": 6.741700694652055}, "sreedhar": {"c.p._803_2019.pdf": 7.1471658027602185, "c.p._446_l_2014.pdf": 7.1471658027602185}, "sree": {"c.p._1276_2020.pdf": 7.840312983320164}}