{"sri": {"Const.P.127of2012.pdf": 4.544476117315835, "c.p._3436_l_2022.pdf": 4.544476117315835, "Const.P.12of2010.pdf": 31.811332821210843, "crl.a._599_2020_26032021.pdf": 9.08895223463167, "S.J.C_347_2018.PDF": 4.544476117315835, "H.R.C.19of1996[AsgharKhanCase]DetailedReasonsUrduTranslation.pdf": 4.544476117315835, "const.p._24_to_26_of_2023_04072023.pdf": 4.544476117315835, "crl.a._95_2019.pdf": 4.544476117315835, "H.R.C.19of1996[AsgharKhanCase]DetailedReasons.pdf": 4.544476117315835, "c.p._1517_2022.pdf": 4.544476117315835, "C.P.796of2007-dt-10-5-2013.pdf": 4.544476117315835, "JR_Judgment_on_17th_Amendmend_and_Presidents_Uniform_Case.pdf": 4.544476117315835, "CJD_Reference by_the_President_of_Pakistan_under_Article_186.pdf": 4.544476117315835, "C.A._417-L_2009.pdf": 4.544476117315835, "JR_Detailed_Judgment_in_Referendum_Case.pdf": 4.544476117315835, "c.a._538_2022.pdf": 4.544476117315835, "crl.p._299_2020_07042020.pdf": 4.544476117315835, "Crl.P.200of2009.pdf": 9.08895223463167, "Const.P.91of2011Dt-23-8-2012.pdf": 4.544476117315835, "c.a._1113_2017_dissenting_note.pdf": 9.08895223463167, "Const.P.50-69of2011.pdf": 4.544476117315835, "c.a._1113_2017.pdf": 9.08895223463167, "s.m.c._4_2021_26082021.pdf": 9.08895223463167, "Const.P.73of2011.pdf": 4.544476117315835, "C.A._1049_2011.pdf": 4.544476117315835, "JR_Fecto_Belarus_Tractor_Limited_Case.pdf": 9.08895223463167, "c.a._196_p_2014_13062023.pdf": 4.544476117315835}, "sripadagalavaru": {"Const.P.12of2010.pdf": 7.840312983320164}, "sripadagalvaru": {"Const.P.12of2010.pdf": 7.840312983320164}, "srichand": {"Const.P._29_2016.pdf": 7.840312983320164}, "srinivas": {"Crl.P.200of2009.pdf": 7.840312983320164}, "srinath": {"C.A._1890_2002.pdf": 7.840312983320164}, "srinagar": {"crl.o.p._148_2022.pdf": 7.840312983320164}, "sriramulu": {"C.A._622 _2008.pdf": 7.840312983320164}}