{"srsp": {"c.a._248_2020.pdf": 207.26780828004632, "c.a._232_2020.pdf": 21.441497408280654}}