{"ssc": {"S.M.C.24of2010[urdu-version].pdf": 6.741700694652055, "c.p._132_p_2021.pdf": 20.225102083956166, "C.M.A.3470_2013.pdf": 13.48340138930411}}