{"sse": {"Const.P.105-2012-eng-urd.PDF": 7.1471658027602185, "crp.328-329_2013.pdf": 7.1471658027602185}}