{"sst": {"c.a._465_2021.pdf": 6.048553514092109, "Crl.O.P.89of2011.pdf": 30.242767570460547, "c.p._1170_2018.pdf": 6.048553514092109, "const.p.37_2012_final.pdf": 12.097107028184219, "c.a._550_2020.pdf": 42.33987459864477, "ConstP.No.53of2007andConst.P.83of2012.pdf": 6.048553514092109}, "ssta": {"ConstP.No.53of2007andConst.P.83of2012.pdf": 15.680625966640328}}