{"std": {"smc.9_2011.pdf": 7.1471658027602185, "H.R.C._3654_2018.pdf": 7.1471658027602185}}