{"stp": {"Const.P._38_2016.pdf": 6.454018622200273, "c.a._1219_2015.pdf": 19.36205586660082, "c.p._4500_2017.pdf": 32.270093111001366, "c.m.a._8758_2018.pdf": 6.454018622200273}}