{"sua": {"Const.P.77of2012[DetailedOrderFinal].pdf": 5.537727890326118, "CP778-779.pdf": 22.150911561304472, "crp.328-329_2013.pdf": 5.537727890326118, "C.A._305_2008.pdf": 5.537727890326118, "c.p._2866_2015.pdf": 5.537727890326118, "c.p._152_2022.pdf": 5.537727890326118, "c.p._3988_2019.pdf": 5.537727890326118, "CMA2745of2009etc.pdf": 11.075455780652236, "ICA3,4,6TO11of2011dt2011.04.pdf": 22.150911561304472, "Crl.O.P.6of2012.pdf": 5.537727890326118}, "suaren": {"c.a._108_2015.pdf": 7.840312983320164}, "suave": {"c.r.p._420_2016.pdf": 7.840312983320164}}