{"sudden": {"Const.P.127of2012.pdf": 3.635620363929198, "C.R.P._297_2017_Reserved.pdf": 3.635620363929198, "crl.s.m.r.p._84_2018.pdf": 3.635620363929198, "Const.P._29_2016_28072016.pdf": 3.635620363929198, "Const.P.12of2010.pdf": 3.635620363929198, "C.A._2215_2006.pdf": 3.635620363929198, "Const.P._29_2016.pdf": 14.542481455716793, "Const.P.NO.62OF2010_orderdt06062011.pdf": 3.635620363929198, "H.R.C.19of1996[AsgharKhanCase]DetailedReasonsUrduTranslation.pdf": 3.635620363929198, "crl.a._95_2019.pdf": 3.635620363929198, "C.A._514_2008.pdf": 3.635620363929198, "crl.p._658_2020.pdf": 3.635620363929198, "Crl.P.163_to_171_S.M.C.5_2005.pdf": 7.271240727858396, "C.M.A._3221_2012.pdf": 7.271240727858396, "crl.p._1210_2020.pdf": 7.271240727858396, "Crl.A._104_2010.pdf": 10.906861091787594, "C.A._718_2007.pdf": 3.635620363929198, "c.u.o._18_2024_dt_21_02_2024.pdf": 3.635620363929198, "j.p._415_2018.pdf": 3.635620363929198, "crl.r.p._52_2019.pdf": 7.271240727858396, "j.p._262_2015.pdf": 3.635620363929198, "Crl.A._107_L_2017.pdf": 3.635620363929198, "crl.p._1710_l_2017.pdf": 3.635620363929198, "crl.p._762_2018.pdf": 3.635620363929198, "crl.a._531_2019.pdf": 10.906861091787594, "C.M.A._3704_2015.pdf": 3.635620363929198, "Crl.A._210_2015.pdf": 21.813722183575187, "j.p._34_2020.pdf": 39.99182400322118, "Crl.P.200of2009.pdf": 3.635620363929198, "crl.p._1371_2016.pdf": 18.178101819645992, "crl.p._911_2020.pdf": 3.635620363929198, "const.p._17_2019_detailed_reasoning.pdf": 7.271240727858396, "j.p._499_2015.pdf": 47.263064731079574, "j.p._943_2017.pdf": 7.271240727858396, "c.p._1925_2020.pdf": 3.635620363929198, "crl.p._335_2020.pdf": 3.635620363929198, "Crl.A._436_2017.pdf": 21.813722183575187, "Const.P.No.33and34of2005-dt-27-6-2013.pdf": 3.635620363929198, "crl.p._622_2020.pdf": 3.635620363929198, "c.a._1772_2008.pdf": 7.271240727858396, "c.a._17_q_2021.pdf": 3.635620363929198, "crl.a_413-414_2013_18.02.2014.pdf": 3.635620363929198, "crl.sh.a._12_2017.pdf": 7.271240727858396, "crl.p_1124_l_2015.pdf": 21.813722183575187, "crl.p._53_q_2020.pdf": 3.635620363929198, "c.p._803_2019.pdf": 3.635620363929198, "crl.p._9_q_2021.pdf": 3.635620363929198, "c.a._977_2018.pdf": 3.635620363929198, "Crl.A._199_2011.pdf": 10.906861091787594, "j.p._24_2016.pdf": 3.635620363929198, "C.A._1000_2006.pdf": 3.635620363929198, "crl.a._277_2020.pdf": 3.635620363929198, "j.p._263_2018.pdf": 7.271240727858396, "crl.p._1268_l_2021.pdf": 3.635620363929198, "crl.a._154_l_2013.pdf": 105.43299055394675, "Cr.A._137_L_2017.pdf": 3.635620363929198, "C.P._357_2016.pdf": 3.635620363929198, "crl.a._506_2020.pdf": 29.084962911433585, "Crl.A_6_P_2010.pdf": 3.635620363929198, "crl.a_310_2006_12.03.2014.pdf": 7.271240727858396, "Crl.A._148_L_2017.pdf": 3.635620363929198, "C.A._539_2003.pdf": 3.635620363929198, "crl.a._363_2021.pdf": 3.635620363929198, "crl.p._851_l_2016.pdf": 3.635620363929198, "j.p._462_2016.pdf": 39.99182400322118, "j.p._348_2019.pdf": 3.635620363929198, "c.p._4980_2021.pdf": 3.635620363929198}, "suddenly": {"ConstitutionPetitionNo21OF2007.pdf": 3.969111972412273, "crl.s.m.r.p._84_2018.pdf": 7.938223944824546, "C.P.796of2007-UrduTranslation-dt-10-5-2013.pdf": 3.969111972412273, "H.R.C._18877_2018_03072019.pdf": 3.969111972412273, "C.A._90_2011_UrduVersion.pdf": 3.969111972412273, "Crl.A._609_2014.pdf": 7.938223944824546, "NRO_Judgment.pdf": 3.969111972412273, "Const.P.12of2010.pdf": 7.938223944824546, "Const.P._29_2016.pdf": 15.876447889649093, "S.M.C.24of2010[urdu-version].pdf": 3.969111972412273, "const.p._24_to_26_of_2023_04072023.pdf": 7.938223944824546, "SMC16of2011_detailed_judgment.pdf": 3.969111972412273, "C.A._90_2011_EnglishVersion.pdf": 3.969111972412273, "C.P.796of2007-dt-10-5-2013.pdf": 7.938223944824546, "crp.328-329_2013.pdf": 7.938223944824546, "c.p._3772_2019.pdf": 3.969111972412273, "Crl.P.163_to_171_S.M.C.5_2005.pdf": 3.969111972412273, "C.M.A._3221_2012.pdf": 3.969111972412273, "crl.p._290_l_2015.pdf": 3.969111972412273, "Crl.A._210_2015.pdf": 11.90733591723682, "j.p._960_2017.pdf": 3.969111972412273, "j.p._34_2020.pdf": 3.969111972412273, "crl.p._1802_l_2017.pdf": 7.938223944824546, "Crl.A.13-14-15and16of2004and53of2011.pdf": 3.969111972412273, "Const.P._2_2011.pdf": 3.969111972412273, "c.a._1095_2018_13092019.pdf": 3.969111972412273, "Crl.M.A._200_2019.pdf": 3.969111972412273, "j.p._499_2015.pdf": 7.938223944824546, "crl.m.a._365_l_2020.pdf": 3.969111972412273, "Crl.A._436_2017.pdf": 3.969111972412273, "c.a._471_l_2012.pdf": 3.969111972412273, "c.a._561_2020.pdf": 3.969111972412273, "C.A._334_2004.pdf": 3.969111972412273, "const.p.5_2011.pdf": 11.90733591723682, "crl.p._103_p_2022.pdf": 3.969111972412273, "C.A.800Lof2013etc.pdf": 3.969111972412273, "C.A._69_2015.pdf": 7.938223944824546, "S.M.C14 of 2009.pdf": 3.969111972412273, "C.A._441_2010.pdf": 3.969111972412273, "SMCNo25of2009.pdf": 3.969111972412273, "crl.p._13_k_2023.pdf": 3.969111972412273, "c.m.a._6762_2020_13032021.pdf": 3.969111972412273, "crl.a._506_2020.pdf": 7.938223944824546, "const.p._5_2023_detailed_reasons.pdf": 11.90733591723682, "C.A._118_2016.pdf": 7.938223944824546, "crl.p._358_l_2022.pdf": 3.969111972412273, "j.p._462_2016.pdf": 3.969111972412273, "Const.P.5and15-HRC14144-DetailedReasons.pdf": 3.969111972412273}, "sudhakar": {"Const.P.40of2012-DetailJudgment[UrduTranslation]-dt-3.7.2012.pdf": 6.741700694652055, "Const.P.40of2012-DetailJudgment-dt-3.7.2012.pdf": 6.741700694652055, "Crl.P.No.426of2009&Crl.A.No.pdf": 6.741700694652055}, "sudan": {"HRC7734-G_1003-GOF2009[UrduTranslation].pdf": 7.1471658027602185, "const.p.20_2013.pdf": 14.294331605520437}, "suddle": {"C.R.P.167of2012-dt-30-8-2012.pdf": 5.8944028342648505, "c.m.a._5602_2021.pdf": 5.8944028342648505, "c.m.a._4821_2018_15112021.pdf": 5.8944028342648505, "c.m.a._4821_2018_13102021.pdf": 5.8944028342648505, "c.m.a._4821_2018.pdf": 5.8944028342648505, "c.m.a._4821_2018_14012022.pdf": 17.68320850279455, "CMANo.4671of2012-dt-2-1-2013.pdf": 23.577611337059402}, "sudroodeen": {"c.a._2434_2016.pdf": 7.840312983320164}, "suddenness": {"crl.p._658_2020.pdf": 6.741700694652055, "crl.p._1210_2020.pdf": 6.741700694652055, "Crl.A._199_2011.pdf": 6.741700694652055}, "sudhir": {"C.A._704_2017.pdf": 7.840312983320164}, "sudheer": {"C.A._176_2015.pdf": 7.840312983320164}, "sudder": {"crl.p._230_2019.pdf": 7.840312983320164}, "sudhindranath": {"Crl.M.A_183_2019.pdf": 7.840312983320164}, "suddal": {"c.m.a._4821_2018_14012022.pdf": 7.840312983320164}, "sudhundra": {"c.a._1113_2017_dissenting_note.pdf": 7.1471658027602185, "c.a._1113_2017.pdf": 7.1471658027602185}, "sudhindra": {"c.a._1113_2017.pdf": 7.840312983320164}, "sudha": {"c.p._2717_l_2015.pdf": 7.840312983320164}, "sudarshan": {"C.A._539_2003.pdf": 7.840312983320164}, "sudarsan": {"C.A._539_2003.pdf": 7.840312983320164}}