{"sue": {"Const.P.127of2012.pdf": 3.2251924664789047, "Crl.P._9-P_2016.pdf": 3.2251924664789047, "C.P.796of2007-UrduTranslation-dt-10-5-2013.pdf": 3.2251924664789047, "NRO_Judgment.pdf": 6.450384932957809, "c.p._2063_2020.pdf": 6.450384932957809, "C.A._3_2018_dt-14-9-2018.pdf": 6.450384932957809, "Const.P.12of2010.pdf": 3.2251924664789047, "Const.P.87of2011[UrduVersion].pdf": 3.2251924664789047, "C.A._104-L_2015.pdf": 19.351154798873427, "C.A._2215_2006.pdf": 3.2251924664789047, "C.A._3_2018.pdf": 6.450384932957809, "C.A._697_2008.pdf": 3.2251924664789047, "c.p._2243_l_2019.pdf": 3.2251924664789047, "c.a._782_2014.pdf": 6.450384932957809, "S.M.C.24of2010[urdu-version].pdf": 3.2251924664789047, "CP778-779.pdf": 6.450384932957809, "C.P.796of2007-dt-10-5-2013.pdf": 19.351154798873427, "c.p._154_2019.pdf": 6.450384932957809, "c.a._71_p_2014.pdf": 3.2251924664789047, "Const.P.56_2003_U_dt_8-9-2015.pdf": 3.2251924664789047, "Const.P.5of2013.pdf": 9.675577399436714, "c.a._730_2015.pdf": 3.2251924664789047, "c.p._2933_2019.pdf": 9.675577399436714, "C.A._704_2017.pdf": 3.2251924664789047, "C.P._2093_2015.pdf": 3.2251924664789047, "C.A._353_2015.pdf": 6.450384932957809, "c.p._2628_2019.pdf": 6.450384932957809, "c.a._1494_2017.pdf": 3.2251924664789047, "c.p._419_2020.pdf": 6.450384932957809, "c.p._381_k_2019.pdf": 6.450384932957809, "c.p._5877_2021.pdf": 6.450384932957809, "c.p._4296_2019.pdf": 3.2251924664789047, "c.a._10_k_2019.pdf": 6.450384932957809, "c.a._446_2021.pdf": 6.450384932957809, "c.a._1121_2018.pdf": 6.450384932957809, "C.P._3122_2017.pdf": 3.2251924664789047, "c.p._262_p_2017.pdf": 38.702309597746854, "c.a._18_k_2020.pdf": 3.2251924664789047, "Const.P.87of2011.pdf": 3.2251924664789047, "c.a._668_2022.pdf": 6.450384932957809, "c.a._353_2010.pdf": 3.2251924664789047, "c.a._45_l_2018.pdf": 6.450384932957809, "C.P._1598_2016.pdf": 3.2251924664789047, "c.p._3501_2021.pdf": 16.125962332394522, "c.a.32_k_2018.pdf": 3.2251924664789047, "C.A._2564_2001.pdf": 3.2251924664789047, "c.a._1002_2015.pdf": 6.450384932957809, "c.a._39_k_2021.pdf": 6.450384932957809, "C.P._160-K_2016.pdf": 9.675577399436714, "const.p._21_2023_11082023.pdf": 3.2251924664789047, "c.p._1159_2019.pdf": 12.900769865915619, "c.p._2021_l_2015.pdf": 6.450384932957809, "c.a._547_2012.pdf": 3.2251924664789047, "C.A._654_2010.pdf": 6.450384932957809, "C.A._1352_2013.pdf": 12.900769865915619, "c.p.l.a.1974_l_2020.pdf": 19.351154798873427, "c.p._2608_2019.pdf": 6.450384932957809, "c.p._1831_2017.pdf": 3.2251924664789047, "c.p._2032_2019.pdf": 3.2251924664789047, "c.p._3958_2019.pdf": 3.2251924664789047, "c.p._205_l_2017.pdf": 6.450384932957809, "C.P._4876_2018.pdf": 6.450384932957809, "c.p._1133_l_2016.pdf": 9.675577399436714, "crl.a._633_2019_15092023.pdf": 6.450384932957809, "Const.P.50-69of2011.pdf": 12.900769865915619, "c.a._849_2015.pdf": 32.251924664789044, "c.p._42_2024_25012024.pdf": 3.2251924664789047, "c.a._139_p_2013.pdf": 45.152694530704665, "c.p._4963_2018.pdf": 6.450384932957809, "c.p._3209_2019.pdf": 3.2251924664789047, "c.a._25_q_2018_dt_25_01_2024.pdf": 32.251924664789044, "c.a._1877_2016_dt_24_01_2024.pdf": 19.351154798873427, "C.P._80_2018.pdf": 9.675577399436714, "c.a._152_2019.pdf": 19.351154798873427, "Const.P._35_2016_dt_15_12_2017.pdf": 12.900769865915619, "c.a._23_p_2017.pdf": 3.2251924664789047, "c.p._803_2019.pdf": 3.2251924664789047, "c.a._284_2017.pdf": 45.152694530704665, "c.p._2459_2017.pdf": 6.450384932957809, "c.a._91_k_2017.pdf": 12.900769865915619, "C.A._157_K_2016.pdf": 16.125962332394522, "c.p._1369_l_2019.pdf": 22.576347265352332, "c.a._179_2016.pdf": 3.2251924664789047, "c.p._2717_l_2015.pdf": 16.125962332394522, "C.A._1000_2006.pdf": 3.2251924664789047, "C.A._552_2015.pdf": 3.2251924664789047, "c.a._2015_2022.pdf": 6.450384932957809, "c.a._1275_2009.pdf": 3.2251924664789047, "CJD_Section 2-A_Case_as_on_26_06_2006.pdf": 6.450384932957809, "crl.m.a._1566_2016.pdf": 3.2251924664789047, "c.a._477_2021.pdf": 6.450384932957809, "c.p._962_2016 .pdf": 6.450384932957809, "Crl.P._100_2017.pdf": 12.900769865915619, "c.a._317_l_2011.pdf": 3.2251924664789047, "C.A._539_2003.pdf": 3.2251924664789047, "C.P._3195-L_2016.pdf": 32.251924664789044, "C.A._1313_2014.pdf": 6.450384932957809, "c.p._820_2019.pdf": 29.026732198310143, "c.p._1965_2019.pdf": 6.450384932957809, "c.p._3575_2020_22112023.pdf": 3.2251924664789047, "c.a._1005_2009.pdf": 3.2251924664789047}}