{"suho": {"SMC15OF2009.pdf": 7.840312983320164}, "suhail": {"S.M.C.24of2010[urdu-version].pdf": 4.704818767391014, "S.M.C._01_2010.pdf": 4.704818767391014, "s.m.c.12_2015.pdf": 4.704818767391014, "c.a._71_p_2014.pdf": 9.409637534782028, "Crl.O.P.89of2011.pdf": 4.704818767391014, "CONST.P.20-27OF2009.pdf": 9.409637534782028, "s.m.c._1_2020_19052020.pdf": 4.704818767391014, "s.m.c._01_2020.pdf": 4.704818767391014, "crl.p._299_2020_07042020.pdf": 4.704818767391014, "c.p._490_k_2020.pdf": 9.409637534782028, "s.m.c._01_2020_04052020.pdf": 4.704818767391014, "s.m.c._1_2020_20042020.pdf": 4.704818767391014, "crl.p._126_p_2011.pdf": 4.704818767391014, "C.A._654_2010.pdf": 4.704818767391014, "c.p._1530_2019.pdf": 4.704818767391014, "s.m.c._1_2020_08062020.pdf": 4.704818767391014, "Const.P.50-69of2011.pdf": 4.704818767391014, "C.M.A._376-K_2014.pdf": 9.409637534782028, "c.p._3031_2021.pdf": 4.704818767391014, "crl.p._74_l_2018.pdf": 4.704818767391014, "crl.p._1246_2019.pdf": 14.114456302173043, "s.m.c._01_2020_18052020.pdf": 4.704818767391014, "HR8340OF2010.pdf": 4.704818767391014}, "suhayl": {"crl.p._1359_2023.pdf": 15.680625966640328}, "suhag": {"Crl.O.P.89of2011.pdf": 7.840312983320164}, "suhrawardy": {"C.A.876-879of2005.pdf": 7.1471658027602185, "c.a._799_2007.pdf": 14.294331605520437}}