{"sunnah": {"Const.P._56_2003_E_dt_3-9-15.pdf": 3.6506582412937387, "Const.P.127of2012.pdf": 3.6506582412937387, "c.a._1476_2018_urdu.pdf": 3.6506582412937387, "Const.P.105-2012-eng-urd.PDF": 3.6506582412937387, "C.Sh.A._1_2013.pdf": 7.3013164825874775, "SMC15OF2009.pdf": 7.3013164825874775, "NRO_Judgment.pdf": 21.903949447762432, "Const.P._50_2018.pdf": 10.951974723881216, "Const.P.12of2010.pdf": 29.20526593034991, "Const.P.12of2010Urdu.pdf": 7.3013164825874775, "Const.P._29_2016.pdf": 10.951974723881216, "C.R.P._125_2014.pdf": 3.6506582412937387, "Const.P.77of2012[DetailedOrderFinal].pdf": 3.6506582412937387, "C.A._233_2015.pdf": 18.253291206468695, "Ref.01_2012_addl.note_HJ.ejaz_afzal_khan.pdf": 7.3013164825874775, "H.R.C.19of1996[AsgharKhanCase]DetailedReasonsUrduTranslation.pdf": 7.3013164825874775, "c.p._1289_2020.pdf": 3.6506582412937387, "H.R.C.19of1996[AsgharKhanCase]DetailedReasons.pdf": 7.3013164825874775, "smc_1_2014.pdf": 14.602632965174955, "crl.p._1359_2023.pdf": 7.3013164825874775, "c.p._154_2019.pdf": 7.3013164825874775, "JR_Judgment_on_17th_Amendmend_and_Presidents_Uniform_Case.pdf": 7.3013164825874775, "CJD_Reference by_the_President_of_Pakistan_under_Article_186.pdf": 54.75987361940608, "Crl.M.A_693_2018.pdf": 7.3013164825874775, "Crl.A._104_2010.pdf": 3.6506582412937387, "CMA No.5144of2011.pdf": 7.3013164825874775, "c.r.p._296_2020_29012022.pdf": 3.6506582412937387, "c.p._2_2022_dissenting_note2.pdf": 3.6506582412937387, "JR_Detailed_Judgment_in_Referendum_Case.pdf": 3.6506582412937387, "const.p._2_2022_14102022.pdf": 7.3013164825874775, "c.a._353_2010.pdf": 3.6506582412937387, "c.p._4129_2019.pdf": 3.6506582412937387, "crl.a._531_2019.pdf": 7.3013164825874775, "Crl.A._210_2015.pdf": 10.951974723881216, "NROCaseDt.10.01.2012.pdf": 3.6506582412937387, "Crl.M.A._1379_2017_Additional_Note.pdf": 3.6506582412937387, "C.R.P.193of2013.pdf": 3.6506582412937387, "c.a._982_2018_19022024.pdf": 3.6506582412937387, "crl.p._1371_2016.pdf": 7.3013164825874775, "const.p.37_2012_final.pdf": 3.6506582412937387, "S.M.C._03_2017.pdf": 3.6506582412937387, "C.A._1540_2006.pdf": 3.6506582412937387, "Crl.M.A._200_2019.pdf": 3.6506582412937387, "j.p._499_2015.pdf": 14.602632965174955, "Crl.A._137_L_2010.pdf": 3.6506582412937387, "c.a._1772_2008.pdf": 3.6506582412937387, "c.a._1476_2018.pdf": 10.951974723881216, "Const.P.50-69of2011.pdf": 3.6506582412937387, "c.a._982_2018_19022024_2.pdf": 3.6506582412937387, "crl.a._120_2019.pdf": 7.3013164825874775, "CMA2745of2009etc.pdf": 7.3013164825874775, "Const.P.39-2103.pdf": 3.6506582412937387, "j.p._887_2018.pdf": 3.6506582412937387, "reference_1_2011_06mar2024.pdf": 3.6506582412937387, "c.p._3209_2019.pdf": 10.951974723881216, "c.p._488_k_2023.pdf": 3.6506582412937387, "Crl.A.126of2012.pdf": 18.253291206468695, "c.p._4657_2022.pdf": 3.6506582412937387, "c.p._659_2019.pdf": 3.6506582412937387, "const.p._6_2023_addl_n.pdf": 3.6506582412937387, "c.m.a._490_2021_20022021.pdf": 3.6506582412937387, "CJD_Section 2-A_Case_as_on_26_06_2006.pdf": 3.6506582412937387, "c.p._962_2016 .pdf": 7.3013164825874775, "S.M.C._7_2017_06022019.pdf": 3.6506582412937387, "j.p._351_2017.pdf": 10.951974723881216, "c.p._3718_2023.pdf": 14.602632965174955}, "sunahray": {"ConstitutionPetitionNo21OF2007.pdf": 7.840312983320164}, "sunahary": {"ConstitutionPetitionNo21OF2007.pdf": 7.840312983320164}, "sunday": {"ConstitutionPetitionNo21OF2007.pdf": 15.396788346653864, "Crl.A._479_2015.pdf": 5.132262782217954, "S.M.C._28_2018.pdf": 5.132262782217954, "smc.18_2010_final.pdf": 10.264525564435909, "Const.P.30of2013.pdf": 5.132262782217954, "S.M.C.18OF2010.pdf": 10.264525564435909, "C.P._2093_2015.pdf": 15.396788346653864, "const.p.6_2023.pdf": 5.132262782217954, "const.p._32_2023_02nov2023.pdf": 15.396788346653864, "const.p._2_2022_14102022.pdf": 5.132262782217954, "const.p._32_2023_03nov2023.pdf": 15.396788346653864, "s.m.c._1_2020_08062020.pdf": 10.264525564435909, "const.p._22_2022.pdf": 5.132262782217954, "s.m.c._01_2020_18052020.pdf": 15.396788346653864, "C.P.2255OF2010dt-8-4-2013.pdf": 5.132262782217954}, "sundaram": {"ConstitutionPetitionNo21OF2007.pdf": 6.741700694652055, "c.p._852_2020.pdf": 6.741700694652055, "Crl.A._274_2006.pdf": 6.741700694652055}, "sun": {"CPs.10-18of2011.pdf": 4.949941225423999, "Const.P.31of2011etc.pdf": 9.899882450847999, "Const.P.12of2010.pdf": 24.749706127119996, "Const.P._29_2016.pdf": 4.949941225423999, "crl.p._849_2019.pdf": 4.949941225423999, "s.m.c._1_2022_detailed.pdf": 4.949941225423999, "C.P._45_2015.pdf": 4.949941225423999, "Crl.O.P.89of2011.pdf": 4.949941225423999, "j.p._415_2018.pdf": 4.949941225423999, "C.P._2066_2013.pdf": 4.949941225423999, "crl.a._398_2020.pdf": 4.949941225423999, "C.P._145_2015.pdf": 4.949941225423999, "Crl.O.P.6of2012.pdf": 4.949941225423999, "Crl.A._582_2018.pdf": 4.949941225423999, "c.p._3587_2020.pdf": 9.899882450847999, "C.A.876-879of2005.pdf": 4.949941225423999, "CPs987-989OF2011-DT19.10.2011.pdf": 4.949941225423999, "s.m.c._1_2022_note_hj4.pdf": 4.949941225423999}, "sunhari": {"Crl.A._479_2015.pdf": 7.840312983320164}, "sundry": {"H.R.C._10_K_2007.pdf": 4.704818767391014, "Const.P.12of2010.pdf": 4.704818767391014, "Const.P.77of2012[DetailedOrderFinal].pdf": 4.704818767391014, "Ref.01_2012_addl.note_HJ.ejaz_afzal_khan.pdf": 4.704818767391014, "Const.P.NO.62OF2010_orderdt06062011.pdf": 4.704818767391014, "H.R.C.19of1996[AsgharKhanCase]DetailedReasons.pdf": 4.704818767391014, "Const.P.77-78-79 [Memogate]DetailedOrder.pdf": 4.704818767391014, "Crl.P.163_to_171_S.M.C.5_2005.pdf": 4.704818767391014, "HRC7734-G_1003-GOF2009[AllegedCorruptionInRentalPowerPlants].pdf": 4.704818767391014, "Const.P.77of2010_dt_27-8-2013.pdf": 4.704818767391014, "SMC_26-2007_dt_20.02.2013.pdf": 4.704818767391014, "const.p.9_2014_detail_reasons.pdf": 4.704818767391014, "c.p._2129_2020.pdf": 4.704818767391014, "const.p._17_2019_detailed_reasoning.pdf": 4.704818767391014, "crl.p._445_l_2020.pdf": 4.704818767391014, "J.P.No.56of2005.pdf": 4.704818767391014, "Const.P._29_2017.pdf": 4.704818767391014, "c.a._1481_2015.pdf": 4.704818767391014, "C.P._29_2017.pdf": 4.704818767391014, "Const.P._35_2016_dt_15_12_2017.pdf": 4.704818767391014, "ICA3,4,6TO11of2011dt2011.04.pdf": 4.704818767391014, "c.p._3413_2017.pdf": 4.704818767391014, "c.m.a._1243_2021_04042022.pdf": 4.704818767391014}, "sunflower": {"Const.P.31of2011etc.pdf": 14.294331605520437, "C.A._334_2004.pdf": 7.1471658027602185}, "sunset": {"c.a._803_2016.pdf": 35.47406982756268, "Const.P.12of2010.pdf": 15.20317278324115, "smc.18_2010_final.pdf": 30.4063455664823, "C.A._233_2015.pdf": 5.067724261080383, "H.R.C.19of1996[AsgharKhanCase]DetailedReasonsUrduTranslation.pdf": 5.067724261080383, "H.R.C.19of1996[AsgharKhanCase]DetailedReasons.pdf": 10.135448522160766, "const.p._24_2023_an_10012024_r.pdf": 10.135448522160766, "crl.p._461_2023.pdf": 5.067724261080383, "c.a._377_2014.pdf": 5.067724261080383, "Const.Petition.24_2011_dt02062011.pdf": 35.47406982756268, "c.p._34_2022.pdf": 5.067724261080383, "const.p._24_2023_f.pdf": 35.47406982756268, "c.a._1498_2018.pdf": 5.067724261080383, "C.P._1702_2015.pdf": 5.067724261080383, "C.M.A.4918of2012-dt-26-4-2013.pdf": 5.067724261080383, "c.r.p._310_2018.pdf": 5.067724261080383}, "sunni": {"c.a._53_2015.pdf": 5.275363625858628, "Const.PetitionNo.77of2010_12.10.2012.pdf": 10.550727251717255, "Urdu-Const.P-77-2010-12.10.2012.pdf": 5.275363625858628, "SMC16of2011_detailed_judgment.pdf": 21.10145450343451, "s.m.c._4_2022.pdf": 5.275363625858628, "c.a._954_2014.pdf": 10.550727251717255, "c.a._1241_2013.pdf": 68.57972713616216, "c.a.32_k_2018.pdf": 5.275363625858628, "c.a._1002_2015.pdf": 52.753636258586276, "const.p.37_2012_final.pdf": 5.275363625858628, "c.p._957_2020.pdf": 10.550727251717255, "c.p._1647_2018.pdf": 5.275363625858628, "c.m.a._3492_2022.pdf": 5.275363625858628}, "sunlight": {"Const.P._29_2016.pdf": 7.1471658027602185, "C.P._2066_2013.pdf": 21.441497408280654},