{"sutlaj": {"Crl.P._1188_2016.pdf": 14.294331605520437, "C.A._1084_2008.pdf": 14.294331605520437}, "sutafi": {"S.M.C._28_2018.pdf": 7.840312983320164}, "sutherland": {"C.P.No.1017-Lof2011.pdf": 6.230875070886063, "c.a._547_2012.pdf": 6.230875070886063, "C.A.269_ETC_OF_2011.pdf": 6.230875070886063, "c.p._2_2022_dissenting_note.pdf": 6.230875070886063, "c.p._1554_l_2020.pdf": 12.461750141772127}, "sutlej": {"const.p._6_2023_07032024.pdf": 6.454018622200273, "c.a._722_2012.pdf": 6.454018622200273, "C.A._622 _2008.pdf": 25.816074488801092, "Const.P.57 _2016.pdf": 6.454018622200273}, "sutna": {"c.p._3059_2021.pdf": 7.840312983320164}, "suttner": {"crl.p._713_l_2020.pdf": 7.840312983320164}, "suth": {"c.p._1133_l_2016.pdf": 7.840312983320164}, "sutlan": {"c.p._3988_2022.pdf": 7.840312983320164}, "suture": {"crl.a._92_l_2017.pdf": 7.840312983320164}}