{"sw": {"ConstitutionPetitionNo21OF2007.pdf": 6.741700694652055, "c.a._864_2017.pdf": 6.741700694652055, "c.a._10_q_2021.pdf": 6.741700694652055}}