{"swati": {"Const.P._56_2003_E_dt_3-9-15.pdf": 2.9058390501894724, "C.R.P._49_2016.pdf": 2.9058390501894724, "Const.P._134_2012.pdf": 2.9058390501894724, "H.R.C._18877_2018_03072019.pdf": 2.9058390501894724, "Const.P.12of2010.pdf": 2.9058390501894724, "crl.p._342_2018.pdf": 2.9058390501894724, "S.M.C._20_2016.pdf": 2.9058390501894724, "const.p._19_2022_01062022.pdf": 2.9058390501894724, "S.M.C.24of2010[urdu-version].pdf": 2.9058390501894724, "CPLA_796_2007_ETC_SHORT_ORDER_REKO_DIQ_CASE.pdf": 8.717517150568417, "Const.P._97_2014.pdf": 2.9058390501894724, "C.A._760_2016.pdf": 2.9058390501894724, "crl.a._95_2019.pdf": 2.9058390501894724, "smc_1_2014.pdf": 5.811678100378945, "C.P.796of2007-dt-10-5-2013.pdf": 2.9058390501894724, "C.P._45_2015.pdf": 2.9058390501894724, "reference._1_2011_urdu.pdf": 2.9058390501894724, "C.M.A._230_2019.pdf": 5.811678100378945, "C.A._704_2017.pdf": 2.9058390501894724, "c.a._1474_2021.pdf": 2.9058390501894724, "s.m.c._1_2023_01032023.pdf": 5.811678100378945, "c.m.a._5602_2021.pdf": 2.9058390501894724, "c.a._97_2021.pdf": 2.9058390501894724, "s.m.c._1_2020.pdf": 2.9058390501894724, "h.r.c._12726_b_2020.pdf": 2.9058390501894724, "const.p._17_2019_19062020.pdf": 2.9058390501894724, "c.p._167_p_2022.pdf": 2.9058390501894724, "C.R.A._248_2009.pdf": 2.9058390501894724, "c.a._1573_2017.pdf": 2.9058390501894724, "H.R.C._14158-G_2016_[19082016].pdf": 2.9058390501894724, "const.p._24_2023_02082023.pdf": 2.9058390501894724, "c.a._13_q_2020.pdf": 2.9058390501894724, "crl.p._299_2020_01042020.pdf": 2.9058390501894724, "c.a._1076_2019.pdf": 2.9058390501894724, "c.a._1444_2013.pdf": 11.62335620075789, "s.m.c._1_2020_19052020.pdf": 2.9058390501894724, "const.p._24_2023_21072023.pdf": 2.9058390501894724, "c.a._507_2020.pdf": 2.9058390501894724, "Const.P.39of2007-dt-25-6-2013.pdf": 2.9058390501894724, "c.p._173_q_2023.pdf": 2.9058390501894724, "reference._1_2011.pdf": 2.9058390501894724, "const.p._32_2023_02nov2023.pdf": 2.9058390501894724, "c.a._446_2021.pdf": 2.9058390501894724, "const.p._24_2023_23102023.pdf": 2.9058390501894724, "s.m.c._01_2020.pdf": 2.9058390501894724, "crl.p._299_2020_07042020.pdf": 2.9058390501894724, "Const.P._24_2012.pdf": 2.9058390501894724, "c.a._353_2010.pdf": 2.9058390501894724, "C.A._359_2013.pdf": 5.811678100378945, "s.m.c._01_2020_04052020.pdf": 2.9058390501894724, "c.p._397_2022.pdf": 2.9058390501894724, "c.a._441_2020.pdf": 2.9058390501894724, "H.R.C._69229_P_2018.pdf": 2.9058390501894724, "const.p._2_2024_06032024.pdf": 2.9058390501894724, "c.m.a._4821_2018.pdf": 2.9058390501894724, "s.m.c._1_2020_20042020.pdf": 2.9058390501894724, "c.p._22_q_2020.pdf": 2.9058390501894724, "c.a._909_2020.pdf": 2.9058390501894724, "c.a._982_2018_19022024.pdf": 2.9058390501894724, "S.M.C._03_2017.pdf": 2.9058390501894724, "c.a._1095_2018_13092019.pdf": 2.9058390501894724, "C.P._216-Q_2017.pdf": 2.9058390501894724, "const.p._24_2023_03082023.pdf": 2.9058390501894724, "const.p._17_2019_detailed_reasoning.pdf": 2.9058390501894724, "const.p._21_2023_11082023.pdf": 14.529195250947362, "i.c.a._5_2023.pdf": 2.9058390501894724, "C.P._145_2015.pdf": 2.9058390501894724, "const.p._24_2023_26062023.pdf": 2.9058390501894724, "C.A._424_2015.pdf": 2.9058390501894724, "C.A._1095_2018.pdf": 2.9058390501894724, "s.m.c._4_2021_11032024.pdf": 2.9058390501894724, "reference._2_2022.pdf": 2.9058390501894724, "c.a._1772_2008.pdf": 2.9058390501894724, "const.p._5_2023_04022023.pdf": 2.9058390501894724, "c.a._1476_2018.pdf": 2.9058390501894724, "H.R.C._18877_2018.pdf": 2.9058390501894724, "c.a._579_2021.pdf": 2.9058390501894724, "c.a._17_q_2021.pdf": 2.9058390501894724, "C.P._842_2016.pdf": 2.9058390501894724, "const.p._5_2023_04apr2023.pdf": 2.9058390501894724, "c.a._202_2021.pdf": 2.9058390501894724, "S.M.C._3_2018.pdf": 2.9058390501894724, "C.R.P._210_2015.pdf": 2.9058390501894724, "const.p._32_2023_03nov2023.pdf": 5.811678100378945, "s.m.c._4_2021_29012024_r.pdf": 2.9058390501894724, "c.r.p._420_2016.pdf": 2.9058390501894724, "C.P._1787_2016.pdf": 2.9058390501894724, "const.p._24_2023_f.pdf": 2.9058390501894724, "crl.a._633_2019_15092023.pdf": 2.9058390501894724, "s.m.c._1_2023_12062023.pdf": 11.62335620075789, "s.m.c._1_2020_08062020.pdf": 2.9058390501894724, "c.p._4365_2023_15122023.pdf": 5.811678100378945, "reference_1_2020.pdf": 8.717517150568417, "c.a._1134_2020.pdf": 2.9058390501894724, "c.a._1498_2018.pdf": 2.9058390501894724, "c.p._42_2024_25012024.pdf": 2.9058390501894724, "C.R.P._561_2015.pdf": 5.811678100378945, "const.p._9_2010_28122021.pdf": 2.9058390501894724, "c.p._279_q_2020.pdf": 2.9058390501894724, "c.a._433_2020.pdf": 2.9058390501894724, "c.a._20_2014.pdf": 5.811678100378945, "const.p._24_2023_23062023.pdf": 2.9058390501894724, "c.a._317_2022.pdf": 2.9058390501894724, "c.a._1113_2017.pdf": 2.9058390501894724, "reference_1_2011_06mar2024.pdf": 2.9058390501894724, "Const.P._46_2013.pdf": 5.811678100378945, "SMC24-2010.pdf": 2.9058390501894724, "const.p._48_2019.pdf": 2.9058390501894724, "c.a._491_2012.pdf": 2.9058390501894724, "reference._1_2011_08012024.pdf": 2.9058390501894724, "C.P._423_K_2015.pdf": 2.9058390501894724, "S.M.C._17_2016.pdf": 2.9058390501894724, "C.P._2812_2017.pdf": 5.811678100378945, "const.p._24_2023_27032023.pdf": 2.9058390501894724, "Const.P._134_2012_21012019.pdf": 2.9058390501894724, "C.A._588_2017.pdf": 2.9058390501894724, "C.P._423-K_2015.pdf": 2.9058390501894724, "s.m.c._1_2020_25062020.pdf": 2.9058390501894724, "c.a._429_2020.pdf": 2.9058390501894724, "c.a._1522_2013.pdf": 2.9058390501894724, "s.m.c._01_2020_18052020.pdf": 2.9058390501894724, "reference._1_2020.pdf": 5.811678100378945, "H.R.C._17599_2018.pdf": 2.9058390501894724, "const.p._24_2023_01082023.pdf": 2.9058390501894724, "C.P.796of2007.pdf": 2.9058390501894724, "crl.p._277_2020.pdf": 2.9058390501894724, "c.p._467_ 2021.pdf": 2.9058390501894724, "c.p._1532_2022.pdf": 2.9058390501894724, "const.p._5_2023_detailed_reasons.pdf": 2.9058390501894724, "H.R.C._10842_P_2018.pdf": 2.9058390501894724, "C.M.A._230_2019_09072019.pdf": 2.9058390501894724, "Const.P.57 _2016.pdf": 2.9058390501894724, "s.m.c._1_2023_23022023.pdf": 2.9058390501894724, "H.R.C._14158-G_2016.pdf": 2.9058390501894724, "c.a._982_2018_08_jan_2024.pdf": 2.9058390501894724, "C.A.1122of2011.pdf": 2.9058390501894724, "s.m.c._4_2021_dt_30_01_2024.pdf": 2.9058390501894724, "c.a._981_2018_02012024.pdf": 2.9058390501894724, "c.p._2270_2023.pdf": 2.9058390501894724}, "swallow": {"Const.P.127of2012.pdf": 5.442417710521793, "const.p.42of2011.pdf": 5.442417710521793, "Const.P.NO.62OF2010_orderdt06062011.pdf": 5.442417710521793, "C.A._176_2015.pdf": 32.654506263130756, "c.a._446_2021.pdf": 16.327253131565378, "C.A._2564_2001.pdf": 5.442417710521793, "c.a._1113_2017.pdf": 5.442417710521793, "s.m.c._01_2020_18052020.pdf": 5.442417710521793, "c.r.p._432_k_2022.pdf": 10.884835421043586, "c.a._1547_2019.pdf": 5.442417710521793, "c.a._317_l_2011.pdf": 5.442417710521793}, "swarm": {"ConstitutionPetitionNo21OF2007.pdf": 20.225102083956166, "Crl.O.P_57_2015.pdf": 6.741700694652055, "s.m.c._1_2020_19052020.pdf": 6.741700694652055}, "sway": {"CPs.10-18of2011.pdf": 4.28496492183075, "crl.a._154_2020.pdf": 4.28496492183075, "Const.P.12of2010.pdf": 38.56468429647675, "S.J.C_347_2018.PDF": 4.28496492183075, "S.M.C.24of2010[urdu-version].pdf": 4.28496492183075, "const.p._24_to_26_of_2023_04072023.pdf": 4.28496492183075, "CP778-779.pdf": 8.5699298436615, "Const.P.40of2012-DetailJudgment-dt-3.7.2012.pdf": 4.28496492183075, "Const.P.77-78-79 [Memogate]DetailedOrder.pdf": 4.28496492183075, "c.p.2132_2014_with_urdu_translation.pdf": 4.28496492183075, "C.P.No.1017-Lof2011.pdf": 8.5699298436615, "crl.a._231_2020.pdf": 4.28496492183075, "c.p._no.3846-2019.pdf": 4.28496492183075, "c.a._1618_2019.pdf": 4.28496492183075, "crl.p._230_2019.pdf": 4.28496492183075, "crl.p._299_2020_07042020.pdf": 4.28496492183075, "Const.P.87of2011.pdf": 4.28496492183075, "c.a._45_l_2018.pdf": 4.28496492183075,