{"swgdrug": {"Crl.A._523_2017.pdf": 7.1471658027602185, "Crl.A._94_2019.pdf": 7.1471658027602185}}