{"sydney": {"Const.P._29_2016.pdf": 6.048553514092109, "const.p._24_2017.pdf": 6.048553514092109, "j.p._516_2018.pdf": 6.048553514092109, "Const.P.No.33and34of2005-dt-27-6-2013.pdf": 6.048553514092109, "j.p._516_2018_detailed.pdf": 18.145660542276328, "CMA3258of2013inCP65of09DetailOrder.pdf": 6.048553514092109}}