{"syllabi": {"Const.P._38_2016.pdf": 6.454018622200273, "CJD_Reference by_the_President_of_Pakistan_under_Article_186.pdf": 6.454018622200273, "C.A._843_2012.pdf": 6.454018622200273, "Const.P._134_2012_21012019.pdf": 6.454018622200273}, "syllabary": {"Const.P.87of2011[UrduVersion].pdf": 7.840312983320164}, "syllabus": {"C.A.669-L_2013.pdf": 12.097107028184219, "Const.P.87of2011.pdf": 6.048553514092109, "c.a._597_2020.pdf": 6.048553514092109, "Const.P.50-69of2011.pdf": 12.097107028184219, "C.A._588_2017.pdf": 30.242767570460547, "c.p._3747_2023.pdf": 12.097107028184219}, "sylhet": {"JR_Detailed_Judgment_in_Referendum_Case.pdf": 14.294331605520437, "C.A._622 _2008.pdf": 7.1471658027602185}, "syllogism": {"C.A._2564_2001.pdf": 7.840312983320164}, "syllable": {"S.M.C._03_2017.pdf": 19.36205586660082, "C.P._2066_2013.pdf": 6.454018622200273, "C.A._654_2010.pdf": 6.454018622200273, "C.A._843_2012.pdf": 6.454018622200273}, "sylhetah": {"C.A._622 _2008.pdf": 7.840312983320164}}