{"syphon": {"Const.P._2_2011.pdf": 7.1471658027602185, "C.P._1707_2018.pdf": 7.1471658027602185}, "syparan": {"c.a._185_l_2015.pdf": 7.840312983320164}, "syp": {"crl.p._1004_2019.pdf": 7.840312983320164}}