{"syria": {"C.R.P._49_2016.pdf": 12.908037244400546, "NRO_Judgment.pdf": 6.454018622200273, "crl.a._95_2019.pdf": 6.454018622200273, "S.M.C._3_2018.pdf": 6.454018622200273}, "syriac": {"NRO_Judgment.pdf": 7.840312983320164}, "syrup": {"Const.P.12of2010.pdf": 7.1471658027602185, "Crl.A._21-K_2016.pdf": 14.294331605520437}, "syrinx": {"C.A._1419_2009.pdf": 33.70850347326027, "c.a._458_2017.pdf": 53.93360555721644, "C.R.P._3_2015.pdf": 33.70850347326027}, "syrus": {"s.m.c._3_2022_06012023.pdf": 6.741700694652055, "s.m.c._3_2022_13022023.pdf": 6.741700694652055, "s.m.c._3_2022_13062023.pdf": 6.741700694652055}, "syringe": {"c.a._458_2017.pdf": 7.1471658027602185, "C.R.P._3_2015.pdf": 7.1471658027602185}}