{"syyeda": {"c.p._692_2020.pdf": 7.840312983320164}, "syyid": {"crl.p._299_2020.pdf": 7.840312983320164}}