{"szabul": {"Const.P._134_2012.pdf": 7.1471658027602185, "Const.P._134_2012_21012019.pdf": 7.1471658027602185}, "szabist": {"c.r.p._255_2021.pdf": 7.840312983320164}, "szawarska": {"c.p._140_l_2015.pdf": 7.840312983320164}}