{"t": {"Crl.A._24_2010.pdf": 2.7283251949636207, "Const.P.127of2012.pdf": 2.7283251949636207, "ConstitutionPetitionNo21OF2007.pdf": 27.283251949636206, "Crl.O.P._09_2018.pdf": 2.7283251949636207, "Crl.A._479_2015.pdf": 5.456650389927241, "C.P.796of2007-UrduTranslation-dt-10-5-2013.pdf": 2.7283251949636207, "c.a._1079_2015.pdf": 8.184975584890863, "c.a._803_2016.pdf": 2.7283251949636207, "Crl.A._609_2014.pdf": 2.7283251949636207, "c.a._53_2015.pdf": 2.7283251949636207, "c.a._1496_2019.pdf": 2.7283251949636207, "Const.P._50_2018.pdf": 2.7283251949636207, "Const.P.12of2010.pdf": 2.7283251949636207, "Const.P.87of2011[UrduVersion].pdf": 5.456650389927241, "Const.P.12of2010Urdu.pdf": 16.369951169781725, "Const.P._29_2016.pdf": 10.913300779854483, "C.R.P._125_2014.pdf": 5.456650389927241, "smc.18_2010_final.pdf": 5.456650389927241, "Const.P.77of2012[DetailedOrderFinal].pdf": 2.7283251949636207, "c.a._1498_2016.pdf": 2.7283251949636207, "Const.P._36_2016_dt_15_12_2017.pdf": 2.7283251949636207, "j.p._42_2017.pdf": 5.456650389927241, "Const.P.30of2013.pdf": 2.7283251949636207, "c.a._756_2021.pdf": 2.7283251949636207, "crl.p._490_2019.pdf": 2.7283251949636207, "S.M.C.18OF2010.pdf": 5.456650389927241, "C.A._861_2007.pdf": 2.7283251949636207, "c.a._601_2019.pdf": 8.184975584890863, "HRC7734-G_1003-GOF2009[UrduTranslation].pdf": 2.7283251949636207, "smc.24_2010.pdf": 5.456650389927241, "c.a._108_2015.pdf": 8.184975584890863, "c.p._2119_2018.pdf": 5.456650389927241, "H.R.C.19of1996[AsgharKhanCase]DetailedReasons.pdf": 5.456650389927241, "C.P._2280_2015.pdf": 2.7283251949636207, "smc_1_2014.pdf": 5.456650389927241, "C.P.796of2007-dt-10-5-2013.pdf": 2.7283251949636207, "JR_Judgment_on_17th_Amendmend_and_Presidents_Uniform_Case.pdf": 2.7283251949636207, "C.P._45_2015.pdf": 8.184975584890863, "crp.328-329_2013.pdf": 2.7283251949636207, "Crl.O.P.89of2011.pdf": 13.641625974818103, "c.p._3772_2019.pdf": 2.7283251949636207, "C.A._137-K_1976.pdf": 2.7283251949636207, "Const.P.5of2013.pdf": 5.456650389927241, "Const.P_3_2014.pdf": 2.7283251949636207, "HRC7734-G_1003-GOF2009[AllegedCorruptionInRentalPowerPlants].pdf": 2.7283251949636207, "const.p._9_2010_27122021.pdf": 5.456650389927241, "c.p._6309_2021.pdf": 2.7283251949636207, "c.p._1882_2016.pdf": 2.7283251949636207, "C.A._461_2014.pdf": 2.7283251949636207, "c.a._929_2017.pdf": 2.7283251949636207, "c.a._749_2021.pdf": 5.456650389927241, "const.p._24_2017.pdf": 8.184975584890863, "Const.P35of2013-dt-20-7-2013.pdf": 8.184975584890863, "Crl.A._104_2010.pdf": 2.7283251949636207, "c.a._315_2022.pdf": 2.7283251949636207, "c.a._799_2021.pdf": 2.7283251949636207, "c.a._1660_2014.pdf": 2.7283251949636207, "CMA No.5144of2011.pdf": 2.7283251949636207, "c.a._251_2015.pdf": 2.7283251949636207, "c.p._1417_2022.pdf": 2.7283251949636207, "c.p._510_2019.pdf": 2.7283251949636207, "c.p._181_q_2021.pdf": 2.7283251949636207, "c.a._339_2016.pdf": 10.913300779854483, "c.a._10_k_2019.pdf": 2.7283251949636207, "c.p._5646_2021.pdf": 2.7283251949636207, "c.p._2732_l_2016.pdf": 2.7283251949636207, "HRC-4668of2006.pdf": 2.7283251949636207, "const.p._2_2022_14102022.pdf": 2.7283251949636207, "j.p._403_2018.pdf": 5.456650389927241, "crl.a._177_2022.pdf": 5.456650389927241, "C.A._1219_2014.pdf": 10.913300779854483, "c.p._271_2021.pdf": 2.7283251949636207, "c.a.32_k_2018.pdf": 2.7283251949636207, "c.a._444_2017.pdf": 5.456650389927241, "const.p._9_2010.pdf": 5.456650389927241, "c.p._3121_2021.pdf": 2.7283251949636207, "C.R.P.193of2013.pdf": 5.456650389927241, "C.A._145_2010.pdf": 5.456650389927241, "Crl.A.13-14-15and16of2004and53of2011.pdf": 2.7283251949636207, "C.A._94_2012.pdf": 2.7283251949636207, "Crl.P.200of2009.pdf": 2.7283251949636207, "c.a._1172_2020.pdf": 2.7283251949636207, "c.a._801_2021.pdf": 2.7283251949636207, "Const.P.46and47of2010.pdf": 54.56650389927241, "c.a._21_2021.pdf": 5.456650389927241, "CONST.P.9OF2009.pdf": 2.7283251949636207, "c.a._377_2014.pdf": 2.7283251949636207, "C.A._1213_2015.pdf": 5.456650389927241, "crl.p._445_l_2020.pdf": 2.7283251949636207, "C.A._699_2017.pdf": 2.7283251949636207, "c.p._3795_2021.pdf": 2.7283251949636207, "Crl.A._195_L_2017.pdf": 2.7283251949636207, "c.a.1540-1599_2013.pdf": 2.7283251949636207, "const.p._39_16122019.pdf": 24.554926754672586, "C.P._1069_K_2018.pdf": 2.7283251949636207, "C.A._194_2015.pdf": 5.456650389927241, "J.P.No.56of2005.pdf": 2.7283251949636207, "C.R.P._335_2014.pdf": 2.7283251949636207, "crl.p._124_2022.pdf": 2.7283251949636207, "c.a._513_2014.pdf": 2.7283251949636207, "c.p._509_p_2012.pdf": 2.7283251949636207, "c.p._4740_2017.pdf": 2.7283251949636207, "crl.m.a._1581_2021.pdf": 10.913300779854483, "c.a._11_2022.pdf": 8.184975584890863, "crl.p._733_l_2018.pdf": 2.7283251949636207, "c.p._159_2021.pdf": 2.7283251949636207, "c.p._1092_2018.pdf": 2.7283251949636207, "c.a._1113_2017_dissenting_note.pdf": 2.7283251949636207, "c.a._616_2020.pdf": 5.456650389927241, "const.p.6_2011_final.pdf": 10.913300779854483, "c.p._1133_l_2016.pdf": 2.7283251949636207, "const.p._24_2023_f.pdf": 5.456650389927241, "c.a._1127_2011.pdf": 2.7283251949636207, "reference_1_2020.pdf": 2.7283251949636207, "const.p._64_2013.pdf": 2.7283251949636207, "c.a._1314_2014.pdf": 2.7283251949636207, "c.a._1134_2020.pdf": 2.7283251949636207, "c.p._280_k_2019.pdf": 2.7283251949636207, "c.p._546_2021.pdf": 2.7283251949636207, "const.p._9_2010_28122021.pdf": 5.456650389927241, "c.a._1798_2016.pdf": 2.7283251949636207, "c.p._3215_2021.pdf": 2.7283251949636207, "c.p._4963_2018.pdf": 2.7283251949636207, "C.M.A.NO2380OF2013-DT-25.4.2013.pdf": 5.456650389927241, "C.M.A._376-K_2014.pdf": 2.7283251949636207, "c.p._1890_l_2017.pdf": 5.456650389927241, "ref._2_2022_13092023_2.pdf": 2.7283251949636207, "c.p._1896_l_2020.pdf": 2.7283251949636207, "c.a._1113_2017.pdf": 2.7283251949636207, "c.a._329_2022.pdf": 2.7283251949636207, "c.p._323_l_2014.pdf": 2.7283251949636207, "j.p._657_2016.pdf": 2.7283251949636207, "Const.Ps.No.39and90of2011-Dt-27-3-2013.pdf": 8.184975584890863, "c.p._692_2020.pdf": 2.7283251949636207, "C.A._1086_2009.pdf": 2.7283251949636207, "C.A._134-P_2013.pdf": 2.7283251949636207, "c.a._284_2017.pdf": 2.7283251949636207, "C.A._2148_2016_dt_4-4-2018.pdf": 5.456650389927241, "c.a._735_2016.pdf": 2.7283251949636207, "c.a._607_2021.pdf": 2.7283251949636207, "Crl.O.P.6of2012.pdf": 5.456650389927241, "c.p._1007_2022.pdf": 5.456650389927241, "C.A._1000_2006.pdf": 2.7283251949636207, "c.a._1167_2020.pdf": 5.456650389927241, "c.p._5438_2021.pdf": 2.7283251949636207, "C.A.876-879of2005.pdf": 2.7283251949636207, "C.A._663_2013.pdf": 2.7283251949636207, "const.p._39_2019.pdf": 24.554926754672586, "C.A._1049_2011.pdf": 13.641625974818103, "c.a._1275_2009.pdf": 2.7283251949636207, "C.P.2255OF2010dt-8-4-2013.pdf": 2.7283251949636207, "c.m.a._1243_2021_04042022.pdf": 8.184975584890863, "c.r.p._432_k_2022.pdf": 2.7283251949636207, "c.p._1165_2021.pdf": 8.184975584890863, "c.p._2447_l_2022.pdf": 2.7283251949636207, "j.p._190_2017.pdf": 2.7283251949636207, "c.p._287_p_2016.pdf": 2.7283251949636207, "c.p._342_k_2020.pdf": 2.7283251949636207, "C.A.83and84of2006.pdf": 2.7283251949636207, "s.m.c._1_2023_23022023.pdf": 2.7283251949636207, "c.a._498_2020.pdf": 5.456650389927241, "C.A._450_2010.pdf": 2.7283251949636207, "C.A._839_2015.pdf": 2.7283251949636207, "c.p._820_2019.pdf": 2.7283251949636207, "c.a._1421_2015.pdf": 2.7283251949636207, "crl.a.264_2006.pdf": 2.7283251949636207}}