{"ta": {"C.A._503_2006.pdf": 5.442417710521793, "Const.P.12of2010.pdf": 5.442417710521793, "Const.P.NO.62OF2010_orderdt06062011.pdf": 5.442417710521793, "c.a._371_2020.pdf": 5.442417710521793, "Crl.A._39_L_2015_Urdu.pdf": 5.442417710521793, "c.a._749_2021.pdf": 5.442417710521793, "c.a._339_2016.pdf": 5.442417710521793, "c.p._1691_l_2018.pdf": 5.442417710521793, "c.a._1476_2018.pdf": 5.442417710521793, "C.A._69_2015.pdf": 5.442417710521793, "crl.p._53_q_2020.pdf": 5.442417710521793}}