{"taazir": {"Crl.A._24_2010.pdf": 12.097107028184219, "Crl.P.163_to_171_S.M.C.5_2005.pdf": 6.048553514092109, "Crl.M.A_693_2018.pdf": 12.097107028184219, "j.p._335_2017.pdf": 12.097107028184219, "c.a._561_2020.pdf": 6.048553514092109, "Crl.A.126of2012.pdf": 6.048553514092109}, "taa\u02bczir": {"Crl.A._24_2010.pdf": 7.1471658027602185, "Const.P.77of2012[DetailedOrderFinal].pdf": 7.1471658027602185}, "taal": {"Const.P.20to27-39&45.pdf": 7.840312983320164}, "taaq": {"Crl.A._617_2017.pdf": 7.840312983320164}, "taamir": {"CPs987-989OF2011-DT19.10.2011.pdf": 15.680625966640328}}