{"taffazul": {"cps_853-876_2014.pdf": 12.461750141772127, "cpla_784_2014.pdf": 6.230875070886063, "c.a._1095_2018_13092019.pdf": 6.230875070886063, "C.A._1095_2018.pdf": 6.230875070886063, "C.P.784of2014.pdf": 12.461750141772127}, "tafsir": {"crl.p._1054_l_2023_urdu.pdf": 13.48340138930411, "crl.p._1667_2021.pdf": 6.741700694652055, "Crl.M.A._200_2019.pdf": 6.741700694652055}, "tafhim": {"const.p._24_to_26_of_2023_04072023.pdf": 7.1471658027602185, "const.p.6_2023.pdf": 7.1471658027602185}, "tafseer": {"c.p._2119_2018.pdf": 7.1471658027602185, "crl.p._1313_l_2021.pdf": 14.294331605520437}, "tafwiz": {"C.P._1088_2016.pdf": 7.840312983320164}, "tafakhur": {"const.p._5_2023_14042023.pdf": 7.840312983320164}, "taftan": {"Const.P.77of2010-dt-21-12-2012.pdf": 7.840312983320164}, "taffazaul": {"C.P.784of2014.pdf": 7.840312983320164}, "tafazzal": {"JR_Fecto_Belarus_Tractor_Limited_Case.pdf": 7.840312983320164}}