{"tag": {"Const.P.127of2012.pdf": 5.007099639263948, "Crl.O.P._09_2018.pdf": 10.014199278527895, "crl.a._154_2020.pdf": 5.007099639263948, "c.a._1729_2019.pdf": 5.007099639263948, "C.R.P._125_2014.pdf": 5.007099639263948, "Const.P.77-78-79 [Memogate]DetailedOrder.pdf": 10.014199278527895, "j.p._83_2021.pdf": 5.007099639263948, "c.p._3532_2023.pdf": 5.007099639263948, "C.R.P.193of2013.pdf": 5.007099639263948, "crl.p._445_l_2020.pdf": 5.007099639263948, "const.p.6_2011_final.pdf": 5.007099639263948, "C.A._1049_2011.pdf": 5.007099639263948, "j.p._10_2016.pdf": 5.007099639263948, "c.m.a._1243_2021_04042022.pdf": 5.007099639263948, "crl.p._1004_2019.pdf": 5.007099639263948, "C.A._510_2012.pdf": 5.007099639263948, "crl.a._145_l_2017.pdf": 5.007099639263948}, "tagore": {"Const.P.12of2010.pdf": 7.840312983320164}, "tagga": {"c.p._3380_l_2017.pdf": 7.840312983320164}, "tagline": {"c.p._101_2020.pdf": 7.840312983320164}, "taggi": {"c.a._1664_2014.pdf": 7.840312983320164}}