{"tape": {"Crl.A._479_2015.pdf": 35.47406982756268, "crl.a._599_2020_26032021.pdf": 106.42220948268805, "SMC16of2011_detailed_judgment.pdf": 5.067724261080383, "c.a._10_2020.pdf": 111.48993374376843, "crp.328-329_2013.pdf": 5.067724261080383, "const.p._21_2022_15092023.pdf": 5.067724261080383, "c.p._5599_2021.pdf": 5.067724261080383, "Const.P.77of2010_dt_27-8-2013.pdf": 5.067724261080383, "c.p._3112_2020.pdf": 5.067724261080383, "c.a.1540-1599_2013.pdf": 20.270897044321533, "crl.p._103_p_2022.pdf": 15.20317278324115, "Const.P.91of2011Dt-23-8-2012.pdf": 5.067724261080383, "C.A._42_K_2016.pdf": 5.067724261080383, "c.a._94_2008.pdf": 273.6571100983407, "c.p._1033_2020.pdf": 15.20317278324115, "const.p._10_2019.pdf": 217.91214322645646}, "tapi": {"Const.P.31of2011etc.pdf": 6.048553514092109, "c.r.p._421_2020_dissenting_notes.pdf": 24.194214056368438, "c.r.p._421_2020.pdf": 42.33987459864477, "c.a.1540-1599_2013.pdf": 18.145660542276328, "c.a._1113_2017_dissenting_note.pdf": 78.63119568319742, "c.a._1113_2017.pdf": 120.97107028184219}, "tapedar": {"S.M.C.16of2011dt.4.4.2013.pdf": 12.908037244400546, "c.p._95_2023_15082023.pdf": 12.908037244400546, "c.a._1295_2019.pdf": 12.908037244400546, "C.A._42_K_2016.pdf": 6.454018622200273}, "tapl": {"Const.P.33_2013.pdf": 35.735829013801094, "Const.P.33of2013_09.07.13.pdf": 7.1471658027602185}, "tap": {"Const.P._29_2016.pdf": 5.275363625858628, "C.M.A._3221_2012.pdf": 5.275363625858628, "JR_Detailed_Judgment_in_Graduation_Qualification_Case.pdf": 5.275363625858628, "JR_Detailed_Judgment_in_Referendum_Case.pdf": 10.550727251717255, "c.a._797_2013.pdf": 5.275363625858628, "c.a._3090_2022.pdf": 15.826090877575883, "const.p._17_2019_detailed_reasoning.pdf": 21.10145450343451, "Crl.O.P._57_2015_Additional_Note.pdf": 5.275363625858628, "c.p._2210_l_2020.pdf": 5.275363625858628, "C.A._1242_2013.pdf": 5.275363625858628, "const.p._17_2020_dissenting_note_hj4.pdf": 5.275363625858628, "c.p._1716_2022.pdf": 5.275363625858628, "Const.P.5and15-HRC14144-DetailedReasons.pdf": 5.275363625858628}, "tapal": {"HRC7734-G_1003-GOF2009[UrduTranslation].pdf": 18.69262521265819, "HRC7734-G_1003-GOF2009[AllegedCorruptionInRentalPowerPlants].pdf": 18.69262521265819, "C.A._1171_2017.pdf": 6.230875070886063, "c.p._490_k_2020.pdf": 62.308750708860636, "C.P._2066_2013.pdf": 6.230875070886063}, "tapo": {"c.a._1295_2019.pdf": 7.840312983320164}, "tappa": {"c.p._174_q_2021.pdf": 6.741700694652055, "c.a._25_q_2018_dt_25_01_2024.pdf": 13.48340138930411, "c.p._189_q_2017.pdf": 13.48340138930411}, "tappu": {"C.P._51_2015.pdf": 6.741700694652055, "C.P._1774_2015.pdf": 13.48340138930411, "C.P._1774_2014.pdf": 13.48340138930411}, "tapism": {"c.a._1476_2018.pdf": 7.1471658027602185, "C.M.A._8215_2016.pdf": 7.1471658027602185}}