{"taqi": {"c.p._620_2021.pdf": 5.8944028342648505, "s.m.c._01_2020_04052020.pdf": 5.8944028342648505, "c.a._441_2020.pdf": 5.8944028342648505, "s.m.c._1_2020_20042020.pdf": 5.8944028342648505, "c.a._ 870_2020.pdf": 17.68320850279455, "Const.P.22of2013.pdf": 11.788805668529701, "c.p._3041_2018.pdf": 53.049625508383656}, "taqwa": {"NRO_Judgment.pdf": 7.1471658027602185, "smc_1_2014.pdf": 7.1471658027602185}, "taqdir": {"Const.P._50_2018.pdf": 7.840312983320164}, "taqui": {"c.p._490_k_2020.pdf": 7.840312983320164}, "taqseem": {"C.A._1540_2006.pdf": 7.840312983320164}, "taqee": {"c.r.p._421_2020.pdf": 7.840312983320164}, "taqueer": {"c.p._669_l_2018.pdf": 7.1471658027602185, "Crl.A.126of2012.pdf": 14.294331605520437}, "taqvi": {"C.A.401_2011.pdf": 7.1471658027602185, "c.a._491_2012.pdf": 7.1471658027602185}, "taq": {"C.A.876-879of2005.pdf": 7.840312983320164}}