{"tata": {"Order-DNC-nd-note.pdf": 5.067724261080383, "Const.P.33_2013.pdf": 20.270897044321533, "HRC7734-G_1003-GOF2009[UrduTranslation].pdf": 5.067724261080383, "smc.11_2011.pdf": 15.20317278324115, "C.P.796of2007-dt-10-5-2013.pdf": 5.067724261080383, "HRC7734-G_1003-GOF2009[AllegedCorruptionInRentalPowerPlants].pdf": 5.067724261080383, "c.p._490_k_2020.pdf": 10.135448522160766, "c.r.p._421_2020.pdf": 10.135448522160766, "SMC.13-2009.pdf": 15.20317278324115, "C.A.800Lof2013etc.pdf": 5.067724261080383, "c.a._1113_2017.pdf": 5.067724261080383, "c.p._409_l_2021.pdf": 5.067724261080383, "C.A.876-879of2005.pdf": 5.067724261080383, "C.A._1049_2011.pdf": 5.067724261080383, "C.A._622 _2008.pdf": 10.135448522160766, "Const.P.5and15-HRC14144-DetailedReasons.pdf": 10.135448522160766}, "tatorship": {"NRO_Judgment.pdf": 7.840312983320164}, "tat": {"SMC16of2011_detailed_judgment.pdf": 32.270093111001366, "const.p.37_2012_final.pdf": 6.454018622200273, "smc.16of2011.pdf": 6.454018622200273, "S.M.C.16of2011dt-22-3-2013.pdf": 6.454018622200273}, "tatili": {"c.a._108_2015.pdf": 7.840312983320164}, "tatung": {"c.p._1057_2019.pdf": 15.680625966640328}, "tatleyali": {"crl.p._1149_l_2017.pdf": 7.840312983320164}, "tatrapack": {"C.A.876-879of2005.pdf": 7.840312983320164}}