{"tauseef": {"cr.p_1054_l_2023.pdf": 3.4582863486462823, "crl.p._1667_2021.pdf": 3.4582863486462823, "crl.p._883_l_2022.pdf": 3.4582863486462823, "C.A._340_2002.pdf": 3.4582863486462823, "c.p._2144_l_2011.pdf": 3.4582863486462823, "C.P._289_P_2015.pdf": 3.4582863486462823, "S.M.C._19_2016.pdf": 3.4582863486462823, "i.c.a._2_2023.pdf": 3.4582863486462823, "Crl.M.A_693_2018.pdf": 3.4582863486462823, "c.a._1494_2017.pdf": 3.4582863486462823, "c.a._46_p_2020.pdf": 3.4582863486462823, "c.a._1698_2014.pdf": 3.4582863486462823, "C.P._809_P_2018.pdf": 3.4582863486462823, "reference._1_2011.pdf": 3.4582863486462823, "C.P._1067_2016.pdf": 3.4582863486462823, "const.p_32_2023_dt_23-10-23.pdf": 3.4582863486462823, "c.a._177_p_2020.pdf": 3.4582863486462823, "crl.o.p._40_2023.pdf": 3.4582863486462823, "c.r.p._426_2022_02sept2023.pdf": 3.4582863486462823, "c.p._490_k_2020.pdf": 3.4582863486462823, "C.M.A._3704_2015.pdf": 3.4582863486462823, "C.P._371_P_2016.pdf": 3.4582863486462823, "crl.p._1308_2022.pdf": 3.4582863486462823, "c.p._2633_2018.pdf": 3.4582863486462823, "c.a._1389_2014.pdf": 3.4582863486462823, "C.A._145_2010.pdf": 3.4582863486462823, "c.p._3203_2017.pdf": 3.4582863486462823, "h.r.c._8157_p_2023.pdf": 3.4582863486462823, "c.a._1409_2013 .pdf": 3.4582863486462823, "c.p._2633_2019.pdf": 3.4582863486462823, "C.A._699_2017.pdf": 3.4582863486462823, "CRP.229_2006_in_CA.802_2006.pdf": 3.4582863486462823, "c.a._1292_2021.pdf": 3.4582863486462823, "c.a._937_2018.pdf": 3.4582863486462823, "C.A._467_2015.pdf": 3.4582863486462823, "C.P._1069_K_2018.pdf": 3.4582863486462823, "c.p._4737_2018.pdf": 3.4582863486462823, "c.p._4459_2018.pdf": 3.4582863486462823, "c.p._1148_l_2021.pdf": 3.4582863486462823, "s.m.c._4_2021_11032024.pdf": 3.4582863486462823, "H.R.C._18877_2018.pdf": 3.4582863486462823, "c.p._1831_2017.pdf": 3.4582863486462823, "crl.p._1443_2021.pdf": 3.4582863486462823, "const.p._32_2023_03nov2023.pdf": 3.4582863486462823, "c.p._611_l_2018.pdf": 3.4582863486462823, "const.p.6_2011_final.pdf": 3.4582863486462823, "c.p._682_l_2017.pdf": 3.4582863486462823, "c.p._4365_2023_15122023.pdf": 3.4582863486462823, "c.p._42_2024_25012024.pdf": 3.4582863486462823, "c.p._280_k_2019.pdf": 3.4582863486462823, "c.p._1630_2018.pdf": 3.4582863486462823, "const.p._5_2024_04032024.pdf": 3.4582863486462823, "const.p._6_2023_111023.pdf": 6.9165726972925645, "c.a._329_2022.pdf": 3.4582863486462823, "h.r.c._20883_2018.pdf": 3.4582863486462823, "crl.p._1192_2023.pdf": 3.4582863486462823, "c.p._3030_2021.pdf": 3.4582863486462823, "c.r.p.557_2022_02sept2023.pdf": 3.4582863486462823, "Crl.A._90_L_2017.pdf": 3.4582863486462823, "reference._1_2011_08012024.pdf": 3.4582863486462823, "C.P._4682_2017.pdf": 3.4582863486462823, "c.a._49_2022.pdf": 3.4582863486462823, "crl.r.p._2_2024.pdf": 3.4582863486462823, "c.p._659_2019.pdf": 3.4582863486462823, "C.R.P._3_2015.pdf": 3.4582863486462823, "crl.a._785_2020.pdf": 3.4582863486462823, "c.a._57_k_2018.pdf": 3.4582863486462823, "c.p._3134_2022.pdf": 3.4582863486462823, "c.a._2015_2022.pdf": 3.4582863486462823, "h.r.c._82928_2018.pdf": 3.4582863486462823, "c.p._1854_l_2022.pdf": 3.4582863486462823, "Crl.P._1232_2016.pdf": 3.4582863486462823, "C.A._475-L_2010.pdf": 3.4582863486462823, "c.p._3041_2018.pdf": 3.4582863486462823, "C.P._1247_2016.pdf": 3.4582863486462823, "c.p._1431_2022.pdf": 3.4582863486462823, "cma_6762_20.pdf": 3.4582863486462823, "s.m.c._4_2021_dt_30_01_2024.pdf": 3.4582863486462823, "c.p._3575_2020_22112023.pdf": 3.4582863486462823, "c.a._981_2018_02012024.pdf": 3.4582863486462823}, "taufiq": {"C.R.P._297_2017_Reserved.pdf": 4.895874004153724, "Const.P._29_2016_28072016.pdf": 19.583496016614895, "c.r.p._513_2014.pdf": 4.895874004153724, "Const.P.12of2010.pdf": 9.791748008307447, "Const.P._29_2016.pdf": 29.375244024922342, "Const.P.40of2012-DetailJudgment-dt-3.7.2012.pdf": 4.895874004153724, "cma.908_2014_14.04.2014.pdf": 14.687622012461171, "const.p._17_2019_19062020.pdf": 4.895874004153724, "c.a._759_2020.pdf": 9.791748008307447, "const.p._17_2019_detailed_reasoning.pdf": 4.895874004153724, "c.m.a._677_2020.pdf": 9.791748008307447, "crl.m.appeal._6_2020.pdf": 4.895874004153724, "smc_3_2014_10.03.2014.pdf": 4.895874004153724, "cma_908_2014_22.04.2014.pdf": 4.895874004153724, "const.p._13_2023_09052023.pdf": 4.895874004153724, "Const.P.40of2012-ShortOrder[19.06.2012].pdf": 4.895874004153724, "C.M.A.NO2380OF2013-DT-25.4.2013.pdf": 4.895874004153724, "Crl.A._496_2009.pdf": 9.791748008307447, "c.p._3797_2020.pdf": 9.791748008307447}, "tauheed": {"crl.s.m.r.p._84_2018.pdf": 6.741700694652055, "c.a._188_2020.pdf": 6.741700694652055, "Const.P._74_2015.pdf": 6.741700694652055}, "tauqeer": {"Const.P_6of2011.pdf": 5.760871441640328, "cng_prices_order_21-12-12-alongwith_translation.pdf": 5.760871441640328, "crl.p._342_2018.pdf": 5.760871441640328, "Const.P._29_2016.pdf": 5.760871441640328, "c.a._1573_2017.pdf": 5.760871441640328, "C.M.A.3325_of_2012_dt_11-2-2013.pdf": 17.282614324920985, "Crl.A.126of2012.pdf": 11.521742883280655, "C.R.P._309_2013.pdf": 5.760871441640328}, "tauka": {"Const.P_6of2011.pdf": 7.840312983320164}, "tauqir": {"Const.P_6of2011.pdf": 5.537727890326118, "const.p.42of2011.pdf": 16.613183670978355, "Const.P.30of2013.pdf": 5.537727890326118, "CMA1362OF2012-DT-10-04-2012[URDU].pdf": 11.075455780652236, "C.M.A.3325_of_2012_dt_31-1-2013_ENG_URDU.pdf.pdf": 99.67910202587012, "CMA1362OF2012-DT-10-04-2012.pdf": 11.075455780652236, "c.p._43_l_2021.pdf": 5.537727890326118, "C.M.A.3325_of_2012_dt_11-2-2013.pdf": 16.613183670978355, "C.M.A._3325_2012_OrderDated_21-8-15.pdf": 33.22636734195671, "HR8340OF2010.pdf": 5.537727890326118}, "tauba": {"NRO_Judgment.pdf": 7.840312983320164}, "taunt": {"Const.P.12of2010.pdf": 6.741700694652055, "c.p._3209_2019.pdf": 6.741700694652055, "C.A._539_2003.pdf": 6.741700694652055}, "taun": {"CMA_1145-K_2013_in_SMC_16-2011_08-03-2013.pdf": 7.840312983320164}, "taufeeq": {"Const.P._29_2016.pdf": 18.145660542276328, "c.a._875_2017.pdf": 6.048553514092109, "C.P.No.2255of2010-dt-28-6-2013.pdf": 6.048553514092109, "C.P.No.2255of2010-dt-27-6-2013 .pdf": 6.048553514092109, "c.a._914_l_2013.pdf": 6.048553514092109, "C.P.2255-2010-03.07.2013.pdf": 6.048553514092109}, "taubah": {"C.A._233_2015.pdf": 7.840312983320164}, "taunsa": {"Const.P.NO.62OF2010_orderdt06062011.pdf": 92.91315543588284, "C.M.A._6250_2018.PDF": 35.735829013801094}, "taurus": {"C.P._45_2015.pdf": 7.840312983320164}, "taufique": {"cma.908_2014_14.04.2014.pdf": 6.741700694652055, "c.p._3760_2019.pdf": 6.741700694652055, "Const.P.87of2011.pdf": 40.45020416791233}, "tautological": {"C.A._308_2008.pdf": 7.840312983320164}, "tausif": {"C.A._305_2008.pdf": 6.741700694652055, "crl.p._1255_2021.pdf": 6.741700694652055, "const.p.105-12_hamid_mir_case_20-12-12.pdf": 6.741700694652055}, "taunoa": {"const.p._32_2023_additional_note.pdf": 7.840312983320164}, "taugir": {"Const.P.22of2013.pdf": 7.840312983320164}}