{"tawi": {"crl.p.240_2012.pdf": 7.840312983320164}, "taweer": {"C.Sh.A._1_2013.pdf": 7.840312983320164}, "tawaib": {"Crl.A._609_2014.pdf": 6.741700694652055, "Crl.A._235_2010.pdf": 6.741700694652055, "Crl.M.A._200_2019.pdf": 60.67530625186849}, "tawhid": {"NRO_Judgment.pdf": 23.52093894996049}, "tawfiq": {"Const.P.40of2012-DetailJudgment[UrduTranslation]-dt-3.7.2012.pdf": 6.741700694652055, "Const.P.87of2011[UrduVersion].pdf": 40.45020416791233, "Const.P._29_2016.pdf": 6.741700694652055}, "tawfeeq": {"Const.P._29_2016.pdf": 47.04187789992098}, "tawseen": {"c.a._371_2020.pdf": 6.741700694652055, "c.p._2580_2020.pdf": 6.741700694652055, "c.a._284_2017.pdf": 6.741700694652055}, "tawseem": {"c.a._371_2020.pdf": 7.840312983320164}, "taweez": {"CJD_Reference by_the_President_of_Pakistan_under_Article_186.pdf": 7.840312983320164}, "tawbah": {"Crl.M.A_693_2018.pdf": 31.361251933280656}, "tawba": {"c.a._982_2018_19022024.pdf": 14.294331605520437, "c.a._982_2018_19022024_2.pdf": 14.294331605520437}, "tawana": {"h.r.c_11827_s_2018.pdf": 6.741700694652055, "SMCNo25of2009.pdf": 13.48340138930411, "C.A._2352_2008.pdf": 6.741700694652055}, "tawakel": {"C.A._682_2008.pdf": 7.840312983320164}}