{"taza": {"C.R.P._49_2016.pdf": 6.741700694652055, "c.p._490_k_2020.pdf": 6.741700694652055, "c.p._4349_2018.pdf": 6.741700694652055}, "tazir": {"NRO_Judgment.pdf": 23.52409383695507, "C.A._340_2002.pdf": 4.704818767391014, "Crl.A._589_2006.pdf": 4.704818767391014, "Crl.M.A_693_2018.pdf": 4.704818767391014, "Crl.A._1-K_2018.pdf": 9.409637534782028, "Crl.A._155_2018.pdf": 9.409637534782028, "crl.a._531_2019.pdf": 37.638550139128114, "Crl.A._402_2013.pdf": 4.704818767391014, "Crl.A.13-14-15and16of2004and53of2011.pdf": 4.704818767391014, "crl.p._1371_2016.pdf": 37.638550139128114, "S.M.C._03_2017.pdf": 14.114456302173043, "j.p._345_2017.pdf": 4.704818767391014, "Crl.A._137_L_2010.pdf": 70.57228151086521, "Crl.A._3_P_2014.pdf": 4.704818767391014, "c.a._1772_2008.pdf": 9.409637534782028, "crl.a_413-414_2013_18.02.2014.pdf": 4.704818767391014, "crl.p._207_2023.pdf": 4.704818767391014, "Crl.A.126of2012.pdf": 414.0240515304092, "crl.a._66_l_2020.pdf": 18.819275069564057, "crl.p._476_l_2018.pdf": 9.409637534782028, "j.p._351_2017.pdf": 32.933731371737096, "crl.a._39_k_2022.pdf": 14.114456302173043, "crl.p._35_q_2017.pdf": 4.704818767391014}, "tazpach": {"s.m.c._1_2023_23022023.pdf": 7.840312983320164}}