{"tc": {"c.r.p._292_2021_sacked_employees.pdf": 11.788805668529701, "Const.P.33_2013.pdf": 5.8944028342648505, "c.a._2434_2016.pdf": 5.8944028342648505, "const.p._9_2010_27122021.pdf": 5.8944028342648505, "JR_Detailed_Judgment_in_Referendum_Case.pdf": 11.788805668529701, "c.a._1521_2018.pdf": 5.8944028342648505, "C.A._1262_2018.pdf": 5.8944028342648505}}