{"td": {"Const.P.127of2012.pdf": 6.741700694652055, "c.a._2016_2022.pdf": 6.741700694652055, "crl.a.264_2006.pdf": 6.741700694652055}}