{"tda": {"Const.P.30of2013.pdf": 7.840312983320164}, "tdap": {"j.p._516_2018_detailed.pdf": 23.52093894996049}}