{"te": {"c.a._803_2016.pdf": 5.643088405983945, "c.a._371_2020.pdf": 11.28617681196789, "Crl.O.P.89of2011.pdf": 5.643088405983945, "C.A._137-K_1976.pdf": 5.643088405983945, "c.a._875_2017.pdf": 5.643088405983945, "c.a._249_2020.pdf": 16.929265217951833, "c.p._258_2017.pdf": 5.643088405983945, "c.a._284_2017.pdf": 5.643088405983945, "c.a._324_2020.pdf": 5.643088405983945}}