{"teaching": {"Const.P._56_2003_E_dt_3-9-15.pdf": 3.433593736055911, "Const.P.127of2012.pdf": 3.433593736055911, "ConstitutionPetitionNo21OF2007.pdf": 3.433593736055911, "C.Sh.A._1_2013.pdf": 6.867187472111822, "Const.P._134_2012.pdf": 13.734374944223644, "crl.a._400_2019.pdf": 3.433593736055911, "SMC15OF2009.pdf": 10.300781208167733, "Crl.A._39_L_2015.pdf": 24.035156152391377, "NRO_Judgment.pdf": 10.300781208167733, "C.A._3_2018_dt-14-9-2018.pdf": 20.601562416335465, "Const.P._50_2018.pdf": 10.300781208167733, "Const.P.12of2010.pdf": 34.33593736055911, "Const.P.12of2010Urdu.pdf": 6.867187472111822, "Const.P._29_2016.pdf": 30.9023436245032, "C.A._3_2018.pdf": 20.601562416335465, "c.p._2243_l_2019.pdf": 3.433593736055911, "C.A._233_2015.pdf": 13.734374944223644, "Ref.01_2012_addl.note_HJ.ejaz_afzal_khan.pdf": 3.433593736055911, "H.R.C.19of1996[AsgharKhanCase]DetailedReasonsUrduTranslation.pdf": 6.867187472111822, "crl.p._916_l_2021.pdf": 3.433593736055911, "SMC16of2011_detailed_judgment.pdf": 3.433593736055911, "crl.a._95_2019.pdf": 3.433593736055911, "crl.p._1667_2021.pdf": 6.867187472111822, "smc.24_2010.pdf": 6.867187472111822, "c.p._1289_2020.pdf": 3.433593736055911, "smc.11_2011.pdf": 6.867187472111822, "c.p._2119_2018.pdf": 6.867187472111822, "H.R.C.19of1996[AsgharKhanCase]DetailedReasons.pdf": 6.867187472111822, "smc_1_2014.pdf": 10.300781208167733, "crl.p._1359_2023.pdf": 3.433593736055911, "Crl.A._39_L_2015_Urdu.pdf": 13.734374944223644, "c.p._154_2019.pdf": 3.433593736055911, "C.P._45_2015.pdf": 3.433593736055911, "Const.P.56_2003_U_dt_8-9-2015.pdf": 3.433593736055911, "Const.P.5of2013.pdf": 3.433593736055911, "c.a._71_p_2014_urdu.pdf": 6.867187472111822, "c.a._1474_2021.pdf": 44.63671856872684, "C.A._1072_2005.pdf": 3.433593736055911, "c.a._73_2020.pdf": 6.867187472111822, "const.p._24_2017.pdf": 3.433593736055911, "Crl.M.A_693_2018.pdf": 3.433593736055911, "c.p._167_p_2022.pdf": 17.167968680279554, "c.a._178_2020.pdf": 6.867187472111822, "JR_Detailed_Judgment_in_Graduation_Qualification_Case.pdf": 6.867187472111822, "c.a._19_2022.pdf": 3.433593736055911, "C.P._78_K_2015.pdf": 3.433593736055911, "const.p._2_2022_14102022.pdf": 3.433593736055911, "C.A._359_2013.pdf": 3.433593736055911, "C.A._616_2014.pdf": 3.433593736055911, "NROCaseDt.10.01.2012.pdf": 6.867187472111822, "ca411to414of2013.pdf": 6.867187472111822, "c.a._1833_2019.pdf": 10.300781208167733, "c.a._982_2018_19022024.pdf": 10.300781208167733, "const.p.37_2012_final.pdf": 78.97265592928595, "c.a._1095_2018_13092019.pdf": 20.601562416335465, "c.p._2916_2019.pdf": 3.433593736055911, "c.p._1925_2020.pdf": 3.433593736055911, "C.A._125_K_2016_JPMC_Dissenting_Note.pdf": 27.468749888447288, "C.P._145_2015.pdf": 3.433593736055911, "C.A._1095_2018.pdf": 6.867187472111822, "c.p._1092_2018.pdf": 24.035156152391377, "c.r.p._420_2016.pdf": 3.433593736055911, "Const.P.50-69of2011.pdf": 13.734374944223644, "Const.P.39-2103.pdf": 3.433593736055911, "C.A._1525_2016.pdf": 13.734374944223644, "c.a._550_2020.pdf": 3.433593736055911, "c.a._329_2022.pdf": 3.433593736055911, "c.a._925_2020.pdf": 37.76953109661502, "crl.p._577_2021.pdf": 6.867187472111822, "c.p._3209_2019.pdf": 3.433593736055911, "c.a._661_2018.pdf": 3.433593736055911, "c.p._167_p_2022_an.pdf": 6.867187472111822, "Const.P._134_2012_21012019.pdf": 17.167968680279554, "c.a._429_2020.pdf": 10.300781208167733, "H.R.C._17599_2018.pdf": 6.867187472111822, "c.p._2270_2019.pdf": 3.433593736055911, "c.p._3747_2023.pdf": 3.433593736055911, "c.p._140_l_2015.pdf": 3.433593736055911, "c.a._1546_2019.pdf": 6.867187472111822, "c.p._84_p_2020.pdf": 3.433593736055911, "C.R.P._309_2013.pdf": 3.433593736055911, "c.p._2092_2019.pdf": 3.433593736055911}, "teasing": {"Const.P.127of2012.pdf": 6.454018622200273, "SMC16of2011_detailed_judgment.pdf": 6.454018622200273, "Crl.A._1-K_2018.pdf": 6.454018622200273, "crl.a._324_2021.pdf": 6.454018622200273}, "team": {"c.p._1193_2020.pdf": 3.011999246017863, "ConstitutionPetitionNo21OF2007.pdf": 9.035997738053588, "C.M.A.No.64of2013-dt13.3.2013.pdf": 6.023998492035726, "C.R.P._297_2017_Reserved.pdf": 6.023998492035726, "H.R.C._10_K_2007.pdf": 3.011999246017863, "C.P._272_2016.pdf": 3.011999246017863, "HRC19526of2013.pdf": 3.011999246017863, "C.R.P._49_2016.pdf": 36.14399095221435, "Const.P.31of2011etc.pdf": 6.023998492035726, "Const.P._29_2016_28072016.pdf": 18.071995476107176, "SMC15OF2009.pdf": 18.071995476107176, "NRO_Judgment.pdf": 15.059996230089315, "Const.P.12of2010.pdf": 9.035997738053588, "S.M.C.16of2011dt.4.4.2013.pdf": 3.011999246017863, "CMA_1145-K_2013_in_SMC_16-2011_08-03-2013.pdf": 33.131991706196494, "Const.P.33_2013.pdf": 15.059996230089315, "Const.P._29_2016.pdf": 60.23998492035726, "Const.PetitionNo.77of2010_12.10.2012.pdf": 3.011999246017863, "smc.18_2010_final.pdf": 57.22798567433939, "Urdu-Const.P-77-2010-12.10.2012.pdf": 6.023998492035726, "crl.p._907_2020.pdf": 3.011999246017863, "c.p._2243_l_2019.pdf": 3.011999246017863, "S.J.C_347_2018.PDF": 6.023998492035726, "Const.P.30of2013.pdf": 3.011999246017863, "S.M.C.24of2010[urdu-version].pdf": 36.14399095221435, "CAA_25.09.2013.pdf": 6.023998492035726, "Crl.O.P._154_2017.pdf": 9.035997738053588, "Const.P.NO.62OF2010_orderdt06062011.pdf": 21.08399472212504, "H.R.C.19of1996[AsgharKhanCase]DetailedReasonsUrduTranslation.pdf": 3.011999246017863, "S.M.C.18OF2010.pdf": 36.14399095221435, "ConstitutionPetitionNo.77of2010-dt-12-04-2012.pdf": 3.011999246017863, "SMC16of2011_detailed_judgment.pdf": 12.047996984071451, "CMA1362OF2012-DT-10-04-2012[URDU].pdf": 12.047996984071451, "smc.24_2010.pdf": 18.071995476107176, "C.R.P.167of2012-dt-30-8-2012.pdf": 24.095993968142903, "MemoCase-final-30.12.2011(UrduVersion).pdf": 30.11999246017863, "smc.11_2011.pdf": 6.023998492035726, "H.R.C.19of1996[AsgharKhanCase]DetailedReasons.pdf": 3.011999246017863, "Const.P.77-78-79 [Memogate]DetailedOrder.pdf": 30.11999246017863, "C.P.796of2007-dt-10-5-2013.pdf": 9.035997738053588, "crp.328-329_2013.pdf": 3.011999246017863, "Crl.O.P.89of2011.pdf": 42.16798944425008, "C.M.A.3325_of_2012_dt_31-1-2013_ENG_URDU.pdf.pdf": 6.023998492035726, "Const.P_3_2014.pdf": 3.011999246017863, "c.a._797_2017.pdf": 3.011999246017863, "Crl.A._301_L_2017.pdf": 3.011999246017863, "C.M.A._3221_2012.pdf": 3.011999246017863, "Const.P.77to85,89and92of2011[dt12.6.2012].pdf": 6.023998492035726, "C.P._2093_2015.pdf": 6.023998492035726, "i.c.a._1_2024_dn_20032024.pdf": 3.011999246017863, "Const.P35of2013-dt-20-7-2013.pdf": 6.023998492035726, "C.R.P._315_2013_DT_19_03_2015.pdf": 3.011999246017863, "c.p._419_2020.pdf": 3.011999246017863, "c.p._2420_2015.pdf": 3.011999246017863, "Constitution_Petition_No.18.pdf": 15.059996230089315, "Const.P.77to85of2011-ShortOrder-1.pdf": 18.071995476107176, "CMA1362OF2012-DT-10-04-2012.pdf": 12.047996984071451, "CMA No.5144of2011.pdf": 6.023998492035726, "s.m.c._1_2020_19052020.pdf": 3.011999246017863, "const.p._24_2023_21072023.pdf": 3.011999246017863, "C.P._1067_2016.pdf": 3.011999246017863, "Const.P.20to27-39&45.pdf": 9.035997738053588, "s.m.c._01_2020.pdf": 3.011999246017863, "c.p._1874_2022.pdf": 3.011999246017863, "C.A._1171_2017.pdf": 3.011999246017863, "c.p._1290_l_2019.pdf": 6.023998492035726, "const.p._17_2020_dissenting_note_hj11.pdf": 6.023998492035726, "c.p._2129_2020.pdf": 3.011999246017863, "C.A._448_2014_DJ.pdf": 3.011999246017863, "C.A._1149_2015.pdf": 3.011999246017863, "Crl.A._210_2015.pdf": 9.035997738053588, "c.p._398_l_2018.pdf": 3.011999246017863, "const.p.115_2011.pdf": 12.047996984071451, "c.p._3598_2020.pdf": 9.035997738053588, "Const.P.77-2011[MemoScandal]dt.30.12.2011.pdf": 18.071995476107176, "h.r.c_11827_s_2018.pdf": 6.023998492035726, "Const.P._2_2011.pdf": 3.011999246017863, "const.p.37_2012_final.pdf": 15.059996230089315, "const.p._21_2022_30102023.pdf": 3.011999246017863, "s.m.c._3_2022_06012023.pdf": 3.011999246017863, "C.P.No.2255of2010-dt-27-6-2013 .pdf": 3.011999246017863, "C.A._467_2015.pdf": 3.011999246017863,