{"ted": {"NRO_Judgment.pdf": 12.908037244400546, "Const.P._29_2016.pdf": 12.908037244400546, "c.a._371_2020.pdf": 6.454018622200273, "crl.a.19of2012.pdf": 6.454018622200273}, "tedious": {"Crl.A.140of2005.pdf": 7.1471658027602185, "c.a._171_2019.pdf": 7.1471658027602185}, "teddi": {"Crl.A._137_L_2010.pdf": 28.588663211040874, "Crl.A_137_L_2010.pdf": 7.1471658027602185}}