{"teenager": {"ConstitutionPetitionNo21OF2007.pdf": 12.097107028184219, "crl.p._520_2020.pdf": 6.048553514092109, "crl.p._126_p_2011.pdf": 6.048553514092109, "j.p._497_2015.pdf": 6.048553514092109, "Crl.A._90_L_2017.pdf": 12.097107028184219, "Crl.A._496_2009.pdf": 6.048553514092109}, "teenage": {"ConstitutionPetitionNo21OF2007.pdf": 7.1471658027602185, "crl.p._36_q_2012.pdf": 7.1471658027602185}, "tee": {"Const.P.12of2010Urdu.pdf": 12.908037244400546, "c.a.1540-1599_2013.pdf": 6.454018622200273, "C.R.P._335_2014.pdf": 6.454018622200273, "JR_Fecto_Belarus_Tractor_Limited_Case.pdf": 6.454018622200273}, "teeter": {"smc_1_2014.pdf": 7.840312983320164}, "teen": {"j.p._255_2018.pdf": 7.840312983320164}, "teem": {"CMA2745of2009etc.pdf": 7.1471658027602185, "hrc_20107-G_2013.pdf": 7.1471658027602185}, "teesside": {"c.a._1547_2019.pdf": 7.840312983320164}, "teeside": {"c.a._1547_2019.pdf": 7.840312983320164}}