{"tejwani": {"Const.P._50_2018.pdf": 7.1471658027602185, "Ref.01_2012_addl.note_HJ.ejaz_afzal_khan.pdf": 14.294331605520437}, "tej": {"Const.P._29_2016.pdf": 7.840312983320164}, "tejori": {"const.p._9_2010_27122021.pdf": 19.36205586660082, "const.p._9_2010.pdf": 25.816074488801092, "c.m.a._7139_2019.pdf": 6.454018622200273, "const.p._9_2010_28122021.pdf": 12.908037244400546}, "tejbal": {"C.A._176_2015.pdf": 7.840312983320164}, "teja": {"C.M.A._3986_2017.pdf": 7.840312983320164}}