{"temporary": {"c.r.p._292_2021_sacked_employees.pdf": 8.429625185783186, "ConstitutionPetitionNo21OF2007.pdf": 14.049375309638643, "C.P.796of2007-UrduTranslation-dt-10-5-2013.pdf": 5.619750123855457, "C.R.P._49_2016.pdf": 2.8098750619277286, "Const.P.31of2011etc.pdf": 8.429625185783186, "c.a._803_2016.pdf": 42.14812592891593, "c.p._2911_2018.pdf": 8.429625185783186, "C.A._786_2017.pdf": 2.8098750619277286, "Crl.A._39_L_2015.pdf": 2.8098750619277286, "NRO_Judgment.pdf": 33.71850074313274, "C.A._3_2018_dt-14-9-2018.pdf": 70.24687654819321, "c.a._1496_2019.pdf": 14.049375309638643, "C.P._1800_2015.pdf": 2.8098750619277286, "Const.P.12of2010.pdf": 53.387626176626846, "Const.P.87of2011[UrduVersion].pdf": 2.8098750619277286, "C.A._2215_2006.pdf": 2.8098750619277286, "Const.P._29_2016.pdf": 2.8098750619277286, "C.R.P._125_2014.pdf": 5.619750123855457, "c.a._864_2017.pdf": 8.429625185783186, "C.A._3_2018.pdf": 70.24687654819321, "Const.P.30of2013.pdf": 22.47900049542183, "CPLA_796_2007_ETC_SHORT_ORDER_REKO_DIQ_CASE.pdf": 5.619750123855457, "s.m.c._1_2022_detailed.pdf": 2.8098750619277286, "C.A._870_2014.pdf": 8.429625185783186, "SMC16of2011_detailed_judgment.pdf": 2.8098750619277286, "C.A._785_2017.pdf": 2.8098750619277286, "CMA1362OF2012-DT-10-04-2012[URDU].pdf": 2.8098750619277286, "c.a._240_2020.pdf": 5.619750123855457, "C.A._90_2011_EnglishVersion.pdf": 2.8098750619277286, "c.a._108_2015.pdf": 2.8098750619277286, "H.R.C.19of1996[AsgharKhanCase]DetailedReasons.pdf": 2.8098750619277286, "c.p._1517_2022.pdf": 2.8098750619277286, "C.P.796of2007-dt-10-5-2013.pdf": 5.619750123855457, "CJD_Reference by_the_President_of_Pakistan_under_Article_186.pdf": 2.8098750619277286, "C.P.No.1017-Lof2011.pdf": 2.8098750619277286, "Crl.O.P.89of2011.pdf": 8.429625185783186, "H.R.C._32642_2018.pdf": 2.8098750619277286, "HRC7734-G_1003-GOF2009[AllegedCorruptionInRentalPowerPlants].pdf": 2.8098750619277286, "C.A._1072_2005.pdf": 160.16287852988054, "C.A.669-L_2013.pdf": 2.8098750619277286, "c.a._749_2021.pdf": 2.8098750619277286, "c.p._302_2019.pdf": 2.8098750619277286, "c.a._731_2016.pdf": 14.049375309638643, "const.p._24_2023_an_10012024_r.pdf": 11.239500247710914, "c.r.p._421_2020_dissenting_notes.pdf": 2.8098750619277286, "c.a._31_2020.pdf": 19.669125433494102, "C.A._417-L_2009.pdf": 5.619750123855457, "c.p._2482_2020.pdf": 8.429625185783186, "C.P._928-L_2015.pdf": 22.47900049542183, "CMA No.5144of2011.pdf": 5.619750123855457, "c.a._1000_2020.pdf": 44.95800099084366, "c.p._3506_2020.pdf": 2.8098750619277286, "C.P._78_K_2015.pdf": 2.8098750619277286, "c.r.p._296_2020_04022022.pdf": 5.619750123855457, "c.a._10_k_2019.pdf": 2.8098750619277286, "c.a._446_2021.pdf": 8.429625185783186, "JR_Detailed_Judgment_in_Referendum_Case.pdf": 2.8098750619277286, "crl.p._299_2020_07042020.pdf": 8.429625185783186, "C.A._1560_2008.pdf": 5.619750123855457, "c.a._249_2020.pdf": 5.619750123855457, "C.A._359_2013.pdf": 2.8098750619277286, "c.a._248_2020.pdf": 5.619750123855457, "const.p.9_2014_detail_reasons.pdf": 22.47900049542183, "c.a._64_2022.pdf": 2.8098750619277286, "C.A._1359_2014.pdf": 8.429625185783186, "C.A._448_2014_DJ.pdf": 2.8098750619277286, "C.A._1149_2015.pdf": 2.8098750619277286, "c.p._4424_2021.pdf": 5.619750123855457, "c.a._232_2020.pdf": 11.239500247710914, "Crl.A._210_2015.pdf": 2.8098750619277286, "C.A._6_2016.pdf": 39.338250866988204, "c.p._271_2021.pdf": 2.8098750619277286, "c.a._759_2020.pdf": 25.288875557349556, "ca411to414of2013.pdf": 2.8098750619277286, "const.p._21_2022_29082023.pdf": 2.8098750619277286, "C.A._1515_2016.pdf": 8.429625185783186, "C.R.P.193of2013.pdf": 5.619750123855457, "c.m.a.145_q_2022_dt_02_01_23.pdf": 2.8098750619277286, "const.p.37_2012_final.pdf": 14.049375309638643, "c.r.p._292_2021_detailed.pdf": 11.239500247710914, "c.r.p._421_2020.pdf": 2.8098750619277286, "const.p._17_2019_detailed_reasoning.pdf": 2.8098750619277286, "c.p._957_2020.pdf": 2.8098750619277286, "const.p._21_2022_30102023.pdf": 2.8098750619277286, "Const.Petition.24_2011_dt02062011.pdf": 137.6838780344587, "c.a._469_2021.pdf": 2.8098750619277286, "const.p._39_16122019.pdf": 8.429625185783186, "Const.P.No.33and34of2005-dt-27-6-2013.pdf": 2.8098750619277286, "C.A._334_2004.pdf": 2.8098750619277286, "crl.a._398_2020.pdf": 2.8098750619277286, "c.p._677_k_2019.pdf": 8.429625185783186, "const.p.5_2011.pdf": 2.8098750619277286, "c.p._3855_2022.pdf": 11.239500247710914, "Const.P._29_2017.pdf": 2.8098750619277286, "c.m.a._7084_2020.pdf": 2.8098750619277286, "c.a._17_q_2021.pdf": 2.8098750619277286, "C.A._794_2006.pdf": 8.429625185783186, "c.a._1481_2015.pdf": 11.239500247710914, "c.a._202_2021.pdf": 2.8098750619277286, "S.M.C._3_2018.pdf": 2.8098750619277286, "c.a._616_2020.pdf": 16.85925037156637, "c.a._617_2020.pdf": 14.049375309638643, "const.p.6_2011_final.pdf": 8.429625185783186, "const.p._24_2023_f.pdf": 22.47900049542183, "reference_1_2020.pdf": 2.8098750619277286, "c.a._1499_2019.pdf": 2.8098750619277286, "C.A.39_2010.pdf": 2.8098750619277286, "c.p._546_2021.pdf": 2.8098750619277286, "C.R.P._561_2015.pdf": 2.8098750619277286, "C.A._322_2018.pdf": 2.8098750619277286, "c.p._3380_l_2017.pdf": 5.619750123855457, "c.a._649_2019.pdf": 2.8098750619277286, "C.P._3186_2017.pdf": 5.619750123855457, "c.p._3209_2020.pdf": 11.239500247710914, "C.P._1958_2016.pdf": 2.8098750619277286, "const.p._32_2023_additional_note.pdf": 2.8098750619277286, "I.C.A._4_2017.pdf": 8.429625185783186, "c.a._1113_2017.pdf": 2.8098750619277286, "c.p._4282_2018.pdf": 5.619750123855457, "c.p._448_p_2017.pdf": 16.85925037156637, "Const.Ps.No.39and90of2011-Dt-27-3-2013.pdf": 2.8098750619277286, "c.p._3944_2019.pdf": 2.8098750619277286, "c.a._94_2008.pdf": 5.619750123855457, "c.a._957_2014.pdf": 5.619750123855457, "C.A._134-P_2013.pdf": 2.8098750619277286, "c.a._52_k_2022.pdf": 5.619750123855457, "C.P._423_K_2015.pdf": 2.8098750619277286, "c.a._977_2018.pdf": 2.8098750619277286, "ConstP.No.53of2007andConst.P.83of2012.pdf": 8.429625185783186, "C.P._423-K_2015.pdf": 2.8098750619277286, "crl.p._408_l_2021.pdf": 2.8098750619277286, "Const.P.39of2011dt-11-4-2013.pdf": 2.8098750619277286, "C.A._845_2010.pdf": 16.85925037156637, "const.p._39_2019.pdf": 8.429625185783186, "c.a._997_2010.pdf": 2.8098750619277286, "c.p._231_k_2020.pdf": 2.8098750619277286, "c.a._451_2017.pdf": 2.8098750619277286, "crl.a._154_l_2013.pdf": 2.8098750619277286, "C.P.784of2014.pdf": 2.8098750619277286, "c.a._1385_2019.pdf": 2.8098750619277286, "CJD_Section 2-A_Case_as_on_26_06_2006.pdf": 2.8098750619277286, "c.a._1546_2019.pdf": 16.85925037156637, "c.a._1547_2019.pdf": 2.8098750619277286, "c.p._2892_2020.pdf": 2.8098750619277286, "c.p._4570_2019.pdf": 2.8098750619277286, "JR_Fecto_Belarus_Tractor_Limited_Case.pdf": 5.619750123855457, "c.a._498_2020.pdf": 8.429625185783186, "C.A._1207_2004.pdf": 5.619750123855457, "c.a._799_2007.pdf": 2.8098750619277286, "crl.a.264_2006.pdf": 75.86662667204867, "c.a._17_2020.pdf": 11.239500247710914, "c.p._3718_2023.pdf": 2.8098750619277286, "c.p._47_q_2016.pdf": 2.8098750619277286}, "template": {"c.m.a.4343_2014_etc_with_urdu_translation.pdf": 6.454018622200273, "Const.P.12of2010Urdu.pdf": 6.454018622200273, "C.A._1428_2016.pdf": 12.908037244400546, "c.a._179_2016.pdf": 32.270093111001366}, "temporarily": {"REFERENCE-1-2011[OrderDt-17.01.2012].pdf": 7.426357196550145, "C.A._1171_2013.pdf": 3.7131785982750727, "c.a._1476_2018_urdu.pdf": 3.7131785982750727, "ConstitutionPetitionNo21OF2007.pdf": 3.7131785982750727, "Crl.A._479_2015.pdf": 3.7131785982750727, "Const.P.31of2011etc.pdf": 3.7131785982750727, "Const.P._50_2018.pdf": 3.7131785982750727, "Const.P.12of2010.pdf": 7.426357196550145, "C.A._2215_2006.pdf": 3.7131785982750727, "c.p._2243_l_2019.pdf": 3.7131785982750727, "S.J.C_347_2018.PDF": 3.7131785982750727, "Const.P.30of2013.pdf": 3.7131785982750727, "crl.p._490_2019.pdf": 3.7131785982750727, "H.R.C.19of1996[AsgharKhanCase]DetailedReasonsUrduTranslation.pdf": 7.426357196550145,