{"tethyan": {"C.P.796of2007-UrduTranslation-dt-10-5-2013.pdf": 6.048553514092109, "CPLA_796_2007_ETC_SHORT_ORDER_REKO_DIQ_CASE.pdf": 48.388428112736875, "C.P.796of2007-dt-10-5-2013.pdf": 48.388428112736875, "reference._2_2022.pdf": 6.048553514092109, "C.P.796of2007.pdf": 24.194214056368438, "ref._2_2022_13092023.pdf": 6.048553514092109}, "tethiyan": {"C.P.796of2007-dt-10-5-2013.pdf": 7.840312983320164}, "tetra": {"c.p._3282_l_2022.pdf": 7.840312983320164}, "tetzlaff": {"c.p._448_p_2017.pdf": 7.840312983320164}}