{"tevta": {"c.a._754_2020.pdf": 13.48340138930411, "c.p._460_2022.pdf": 148.3174152823452, "C.A._1459_2018.pdf": 6.741700694652055}, "tev": {"c.a._722_2012.pdf": 7.840312983320164}}