{"tewfiq": {"c.p._490_k_2020.pdf": 7.840312983320164}, "tewari": {"c.a._795_2017.pdf": 7.840312983320164}}