{"thq": {"crl.p._534_2019.pdf": 6.741700694652055, "crl.p._406_2017.pdf": 6.741700694652055, "crl.p._742_l_2019.pdf": 13.48340138930411}, "thqhs": {"H.R.C._17599_2018.pdf": 7.840312983320164}}