{"thwart": {"S.M.C._28_2018.pdf": 4.313952458704002, "Const.P.12of2010.pdf": 12.941857376112008, "Const.P.77of2012[DetailedOrderFinal].pdf": 4.313952458704002, "c.p._2243_l_2019.pdf": 4.313952458704002, "H.R.C.19of1996[AsgharKhanCase]DetailedReasonsUrduTranslation.pdf": 4.313952458704002, "S.M.C.18OF2010.pdf": 4.313952458704002, "s.m.c._1_2022_detailed.pdf": 4.313952458704002, "smc_1_2014.pdf": 4.313952458704002, "C.P.796of2007-dt-10-5-2013.pdf": 4.313952458704002, "crp.328-329_2013.pdf": 8.627904917408005, "S.M.C._18_2016.pdf": 4.313952458704002, "c.p._609_2020.pdf": 4.313952458704002, "c.p._1503_2022.pdf": 4.313952458704002, "const.p._2_2022_14102022.pdf": 8.627904917408005, "c.p._1877_l_2016.pdf": 4.313952458704002, "crl.p._146_k_2021.pdf": 4.313952458704002, "Crl.A_04-K_2012.pdf": 4.313952458704002, "refernece_1_2022.pdf": 4.313952458704002, "c.p.1603_2012.pdf": 4.313952458704002, "c.p._1159_2019.pdf": 4.313952458704002, "C.A._1216_2015.pdf": 8.627904917408005, "crl.p._497_l_2023.pdf": 4.313952458704002, "Crl.P._634_2015.pdf": 8.627904917408005, "c.a._1089_2015.pdf": 4.313952458704002, "SMCNo25of2009.pdf": 4.313952458704002, "C.A._620_2006.pdf": 4.313952458704002, "C.A._700_2017.pdf": 4.313952458704002, "C.A._552_2015.pdf": 4.313952458704002, "C.A._1085_2017.pdf": 4.313952458704002, "cp_70_2014_04.03.2014.pdf": 4.313952458704002, "c.m.a._1243_2021_04042022.pdf": 4.313952458704002, "c.a._248_2014.pdf": 4.313952458704002, "C.A._1207_2004.pdf": 4.313952458704002, "s.m.c._1_2022_note_hj4.pdf": 4.313952458704002}}