{"thy": {"Crl.A._39_L_2015.pdf": 7.1471658027602185, "Const.P.12of2010.pdf": 14.294331605520437}, "thyssen": {"c.p._1057_2019.pdf": 7.1471658027602185, "c.a._722_2012.pdf": 21.441497408280654}}