{"tiburon": {"c.p._3347_2021.pdf": 7.840312983320164}, "tible": {"const.p._39_16122019.pdf": 7.1471658027602185, "const.p._39_2019.pdf": 7.1471658027602185}, "tibia": {"crl.a_413-414_2013_18.02.2014.pdf": 7.840312983320164}, "tibe": {"c.a._1546_2019.pdf": 7.840312983320164}, "tibbi": {"c.a._1547_2019.pdf": 7.840312983320164}}