{"ticket": {"SMC5of2012[UrduVersion]dt16-6-2012.pdf": 4.22939507067594, "Const.P.31of2011etc.pdf": 12.68818521202782, "Const.P.40of2012-DetailJudgment[UrduTranslation]-dt-3.7.2012.pdf": 4.22939507067594, "Const.P.12of2010.pdf": 25.37637042405564, "Const.P._29_2016.pdf": 8.45879014135188, "Const.P._36_2016_dt_15_12_2017.pdf": 4.22939507067594, "Const.P.40of2012-DetailJudgment-dt-3.7.2012.pdf": 4.22939507067594, "Const.P35of2013-dt-20-7-2013.pdf": 4.22939507067594, "c.p._302_2019.pdf": 4.22939507067594, "c.u.o._18_2024_dt_21_02_2024.pdf": 12.68818521202782, "C.A._1042_2018.pdf": 4.22939507067594, "C.A._56_L_2018.pdf": 8.45879014135188, "JR_Detailed_Judgment_in_Graduation_Qualification_Case.pdf": 4.22939507067594, "crl.s.a.07_2011.pdf": 4.22939507067594, "HRC-4668of2006.pdf": 8.45879014135188, "const.p._2_2022_14102022.pdf": 21.146975353379702, "C.A._508_2017.pdf": 71.89971620149097, "const.p._17_2020_dissenting_note_hj11.pdf": 4.22939507067594, "const.p._21_2022_30102023.pdf": 8.45879014135188, "SMC.13-2009.pdf": 4.22939507067594, "c.a._937_2018.pdf": 4.22939507067594, "J.P.No.56of2005.pdf": 8.45879014135188, "c.p._560_k_2019.pdf": 8.45879014135188, "C.A.800Lof2013etc.pdf": 4.22939507067594, "c.a._1476_2018.pdf": 4.22939507067594, "c.p._4618_2019.pdf": 4.22939507067594, "CJD_Constitution_Petition_No_36_of_2005.pdf": 21.146975353379702, "ConstitutionPetitionNo39of2009.pdf": 8.45879014135188, "c.a._512_2021.pdf": 4.22939507067594, "c.p._1839_2018.pdf": 4.22939507067594, "S.M.C.9of2012dt-21-12-2012.pdf": 4.22939507067594, "j.p._10_2016.pdf": 4.22939507067594, "c.p._1165_2021.pdf": 12.68818521202782, "CJD_Pakistan_Steel_Mills_Case.pdf": 4.22939507067594, "C.A.83and84of2006.pdf": 4.22939507067594, "C.A._539_2003.pdf": 8.45879014135188, "c.p._1276_2020.pdf": 4.22939507067594}, "ticklish": {"c.a.149-150_2010.pdf": 7.1471658027602185, "CJD_Constitution_Petition_No_36_of_2005.pdf": 7.1471658027602185}, "ticash": {"c.a._371_2020.pdf": 7.840312983320164}, "tick": {"c.p._4305_2023.pdf": 7.1471658027602185, "H.R.C._17599_2018.pdf": 14.294331605520437}, "tic": {"C.A._1207_2004.pdf": 7.840312983320164}}