{"tide": {"Const.P._38_2016.pdf": 5.355406333532164, "Const.P.12of2010.pdf": 26.77703166766082, "I.C.A._7_2018.pdf": 5.355406333532164, "CP778-779.pdf": 5.355406333532164, "Const.P.77-78-79 [Memogate]DetailedOrder.pdf": 5.355406333532164, "Crl.A.140of2005.pdf": 5.355406333532164, "Const.P.91of2011Dt-23-8-2012.pdf": 5.355406333532164, "CMA2745of2009etc.pdf": 5.355406333532164, "C.A._1481_2007.pdf": 5.355406333532164, "C.P._548-P_2013.pdf": 5.355406333532164, "C.P._3912_2016.pdf": 5.355406333532164, "C.R.P._412_2014.pdf": 5.355406333532164}, "tidal": {"Const.P._50_2018.pdf": 6.741700694652055, "Const.P.12of2010.pdf": 13.48340138930411, "C.P._548-P_2013.pdf": 6.741700694652055}, "tiding": {"Const.P.12of2010.pdf": 7.1471658027602185, "c.p._957_2020.pdf": 7.1471658027602185}, "tidy": {"c.m.a._4821_2018_15112021.pdf": 7.840312983320164}, "tid": {"crl.a._633_2019_15092023.pdf": 7.840312983320164}}