{"tiger": {"S.M.C._28_2018.pdf": 6.230875070886063, "crl.a._95_2019.pdf": 6.230875070886063, "C.P._45_2015.pdf": 6.230875070886063, "const.p._17_2020_dissenting_note_hj11.pdf": 6.230875070886063, "c.p._1336_l_2021.pdf": 6.230875070886063}, "tightly": {"Const.P.12of2010.pdf": 6.741700694652055, "const.p._2_2022_14102022.pdf": 6.741700694652055, "s.m.c._4_2021_26082021.pdf": 13.48340138930411}, "tight": {"Const.P.87of2011[UrduVersion].pdf": 5.355406333532164, "CP778-779.pdf": 5.355406333532164, "Const.P.77-78-79 [Memogate]DetailedOrder.pdf": 5.355406333532164, "c.a._538_2022.pdf": 5.355406333532164, "const.p.37_2012_final.pdf": 5.355406333532164, "Crl.A._115_2013.pdf": 5.355406333532164, "s.m.c._1_2023_12062023.pdf": 10.710812667064328, "c.a._10_2021.pdf": 5.355406333532164, "Const.P.50-69of2011.pdf": 5.355406333532164, "c.a._179_2016.pdf": 5.355406333532164, "Crl.A._218_2015.pdf": 5.355406333532164, "c.p._1593_l_2020.pdf": 5.355406333532164}, "tightrope": {"const.p._17_2020_dissenting_note_hj11.pdf": 7.840312983320164}, "tighten": {"crl.p._513_2020.pdf": 21.441497408280654, "crl.p._1313_l_2021.pdf": 7.1471658027602185}, "tightness": {"s.m.c._1_2023_12062023.pdf": 7.840312983320164}}