{"tikka": {"Const.P.127of2012.pdf": 20.270897044321533, "NRO_Judgment.pdf": 15.20317278324115, "Const.P.40of2012-DetailJudgment[UrduTranslation]-dt-3.7.2012.pdf": 5.067724261080383, "CP778-779.pdf": 35.47406982756268, "Const.P.40of2012-DetailJudgment-dt-3.7.2012.pdf": 5.067724261080383, "H.R.C.19of1996[AsgharKhanCase]DetailedReasons.pdf": 10.135448522160766, "crp.328-329_2013.pdf": 20.270897044321533, "c.a._799_2021.pdf": 5.067724261080383, "c.p._1874_2022.pdf": 5.067724261080383, "crl.p._1371_2016.pdf": 5.067724261080383, "CONST.P.9OF2009.pdf": 20.270897044321533, "Const.P.No.33and34of2005-dt-27-6-2013.pdf": 10.135448522160766, "CMA2745of2009etc.pdf": 5.067724261080383, "c.p._3287_2019.pdf": 5.067724261080383, "ICA3,4,6TO11of2011dt2011.04.pdf": 76.01586391620575, "j.p._10_2016.pdf": 15.20317278324115}, "tika": {"crp.328-329_2013.pdf": 11.788805668529701, "c.m.a.no20&21of2009.pdf": 17.68320850279455, "CONST.P.9OF2009.pdf": 41.26081983985395, "CMA2745of2009etc.pdf": 29.472014171324254, "s.m.c._1_2023_07042023.pdf": 5.8944028342648505, "ICA3,4,6TO11of2011dt2011.04.pdf": 5.8944028342648505, "CPs987-989OF2011-DT19.10.2011.pdf": 5.8944028342648505}}