{"tinker": {"Crl.O.P_57_2015.pdf": 5.8944028342648505, "Const.P.12of2010.pdf": 17.68320850279455, "18TH_AMENDMENT_ORDER.pdf": 5.8944028342648505, "const.p.9_2014_detail_reasons.pdf": 5.8944028342648505, "Crl.A._210_2015.pdf": 5.8944028342648505, "Crl.A._178-L_2009.pdf": 5.8944028342648505, "C.A.800Lof2013etc.pdf": 5.8944028342648505}, "tiny": {"SMC16of2011_detailed_judgment.pdf": 6.454018622200273, "J.P.No.56of2005.pdf": 6.454018622200273, "c.p._1647_2018.pdf": 6.454018622200273, "c.m.a._1243_2021.pdf": 6.454018622200273}, "tin": {"C.P._84-Q_2011.pdf": 68.5396257797467, "c.a._565_2011.pdf": 12.461750141772127, "Crl.A._582_2018.pdf": 6.230875070886063, "C.A.876-879of2005.pdf": 6.230875070886063, "Crl.A._218_2015.pdf": 6.230875070886063}, "tintin": {"c.p._943_k_2022.pdf": 7.840312983320164}, "tinwala": {"c.p._490_k_2020.pdf": 7.840312983320164}, "tinge": {"c.a._654_2021.pdf": 7.840312983320164}, "tindal": {"crl.p_1124_l_2015.pdf": 7.840312983320164}, "tinsworth": {"c.m.a._8758_2018_23nov2023.pdf": 7.840312983320164}}