{"tion": {"NRO_Judgment.pdf": 17.282614324920985, "Const.P.12of2010.pdf": 11.521742883280655, "smc_1_2014.pdf": 11.521742883280655, "Crl.O.P.89of2011.pdf": 5.760871441640328, "C.A._137-K_1976.pdf": 74.89132874132426, "const.p._24_2017.pdf": 5.760871441640328, "const.p._39_16122019.pdf": 11.521742883280655, "const.p._39_2019.pdf": 11.521742883280655}}