{"tipu": {"ConstitutionPetitionNo21OF2007.pdf": 5.8944028342648505, "NRO_Judgment.pdf": 5.8944028342648505, "S.M.C._20_2016.pdf": 5.8944028342648505, "c.p._211_q_2017.pdf": 11.788805668529701, "CRP.229_2006_in_CA.802_2006.pdf": 5.8944028342648505, "Const.P.22of2013.pdf": 5.8944028342648505, "crl.org.p._148_2022_07112022.pdf": 5.8944028342648505}, "tip": {"Const.P.12of2010.pdf": 4.406325778835018, "Const.P._29_2016.pdf": 4.406325778835018, "smc.18_2010_final.pdf": 30.844280451845123, "j.p._739_2018.pdf": 4.406325778835018, "crl.p._606_2020.pdf": 4.406325778835018, "crl.p._520_2020.pdf": 4.406325778835018, "crl.p._1612_2021.pdf": 4.406325778835018, "crl.s.a.07_2011.pdf": 4.406325778835018, "crl.p._370_2019.pdf": 4.406325778835018, "Crl.P._105_2017.pdf": 4.406325778835018, "C.A._1359_2014.pdf": 92.53284135553537, "crl.p._518_2022.pdf": 4.406325778835018, "j.p._324_2015.pdf": 4.406325778835018, "crl.p._1088_2021.pdf": 4.406325778835018, "const.p._17_2019_detailed_reasoning.pdf": 4.406325778835018, "crl.p._1525_2020.pdf": 4.406325778835018, "crl.a._291_2020.pdf": 4.406325778835018, "c.a._1476_2018.pdf": 4.406325778835018, "c.a._136_2011.pdf": 22.03162889417509, "c.p._280_k_2019.pdf": 4.406325778835018, "c.p._958_2020.pdf": 4.406325778835018, "SMCNo25of2009.pdf": 4.406325778835018, "CMA.2243-2010.pdf": 4.406325778835018, "crl.p._1806_l_2017.pdf": 4.406325778835018, "j.p._24_2016.pdf": 4.406325778835018, "crl.p._18_2019.pdf": 4.406325778835018, "crl.a._366_2010.pdf": 4.406325778835018, "Crl.A._17_P_2013.pdf": 4.406325778835018, "Crl.A._218_2015.pdf": 4.406325778835018, "c.a._317_l_2011.pdf": 4.406325778835018, "Crl.A._148_L_2017.pdf": 4.406325778835018}, "tippu": {"crl.a._95_2019.pdf": 13.48340138930411, "Crl.A._104_2010.pdf": 6.741700694652055, "C.A._69_2015.pdf": 6.741700694652055}, "tipping": {"const.p._2_2022_14102022.pdf": 15.680625966640328}, "tipple": {"const.p._32_2023_additional_note.pdf": 7.840312983320164}}