{"tissue": {"crl.a._251_2020.pdf": 12.097107028184219, "crl.a._599_2020_26032021.pdf": 6.048553514092109, "crl.p._167_k_2022.pdf": 12.097107028184219, "crl.p._513_2020.pdf": 6.048553514092109, "Crl.A._496_2009.pdf": 6.048553514092109, "crl.a._92_l_2017.pdf": 18.145660542276328}, "tish": {"Crl.A._382_2011.pdf": 7.840312983320164}, "tis": {"S.M.C._03_2017.pdf": 6.454018622200273, "crl.a._633_2019_15092023.pdf": 6.454018622200273, "c.p._803_2019.pdf": 6.454018622200273, "CJD_Section 2-A_Case_as_on_26_06_2006.pdf": 6.454018622200273}, "tishna": {"smc.9_2011.pdf": 15.680625966640328}}