{"tm": {"SMC16of2011_detailed_judgment.pdf": 7.1471658027602185, "c.p._3587_2020.pdf": 7.1471658027602185}}