{"tobago": {"ConstitutionPetitionNo21OF2007.pdf": 12.908037244400546, "crl.s.m.r.p._84_2018.pdf": 6.454018622200273, "C.A._1703_2013.pdf": 6.454018622200273, "const.p._32_2023_additional_note.pdf": 12.908037244400546}, "toba": {"c.p._852_2020.pdf": 45.60951834972345, "c.p._1567_l_2019.pdf": 5.067724261080383, "c.p._1057_2019.pdf": 5.067724261080383, "C.A._14_L_2013.pdf": 5.067724261080383, "C.A._417-L_2009.pdf": 60.8126911329646, "c.a._840_2017.pdf": 15.20317278324115, "const.p.37_2012_final.pdf": 15.20317278324115, "crl.a._85_2020.pdf": 10.135448522160766, "c.r.p._420_2016.pdf": 10.135448522160766, "crl.p._1296_l_2013.pdf": 10.135448522160766, "crl.p._390_2021.pdf": 5.067724261080383, "crl.a._154_l_2013.pdf": 5.067724261080383, "c.p._3122_2020.pdf": 5.067724261080383, "crl.p._358_l_2022.pdf": 10.135448522160766, "C.P._2108_2018.pdf": 5.067724261080383, "c.p._2341_l_2016.pdf": 10.135448522160766}, "tobacco": {"C.A._634_L_2012.pdf": 4.28496492183075, "SMC16of2011_detailed_judgment.pdf": 4.28496492183075, "C.A._532_2015.pdf": 4.28496492183075, "CJD_Reference by_the_President_of_Pakistan_under_Article_186.pdf": 21.42482460915375, "Crl.O.P.89of2011.pdf": 8.5699298436615, "C.A._353_2015.pdf": 8.5699298436615, "C.A._493_2011.pdf": 4.28496492183075, "const.p._2_2022_14102022.pdf": 4.28496492183075, "c.a._982_2018_19022024.pdf": 4.28496492183075, "c.r.p._421_2020.pdf": 4.28496492183075, "const.p._17_2019_detailed_reasoning.pdf": 8.5699298436615, "C.P._3551_2015.pdf": 4.28496492183075, "Const.P.No.33and34of2005-dt-27-6-2013.pdf": 8.5699298436615, "C.A._158_2006.pdf": 4.28496492183075, "c.a._458_2017.pdf": 51.419579061969, "c.a._174_2012.pdf": 651.314668118274, "C.A._767_2014.pdf": 4.28496492183075, "c.a._1113_2017_dissenting_note.pdf": 4.28496492183075, "c.a._982_2018_19022024_2.pdf": 4.28496492183075, "c.p._3215_2021.pdf": 4.28496492183075, "c.a._1113_2017.pdf": 4.28496492183075, "CJD_Constitution_Petition_No_36_of_2005.pdf": 4.28496492183075, "c.p._1842_l_2022.pdf": 4.28496492183075, "SMCNo25of2009.pdf": 4.28496492183075, "c.p._3587_2020.pdf": 17.139859687323, "c.a._570_2011.pdf": 4.28496492183075, "c.a._243_2011.pdf": 4.28496492183075, "CJD_Section 2-A_Case_as_on_26_06_2006.pdf": 4.28496492183075, "c.p._140_l_2015.pdf": 4.28496492183075, "c.p._2447_l_2022.pdf": 4.28496492183075, "c.p._3750_2020.pdf": 4.28496492183075, "C.A._1475_2007.PDF": 4.28496492183075, "C.A.83and84of2006.pdf": 8.5699298436615, "c.p._6_l_2023.pdf": 4.28496492183075, "c.p._4700_2021.pdf": 8.5699298436615}, "tobe": {"Const.P.33_2013.pdf": 15.680625966640328}, "toby": {"c.p._3506_2020.pdf": 7.840312983320164}}