{"together": {"Const.P._56_2003_E_dt_3-9-15.pdf": 1.924110920712729, "c.r.p._292_2021_sacked_employees.pdf": 3.848221841425458, "Crl.A._24_2010.pdf": 3.848221841425458, "Const.P.127of2012.pdf": 26.937552889978207, "c.a._1476_2018_urdu.pdf": 1.924110920712729, "c.p._303_2019.pdf": 1.924110920712729, "ConstitutionPetitionNo21OF2007.pdf": 15.392887365701831, "CPs.10-18of2011.pdf": 17.31699828641456, "Crl.O.P._09_2018.pdf": 3.848221841425458, "c.p._852_2020.pdf": 1.924110920712729, "Order-DNC-nd-note.pdf": 5.772332762138187, "crl.s.m.r.p._84_2018.pdf": 1.924110920712729, "C.P.796of2007-UrduTranslation-dt-10-5-2013.pdf": 3.848221841425458, "crl.a._251_2020.pdf": 1.924110920712729, "HRC19526of2013.pdf": 1.924110920712729, "crl.a._400_2019.pdf": 3.848221841425458, "Const.P.31of2011etc.pdf": 5.772332762138187, "c.p._1331_l_2017.pdf": 1.924110920712729, "C.A._90_2011_UrduVersion.pdf": 3.848221841425458, "c.a._1729_2019.pdf": 1.924110920712729, "Crl.A._39_L_2015.pdf": 7.696443682850916, "NRO_Judgment.pdf": 26.937552889978207, "Const.P.40of2012-DetailJudgment[UrduTranslation]-dt-3.7.2012.pdf": 3.848221841425458, "Const.P._50_2018.pdf": 1.924110920712729, "cng_prices_order_21-12-12-alongwith_translation.pdf": 1.924110920712729, "Const.P.12of2010.pdf": 55.79921670066914, "Crl.A._523_2017.pdf": 1.924110920712729, "Const.P.87of2011[UrduVersion].pdf": 1.924110920712729, "crl.p._1054_l_2023_urdu.pdf": 1.924110920712729, "Const.P.12of2010Urdu.pdf": 5.772332762138187, "S.M.C._20_2016.pdf": 3.848221841425458, "const.p.42of2011.pdf": 3.848221841425458, "j.p._405_2021.pdf": 7.696443682850916, "Const.P._29_2016.pdf": 9.620554603563644, "crl.p._407_2022.pdf": 1.924110920712729, "C.R.P._125_2014.pdf": 3.848221841425458, "smc.18_2010_final.pdf": 1.924110920712729, "Const.P.77of2012[DetailedOrderFinal].pdf": 9.620554603563644, "Urdu-Const.P-77-2010-12.10.2012.pdf": 1.924110920712729, "crl.a._635_2019.pdf": 1.924110920712729, "crl.a._599_2020_26032021.pdf": 11.544665524276374, "Const.P._36_2016_dt_15_12_2017.pdf": 5.772332762138187, "S.J.C_347_2018.PDF": 1.924110920712729, "C.A._233_2015.pdf": 5.772332762138187, "c.a.149-150_2010.pdf": 1.924110920712729, "Ref.01_2012_addl.note_HJ.ejaz_afzal_khan.pdf": 3.848221841425458, "H.R.C.19of1996[AsgharKhanCase]DetailedReasonsUrduTranslation.pdf": 9.620554603563644, "S.M.C.18OF2010.pdf": 1.924110920712729, "const.p._24_to_26_of_2023_04072023.pdf": 3.848221841425458, "j.p._147_2016.pdf": 1.924110920712729, "C.A._861_2007.pdf": 1.924110920712729, "s.m.c._1_2022_detailed.pdf": 3.848221841425458, "c.a._371_2020.pdf": 1.924110920712729, "SMC16of2011_detailed_judgment.pdf": 5.772332762138187, "crl.a._95_2019.pdf": 1.924110920712729, "REVIEW_P_46&47_2011_full.pdf": 3.848221841425458, "HRC7734-G_1003-GOF2009[UrduTranslation].pdf": 1.924110920712729, "crl.a._528_2019.pdf": 1.924110920712729, "Const.P.40of2012-DetailJudgment-dt-3.7.2012.pdf": 5.772332762138187, "smc.11_2011.pdf": 1.924110920712729, "H.R.C.19of1996[AsgharKhanCase]DetailedReasons.pdf": 9.620554603563644, "c.m.a._4053_2018.pdf": 1.924110920712729, "smc_1_2014.pdf": 1.924110920712729, "Const.P.77-78-79 [Memogate]DetailedOrder.pdf": 3.848221841425458, "C.P.796of2007-dt-10-5-2013.pdf": 11.544665524276374, "c.p._154_2019.pdf": 1.924110920712729, "Crl.O.P.96_12_Altaf_Hussain _1.pdf": 3.848221841425458, "JR_Judgment_on_17th_Amendmend_and_Presidents_Uniform_Case.pdf": 1.924110920712729, "s.m.c._4_2022.pdf": 1.924110920712729, "CJD_Reference by_the_President_of_Pakistan_under_Article_186.pdf": 1.924110920712729, "Const.P.56_2003_U_dt_8-9-2015.pdf": 1.924110920712729, "crp.328-329_2013.pdf": 1.924110920712729, "C.P.No.1017-Lof2011.pdf": 1.924110920712729, "Crl.O.P.89of2011.pdf": 5.772332762138187, "Const.P.5of2013.pdf": 1.924110920712729, "C.M.A.3325_of_2012_dt_31-1-2013_ENG_URDU.pdf.pdf": 1.924110920712729, "c.p._2256_l_2015.pdf": 1.924110920712729, "Crl.P.163_to_171_S.M.C.5_2005.pdf": 11.544665524276374, "C.A.540_L_2009_dt_05_01_2017.pdf": 1.924110920712729, "crl.a._128_2020.pdf": 1.924110920712729, "c.a._1474_2021.pdf": 1.924110920712729, "c.p._1057_2019.pdf": 1.924110920712729, "C.A._1072_2005.pdf": 1.924110920712729, "cma.908_2014_14.04.2014.pdf": 1.924110920712729, "C.M.A._3221_2012.pdf": 1.924110920712729, "S.M.C._19_2016.pdf": 1.924110920712729, "C.A._1084_2008.pdf": 5.772332762138187, "Crl.A._135_L_2017.pdf": 1.924110920712729, "C.P._2093_2015.pdf": 1.924110920712729, "C.A._353_2015.pdf": 7.696443682850916, "c.p._2547_2019.pdf": 3.848221841425458, "c.a._33_k_2018.pdf": 1.924110920712729, "c.p._167_p_2022.pdf": 3.848221841425458, "c.a._621_2019.pdf": 1.924110920712729, "C.R.P._383_2005.pdf": 1.924110920712729, "c.a._515_2015.pdf": 1.924110920712729, "c.a._315_2022.pdf": 1.924110920712729, "c.r.p._421_2020_dissenting_notes.pdf": 1.924110920712729, "C.A._1519_2013.pdf": 1.924110920712729, "const.p._21_2023.pdf": 1.924110920712729, "C.A._493_2011.pdf": 1.924110920712729, "c.p._1540_2018.pdf": 3.848221841425458, "CMA No.5144of2011.pdf": 1.924110920712729, "c.p._2597_2019.pdf": 1.924110920712729, "SMC5of2012-2dt[07-06-2012].pdf": 1.924110920712729, "c.p._405_2020.pdf": 1.924110920712729, "c.p._419_2019.pdf": 1.924110920712729, "C.P._1728_L_2018.pdf": 1.924110920712729, "c.p._510_2019.pdf": 1.924110920712729, "crl.p._606_2020.pdf": 1.924110920712729, "JR_Detailed_Judgment_in_Graduation_Qualification_Case.pdf": 7.696443682850916, "c.a._19_2022.pdf": 1.924110920712729, "crl.r.p._15_2011.pdf": 1.924110920712729, "C.P._78_K_2015.pdf": 1.924110920712729, "C.A._2105_2008.pdf": 1.924110920712729, "Const.P.39of2007-dt-25-6-2013.pdf": 1.924110920712729, "c.r.p._296_2020_04022022.pdf": 1.924110920712729, "crl.p._370_2019.pdf": 1.924110920712729, "c.p._1123_2020.pdf": 1.924110920712729, "c.p._943_k_2022.pdf": 1.924110920712729, "c.a._446_2021.pdf": 5.772332762138187, "c.a._278_2015.pdf": 1.924110920712729, "HRC-4668of2006.pdf": 5.772332762138187, "JR_Detailed_Judgment_in_Referendum_Case.pdf": 9.620554603563644, "c.a._538_2022.pdf": 1.924110920712729, "Const.P.No.77of2012[ShortOrder2.8.2012].pdf": 3.848221841425458, "C.A._633_2007.pdf": 1.924110920712729, "Crl.A._126_2010.pdf": 1.924110920712729, "C.P._1700_2011.pdf": 3.848221841425458, "const.p._2_2022_14102022.pdf": 5.772332762138187, "c.r.p._255_2021.pdf": 1.924110920712729, "Const.P._39_2016.pdf": 1.924110920712729, "crl.p._1121_2023.pdf": 1.924110920712729, "Crl.A._11_P_2017.pdf": 1.924110920712729, "Const.P._24_2012.pdf": 3.848221841425458, "Const.P.87of2011.pdf": 1.924110920712729, "c.a._353_2010.pdf": 1.924110920712729, "C.A._308_2008.pdf": 1.924110920712729, "c.p._490_k_2020.pdf": 1.924110920712729, "C.A._508_2017.pdf": 1.924110920712729, "C.A._1560_2008.pdf": 1.924110920712729, "s.m.c._01_2020_04052020.pdf": 1.924110920712729, "const.p._17_2020_dissenting_note_hj11.pdf": 5.772332762138187, "H.R.C._69229_P_2018.pdf": 1.924110920712729, "C.A._1149_2015.pdf": 1.924110920712729, "C.A._300_2017.pdf": 1.924110920712729, "c.p._3604_2018.pdf": 1.924110920712729, "Crl.A._210_2015.pdf": 1.924110920712729, "Crl.A._178-L_2009.pdf": 1.924110920712729, "crl.p._797_l_2021.pdf": 1.924110920712729, "crl.a._106_2020.pdf": 1.924110920712729, "C.A._1428_2016.pdf": 5.772332762138187, "Cr.A. 315 of 2012.pdf": 1.924110920712729, "c.a._444_2017.pdf": 3.848221841425458, "Crl.R.P._47_2015.pdf": 1.924110920712729, "i.c.a._1_2024_15032024.pdf": 1.924110920712729, "refernece_1_2022.pdf": 1.924110920712729, "C.P._2669_2016.pdf": 1.924110920712729, "Crl.P._169_2007.pdf": 1.924110920712729, "j.p._249_2018.pdf": 1.924110920712729, "j.p._34_2020.pdf": 1.924110920712729, "C.A._2564_2001.pdf": 5.772332762138187, "C.R.P.193of2013.pdf": 3.848221841425458, "Crl.A.13-14-15and16of2004and53of2011.pdf": 1.924110920712729, "c.p._42_2024.pdf": 1.924110920712729, "C.A._94_2012.pdf": 3.848221841425458, "c.a._664_k_2017.pdf": 1.924110920712729, "c.a._421_2018.pdf": 1.924110920712729, "c.p._3203_2017.pdf": 1.924110920712729, "const.p.37_2012_final.pdf": 1.924110920712729,