{"toil": {"Order-DNC-nd-note.pdf": 5.442417710521793, "Const.P.105-2012-eng-urd.PDF": 5.442417710521793, "Const.P._29_2016_28072016.pdf": 5.442417710521793, "NRO_Judgment.pdf": 5.442417710521793, "const.p.42of2011.pdf": 5.442417710521793, "Const.P._29_2016.pdf": 5.442417710521793, "c.p._2243_l_2019.pdf": 10.884835421043586, "SMC16of2011_detailed_judgment.pdf": 5.442417710521793, "smc_1_2014.pdf": 5.442417710521793, "S.M.C._3_2018.pdf": 5.442417710521793, "C.M.A.2376of2013inConst.P.105-dt-7-5-13.pdf": 5.442417710521793}, "toilet": {"HRC-4668of2006.pdf": 11.521742883280655, "s.m.c._1_2020_20042020.pdf": 5.760871441640328, "const.p.37_2012_final.pdf": 17.282614324920985, "c.p._4500_2017.pdf": 28.804357208201637, "const.p._64_2013.pdf": 5.760871441640328, "Crl.A._21-K_2016.pdf": 17.282614324920985, "CJD_Constitution_Petition_No_36_of_2005.pdf": 5.760871441640328, "Const.P._134_2012_21012019.pdf": 5.760871441640328}}