{"token": {"c.a._219_2015.pdf": 4.749270529961848, "H.R.C._10_K_2007.pdf": 4.749270529961848, "Const.P._36_2016_dt_15_12_2017.pdf": 4.749270529961848, "crl.p._490_2019.pdf": 28.495623179771087, "Const.P.NO.62OF2010_orderdt06062011.pdf": 4.749270529961848, "c.a._601_2019.pdf": 208.9679033183213, "smc.24_2010.pdf": 9.498541059923696, "C.P.796of2007-dt-10-5-2013.pdf": 4.749270529961848, "Crl.P.163_to_171_S.M.C.5_2005.pdf": 4.749270529961848, "c.p._1057_2019.pdf": 9.498541059923696, "c.a._1767_2019.pdf": 4.749270529961848, "j.p._501_2018.pdf": 4.749270529961848, "crl.p._1086_l_2022.pdf": 4.749270529961848, "c.p._657_2020.pdf": 4.749270529961848, "c.a._421_2018.pdf": 4.749270529961848, "c.p._677_k_2019.pdf": 4.749270529961848, "crl.p._715_2021.pdf": 33.244893709732935, "const.p.20_2013.pdf": 4.749270529961848, "c.p._2032_2019.pdf": 4.749270529961848, "c.p._5632_2021.pdf": 9.498541059923696, "c.p._3263_2022.pdf": 4.749270529961848, "c.a._179_2016.pdf": 4.749270529961848}, "tokht": {"Const.P._29_2016.pdf": 7.1471658027602185, "C.R.P._412_2014.pdf": 7.1471658027602185}, "tokio": {"Const.P._29_2016.pdf": 7.1471658027602185, "C.P.796of2007-dt-10-5-2013.pdf": 7.1471658027602185}, "tokele": {"Const.P._29_2016.pdf": 7.840312983320164}, "toka": {"j.p._147_2016.pdf": 6.454018622200273, "Crl.A._402_2013.pdf": 19.36205586660082, "crl.a._85_2020.pdf": 19.36205586660082, "crl.a._363_2021.pdf": 6.454018622200273}, "tokyo": {"crl.a._95_2019.pdf": 7.840312983320164}, "tokel\u0117s": {"C.P.796of2007-dt-10-5-2013.pdf": 7.840312983320164}, "tokas": {"Crl.A._402_2013.pdf": 15.680625966640328}, "tokrewala": {"c.p._6406_2021.pdf": 7.840312983320164}}