{"toll": {"Crl.A._24_2010.pdf": 4.47301715333369, "crl.s.m.r.p._84_2018.pdf": 4.47301715333369, "Crl.P._1188_2016.pdf": 4.47301715333369, "Const.P.12of2010.pdf": 4.47301715333369, "Const.P.NO.62OF2010_orderdt06062011.pdf": 4.47301715333369, "H.R.C.19of1996[AsgharKhanCase]DetailedReasonsUrduTranslation.pdf": 4.47301715333369, "SMC16of2011_detailed_judgment.pdf": 17.89206861333476, "H.R.C.19of1996[AsgharKhanCase]DetailedReasons.pdf": 4.47301715333369, "smc_1_2014.pdf": 4.47301715333369, "C.P._2093_2015.pdf": 4.47301715333369, "C.A._1132_2007.pdf": 8.94603430666738, "c.r.p._296_2020_04022022.pdf": 4.47301715333369, "crl.p._299_2020_07042020.pdf": 8.94603430666738, "c.a._24_2015.pdf": 4.47301715333369, "c.p._2682_2022.pdf": 4.47301715333369, "c.a._1363_2018.pdf": 4.47301715333369, "crl.a._208_2022.pdf": 8.94603430666738, "c.a._1476_2018.pdf": 8.94603430666738, "C.A.39_2010.pdf": 4.47301715333369, "C.M.A._376-K_2014.pdf": 4.47301715333369, "C.M.A._6155_2018.pdf": 4.47301715333369, "SMCNo25of2009.pdf": 4.47301715333369, "Crl.O.P.6of2012.pdf": 8.94603430666738, "S.M.C.16of2011dt-22-3-2013.pdf": 4.47301715333369, "C.M.A.6309_2018_14072018.pdf": 4.47301715333369, "c.a._1275_2009.pdf": 4.47301715333369, "c.p._1285_2020.pdf": 4.47301715333369, "C.P._661_K_2015.pdf": 13.419051460001072, "Crl.A_6_P_2010.pdf": 4.47301715333369}, "tolerance": {"Const.P.127of2012.pdf": 11.444883877755045, "c.a._1476_2018_urdu.pdf": 3.8149612925850147, "ConstitutionPetitionNo21OF2007.pdf": 3.8149612925850147, "Crl.A._39_L_2015.pdf": 11.444883877755045, "NRO_Judgment.pdf": 3.8149612925850147, "Const.P.40of2012-DetailJudgment[UrduTranslation]-dt-3.7.2012.pdf": 11.444883877755045, "Const.P.12of2010.pdf": 34.33465163326513, "Const.P.87of2011[UrduVersion].pdf": 7.629922585170029, "AdditionalNoteConst.P.77of2012.pdf": 3.8149612925850147, "Const.P.12of2010Urdu.pdf": 3.8149612925850147, "Const.P._29_2016.pdf": 7.629922585170029, "Const.P.77of2012[DetailedOrderFinal].pdf": 7.629922585170029, "Urdu-Const.P-77-2010-12.10.2012.pdf": 3.8149612925850147, "c.p._2243_l_2019.pdf": 11.444883877755045, "C.A._233_2015.pdf": 7.629922585170029, "H.R.C.19of1996[AsgharKhanCase]DetailedReasonsUrduTranslation.pdf": 7.629922585170029, "crl.p._916_l_2021.pdf": 3.8149612925850147, "SMC16of2011_detailed_judgment.pdf": 11.444883877755045, "Const.P.40of2012-DetailJudgment-dt-3.7.2012.pdf": 11.444883877755045, "H.R.C.19of1996[AsgharKhanCase]DetailedReasons.pdf": 7.629922585170029, "smc_1_2014.pdf": 49.59449680360519, "crl.p._1359_2023.pdf": 3.8149612925850147, "Const.P.77-78-79 [Memogate]DetailedOrder.pdf": 11.444883877755045, "Const.P.5of2013.pdf": 7.629922585170029, "const.p._24_2017.pdf": 3.8149612925850147, "const.p._24_2023_an_10012024_r.pdf": 3.8149612925850147, "JR_Detailed_Judgment_in_Graduation_Qualification_Case.pdf": 7.629922585170029, "c.p._3506_2020.pdf": 57.22441938877522, "JR_Detailed_Judgment_in_Referendum_Case.pdf": 7.629922585170029, "Const.P.87of2011.pdf": 11.444883877755045, "C.P._3345_2016.pdf": 3.8149612925850147, "crl.p._762_2018.pdf": 3.8149612925850147, "Crl.A._210_2015.pdf": 3.8149612925850147, "h.r.c_11827_s_2018.pdf": 3.8149612925850147, "CONST.P.9OF2009.pdf": 3.8149612925850147, "const.p._21_2022_30102023.pdf": 3.8149612925850147, "j.p._499_2015.pdf": 3.8149612925850147, "const.p._39_16122019.pdf": 3.8149612925850147, "c.a._1476_2018.pdf": 3.8149612925850147, "S.M.C._3_2018.pdf": 3.8149612925850147, "c.p._2045_2019.pdf": 7.629922585170029, "const.p._24_2023_f.pdf": 3.8149612925850147, "crl.a._633_2019_15092023.pdf": 3.8149612925850147, "CMA2745of2009etc.pdf": 3.8149612925850147, "crl.p._225_2023.pdf": 7.629922585170029, "const.p._32_2023_additional_note.pdf": 3.8149612925850147, "Const.P._37_2017_dt_21_2_2018.pdf": 3.8149612925850147, "s.m.c._1_2023_07042023.pdf": 7.629922585170029, "Const.P._35_2016_dt_15_12_2017.pdf": 3.8149612925850147, "ICA3,4,6TO11of2011dt2011.04.pdf": 3.8149612925850147, "c.m.a._3932_2023.pdf": 3.8149612925850147, "ConstP.No.53of2007andConst.P.83of2012.pdf": 3.8149612925850147, "c.a._1684_2021.pdf": 7.629922585170029, "const.p._39_2019.pdf": 3.8149612925850147, "C.P._2167_2014.pdf": 3.8149612925850147, "C.M.A._8215_2016.pdf": 7.629922585170029}, "tolerate": {"S.M.C._28_2018.pdf": 9.164432890597364, "Const.P._38_2016.pdf": 4.582216445298682, "Crl.A._39_L_2015.pdf": 4.582216445298682, "Const.P._50_2018.pdf": 4.582216445298682, "Const.P.12of2010.pdf": 9.164432890597364, "Const.P.77of2010dt-08.09.2012[UrduTranslation].pdf": 4.582216445298682, "Const.P.87of2011[UrduVersion].pdf": 4.582216445298682, "ICA-1OF2012-UrduTranslation.pdf": 4.582216445298682, "crl.a._599_2020_26032021.pdf": 4.582216445298682, "S.M.C.18OF2010.pdf": 4.582216445298682, "j.p._147_2016.pdf": 4.582216445298682, "crl.p._916_l_2021.pdf": 4.582216445298682, "MemoCase-final-30.12.2011(UrduVersion).pdf": 4.582216445298682, "c.p._3506_2020.pdf": 4.582216445298682, "c.r.p._296_2020_29012022.pdf": 4.582216445298682, "c.r.p._296_2020_04022022.pdf": 4.582216445298682, "Const.P._24_2012.pdf": 4.582216445298682, "const.p._17_2019_detailed_reasoning.pdf": 4.582216445298682, "Crl.M.A._200_2019.pdf": 9.164432890597364, "crl.m.a._365_l_2020.pdf": 4.582216445298682, "s.m.c._4_2021_11032024.pdf": 4.582216445298682, "c.a._648_2021.pdf": 4.582216445298682, "Crl.P._1099_2016.pdf": 4.582216445298682, "c.p._3747_2023.pdf": 4.582216445298682, "crl.p._419_2020.pdf": 4.582216445298682, "S.M.C._7_2017_06022019.pdf": 4.582216445298682}, "tolling": {"Const.P.12of2010.pdf": 7.840312983320164}, "tolerable": {"crl.a._241_2020.pdf": 6.230875070886063, "C.A._125_K_2016_JPMC_Dissenting_Note.pdf": 6.230875070886063, "c.p._940_k_2022.pdf": 6.230875070886063, "C.M.A._8215_2016.pdf": 6.230875070886063, "C.A._1646_2000.pdf": 6.230875070886063}, "tolerant": {"Const.P.77of2010dt-08.09.2012[UrduTranslation].pdf": 6.048553514092109, "crl.p._916_l_2021.pdf": 6.048553514092109, "smc_1_2014.pdf": 18.145660542276328, "c.p._3506_2020.pdf": 12.097107028184219, "S.M.C._3_2018.pdf": 6.048553514092109, "c.m.a._3577_2019_15112023.pdf": 6.048553514092109}, "tolerably": {"Const.P.87of2011[UrduVersion].pdf": 7.1471658027602185, "Const.P.87of2011.pdf": 7.1471658027602185}, "tola": {"j.p._405_2021.pdf": 10.710812667064328, "Const.P._29_2016.pdf": 10.710812667064328, "c.p._1289_2020.pdf": 32.13243800119298, "c.p._154_2019.pdf": 10.710812667064328, "c.p._2865_2022.pdf": 5.355406333532164, "c.p._4129_2019.pdf": 5.355406333532164, "Crl.A._6-P_2015.pdf": 5.355406333532164, "c.a._1227_2016.pdf": 32.13243800119298, "c.p._3209_2019.pdf": 16.06621900059649, "c.p._6406_2021.pdf": 5.355406333532164, "C.P._3095_2017.pdf": 10.710812667064328, "c.p._4690_2018.pdf": 32.13243800119298}, "toleration": {"smc_1_2014.pdf": 7.1471658027602185, "const.p._21_2022_30102023.pdf": 28.588663211040874}, "tolwer": {"C.A._1084_2008.pdf": 7.840312983320164}, "tolli": {"Crl.M.A_693_2018.pdf": 7.840312983320164}, "tolkai": {"c.a._23_p_2017.pdf": 7.840312983320164}}