{"tp": {"HRC19526of2013.pdf": 5.8944028342648505, "HRC7734-G_1003-GOF2009[UrduTranslation].pdf": 5.8944028342648505, "ConstitutionPetitionNo.77of2010-dt-17-04-2012.pdf": 5.8944028342648505, "HRC7734-G_1003-GOF2009[AllegedCorruptionInRentalPowerPlants].pdf": 5.8944028342648505, "c.p._1787_l_2022.pdf": 5.8944028342648505, "CJD_Constitution_Petition_No_36_of_2005.pdf": 5.8944028342648505, "ca679-lof2012.pdf": 23.577611337059402}}