{"tr": {"c.p._3772_2019.pdf": 5.8944028342648505, "HRC-4668of2006.pdf": 5.8944028342648505, "C.A._94_2012.pdf": 11.788805668529701, "c.p._517_l_2016.pdf": 11.788805668529701, "c.a._26_2015l.pdf": 23.577611337059402, "C.A.876-879of2005.pdf": 47.155222674118804, "C.A._545_K_2010.pdf": 5.8944028342648505}}