{"trs": {"c.a._1314_2014.pdf": 7.1471658027602185, "C.A.876-879of2005.pdf": 7.1471658027602185}}