{"ttb": {"j.p._169_2021.pdf": 7.1471658027602185, "c.p._132_p_2021.pdf": 7.1471658027602185}}