{"tu": {"c.p._1193_2020.pdf": 6.454018622200273, "Crl.A._479_2015.pdf": 6.454018622200273, "AdditionalNoteConst.P.77of2012.pdf": 6.454018622200273, "c.p._398_l_2018.pdf": 6.454018622200273}}