{"tubewell": {"Const.P._38_2016.pdf": 5.8944028342648505, "C.A._1256_2008.pdf": 11.788805668529701, "HRC7734-G_1003-GOF2009[UrduTranslation].pdf": 5.8944028342648505, "S.M.C._19_2016.pdf": 11.788805668529701, "c.a._2150_2019.pdf": 5.8944028342648505, "crl.p._457_l_2016.pdf": 11.788805668529701, "C.A._794_2006.pdf": 5.8944028342648505}, "tube": {"SMC15OF2009.pdf": 5.537727890326118, "C.A._493_2011.pdf": 5.537727890326118, "c.a._10_k_2019.pdf": 27.68863945163059, "c.a._2150_2019.pdf": 5.537727890326118, "c.p._1290_l_2019.pdf": 5.537727890326118, "C.P._2532_2015.pdf": 16.613183670978355, "const.p.115_2011.pdf": 55.37727890326118, "Crl.A._178-L_2009.pdf": 5.537727890326118, "j.p._154_2016.pdf": 5.537727890326118, "C.A._110_L_2013.pdf": 5.537727890326118}, "tuba": {"c.m.a._3492_2022.pdf": 57.17732642208175, "c.r.p.557_2022_02sept2023.pdf": 28.588663211040874}, "tubaco": {"c.a._1113_2017.pdf": 7.840312983320164}, "tuber": {"SMCNo25of2009.pdf": 7.840312983320164}}