{"tuheed": {"smc.24_2010.pdf": 7.840312983320164}, "tuhain": {"SMC-16of2011-translation.pdf": 7.840312983320164}, "tuhfat": {"c.p._1289_2020.pdf": 7.840312983320164}}