{"tuker": {"Const.P._29_2017.pdf": 7.840312983320164}, "tukhra": {"c.a._20_2014.pdf": 7.840312983320164}}