{"tul": {"Const.P.77of2012[DetailedOrderFinal].pdf": 6.454018622200273, "c.p._2210_l_2020.pdf": 6.454018622200273, "crl.a._190_2020.pdf": 6.454018622200273, "crl.r.p._2_2024.pdf": 6.454018622200273}, "tulsiram": {"c.a._33_k_2018.pdf": 6.454018622200273, "c.r.p._421_2020_dissenting_notes.pdf": 12.908037244400546, "c.r.p._421_2020.pdf": 12.908037244400546, "CMA2745of2009etc.pdf": 19.36205586660082}, "tulzapurkar": {"c.r.p._421_2020_dissenting_notes.pdf": 14.294331605520437, "c.r.p._421_2020.pdf": 14.294331605520437}, "tullow": {"c.a.1540-1599_2013.pdf": 7.840312983320164}, "tulsipur": {"Const.P.No.33and34of2005-dt-27-6-2013.pdf": 7.840312983320164}, "tulcho": {"c.p._329_k_2022.pdf": 7.840312983320164}, "tullius": {"c.a._1476_2018.pdf": 7.840312983320164}, "tulla": {"const.p.6_2011_final.pdf": 7.840312983320164}, "tulsi": {"CMA2745of2009etc.pdf": 15.680625966640328}, "tuleswar": {"CMA2745of2009etc.pdf": 7.840312983320164}, "tulamb": {"cp_25-q__399_2014.pdf": 7.840312983320164}}