{"tuman": {"Const.P.40of2012-DetailJudgment[UrduTranslation]-dt-3.7.2012.pdf": 7.840312983320164}, "tumain": {"Const.P.40of2012-DetailJudgment[UrduTranslation]-dt-3.7.2012.pdf": 7.840312983320164}, "tumult": {"Const.P._29_2016.pdf": 7.840312983320164}, "tumor": {"smc.18_2010_final.pdf": 7.1471658027602185, "c.p._2_2022_dissenting_note.pdf": 7.1471658027602185}, "tum": {"S.M.C.24of2010[urdu-version].pdf": 7.840312983320164}, "tumble": {"CP778-779.pdf": 13.48340138930411, "c.a._1731_2021.pdf": 6.741700694652055, "c.p._3632_2018.pdf": 6.741700694652055}}