{"tune": {"Const.P.127of2012.pdf": 7.099707084343546, "const.p.42of2011(UrduVersion).pdf": 3.549853542171773, "SMC15OF2009.pdf": 10.649560626515319, "Const.P._29_2016.pdf": 39.0483889638895, "smc.18_2010_final.pdf": 14.199414168687092, "Const.P._36_2016_dt_15_12_2017.pdf": 3.549853542171773, "c.a._371_2020.pdf": 7.099707084343546, "SMC16of2011_detailed_judgment.pdf": 3.549853542171773, "C.P.No.1017-Lof2011.pdf": 3.549853542171773, "const.p._21_2022_15092023.pdf": 3.549853542171773, "c.a._1120_2009.pdf": 3.549853542171773, "s.m.c._1_2020.pdf": 3.549853542171773, "C.A._14_L_2013.pdf": 3.549853542171773, "j.p._739_2018.pdf": 3.549853542171773, "c.p._175_k_2022.pdf": 3.549853542171773, "C.A._2105_2008.pdf": 3.549853542171773, "c.a._499_2017.pdf": 3.549853542171773, "c.p._1972_l_2017.pdf": 7.099707084343546, "c.p._2732_l_2016.pdf": 3.549853542171773, "j.p._36_2016.pdf": 3.549853542171773, "const.p._2_2022_14102022.pdf": 3.549853542171773, "crl.a._181_2012.pdf": 3.549853542171773, "Crl.A._11_P_2017.pdf": 3.549853542171773, "c.a._18_k_2020.pdf": 3.549853542171773, "C.A._26_2009.pdf": 3.549853542171773, "crl.p._1245_2020.pdf": 3.549853542171773, "c.a._45_l_2018.pdf": 10.649560626515319, "C.A._1338_2007.pdf": 3.549853542171773, "const.p.115_2011.pdf": 14.199414168687092, "crl.p._540_l_2021.pdf": 3.549853542171773, "C.A._280-L_2009.pdf": 3.549853542171773, "c.p._5178_2021.pdf": 3.549853542171773, "c.p._479_k_2020.pdf": 3.549853542171773, "C.A._139_2013.pdf": 7.099707084343546, "const.p._21_2022_30102023.pdf": 3.549853542171773, "crl.m.a._365_l_2020.pdf": 3.549853542171773, "crl.p._149_k_2020.pdf": 3.549853542171773, "Crl.A._13_P_2015.pdf": 3.549853542171773, "c.a._2444_2016.pdf": 3.549853542171773, "crl.a._291_2020.pdf": 24.84897479520241, "crl.a._125_2020.pdf": 3.549853542171773, "Crl.A._16_P_2013.pdf": 3.549853542171773, "crl.p._715_2021.pdf": 3.549853542171773, "crl.p._994_2020.pdf": 7.099707084343546, "const.p._5_2023_14042023.pdf": 3.549853542171773, "Crl.A._466_2017.pdf": 3.549853542171773, "crl.p._527_2017.pdf": 7.099707084343546, "C.A._1950_2007.pdf": 7.099707084343546, "C.M.A._2939_2017.pdf": 3.549853542171773, "j.p._112_2017.pdf": 3.549853542171773, "crl.p._1205_2019.pdf": 3.549853542171773, "c.p._3709_2022.pdf": 3.549853542171773, "c.a._284_2017.pdf": 3.549853542171773, "j.p._24_2016.pdf": 3.549853542171773, "crl.p._390_2021.pdf": 3.549853542171773, "C.A.876-879of2005.pdf": 3.549853542171773, "S.M.C.9of2012dt-21-12-2012.pdf": 3.549853542171773, "c.m.a._501_k_2023.pdf": 3.549853542171773, "Cr.A._137_L_2017.pdf": 3.549853542171773, "crl.m.a._130_k_2019.pdf": 3.549853542171773, "c.a._508_2020.pdf": 3.549853542171773, "Crl.A_6_P_2010.pdf": 3.549853542171773, "c.a._1547_2019.pdf": 3.549853542171773, "crl.m.a._1659_2019.pdf": 3.549853542171773, "c.p._1303_2020.pdf": 10.649560626515319, "Crl.A._12_P_2013.pdf": 3.549853542171773, "c.p._3750_2020.pdf": 3.549853542171773, "c.p._342_k_2020.pdf": 3.549853542171773, "crl.p._476_l_2018.pdf": 7.099707084343546, "crl.p._950_2021.pdf": 3.549853542171773, "Const.P.5and15-HRC14144-DetailedReasons.pdf": 3.549853542171773, "c.p._4980_2021.pdf": 3.549853542171773, "j.p._847_2018.pdf": 3.549853542171773}, "tuni": {"c.p._1193_2020.pdf": 7.1471658027602185, "HRC7734-G_1003-GOF2009[UrduTranslation].pdf": 7.1471658027602185}, "tun": {"ConstitutionPetitionNo21OF2007.pdf": 23.52093894996049}, "tunisia": {"Const.P.12of2010.pdf": 7.840312983320164}, "tunio": {"C.R.P._125_2014.pdf": 12.461750141772127, "HRC7734-G_1003-GOF2009[AllegedCorruptionInRentalPowerPlants].pdf": 6.230875070886063, "S.M.C._19_2016.pdf": 6.230875070886063, "C.R.P.193of2013.pdf": 12.461750141772127, "Const.P.No.33and34of2005-dt-27-6-2013.pdf": 6.230875070886063}, "tungo": {"ca.a_239_2020.pdf": 7.840312983320164}, "tund": {"H.R.C.19of1996[AsgharKhanCase]DetailedReasons.pdf": 7.840312983320164}, "tunnel": {"C.R.P._315_2013_DT_19_03_2015.pdf": 12.461750141772127, "C.P._78_K_2015.pdf": 6.230875070886063, "c.a._2444_2016.pdf": 6.230875070886063, "C.R.P._315_2013_DT_18_03_2015.pdf": 12.461750141772127, "C.M.A._8215_2016.pdf": 87.23225099240489}, "tunia": {"C.A._1219_2014.pdf": 7.840312983320164}, "tunc": {"C.A._2564_2001.pdf": 15.680625966640328}}