{"tussle": {"CPs.10-18of2011.pdf": 6.454018622200273, "Const.P.12of2010.pdf": 6.454018622200273, "C.P._1069_K_2018.pdf": 6.454018622200273, "C.A._1242_2013.pdf": 6.454018622200273}, "tusdec": {"c.a._240_2020.pdf": 62.72250386656131}, "tushnet": {"const.p._21_2022_30102023.pdf": 7.840312983320164}, "tushti": {"c.p._140_l_2015.pdf": 7.840312983320164}}