{"twy": {"Const.P.33_2013.pdf": 15.680625966640328}, "twycross": {"C.A._1406_2016.pdf": 7.840312983320164}}