{"ty": {"NRO_Judgment.pdf": 6.048553514092109, "HRC7734-G_1003-GOF2009[AllegedCorruptionInRentalPowerPlants].pdf": 6.048553514092109, "c.a._502_2017.pdf": 48.388428112736875, "C.A._359_2013.pdf": 6.048553514092109, "c.a._421_2018.pdf": 6.048553514092109, "c.a._1460_2013.pdf": 6.048553514092109}}