{"tyan": {"NRO_Judgment.pdf": 7.840312983320164}, "tyabji": {"crl.a.19of2012.pdf": 15.680625966640328}}