{"tycoon": {"ConstitutionPetitionNo21OF2007.pdf": 6.230875070886063, "Const.P._29_2016.pdf": 6.230875070886063, "SMC16of2011_detailed_judgment.pdf": 6.230875070886063, "c.p._2129_2020.pdf": 6.230875070886063, "C.M.A._376-K_2014.pdf": 12.461750141772127}}