{"tyrant": {"cr.p_1054_l_2023.pdf": 6.454018622200273, "crl.p._1054_l_2023_urdu.pdf": 6.454018622200273, "smc.24_2010.pdf": 6.454018622200273, "Const.P.59of2011.pdf": 6.454018622200273}, "tyranny": {"c.a._1476_2018_urdu.pdf": 11.075455780652236, "ConstitutionPetitionNo21OF2007.pdf": 5.537727890326118, "Const.P.12of2010.pdf": 22.150911561304472, "s.m.c._1_2022_detailed.pdf": 33.22636734195671, "H.R.C.19of1996[AsgharKhanCase]DetailedReasons.pdf": 5.537727890326118, "Const.P.77-78-79 [Memogate]DetailedOrder.pdf": 11.075455780652236, "reference._1_2011_urdu.pdf": 5.537727890326118, "const.p._6_2023_07032024.pdf": 11.075455780652236, "c.p._4737_2018.pdf": 5.537727890326118, "s.m.c._4_2021.pdf": 5.537727890326118}, "tyrer": {"crl.s.m.r.p._84_2018.pdf": 15.680625966640328}, "tyrannical": {"Const.P.12of2010.pdf": 26.96680277860822, "JR_Judgment_on_17th_Amendmend_and_Presidents_Uniform_Case.pdf": 6.741700694652055, "c.p._3209_2019.pdf": 6.741700694652055}, "tyre": {"SMC16of2011_detailed_judgment.pdf": 5.760871441640328, "Crl.A.13-14-15and16of2004and53of2011.pdf": 5.760871441640328, "c.a.1540-1599_2013.pdf": 5.760871441640328, "c.p._414_2021.pdf": 11.521742883280655, "C.R.P._335_2014.pdf": 5.760871441640328, "c.a._458_2017.pdf": 5.760871441640328, "c.a._1113_2017.pdf": 5.760871441640328, "c.a._23_q_2017.pdf": 5.760871441640328}, "tyrannically": {"c.p._2231_2020.pdf": 6.741700694652055, "i.c.a._1_2024_15032024.pdf": 6.741700694652055, "i.c.a._1_2024_1502024_an.pdf": 6.741700694652055}, "tyrex": {"c.a._458_2017.pdf": 7.840312983320164}}