{"ubaid": {"S.M.C._20_2016.pdf": 12.461750141772127, "c.a._1095_2018_13092019.pdf": 6.230875070886063, "C.A._1095_2018.pdf": 6.230875070886063, "C.R.P._70_2018_dt_7_4_2018.pdf": 6.230875070886063, "CJD_Section 2-A_Case_as_on_26_06_2006.pdf": 6.230875070886063}, "ubayd": {"crl.p._1667_2021.pdf": 7.840312983320164}, "ubaidullah": {"crl.p._883_l_2022.pdf": 6.454018622200273, "c.a._389_2015.pdf": 6.454018622200273, "c.p._4729_2019.pdf": 6.454018622200273, "c.p._140_l_2015.pdf": 6.454018622200273}, "ubauro": {"crl.a._177_2022.pdf": 7.840312983320164}, "ubaydullah": {"c.a._982_2018_19022024.pdf": 7.840312983320164}, "uban": {"const.p._6_2023_dt_05_01_2023.pdf": 7.1471658027602185, "c.r.p._432_k_2022.pdf": 7.1471658027602185}, "ubaro": {"crl.p._172_2020.pdf": 7.840312983320164}}