{"uc": {"Const.P_6of2011.pdf": 6.048553514092109, "C.A._417-L_2009.pdf": 6.048553514092109, "c.a._3090_2022.pdf": 12.097107028184219, "c.p._6482_2021.pdf": 6.048553514092109, "c.p._448_p_2017.pdf": 127.0196237959343, "c.a._2797_2022.pdf": 6.048553514092109}}