{"ucs": {"s.m.c._01_2020.pdf": 53.93360555721644, "c.p._398_l_2018.pdf": 6.741700694652055, "c.p._448_p_2017.pdf": 40.45020416791233}}