{"udcs": {"c.p._2911_2018.pdf": 23.52093894996049}, "udc": {"c.a._1618_2019.pdf": 19.36205586660082, "c.a._1121_2018.pdf": 6.454018622200273, "c.p._4282_2018.pdf": 12.908037244400546, "c.a._799_2007.pdf": 12.908037244400546}}