{"udit": {"c.a._1877_2016_dt_24_01_2024.pdf": 7.840312983320164}, "uditnarain": {"c.a._1877_2016_dt_24_01_2024.pdf": 7.840312983320164}}