{"udyog": {"c.p._1336_l_2021.pdf": 7.1471658027602185, "c.p._409_l_2021.pdf": 7.1471658027602185}}