{"ufg": {"const.p.42of2011(UrduVersion).pdf": 6.454018622200273, "cng_prices_order_21-12-12-alongwith_translation.pdf": 25.816074488801092, "const.p.42of2011.pdf": 38.72411173320164, "crl.p._907_2020.pdf": 19.36205586660082}}