{"ugarte": {"Ref.01_2012_addl.note_HJ.ejaz_afzal_khan.pdf": 26.96680277860822, "c.m.a._3932_2023.pdf": 6.741700694652055, "Crl.O.P.6of2012.pdf": 6.741700694652055}, "uganda": {"crl.a._95_2019.pdf": 6.230875070886063, "c.p._1290_l_2019.pdf": 6.230875070886063, "const.p.37_2012_final.pdf": 6.230875070886063, "Const.P.No.33and34of2005-dt-27-6-2013.pdf": 31.154375354430318, "const.p.20_2013.pdf": 12.461750141772127}}