{"ugc": {"ca411to414of2013.pdf": 7.1471658027602185, "c.a._188_2020.pdf": 7.1471658027602185}}