{"ugly": {"ConstitutionPetitionNo21OF2007.pdf": 5.8944028342648505, "S.M.C.18OF2010.pdf": 5.8944028342648505, "Const.P.5of2013.pdf": 5.8944028342648505, "C.A._1171_2017.pdf": 5.8944028342648505, "I.C.A._01_2007.pdf": 5.8944028342648505, "Const.P._29_2017.pdf": 5.8944028342648505, "Const.P.5and15-HRC14144-DetailedReasons.pdf": 5.8944028342648505}, "ugliness": {"c.p._2243_l_2019.pdf": 7.840312983320164}}