{"uhs": {"C.A._3_2018_dt-14-9-2018.pdf": 25.816074488801092, "C.A._3_2018.pdf": 25.816074488801092, "S.M.C._01_2010.pdf": 25.816074488801092, "C.A._03_2018.pdf": 6.454018622200273}}