{"ujjain": {"CMA2745of2009etc.pdf": 7.840312983320164}, "ujjan": {"c.p._1017_2021.pdf": 7.840312983320164}}