{"ukhl": {"c.r.p._292_2021_sacked_employees.pdf": 26.376818129293138, "Const.P.12of2010.pdf": 10.550727251717255, "Const.P._29_2016.pdf": 10.550727251717255, "Const.P.77of2012[DetailedOrderFinal].pdf": 10.550727251717255, "Const.P.40of2012-AdditionalNoteofJusticeJawwadSKhawaja.pdf": 5.275363625858628, "CP778-779.pdf": 15.826090877575883, "Const.P.40of2012-DetailJudgment-dt-3.7.2012.pdf": 5.275363625858628, "const.p.6_2023.pdf": 5.275363625858628, "const.p._21_2022_30102023.pdf": 5.275363625858628, "c.a._547_2012.pdf": 15.826090877575883, "crl.a._120_2019.pdf": 5.275363625858628, "c.a._284_2017.pdf": 15.826090877575883, "c.a._1547_2019.pdf": 10.550727251717255}}