{"ukpc": {"ConstitutionPetitionNo21OF2007.pdf": 5.275363625858628, "Const.P._29_2016.pdf": 5.275363625858628, "CP778-779.pdf": 5.275363625858628, "const.p._2_2022_14102022.pdf": 5.275363625858628, "const.p._17_2020_dissenting_note_hj11.pdf": 5.275363625858628, "c.a._1095_2018_13092019.pdf": 5.275363625858628, "const.p._17_2019_detailed_reasoning.pdf": 10.550727251717255, "const.p._21_2023_11082023.pdf": 21.10145450343451, "c.a._547_2012.pdf": 5.275363625858628, "c.a._1521_2018.pdf": 5.275363625858628, "s.m.c._4_2021_26082021.pdf": 15.826090877575883, "C.A._157_K_2016.pdf": 5.275363625858628, "c.a._1547_2019.pdf": 5.275363625858628}, "ukphonebook": {"const.p._17_2020_dissenting_note_hj11.pdf": 14.294331605520437, "const.p._17_2020_dissenting_note_hj4.pdf": 7.1471658027602185}}