{"ukraine": {"Const.P._29_2016.pdf": 12.908037244400546, "C.P.796of2007-dt-10-5-2013.pdf": 6.454018622200273, "c.a._251_2015.pdf": 6.454018622200273, "CJD_Pakistan_Steel_Mills_Case.pdf": 25.816074488801092}}