{"uksc": {"Const.P._29_2016.pdf": 22.57235362393578, "Const.P._36_2016_dt_15_12_2017.pdf": 5.643088405983945, "s.m.c._1_2022_detailed.pdf": 5.643088405983945, "c.a._444_2017.pdf": 5.643088405983945, "const.p._17_2019_detailed_reasoning.pdf": 5.643088405983945, "c.a._284_2017.pdf": 5.643088405983945, "c.p.1795_2022.pdf": 5.643088405983945, "crl.p._29_k_2022.pdf": 5.643088405983945, "c.a._1547_2019.pdf": 11.28617681196789}}