{"ulama": {"ConstitutionPetitionNo21OF2007.pdf": 7.1471658027602185, "c.p._4657_2022.pdf": 7.1471658027602185}, "ula": {"C.A._2564_2001.pdf": 15.680625966640328}, "ulah": {"crl.p._588_l_2023.pdf": 7.840312983320164}, "ulavadi": {"C.A._1890_2002.pdf": 7.840312983320164}, "ulanowicz": {"Const.P.5and15-HRC14144-DetailedReasons.pdf": 7.840312983320164}}