{"ulema": {"Crl.A._39_L_2015.pdf": 10.710812667064328, "Const.P.12of2010.pdf": 21.421625334128656, "CJD_Reference by_the_President_of_Pakistan_under_Article_186.pdf": 10.710812667064328, "const.p.6_2023.pdf": 5.355406333532164, "s.m.c._1_2020_20042020.pdf": 10.710812667064328, "C.P._3186_2015.pdf": 5.355406333532164, "const.p._6_2023_13042023.pdf": 5.355406333532164, "s.m.c._1_2023_12062023.pdf": 5.355406333532164, "reference_1_2020.pdf": 5.355406333532164, "crl.p._1313_l_2021.pdf": 5.355406333532164, "H.R.C._17599_2018.pdf": 32.13243800119298, "S.M.C._7_2017_06022019.pdf": 5.355406333532164}}