{"umbrella": {"c.r.p._292_2021_sacked_employees.pdf": 4.749270529961848, "Const.P.12of2010.pdf": 4.749270529961848, "c.p._2243_l_2019.pdf": 4.749270529961848, "const.p._21_2022_15092023.pdf": 4.749270529961848, "c.p._1057_2019.pdf": 9.498541059923696, "const.p._17_2020_dissenting_note_hj11.pdf": 4.749270529961848, "const.p.115_2011.pdf": 14.247811589885544, "c.p._271_2021.pdf": 4.749270529961848, "C.A._1428_2016.pdf": 4.749270529961848, "const.p._17_2019_detailed_reasoning.pdf": 4.749270529961848, "c.p._560_k_2019.pdf": 4.749270529961848, "c.a._1476_2018.pdf": 4.749270529961848, "crl.a._633_2019_15092023.pdf": 4.749270529961848, "c.a._849_2015.pdf": 4.749270529961848, "c.a._139_p_2013.pdf": 4.749270529961848, "C.M.A._376-K_2014.pdf": 4.749270529961848, "c.a._25_q_2018_dt_25_01_2024.pdf": 4.749270529961848, "c.a._491_2012.pdf": 4.749270529961848, "SMCNo25of2009.pdf": 4.749270529961848, "C.P._357_2016.pdf": 4.749270529961848, "c.p._140_l_2015.pdf": 4.749270529961848, "c.a._231_2020.pdf": 4.749270529961848}, "umbrage": {"C.R.P.167of2012-dt-30-8-2012.pdf": 7.1471658027602185, "C.A._1216_2015.pdf": 7.1471658027602185}, "umbilicus": {"crl.p._513_2021.pdf": 7.1471658027602185, "j.p._190_2017.pdf": 7.1471658027602185}, "umber": {"Const.P._35_2016_dt_15_12_2017.pdf": 7.840312983320164}}