{"ummah": {"c.a._1476_2018_urdu.pdf": 33.85853043590367, "Crl.A._39_L_2015.pdf": 5.643088405983945, "Const.P.12of2010.pdf": 5.643088405983945, "Const.P._29_2016.pdf": 5.643088405983945, "crl.p._916_l_2021.pdf": 5.643088405983945, "Crl.A._39_L_2015_Urdu.pdf": 16.929265217951833, "Crl.A._210_2015.pdf": 5.643088405983945, "c.a._1476_2018.pdf": 16.929265217951833, "c.m.a._490_2021_20022021.pdf": 5.643088405983945}, "ummat": {"c.a._1476_2018_urdu.pdf": 7.840312983320164}, "umm": {"crl.p._632_2021.pdf": 7.840312983320164}, "ummatullah": {"Const.P.12of2010.pdf": 7.1471658027602185, "SMC.13-2009.pdf": 7.1471658027602185}, "ummatul": {"c.a._39_k_2021.pdf": 7.1471658027602185, "c.p._3041_2018.pdf": 7.1471658027602185}, "ummama": {"c.p._240_2021.pdf": 23.52093894996049}}