{"unjust": {"C.P._2350_2015.pdf": 3.176873889208097, "c.r.p._292_2021_sacked_employees.pdf": 3.176873889208097, "Const.P.127of2012.pdf": 3.176873889208097, "ConstitutionPetitionNo21OF2007.pdf": 6.353747778416194, "c.p._852_2020.pdf": 3.176873889208097, "crl.s.m.r.p._84_2018.pdf": 3.176873889208097, "H.R.C._18877_2018_03072019.pdf": 6.353747778416194, "c.a._803_2016.pdf": 3.176873889208097, "Const.P._29_2016_28072016.pdf": 6.353747778416194, "NRO_Judgment.pdf": 6.353747778416194, "cng_prices_order_21-12-12-alongwith_translation.pdf": 3.176873889208097, "Const.P.12of2010.pdf": 6.353747778416194, "Const.P._29_2016.pdf": 9.530621667624292, "crl.p._407_2022.pdf": 3.176873889208097, "crl.p._907_2020.pdf": 3.176873889208097, "c.a.149-150_2010.pdf": 3.176873889208097, "S.M.C.18OF2010.pdf": 3.176873889208097, "s.m.c._1_2022_detailed.pdf": 3.176873889208097, "SMC16of2011_detailed_judgment.pdf": 9.530621667624292, "CP778-779.pdf": 3.176873889208097, "H.R.C.19of1996[AsgharKhanCase]DetailedReasons.pdf": 3.176873889208097, "s.m.c._4_2022.pdf": 3.176873889208097, "C.P._45_2015.pdf": 3.176873889208097, "CJD_Reference by_the_President_of_Pakistan_under_Article_186.pdf": 3.176873889208097, "const.p.23of2012.pdf": 3.176873889208097, "c.p._3772_2019.pdf": 9.530621667624292, "Const.P.5of2013.pdf": 6.353747778416194, "c.p._1057_2019.pdf": 34.945612781289064, "C.A._353_2015.pdf": 3.176873889208097, "Crl.O.P._59_2015.pdf": 3.176873889208097, "Const.P.32of2013.pdf": 3.176873889208097, "crl.p._143_k_2021.pdf": 3.176873889208097, "c.r.p._421_2020_dissenting_notes.pdf": 3.176873889208097, "c.a._799_2021.pdf": 3.176873889208097, "c.p._3130_2020.pdf": 3.176873889208097, "c.a._19_2022.pdf": 3.176873889208097, "c.p._4296_2019.pdf": 3.176873889208097, "c.a._2150_2019.pdf": 3.176873889208097, "C.R.P._100_2016.pdf": 3.176873889208097, "const.p._2_2022_14102022.pdf": 3.176873889208097, "Const.P._24_2012.pdf": 6.353747778416194, "c.a._24_2015.pdf": 15.884369446040484, "c.a._444_2017.pdf": 3.176873889208097, "c.p._1542_2017.pdf": 3.176873889208097, "c.a._82_2016.pdf": 6.353747778416194, "c.p._5918_2021.pdf": 3.176873889208097, "C.R.P._94_2014.pdf": 3.176873889208097, "C.A._2564_2001.pdf": 12.707495556832388, "Crl.A.13-14-15and16of2004and53of2011.pdf": 6.353747778416194, "Const.P._2_2011.pdf": 3.176873889208097, "C.A._725_2008.pdf": 3.176873889208097, "c.a._801_2021.pdf": 3.176873889208097, "c.r.p._421_2020.pdf": 3.176873889208097, "const.p._17_2019_detailed_reasoning.pdf": 3.176873889208097, "CRP.229_2006_in_CA.802_2006.pdf": 6.353747778416194, "c.a._914_l_2013.pdf": 3.176873889208097, "c.p._1775_2022.pdf": 3.176873889208097, "c.p._1354_2020.pdf": 3.176873889208097, "c.p._4459_2018.pdf": 3.176873889208097, "Const.P.No.33and34of2005-dt-27-6-2013.pdf": 6.353747778416194, "C.A._194_2015.pdf": 3.176873889208097, "c.p._3855_2022.pdf": 6.353747778416194, "C.A._158_2006.pdf": 3.176873889208097, "Const.P._29_2017.pdf": 3.176873889208097, "c.p._819_2017.pdf": 3.176873889208097, "const.p._6_2023_dt_05_01_2023.pdf": 9.530621667624292, "c.a._1113_2017_dissenting_note.pdf": 3.176873889208097, "const.p.6_2011_final.pdf": 3.176873889208097, "c.p._2997_2021.pdf": 3.176873889208097, "CMA2745of2009etc.pdf": 6.353747778416194, "c.p._3933_2023.pdf": 3.176873889208097, "JR_Varan_Case.pdf": 3.176873889208097, "Const.P.22of2013.pdf": 3.176873889208097, "c.p._5718_2021.pdf": 3.176873889208097, "c.a._1113_2017.pdf": 3.176873889208097, "c.a._329_2022.pdf": 3.176873889208097, "CJD_Constitution_Petition_No_36_of_2005.pdf": 3.176873889208097, "c.p._3209_2019.pdf": 3.176873889208097, "SMC24-2010.pdf": 3.176873889208097, "SMCNo25of2009.pdf": 3.176873889208097, "const.p._76_2018.pdf": 3.176873889208097, "c.a._512_2021.pdf": 3.176873889208097, "C.A._2148_2016_dt_4-4-2018.pdf": 3.176873889208097, "Crl.O.P.6of2012.pdf": 3.176873889208097, "C.A._825_2015.pdf": 3.176873889208097, "c.p._3413_2017.pdf": 3.176873889208097, "c.p._659_2019.pdf": 3.176873889208097, "C.A._1262_2018.pdf": 3.176873889208097, "const.p._6_2023_addl_n.pdf": 9.530621667624292, "C.A.876-879of2005.pdf": 6.353747778416194, "c.a._722_2012.pdf": 12.707495556832388, "C.P.784of2014.pdf": 3.176873889208097, "Crl.P._100_2017.pdf": 3.176873889208097, "c.a._1546_2019.pdf": 3.176873889208097, "c.a._1547_2019.pdf": 76.24497334099433, "c.p._84_p_2020.pdf": 3.176873889208097, "CJD_Pakistan_Steel_Mills_Case.pdf": 3.176873889208097, "c.p._2414_l_2015.pdf": 3.176873889208097, "ref._2_2022_13092023.pdf": 3.176873889208097, "Const.P.59of2011.pdf": 3.176873889208097, "c.p._4700_2021.pdf": 3.176873889208097, "c.a._248_2014.pdf": 3.176873889208097, "c.a._370_2020.pdf": 3.176873889208097, "JR_Fecto_Belarus_Tractor_Limited_Case.pdf": 28.591865002872872, "c.a._1191_2014.pdf": 6.353747778416194, "Const.P.5and15-HRC14144-DetailedReasons.pdf": 3.176873889208097}, "unjustly": {"Const.P.127of2012.pdf": 4.749270529961848, "c.p._852_2020.pdf": 4.749270529961848, "Crl.A._609_2014.pdf": 4.749270529961848, "SMC15OF2009.pdf": 9.498541059923696, "smc.18_2010_final.pdf": 4.749270529961848, "c.a._371_2020.pdf": 4.749270529961848, "SMC16of2011_detailed_judgment.pdf": 4.749270529961848, "c.a._10_2020.pdf": 4.749270529961848, "smc_1_2014.pdf": 4.749270529961848, "Crl.A._39_L_2015_Urdu.pdf": 4.749270529961848, "c.p._1057_2019.pdf": 9.498541059923696, "c.a._248_2020.pdf": 4.749270529961848, "c.p._3855_2019.pdf": 4.749270529961848, "Crl.M.A._200_2019.pdf": 4.749270529961848, "const.p._21_2022_30102023.pdf": 4.749270529961848, "c.a._1011_2020.pdf": 4.749270529961848, "c.p._4459_2018.pdf": 4.749270529961848, "c.p._659_2019.pdf": 4.749270529961848, "c.a._722_2012.pdf": 4.749270529961848, "c.a._1547_2019.pdf": 9.498541059923696, "JR_Fecto_Belarus_Tractor_Limited_Case.pdf": 23.74635264980924, "c.a._1191_2014.pdf": 4.749270529961848}, "unjustified": {"c.a._1476_2018_urdu.pdf": 3.2055839950905285, "CPs.10-18of2011.pdf": 6.411167990181057, "Const.P.105-2012-eng-urd.PDF": 3.2055839950905285, "C.P.796of2007-UrduTranslation-dt-10-5-2013.pdf": 3.2055839950905285, "const.p.42of2011(UrduVersion).pdf": 6.411167990181057, "H.R.C._18877_2018_03072019.pdf": 3.2055839950905285, "c.p._1809_2020.pdf": 3.2055839950905285, "c.p._1628_2020.pdf": 3.2055839950905285, "C.A._1129_2013.pdf": 3.2055839950905285, "NRO_Judgment.pdf": 3.2055839950905285, "c.p._3436_l_2022.pdf": 3.2055839950905285, "cng_prices_order_21-12-12-alongwith_translation.pdf": 3.2055839950905285, "Const.P.12of2010.pdf": 3.2055839950905285, "cma_2774_2014_in_const.p.51_2010_dt_22.05.14.pdf": 3.2055839950905285, "Const.P.12of2010Urdu.pdf": 6.411167990181057, "const.p.42of2011.pdf": 3.2055839950905285, "Const.P.33_2013.pdf": 3.2055839950905285, "smc.18_2010_final.pdf": 6.411167990181057, "crl.p._883_l_2022_urdu.pdf": 3.2055839950905285, "Const.P.NO.62OF2010_orderdt06062011.pdf": 3.2055839950905285, "H.R.C.19of1996[AsgharKhanCase]DetailedReasonsUrduTranslation.pdf": 3.2055839950905285, "SMC16of2011_detailed_judgment.pdf": 6.411167990181057, "Crl.A._39_L_2015_Urdu.pdf": 3.2055839950905285, "C.P.796of2007-dt-10-5-2013.pdf": 6.411167990181057, "const.p.23of2012.pdf": 3.2055839950905285, "Crl.P.163_to_171_S.M.C.5_2005.pdf": 3.2055839950905285, "crl.p._143_k_2020.pdf": 3.2055839950905285, "s.m.c._1_2023_01032023.pdf": 3.2055839950905285, "crl.p._537_2021.pdf": 3.2055839950905285, "crl.p._801_l_2020.pdf": 3.2055839950905285, "C.R.P._383_2005.pdf": 3.2055839950905285, "crl.m.a._62_p_2018.pdf": 3.2055839950905285, "crl.p._231_2020.pdf": 6.411167990181057, "c.a._1444_2013.pdf": 3.2055839950905285, "C.A._1348_2006.pdf": 3.2055839950905285, "C.P._809_P_2018.pdf": 3.2055839950905285, "c.a._278_2015.pdf": 6.411167990181057, "c.p._1787_l_2022.pdf": 3.2055839950905285, "Const.P._24_2012.pdf": 6.411167990181057, "c.a._18_k_2020.pdf": 3.2055839950905285, "Crl.M.A_183_2019.pdf": 3.2055839950905285, "Crl.A._210_2015.pdf": 6.411167990181057, "crl.p._235_l_2015.pdf": 9.616751985271586, "c.p._18_p_2021.pdf": 3.2055839950905285, "c.p._3157_2022.pdf": 3.2055839950905285,