{"unmistakably": {"Const.P.127of2012.pdf": 8.253481833231712, "crl.a._154_2020.pdf": 4.126740916615856, "C.R.P._297_2017_Reserved.pdf": 4.126740916615856, "Const.P.12of2010.pdf": 12.380222749847569, "crl.a._241_2020.pdf": 4.126740916615856, "Const.P._29_2016.pdf": 12.380222749847569, "crl.p._907_2020.pdf": 8.253481833231712, "Ref.01_2012_addl.note_HJ.ejaz_afzal_khan.pdf": 4.126740916615856, "Const.P.39of2007-dt-25-6-2013.pdf": 4.126740916615856, "crl.a._324_2021.pdf": 4.126740916615856, "crl.p._299_2020_07042020.pdf": 4.126740916615856, "crl.p._1245_2020.pdf": 4.126740916615856, "C.A._1359_2014.pdf": 4.126740916615856, "Crl.A._210_2015.pdf": 4.126740916615856, "crl.sh.a._16_2017.pdf": 4.126740916615856, "C.A._2564_2001.pdf": 4.126740916615856, "crl.p._763_l_2016.pdf": 4.126740916615856, "crl.p._290_2020.pdf": 4.126740916615856, "C.A._1890_2002.pdf": 4.126740916615856, "Crl.A._195_L_2017.pdf": 4.126740916615856, "crl.a._110_2020.pdf": 4.126740916615856, "crl.p._149_k_2020.pdf": 4.126740916615856, "j.p._296_2016.pdf": 4.126740916615856, "crl.p._335_2020.pdf": 4.126740916615856, "C.A._1797_2005.pdf": 4.126740916615856, "crl.p._33_2021.pdf": 4.126740916615856, "C.P._3186_2015.pdf": 4.126740916615856, "c.a._ 870_2020.pdf": 4.126740916615856, "crl.p._90_p_2016.pdf": 4.126740916615856, "crl.p._371_2020l.pdf": 4.126740916615856, "Crl.A.126of2012.pdf": 4.126740916615856, "j.p._430_2015.pdf": 4.126740916615856, "crl.p._1269_2020.pdf": 4.126740916615856, "c.p._389_2022.pdf": 4.126740916615856, "crl.a._277_2020.pdf": 4.126740916615856, "Crl.A._133_L_2017.pdf": 4.126740916615856, "crl.p._138_q_2020.pdf": 4.126740916615856, "crl.p._1268_l_2021.pdf": 4.126740916615856, "C.A._150_2006.pdf": 4.126740916615856, "j.p._282_2017.pdf": 4.126740916615856, "crl.a._145_l_2017.pdf": 4.126740916615856}, "unmindful": {"Const.P.127of2012.pdf": 4.704818767391014, "Const.P.12of2010.pdf": 4.704818767391014, "c.p._2824_2019.pdf": 9.409637534782028, "CP778-779.pdf": 4.704818767391014, "JR_Judgment_on_17th_Amendmend_and_Presidents_Uniform_Case.pdf": 4.704818767391014, "CJD_Reference by_the_President_of_Pakistan_under_Article_186.pdf": 4.704818767391014, "Crl.P.163_to_171_S.M.C.5_2005.pdf": 4.704818767391014, "i.c.a._1_2024_dn_20032024.pdf": 4.704818767391014, "c.p._2547_2019.pdf": 9.409637534782028, "C.P.41_66_2015.pdf": 4.704818767391014, "C.M.A._3704_2015.pdf": 4.704818767391014, "crl.p._1496_2022.pdf": 4.704818767391014, "c.p._4459_2018.pdf": 4.704818767391014, "C.P._892_2015.pdf": 4.704818767391014, "c.p._2_2022_dissenting_note.pdf": 4.704818767391014, "Crl.O.P._57_2015_Additional_Note.pdf": 4.704818767391014, "const.p._76_2018.pdf": 4.704818767391014, "c.p._659_2019.pdf": 4.704818767391014, "c.a._472_2013.pdf": 4.704818767391014, "c.p._1854_l_2022.pdf": 4.704818767391014, "CJD_Pakistan_Steel_Mills_Case.pdf": 4.704818767391014, "C.P._1247_2016.pdf": 4.704818767391014, "C.A._1646_2000.pdf": 9.409637534782028}, "unmarried": {"Const.P.127of2012.pdf": 10.884835421043586, "C.A._90_2011_UrduVersion.pdf": 10.884835421043586, "C.A._90_2011_EnglishVersion.pdf": 10.884835421043586, "smc.11_2011.pdf": 10.884835421043586, "Crl.P.163_to_171_S.M.C.5_2005.pdf": 16.327253131565378, "c.p._883_l_2020.pdf": 48.98175939469614, "C.P._4876_2018.pdf": 5.442417710521793, "c.p._3709_2022.pdf": 5.442417710521793, "c.p._8_l_2023_r.pdf": 5.442417710521793, "c.p._2885_2022.pdf": 5.442417710521793, "c.a._419_2011.pdf": 5.442417710521793}, "unmistakable": {"ConstitutionPetitionNo21OF2007.pdf": 5.132262782217954, "Const.P.12of2010.pdf": 20.529051128871817, "C.A._1406_2016.pdf": 5.132262782217954, "i.c.a._1_2024_dn_20032024.pdf": 5.132262782217954, "c.a._307_2017.pdf": 5.132262782217954, "crl.p._93_p_2015.pdf": 5.132262782217954, "C.A._301_2014.pdf": 5.132262782217954, "Crl.A.140of2005.pdf": 5.132262782217954, "C.A.269_ETC_OF_2011.pdf": 5.132262782217954, "c.p._2_2022_dissenting_note.pdf": 5.132262782217954, "C.A.2234and2235of2005-dt-31-8-2013.pdf": 5.132262782217954, "ca679-lof2012.pdf": 5.132262782217954, "c.a._359_2020.pdf": 5.132262782217954, "JR_Fecto_Belarus_Tractor_Limited_Case.pdf": 15.396788346653864, "crl.a.264_2006.pdf": 5.132262782217954}, "unmeritorious": {"C.R.P._49_2016.pdf": 6.048553514092109, "C.R.P._125_2014.pdf": 6.048553514092109, "Crl.O.P.89of2011.pdf": 24.194214056368438, "C.R.P.193of2013.pdf": 6.048553514092109, "c.a._491_2012.pdf": 6.048553514092109, "crl.a.264_2006.pdf": 12.097107028184219}, "unmanageable": {"Const.P.12of2010.pdf": 20.225102083956166, "Crl.A._104_2010.pdf": 6.741700694652055, "Crl.P._105_2017.pdf": 6.741700694652055}, "unmoved": {"Const.P.12of2010.pdf": 6.048553514092109, "Const.P._29_2016.pdf": 6.048553514092109, "Crl.P.163_to_171_S.M.C.5_2005.pdf": 6.048553514092109, "c.p._5620_2021.pdf": 6.048553514092109, "const.p._17_2020_dissenting_note_hj4.pdf": 6.048553514092109, "C.A._588_2017.pdf": 6.048553514092109}, "unmincingly": {"Const.P.12of2010.pdf": 6.741700694652055, "C.A._118_2016.pdf": 6.741700694652055, "crl.a.264_2006.pdf": 6.741700694652055}, "unmake": {"Const.P.12of2010.pdf": 15.680625966640328}, "unmerite": {"SMC16of2011_detailed_judgment.pdf": 7.1471658027602185, "c.p._280_k_2019.pdf": 7.1471658027602185}, "unmixed": {"smc_1_2014.pdf": 7.840312983320164}, "unmeasured": {"c.p._2547_2019.pdf": 7.840312983320164}, "unmeaning": {"C.P._1662_2016.pdf": 7.1471658027602185, "C.M.A._8215_2016.pdf": 7.1471658027602185}, "unmitigated": {"const.p._2_2022_14102022.pdf": 7.840312983320164}, "unmonitored": {"Crl.R.P._47_2015.pdf": 7.840312983320164}, "unmanufactured": {"c.a._458_2017.pdf": 7.840312983320164}, "unmistakenably": {"c.a._174_2012.pdf": 7.840312983320164}, "unmotivated": {"Const.P._35_2016_dt_15_12_2017.pdf": 7.840312983320164}, "unmaintainable": {"c.p._1369_l_2019.pdf": 7.840312983320164}, "unmet": {"H.R.C._17599_2018.pdf": 7.840312983320164}, "unmistakenly": {"C.A._1085_2017.pdf": 7.840312983320164}, "unmutated": {"CJD_Pakistan_Steel_Mills_Case.pdf": 7.840312983320164}, "unmask": {"c.p._3122_2020.pdf": 7.840312983320164}}