{"unqualified": {"H.R.C._14158_G_2016_dt_12_08_2016.pdf": 3.729439119146853, "Const.P.127of2012.pdf": 3.729439119146853, "ConstitutionPetitionNo21OF2007.pdf": 7.458878238293706, "crl.a._154_2020.pdf": 3.729439119146853, "S.M.C._28_2018.pdf": 14.917756476587412, "const.p.42of2011(UrduVersion).pdf": 3.729439119146853, "Const.P.33_2013.pdf": 3.729439119146853, "Const.P._29_2016.pdf": 3.729439119146853, "smc.18_2010_final.pdf": 3.729439119146853, "Const.P._36_2016_dt_15_12_2017.pdf": 14.917756476587412, "Crl.O.P._154_2017.pdf": 3.729439119146853, "I.C.A._7_2018.pdf": 3.729439119146853, "C.P.796of2007-dt-10-5-2013.pdf": 3.729439119146853, "C.M.A.3325_of_2012_dt_31-1-2013_ENG_URDU.pdf.pdf": 3.729439119146853, "S.M.C._19_2016.pdf": 3.729439119146853, "C.R.P._383_2005.pdf": 3.729439119146853, "const.p._24_2023_an_10012024_r.pdf": 3.729439119146853, "c.p._175_k_2022.pdf": 3.729439119146853, "c.r.p._296_2020_29012022.pdf": 3.729439119146853, "c.p._2693_2018.pdf": 3.729439119146853, "c.a._17_l_2019.pdf": 3.729439119146853, "c.a._201_2020.pdf": 3.729439119146853, "Const.P._24_2012.pdf": 3.729439119146853, "c.a._353_2010.pdf": 3.729439119146853, "Crl.A._210_2015.pdf": 3.729439119146853, "c.a._982_2018_19022024.pdf": 3.729439119146853, "c.a._1095_2018_13092019.pdf": 14.917756476587412, "c.p._479_k_2020.pdf": 3.729439119146853, "c.p._1444_2019.pdf": 3.729439119146853, "c.p._1775_2022.pdf": 7.458878238293706, "C.A._467_2015.pdf": 11.188317357440559, "I.C.A._01_2007.pdf": 14.917756476587412, "Const.P.No.33and34of2005-dt-27-6-2013.pdf": 3.729439119146853, "c.p._3855_2022.pdf": 3.729439119146853, "C.A.800Lof2013etc.pdf": 3.729439119146853, "c.p._1077_2018.pdf": 3.729439119146853, "c.p._1831_2017.pdf": 3.729439119146853, "S.M.C._3_2018.pdf": 3.729439119146853, "c.p._2242_2022.pdf": 3.729439119146853, "c.r.p._296_2020_hj10.pdf": 3.729439119146853, "const.p._24_2023_f.pdf": 3.729439119146853, "c.p._1647_2018.pdf": 3.729439119146853, "crl.a._633_2019_15092023.pdf": 41.02383031061538, "c.a._982_2018_19022024_2.pdf": 3.729439119146853, "c.a._1498_2018.pdf": 7.458878238293706, "c.p._280_k_2019.pdf": 3.729439119146853, "Crl.P.No.426of2009&Crl.A.No.pdf": 3.729439119146853, "c.a._1113_2017.pdf": 3.729439119146853, "ConstitutionPetitionNo39of2009.pdf": 3.729439119146853, "ICA3,4,6TO11of2011dt2011.04.pdf": 18.647195595734264, "c.p._715_2018.pdf": 3.729439119146853, "C.A._1086_2009.pdf": 3.729439119146853, "s.m.c._4_2021_26082021.pdf": 3.729439119146853, "C.A._552_2015.pdf": 3.729439119146853, "c.a._1385_2019.pdf": 3.729439119146853, "C.A._116_K_2016.pdf": 7.458878238293706, "const.p._5_2023_detailed_reasons.pdf": 3.729439119146853, "c.p._3632_2018.pdf": 11.188317357440559, "S.M.C._7_2017_06022019.pdf": 3.729439119146853, "JR_Fecto_Belarus_Tractor_Limited_Case.pdf": 3.729439119146853, "c.a._498_2020.pdf": 3.729439119146853}, "unquestionably": {"Const.P.127of2012.pdf": 5.067724261080383, "Const.P.77of2012[DetailedOrderFinal].pdf": 5.067724261080383, "Ref.01_2012_addl.note_HJ.ejaz_afzal_khan.pdf": 5.067724261080383, "c.a._176_2016.pdf": 5.067724261080383, "C.R.P._383_2005.pdf": 5.067724261080383, "C.P.41_66_2015.pdf": 5.067724261080383, "c.p._1290_l_2019.pdf": 5.067724261080383, "c.a._21_2021.pdf": 5.067724261080383, "const.p._21_2023_11082023.pdf": 15.20317278324115, "const.p._39_16122019.pdf": 5.067724261080383, "c.p._1354_2020.pdf": 5.067724261080383, "c.p._2314_2022_dn.pdf": 10.135448522160766, "const.p.5_2011.pdf": 5.067724261080383, "const.p._39_2019.pdf": 5.067724261080383, "C.A._539_2003.pdf": 5.067724261080383, "JR_Fecto_Belarus_Tractor_Limited_Case.pdf": 5.067724261080383}, "unquestioned": {"Const.P.127of2012.pdf": 6.230875070886063, "Const.P._29_2016.pdf": 6.230875070886063, "C.A._90_2011_EnglishVersion.pdf": 6.230875070886063, "c.a._914_l_2013.pdf": 6.230875070886063, "Const.P.59of2011.pdf": 6.230875070886063}, "unquestionable": {"C.R.P._297_2017_Reserved.pdf": 9.899882450847999, "Crl.A._609_2014.pdf": 4.949941225423999, "Const.P.12of2010.pdf": 4.949941225423999, "Const.P.12of2010Urdu.pdf": 9.899882450847999, "Const.P._29_2016.pdf": 4.949941225423999, "JR_Judgment_on_17th_Amendmend_and_Presidents_Uniform_Case.pdf": 9.899882450847999, "S.M.C._18_2016.pdf": 4.949941225423999, "S.M.C.18_2016_dt_06_01_2017.pdf": 4.949941225423999, "JR_Detailed_Judgment_in_Referendum_Case.pdf": 9.899882450847999, "c.a._39_k_2021.pdf": 4.949941225423999, "c.a._1095_2018_13092019.pdf": 4.949941225423999, "crl.a._633_2019_15092023.pdf": 4.949941225423999, "c.a._2121_2017.pdf": 4.949941225423999, "c.a._2186_2017.pdf": 4.949941225423999, "Const.P._35_2016_dt_15_12_2017.pdf": 9.899882450847999, "Const.P.73of2011.pdf": 4.949941225423999, "c.p._962_2016 .pdf": 4.949941225423999, "C.P._2167_2014.pdf": 4.949941225423999}, "unquestioningly": {"Const.P.12of2010.pdf": 6.741700694652055, "const.p.42of2011.pdf": 6.741700694652055, "hrc_20107-G_2013.pdf": 6.741700694652055}, "unquestione": {"REVIEW_P_46&47_2011_full.pdf": 7.840312983320164}, "unquantified": {"C.P.796of2007-dt-10-5-2013.pdf": 7.840312983320164}, "unqualifiedly": {"c.p._903_2023.pdf": 6.454018622200273, "c.a._17_q_2021.pdf": 6.454018622200273, "c.p._1077_2018.pdf": 6.454018622200273, "JR_Fecto_Belarus_Tractor_Limited_Case.pdf": 6.454018622200273}, "unquenchable": {"crl.a._110_2020.pdf": 7.1471658027602185, "HR8340OF2010.pdf": 7.1471658027602185}}