{"unworkable": {"C.A._219-L_2015.pdf": 5.201255653704905, "c.p._303_2019.pdf": 5.201255653704905, "Crl.A._479_2015.pdf": 5.201255653704905, "Const.P.12of2010.pdf": 5.201255653704905, "Crl.P._120_2016.pdf": 5.201255653704905, "Const.P._29_2016.pdf": 5.201255653704905, "Ref.01_2012_addl.note_HJ.ejaz_afzal_khan.pdf": 5.201255653704905, "H.R.C.19of1996[AsgharKhanCase]DetailedReasonsUrduTranslation.pdf": 5.201255653704905, "HRC7734-G_1003-GOF2009[UrduTranslation].pdf": 5.201255653704905, "const.p._21_2022_15092023.pdf": 5.201255653704905, "18TH_AMENDMENT_ORDER.pdf": 5.201255653704905, "c.m.a._7084_2020.pdf": 5.201255653704905, "const.p._32_2023_additional_note.pdf": 15.603766961114715, "C.M.A._8215_2016.pdf": 5.201255653704905}, "unwritten": {"Const.P.127of2012.pdf": 10.40251130740981, "NRO_Judgment.pdf": 5.201255653704905, "Const.P.12of2010.pdf": 15.603766961114715, "S.M.C.24of2010[urdu-version].pdf": 5.201255653704905, "H.R.C.19of1996[AsgharKhanCase]DetailedReasonsUrduTranslation.pdf": 10.40251130740981, "S.M.C.18OF2010.pdf": 5.201255653704905, "H.R.C.19of1996[AsgharKhanCase]DetailedReasons.pdf": 5.201255653704905, "i.c.a._1_2024_dn_20032024.pdf": 5.201255653704905, "const.p._2_2022_14102022.pdf": 10.40251130740981, "const.p._39_16122019.pdf": 10.40251130740981, "Const.P.No.33and34of2005-dt-27-6-2013.pdf": 5.201255653704905, "c.p._2_2022_dissenting_note.pdf": 5.201255653704905, "SMC24-2010.pdf": 5.201255653704905, "const.p._39_2019.pdf": 10.40251130740981}, "unwarranted": {"Const.P.127of2012.pdf": 3.4094961844768505, "C.R.P._297_2017_Reserved.pdf": 10.228488553430552, "S.M.C._28_2018.pdf": 3.4094961844768505, "H.R.C._18877_2018_03072019.pdf": 3.4094961844768505, "Const.P_6of2011.pdf": 3.4094961844768505, "c.p._3436_l_2022.pdf": 3.4094961844768505, "Const.P.12of2010.pdf": 10.228488553430552, "Const.P.12of2010Urdu.pdf": 3.4094961844768505, "C.R.P._125_2014.pdf": 17.047480922384253, "smc.18_2010_final.pdf": 3.4094961844768505, "Const.P.77of2012[DetailedOrderFinal].pdf": 3.4094961844768505, "s.m.c._1_2022_detailed.pdf": 6.818992368953701, "CMA1362OF2012-DT-10-04-2012[URDU].pdf": 3.4094961844768505, "REVIEW_P_46&47_2011_full.pdf": 6.818992368953701, "C.R.P.167of2012-dt-30-8-2012.pdf": 3.4094961844768505, "H.R.C.19of1996[AsgharKhanCase]DetailedReasons.pdf": 6.818992368953701, "ca.1038_2000.pdf": 3.4094961844768505, "CJD_Reference by_the_President_of_Pakistan_under_Article_186.pdf": 6.818992368953701, "Crl.O.P.89of2011.pdf": 10.228488553430552, "i.c.a._1_2024_dn_20032024.pdf": 3.4094961844768505, "c.p._2467_2020.pdf": 3.4094961844768505, "Const.P.77of2010_dt_27-8-2013.pdf": 3.4094961844768505, "crl.p._290_l_2015.pdf": 3.4094961844768505, "CMA1362OF2012-DT-10-04-2012.pdf": 3.4094961844768505, "c.a._1660_2014.pdf": 3.4094961844768505, "JR_Detailed_Judgment_in_Graduation_Qualification_Case.pdf": 3.4094961844768505, "c.r.p._296_2020_29012022.pdf": 6.818992368953701, "c.p._5646_2021.pdf": 3.4094961844768505, "c.a._446_2021.pdf": 3.4094961844768505, "c.p._1787_l_2022.pdf": 3.4094961844768505, "C.A._633_2007.pdf": 3.4094961844768505, "const.p._2_2022_14102022.pdf": 6.818992368953701, "crl.p._1121_2023.pdf": 3.4094961844768505, "c.a._201_2020.pdf": 3.4094961844768505, "c.a._82_2016.pdf": 3.4094961844768505, "s.m.c._4_2022_04apr2023.pdf": 3.4094961844768505, "C.R.P.193of2013.pdf": 17.047480922384253, "c.a._982_2018_19022024.pdf": 6.818992368953701, "crl.a.19of2012.pdf": 6.818992368953701, "C.A._145_2010.pdf": 3.4094961844768505, "Crl.A.13-14-15and16of2004and53of2011.pdf": 3.4094961844768505, "c.p._3136_2022.pdf": 3.4094961844768505, "c.p._4459_2018.pdf": 3.4094961844768505, "C.A._1611_2014.pdf": 3.4094961844768505, "Const.P.No.33and34of2005-dt-27-6-2013.pdf": 3.4094961844768505, "c.p._677_k_2019.pdf": 3.4094961844768505, "c.p._2314_2022_dn.pdf": 3.4094961844768505, "c.p._517_l_2016.pdf": 3.4094961844768505, "const.p.5_2011.pdf": 3.4094961844768505, "C.A.800Lof2013etc.pdf": 3.4094961844768505, "C.A._424_2015.pdf": 6.818992368953701, "Const.P._29_2017.pdf": 3.4094961844768505, "c.p._3958_2019.pdf": 3.4094961844768505, "crl.a_413-414_2013_18.02.2014.pdf": 3.4094961844768505, "crl.a._633_2019_15092023.pdf": 3.4094961844768505, "c.a._982_2018_19022024_2.pdf": 6.818992368953701, "c.p._42_2024_25012024.pdf": 3.4094961844768505, "const.p._32_2023_additional_note.pdf": 3.4094961844768505, "C.A.2234and2235of2005-dt-31-8-2013.pdf": 3.4094961844768505, "crl.p._801_2021.pdf": 3.4094961844768505, "JR_The_State_through_NAB_VS_Haji_Nasim-ur-Rehman.pdf": 6.818992368953701, "s.m.c._1_2023_07042023.pdf": 3.4094961844768505, "Const.P._35_2016_dt_15_12_2017.pdf": 3.4094961844768505, "const.p._2_2022.pdf": 3.4094961844768505, "c.a._94_2008.pdf": 3.4094961844768505, "crl.p._519_2023_detailed_order.pdf": 6.818992368953701, "C.M.A._592_K_2013_order_dt_26_03_2015.pdf": 3.4094961844768505, "s.m.c._4_2021_26082021.pdf": 6.818992368953701, "const.p._76_2018.pdf": 3.4094961844768505, "c.a._512_2021.pdf": 3.4094961844768505, "c.p._1839_2018.pdf": 3.4094961844768505, "c.p._389_2022.pdf": 3.4094961844768505, "c.r.p._266_2019_01112023.pdf": 3.4094961844768505, "Crl.O.P.6of2012.pdf": 3.4094961844768505, "c.m.a._490_2021_20022021.pdf": 6.818992368953701, "cp_70_2014_04.03.2014.pdf": 3.4094961844768505, "c.p._1066_2022.pdf": 3.4094961844768505, "c.p._140_l_2015.pdf": 3.4094961844768505, "H.R.C._10842_P_2018.pdf": 6.818992368953701, "c.p._2414_l_2015.pdf": 3.4094961844768505, "C.A._622 _2008.pdf": 3.4094961844768505, "c.p._2351_2019.pdf": 3.4094961844768505, "c.p._4700_2021.pdf": 3.4094961844768505, "s.m.c._1_2022_note_hj4.pdf": 3.4094961844768505}, "unwise": {"ConstitutionPetitionNo21OF2007.pdf": 5.355406333532164, "Const.P.12of2010.pdf": 21.421625334128656, "Const.P.12of2010Urdu.pdf": 5.355406333532164, "Crl.O.P._154_2017.pdf": 5.355406333532164, "Const.P.NO.62OF2010_orderdt06062011.pdf": 5.355406333532164, "S.M.C.18OF2010.pdf": 5.355406333532164, "c.p._4185_2019.pdf": 5.355406333532164, "C.A._2564_2001.pdf": 5.355406333532164, "Crl.M.A._200_2019.pdf": 5.355406333532164, "SMCNo25of2009.pdf": 5.355406333532164, "CPs987-989OF2011-DT19.10.2011.pdf": 10.710812667064328, "Const.P.5and15-HRC14144-DetailedReasons.pdf": 5.355406333532164}, "unwittingly": {"SMC5of2012[UrduVersion]dt16-6-2012.pdf": 5.643088405983945, "Const.P.12of2010.pdf": 5.643088405983945, "Const.P.87of2011[UrduVersion].pdf": 5.643088405983945, "c.m.a._7084_2020_opinion_hj_5.pdf": 5.643088405983945, "JR_Detailed_Judgment_in_Referendum_Case.pdf": 5.643088405983945, "C.A._2564_2001.pdf": 5.643088405983945, "c.m.a._7084_2020.pdf": 5.643088405983945, "CMA2745of2009etc.pdf": 5.643088405983945, "s.m.c._1_2023_07042023.pdf": 5.643088405983945}, "unwithdrawn": {"C.R.P._297_2017_Reserved.pdf": 56.07787563797457, "Const.P._29_2016_28072016.pdf": 24.923500283544254, "C.A._467_2015.pdf": 12.461750141772127, "c.a._188_2019.pdf": 12.461750141772127, "Const.P._35_2016_dt_15_12_2017.pdf": 12.461750141772127}, "unwin": {"crl.a._251_2020.pdf": 7.840312983320164}, "unwilling": {"Const.P._38_2016.pdf": 4.949941225423999, "Const.P._29_2016_28072016.pdf": 4.949941225423999, "Const.P._29_2016.pdf": 19.799764901695998, "Crl.P.163_to_171_S.M.C.5_2005.pdf": 4.949941225423999, "Cr.P.749-Lof2013.pdf": 4.949941225423999, "c.p._4129_2019.pdf": 4.949941225423999, "const.p.9_2014_detail_reasons.pdf": 4.949941225423999, "const.p._17_2020_dissenting_note_hj11.pdf": 4.949941225423999, "c.a._82_2016.pdf": 4.949941225423999, "const.p.37_2012_final.pdf": 4.949941225423999, "const.p._ 22_2022_26072022.pdf": 4.949941225423999, "H.R.C._39216_G_2018.pdf": 4.949941225423999, "c.a._1003_2019.pdf": 4.949941225423999, "const.p._32_2023_additional_note.pdf": 4.949941225423999, "c.a._1474_2015.pdf": 4.949941225423999, "Crl.P._100_2017.pdf": 4.949941225423999, "H.R.C.39216_G_2018.pdf": 9.899882450847999, "crl.a.264_2006.pdf": 4.949941225423999}, "unworthy": {"Const.P.12of2010.pdf": 5.537727890326118, "s.m.c._4_2022.pdf": 5.537727890326118, "c.p._1950_l_2018.pdf": 5.537727890326118,