{"uoi": {"i.c.a._1_2024_dn_20032024.pdf": 17.68320850279455, "c.a._1095_2018_13092019.pdf": 5.8944028342648505, "c.p._2_2022_dissenting_note.pdf": 5.8944028342648505, "c.p._349_l_2017.pdf": 5.8944028342648505, "ref._2_2022_13092023_2.pdf": 5.8944028342648505, "H.R.C._17599_2018.pdf": 5.8944028342648505, "crl.p._46_p_2016.pdf": 5.8944028342648505}}