{"upbringing": {"c.p._1665_2020.pdf": 12.908037244400546, "c.p._4129_2019.pdf": 12.908037244400546, "c.p._8_l_2023_r.pdf": 6.454018622200273, "H.R.C._17599_2018.pdf": 6.454018622200273}}