{"update": {"c.m.a.4343_2014_etc_with_urdu_translation.pdf": 3.8700210697680424, "C.P.796of2007-UrduTranslation-dt-10-5-2013.pdf": 3.8700210697680424, "S.M.C._28_2018.pdf": 3.8700210697680424, "C.R.P._49_2016.pdf": 3.8700210697680424, "Const.P._134_2012.pdf": 3.8700210697680424, "Const.P.31of2011etc.pdf": 3.8700210697680424, "c.p._2537_2020.pdf": 3.8700210697680424, "Const.P.12of2010.pdf": 11.610063209304126, "Const.P.33_2013.pdf": 3.8700210697680424, "Const.P._29_2016.pdf": 3.8700210697680424, "Const.P._36_2016_dt_15_12_2017.pdf": 3.8700210697680424, "HRC7734-G_1003-GOF2009[UrduTranslation].pdf": 34.83018962791238, "H.R.C.19of1996[AsgharKhanCase]DetailedReasons.pdf": 3.8700210697680424, "C.P.796of2007-dt-10-5-2013.pdf": 3.8700210697680424, "c.a._71_p_2014.pdf": 11.610063209304126, "c.a._71_p_2014_urdu.pdf": 3.8700210697680424, "HRC7734-G_1003-GOF2009[AllegedCorruptionInRentalPowerPlants].pdf": 34.83018962791238, "c.a._621_2019.pdf": 3.8700210697680424, "c.r.p._296_2020_04022022.pdf": 7.740042139536085, "c.p._943_k_2022.pdf": 3.8700210697680424, "JR_Detailed_Judgment_in_Referendum_Case.pdf": 3.8700210697680424, "C.M.A.3325_of_2012_dt_11-2-2013.pdf": 7.740042139536085, "Crl.A._210_2015.pdf": 3.8700210697680424, "c.p._3347_2021.pdf": 3.8700210697680424, "C.A._725_2008.pdf": 7.740042139536085, "c.a._1011_2020.pdf": 7.740042139536085, "c.p._989_2015.pdf": 3.8700210697680424, "C.P._29_2017.pdf": 3.8700210697680424, "const.p._64_2013.pdf": 19.350105348840213, "c.p._42_2024_25012024.pdf": 7.740042139536085, "Const.P.77of2010-dt-21-12-2012.pdf": 3.8700210697680424, "c.p._800_p_2019.pdf": 7.740042139536085, "c.p._4963_2018.pdf": 3.8700210697680424, "C.M.A._376-K_2014.pdf": 7.740042139536085, "Const.P.22of2013.pdf": 3.8700210697680424, "c.a._2121_2017.pdf": 3.8700210697680424, "c.a._527_2020.pdf": 3.8700210697680424, "Const.P._35_2016_dt_15_12_2017.pdf": 3.8700210697680424, "c.a._94_2008.pdf": 11.610063209304126, "Crl.P._1099_2016.pdf": 3.8700210697680424, "c.p._389_2022.pdf": 3.8700210697680424, "c.a._485_2020.pdf": 30.96016855814434, "Const.P._134_2012_21012019.pdf": 7.740042139536085, "c.p.1795_2022.pdf": 34.83018962791238, "c.p._607_2021.pdf": 3.8700210697680424, "c.a._97_2003.pdf": 7.740042139536085, "Const.P.31of2011.pdf": 11.610063209304126, "Const.P.39and90of2011-dt-15-2-2013.pdf": 3.8700210697680424, "c.a._998_2020.pdf": 3.8700210697680424, "C.A._2352_2008.pdf": 7.740042139536085, "crl.p._419_2020.pdf": 3.8700210697680424, "c.p._342_k_2020.pdf": 3.8700210697680424, "c.a._419_2011.pdf": 3.8700210697680424}, "updation": {"c.a._1474_2015.pdf": 7.840312983320164}}