{"upendra": {"C.R.P._49_2016.pdf": 14.294331605520437, "Const.P.12of2010.pdf": 7.1471658027602185}, "upend": {"const.p._5_2023_detailed_reasons.pdf": 7.840312983320164}}