{"upfront": {"Const.P.40of2012-DetailJudgment-dt-3.7.2012.pdf": 6.230875070886063, "HRC7734-G_1003-GOF2009[AllegedCorruptionInRentalPowerPlants].pdf": 6.230875070886063, "const.p._9_2010_27122021.pdf": 6.230875070886063, "Const.P.91of2011Dt-23-8-2012.pdf": 6.230875070886063, "crl.a.264_2006.pdf": 6.230875070886063}}