{"upgradation": {"C.P._2350_2015.pdf": 4.5081084731449605, "c.a._465_2021.pdf": 117.21082030176898, "Const.P._38_2016.pdf": 4.5081084731449605, "C.R.P._125_2014.pdf": 40.57297625830464, "Const.P.NO.62OF2010_orderdt06062011.pdf": 4.5081084731449605, "C.A._308_2014.pdf": 76.63784404346433, "HRC7734-G_1003-GOF2009[UrduTranslation].pdf": 4.5081084731449605, "Const.P_3_2014.pdf": 4.5081084731449605, "HRC7734-G_1003-GOF2009[AllegedCorruptionInRentalPowerPlants].pdf": 4.5081084731449605, "c.a._559_2020.pdf": 4.5081084731449605, "h.r.c._13316_p_2018.pdf": 4.5081084731449605, "c.a._675_2019.pdf": 4.5081084731449605, "crl.p._235_l_2015.pdf": 4.5081084731449605, "c.p._3157_2022.pdf": 4.5081084731449605, "C.R.P.193of2013.pdf": 40.57297625830464, "const.p.37_2012_final.pdf": 4.5081084731449605, "c.p._860_2019.pdf": 4.5081084731449605, "c.p._2021_2019.pdf": 9.016216946289921, "c.p._1257_2020.pdf": 18.032433892579842, "c.a._202_2021.pdf": 94.67027793604417, "c.p._1092_2018.pdf": 4.5081084731449605, "Crl.O.P._47_2016.pdf": 4.5081084731449605, "c.a._323_2018.pdf": 9.016216946289921, "c.a._550_2020.pdf": 54.09730167773952, "C.A._843_2012.pdf": 4.5081084731449605, "C.A._134-P_2013.pdf": 9.016216946289921, "c.p._6117_2021.pdf": 4.5081084731449605, "c.p._2092_2019.pdf": 81.14595251660928}, "upgrade": {"c.p._2911_2018.pdf": 8.812651557670035, "Const.P._50_2018.pdf": 4.406325778835018, "Const.P.33_2013.pdf": 4.406325778835018, "C.R.P._125_2014.pdf": 30.844280451845123, "Const.P.NO.62OF2010_orderdt06062011.pdf": 4.406325778835018, "C.A._308_2014.pdf": 22.03162889417509, "Const.P_3_2014.pdf": 8.812651557670035, "HRC7734-G_1003-GOF2009[AllegedCorruptionInRentalPowerPlants].pdf": 4.406325778835018, "c.a._1000_2020.pdf": 13.218977336505052, "C.R.P.193of2013.pdf": 30.844280451845123, "const.p.37_2012_final.pdf": 13.218977336505052, "c.p._2916_2019.pdf": 4.406325778835018, "C.A._1213_2015.pdf": 4.406325778835018, "c.a._40_2021.pdf": 4.406325778835018, "c.p._1257_2020.pdf": 8.812651557670035, "crl.p._713_l_2020.pdf": 4.406325778835018, "c.a._202_2021.pdf": 30.844280451845123, "C.P._1707_2018.pdf": 4.406325778835018, "c.p._280_k_2019.pdf": 17.62530311534007, "C.A.404of2011.pdf": 13.218977336505052, "c.a._957_2014.pdf": 4.406325778835018, "CMA.2243-2010.pdf": 13.218977336505052, "c.a._735_2016.pdf": 4.406325778835018, "ConstP.No.53of2007andConst.P.83of2012.pdf": 4.406325778835018, "c.a._429_2020.pdf": 4.406325778835018, "C.A._620_2006.pdf": 4.406325778835018, "C.A._79_P_2013.pdf": 4.406325778835018, "c.p._1066_2022.pdf": 4.406325778835018, "C.P._2167_2014.pdf": 4.406325778835018, "C.M.A._8215_2016.pdf": 8.812651557670035, "c.p._2092_2019.pdf": 26.437954673010104}}