{"upkeep": {"i.c.a._1_2024_dn_20032024.pdf": 5.760871441640328, "c.m.a._4821_2018_15112021.pdf": 5.760871441640328, "c.m.a._4821_2018_13102021.pdf": 5.760871441640328, "const.p._24_2023_26062023.pdf": 5.760871441640328, "c.a._513_2014.pdf": 5.760871441640328, "C.A._150_2006.pdf": 5.760871441640328, "c.p._342_k_2020.pdf": 5.760871441640328, "c.p._3718_2023.pdf": 5.760871441640328}}