{"upto": {"Crl.A._24_2010.pdf": 2.7465627825134016, "c.m.a.4343_2014_etc_with_urdu_translation.pdf": 2.7465627825134016, "Const.P.127of2012.pdf": 35.70531617267422, "ConstitutionPetitionNo21OF2007.pdf": 8.239688347540206, "Order-DNC-nd-note.pdf": 2.7465627825134016, "C.A._503_2006.pdf": 2.7465627825134016, "C.R.P._49_2016.pdf": 5.493125565026803, "C.M.A.No.3685of2012-dt-17-1-2013.pdf": 2.7465627825134016, "Const.P._134_2012.pdf": 2.7465627825134016, "cma.5959_2013.pdf": 2.7465627825134016, "Const.P_6of2011.pdf": 2.7465627825134016, "Const.P._38_2016.pdf": 8.239688347540206, "SMC15OF2009.pdf": 2.7465627825134016, "c.p._2537_2020.pdf": 5.493125565026803, "Const.P.12of2010.pdf": 5.493125565026803, "C.A._104-L_2015.pdf": 2.7465627825134016, "const.p.42of2011.pdf": 2.7465627825134016, "Const.P.33_2013.pdf": 19.225939477593812, "Const.P._29_2016.pdf": 10.986251130053606, "C.R.P._125_2014.pdf": 2.7465627825134016, "c.a._864_2017.pdf": 5.493125565026803, "c.p._2243_l_2019.pdf": 10.986251130053606, "CPLA_796_2007_ETC_SHORT_ORDER_REKO_DIQ_CASE.pdf": 5.493125565026803, "C.M.A.No.1535and1536of2013.pdf": 2.7465627825134016, "Const.P.NO.62OF2010_orderdt06062011.pdf": 5.493125565026803, "C.A._861_2007.pdf": 5.493125565026803, "C.R.P.167of2012-dt-30-8-2012.pdf": 2.7465627825134016, "Const.P.40of2012-DetailJudgment-dt-3.7.2012.pdf": 2.7465627825134016, "C.P.796of2007-dt-10-5-2013.pdf": 2.7465627825134016, "Crl.P.163_to_171_S.M.C.5_2005.pdf": 10.986251130053606, "HRC7734-G_1003-GOF2009[AllegedCorruptionInRentalPowerPlants].pdf": 5.493125565026803, "c.p._1057_2019.pdf": 2.7465627825134016, "S.M.C._19_2016.pdf": 8.239688347540206, "C.P.No.240and241-Kof2013.pdf": 2.7465627825134016, "C.A._353_2015.pdf": 5.493125565026803, "Crl.O.P._59_2015.pdf": 2.7465627825134016, "C.P._3460_2015.pdf": 2.7465627825134016, "C.P._264_2017.pdf": 2.7465627825134016, "Crl.A._104_2010.pdf": 2.7465627825134016, "C.R.P._383_2005.pdf": 2.7465627825134016, "smc_16_2011_order_dt_26.02.14.pdf": 2.7465627825134016, "c.a._515_2015.pdf": 5.493125565026803, "C.A._992_2013.pdf": 2.7465627825134016, "c.p._381_k_2019.pdf": 2.7465627825134016, "c.p._3130_2020.pdf": 2.7465627825134016, "Crl.P._113_2016.pdf": 8.239688347540206, "Const.P.77of2010_dt_27-8-2013.pdf": 2.7465627825134016, "C.P._928-L_2015.pdf": 2.7465627825134016, "c.p._4_p_2020.pdf": 2.7465627825134016, "C.P._3068_2017.pdf": 2.7465627825134016, "c.p._3506_2020.pdf": 2.7465627825134016, "C.A._1291_2005.pdf": 2.7465627825134016, "crl.s.a.07_2011.pdf": 2.7465627825134016, "c.p._2_2022_dissenting_note2.pdf": 2.7465627825134016, "c.a._446_2021.pdf": 5.493125565026803, "crl.p._461_2023.pdf": 5.493125565026803, "crl.p._1086_l_2022.pdf": 2.7465627825134016, "C.P._2790_2018.pdf": 2.7465627825134016, "C.A._27_2009.pdf": 2.7465627825134016, "c.a._835_2021.pdf": 2.7465627825134016, "C.A._1149_2015.pdf": 2.7465627825134016, "C.A._1338_2007.pdf": 5.493125565026803, "C.P._1598_2016.pdf": 2.7465627825134016, "C.P._689-L_2015.pdf": 5.493125565026803, "c.p._271_2021.pdf": 5.493125565026803, "C.A._774_2013.pdf": 2.7465627825134016, "Crl.P._169_2007.pdf": 2.7465627825134016, "c.a._909_2020.pdf": 5.493125565026803, "C.R.P.193of2013.pdf": 2.7465627825134016, "c.a._982_2018_19022024.pdf": 2.7465627825134016, "crl.p._1212_l_2022.pdf": 2.7465627825134016, "Const.P._2_2011.pdf": 5.493125565026803, "C.A._94_2012.pdf": 16.47937669508041, "Crl.A.140of2005.pdf": 2.7465627825134016, "const.p.37_2012_final.pdf": 8.239688347540206, "crl.p._513_2020.pdf": 2.7465627825134016, "c.a._1095_2018_13092019.pdf": 8.239688347540206, "C.A._1184_2011.pdf": 8.239688347540206, "C.P._51_2015.pdf": 2.7465627825134016, "Const.P.46and47of2010.pdf": 8.239688347540206, "Crl.P._15_2015.pdf": 5.493125565026803, "C.M.A._3854_2014_dt_31-3-2015.pdf": 2.7465627825134016, "CONST.P.9OF2009.pdf": 2.7465627825134016, "hrc_17082013.pdf": 2.7465627825134016, "C.P._565_2014.pdf": 2.7465627825134016, "C.A._307-L_2015.pdf": 2.7465627825134016, "Const.Petition.24_2011_dt02062011.pdf": 2.7465627825134016, "crl.p._994_2022.pdf": 2.7465627825134016, "c.p._492_k_2023.pdf": 2.7465627825134016, "c.p._1925_2020.pdf": 5.493125565026803, "SMC16of2011-dt.5.4.2013.pdf": 2.7465627825134016, "c.p._4500_2017.pdf": 5.493125565026803, "C.A._125_K_2016_JPMC_Dissenting_Note.pdf": 2.7465627825134016, "H.R.C._14158_G_2016_dt_28_07_2016.pdf": 2.7465627825134016, "c.a._561_2020.pdf": 2.7465627825134016, "crl.p._1255_2021.pdf": 2.7465627825134016, "C.A._167-Q_2005.pdf": 5.493125565026803, "C.A._1095_2018.pdf": 8.239688347540206, "C.P._396_2017.pdf": 2.7465627825134016, "C.A.269_ETC_OF_2011.pdf": 2.7465627825134016, "C.A._794_2006.pdf": 2.7465627825134016, "c.p._2338_l_2017.pdf": 5.493125565026803, "crl.p._90_k_2023.pdf": 2.7465627825134016, "CMA.3470of2013etc.pdf": 2.7465627825134016, "const.p._43_2023.pdf": 2.7465627825134016, "const.p._24_2023_f.pdf": 2.7465627825134016, "c.p._873_2021.pdf": 2.7465627825134016, "c.p._5632_2021.pdf": 10.986251130053606, "c.a._10_2021.pdf": 2.7465627825134016, "reference_1_2020.pdf": 2.7465627825134016, "crl.a._120_2019.pdf": 2.7465627825134016, "CMA2745of2009etc.pdf": 5.493125565026803, "c.p._3813_2019.pdf": 2.7465627825134016, "C.A._1242_2013.pdf": 2.7465627825134016, "c.p._5796_2021.pdf": 5.493125565026803, "Const.P.39-2103.pdf": 8.239688347540206, "hrc.14392of2013-01.07.2013.pdf": 2.7465627825134016, "C.A._1447_2016.pdf": 2.7465627825134016, "I.C.A._4_2017.pdf": 2.7465627825134016, "C.M.A._376-K_2014.pdf": 13.732813912567007, "Const.P.22of2013.pdf": 16.47937669508041, "c.a._154_l_2018.pdf": 2.7465627825134016, "Const.P.20of2013-dt-28-6-2013.pdf": 5.493125565026803, "c.a._1113_2017.pdf": 2.7465627825134016, "c.a._527_2020.pdf": 2.7465627825134016, "crl.p._577_2021.pdf": 5.493125565026803, "c.a._1089_2015.pdf": 2.7465627825134016, "c.a._343_l_2020.pdf": 2.7465627825134016, "c.a._1011_2016.pdf": 2.7465627825134016, "ICA3,4,6TO11of2011dt2011.04.pdf": 8.239688347540206, "c.p._715_2018.pdf": 2.7465627825134016, "crl.p._519_2023_detailed_order.pdf": 2.7465627825134016, "c.p._8_l_2023_r.pdf": 2.7465627825134016, "c.a._957_2014.pdf": 5.493125565026803, "crl.p._41_k_2023.pdf": 2.7465627825134016, "crl.p._507_l_2021.pdf": 2.7465627825134016, "c.p._803_2019.pdf": 2.7465627825134016, "c.p._389_2022.pdf": 2.7465627825134016, "S.M.C.16of2011dt-22-3-2013.pdf": 5.493125565026803, "C.A._588_2017.pdf": 2.7465627825134016, "c.a.482_2014.pdf": 2.7465627825134016, "c.a._1474_2015.pdf": 2.7465627825134016, "C.M.A_687_2017.pdf": 2.7465627825134016, "smc_1_2014_dt_27.02.2014.pdf": 2.7465627825134016, "c.a._97_2003.pdf": 2.7465627825134016, "ConstP5of2012_dt_20092012.pdf": 2.7465627825134016, "C.P.784of2014.pdf": 2.7465627825134016, "C.P._357_2016.pdf": 5.493125565026803, "C.A.368TO370OF2011.pdf": 2.7465627825134016, "crl.p._41_k_2023 etc.pdf": 2.7465627825134016, "Crl.P._1232_2016.pdf": 2.7465627825134016, "c.p._4729_2019.pdf": 2.7465627825134016, "c.p._140_l_2015.pdf": 2.7465627825134016, "smc.9_2011.pdf": 2.7465627825134016, "C.P.2255-2010-03.07.2013.pdf": 2.7465627825134016, "C.M.A._8215_2016.pdf": 10.986251130053606, "JR_Fecto_Belarus_Tractor_Limited_Case.pdf": 8.239688347540206, "cma_6762_20.pdf": 2.7465627825134016, "crl.p._701_2023.pdf": 2.7465627825134016, "crl.p._62_l_2023.pdf": 2.7465627825134016, "C.A._1207_2004.pdf": 5.493125565026803, "c.p._231_2022.pdf": 10.986251130053606, "Crl.A._12-P_2011.pdf": 5.493125565026803}, "uptill": {"Const.P.127of2012.pdf": 4.949941225423999, "Crl.O.P._09_2018.pdf": 4.949941225423999, "c.a._803_2016.pdf": 4.949941225423999, "SMC15OF2009.pdf": 4.949941225423999, "NRO_Judgment.pdf": 4.949941225423999, "CP778-779.pdf": 4.949941225423999, "H.R.C.19of1996[AsgharKhanCase]DetailedReasons.pdf": 4.949941225423999, "c.a._1076_2019.pdf": 9.899882450847999, "crl.p._1086_l_2022.pdf": 4.949941225423999, "c.m.a._4821_2018.pdf": 4.949941225423999, "c.r.p._292_2021_detailed.pdf": 4.949941225423999, "C.A._110_L_2013.pdf": 4.949941225423999, "CMA2745of2009etc.pdf": 4.949941225423999,