{"uranium": {"H.R.C.19of1996[AsgharKhanCase]DetailedReasonsUrduTranslation.pdf": 6.741700694652055, "H.R.C.19of1996[AsgharKhanCase]DetailedReasons.pdf": 6.741700694652055, "c.a._1113_2017.pdf": 26.96680277860822}}