{"urea": {"C.P._272_2016.pdf": 56.07787563797457, "Const.P.77of2010_dt_27-8-2013.pdf": 6.230875070886063, "c.p._3286_2017.pdf": 12.461750141772127, "C.A._1475_2007.PDF": 18.69262521265819, "C.A.83and84of2006.pdf": 43.61612549620244}, "uretim": {"HRC7734-G_1003-GOF2009[UrduTranslation].pdf": 7.1471658027602185, "HRC7734-G_1003-GOF2009[AllegedCorruptionInRentalPowerPlants].pdf": 7.1471658027602185}}