{"urs": {"C.R.P._297_2017_Reserved.pdf": 6.454018622200273, "S.M.C.16of2011dt.4.4.2013.pdf": 12.908037244400546, "Crl.A._149_L_2017.pdf": 6.454018622200273, "C.A._542-L_2012.pdf": 6.454018622200273}, "ursa": {"HRC7734-G_1003-GOF2009[UrduTranslation].pdf": 7.840312983320164}, "urshaan": {"Crl.A._465_2015.pdf": 7.840312983320164}}