{"uruguay": {"Const.P.87of2011[UrduVersion].pdf": 7.840312983320164}, "urugay": {"Const.P.87of2011.pdf": 7.840312983320164}}