{"usb": {"smc.24_2010.pdf": 6.454018622200273, "c.m.a._4821_2018.pdf": 12.908037244400546, "crl.p._263_2023.pdf": 12.908037244400546, "crl.o.p._148_2022_02112022.pdf": 12.908037244400546}}