{"usil": {"c.a._653_2014.pdf": 7.840312983320164}, "usif": {"H.R.C.19of1996[AsgharKhanCase]DetailedReasons.pdf": 6.741700694652055, "JR_Detailed_Judgment_in_Referendum_Case.pdf": 6.741700694652055, "reference_1_2020.pdf": 13.48340138930411}}