{"usto": {"Const.P._38_2016.pdf": 7.1471658027602185, "Const.P._38_2016_2.pdf": 35.735829013801094}, "ustaine": {"c.a._371_2020.pdf": 7.840312983320164}, "usta": {"const.p.37_2012_final.pdf": 23.52093894996049}, "ustomo": {"c.p._323_l_2014.pdf": 7.840312983320164}, "ustarzai": {"crl.p._1246_2019.pdf": 7.840312983320164}, "ustra": {"crl.a._277_2020.pdf": 15.680625966640328}, "ustad": {"Crl.A._218_2015.pdf": 7.840312983320164}}