{"ut": {"c.p._303_2019.pdf": 5.132262782217954, "crl.s.m.r.p._84_2018.pdf": 5.132262782217954, "c.a._371_2020.pdf": 5.132262782217954, "C.P.No.1017-Lof2011.pdf": 5.132262782217954, "c.a._1414_2021.pdf": 5.132262782217954, "const.p._17_2019_detailed_reasoning.pdf": 5.132262782217954, "const.p._21_2023_11082023.pdf": 15.396788346653864, "C.A._767_2014.pdf": 5.132262782217954, "const.p._6_2023_dt_05_01_2023.pdf": 10.264525564435909, "c.p._1496_k_2021.pdf": 5.132262782217954, "c.p._1920_2022.pdf": 5.132262782217954, "c.a._284_2017.pdf": 5.132262782217954, "c.a._1684_2021.pdf": 5.132262782217954, "c.m.a._1243_2021_04042022.pdf": 5.132262782217954, "c.p._1824_2019.pdf": 5.132262782217954}}