{"utah": {"Const.P.12of2010.pdf": 7.1471658027602185, "JR_Varan_Case.pdf": 14.294331605520437}, "utail": {"crl.p._490_2019.pdf": 7.840312983320164}}