{"utensil": {"c.p._1331_l_2017.pdf": 6.048553514092109, "Const.P.NO.62OF2010_orderdt06062011.pdf": 6.048553514092109, "CJD_Reference by_the_President_of_Pakistan_under_Article_186.pdf": 6.048553514092109, "c.p._1496_k_2021.pdf": 6.048553514092109, "crl.a._120_2019.pdf": 24.194214056368438, "crl.p._74_l_2018.pdf": 18.145660542276328}, "uterus": {"crl.p._92_k_2021.pdf": 7.840312983320164}}