{"utility": {"Const.P._56_2003_E_dt_3-9-15.pdf": 3.215340170035893, "ConstitutionPetitionNo21OF2007.pdf": 3.215340170035893, "JR_Judgment_on_Legal_Framework_Order_2002.pdf": 3.215340170035893, "const.p.42of2011(UrduVersion).pdf": 3.215340170035893, "crl.a._400_2019.pdf": 3.215340170035893, "Const.P._38_2016.pdf": 12.861360680143571, "c.p._2537_2020.pdf": 3.215340170035893, "Const.P.12of2010.pdf": 35.36874187039482, "Const.P.87of2011[UrduVersion].pdf": 9.646020510107679, "Const.P.12of2010Urdu.pdf": 3.215340170035893, "const.p.42of2011.pdf": 3.215340170035893, "Const.P.33_2013.pdf": 16.076700850179463, "Const.P._29_2016.pdf": 25.722721360287142, "crl.p._907_2020.pdf": 19.292041020215358, "c.p._2243_l_2019.pdf": 9.646020510107679, "Const.P._36_2016_dt_15_12_2017.pdf": 3.215340170035893, "C.A._233_2015.pdf": 3.215340170035893, "Const.P.30of2013.pdf": 3.215340170035893, "C.M.A.No.1535and1536of2013.pdf": 6.430680340071786, "crl.a._95_2019.pdf": 6.430680340071786, "C.A._532_2015.pdf": 9.646020510107679, "CP778-779.pdf": 41.79942221046661, "smc.11_2011.pdf": 6.430680340071786, "H.R.C.19of1996[AsgharKhanCase]DetailedReasons.pdf": 3.215340170035893, "Const.P.46of2013-dt-27-12-2013.pdf": 3.215340170035893, "JR_Judgment_on_17th_Amendmend_and_Presidents_Uniform_Case.pdf": 3.215340170035893, "CJD_Reference by_the_President_of_Pakistan_under_Article_186.pdf": 3.215340170035893, "Const.P.56_2003_U_dt_8-9-2015.pdf": 3.215340170035893, "c.p._2256_l_2015.pdf": 3.215340170035893, "C.A._427_2009.pdf": 16.076700850179463, "C.P._3460_2015.pdf": 16.076700850179463, "C.A._56_L_2018.pdf": 9.646020510107679, "c.a._1355_2006.pdf": 3.215340170035893, "JR_Detailed_Judgment_in_Graduation_Qualification_Case.pdf": 3.215340170035893, "C.A._1291_2005.pdf": 6.430680340071786, "c.m.a._7923_2019.pdf": 3.215340170035893, "c.a._2150_2019.pdf": 3.215340170035893, "c.p._2_2022_dissenting_note2.pdf": 3.215340170035893, "HRC-4668of2006.pdf": 9.646020510107679, "JR_Detailed_Judgment_in_Referendum_Case.pdf": 3.215340170035893, "S.M.C._ 26_2007_30062018.pdf": 3.215340170035893, "s.m.c._01_2020.pdf": 3.215340170035893, "const.p._2_2022_14102022.pdf": 3.215340170035893, "Const.P.87of2011.pdf": 19.292041020215358, "c.a._1295_2019.pdf": 3.215340170035893, "S.M.C._26_2007_04072018.pdf": 3.215340170035893, "const.p.9_2014_detail_reasons.pdf": 9.646020510107679, "C.P._3874_2016.pdf": 3.215340170035893, "C.P._60_K_2018.pdf": 3.215340170035893, "const.p.115_2011.pdf": 6.430680340071786, "Crl.P._300_2018.pdf": 3.215340170035893, "C.A._305_2008.pdf": 3.215340170035893, "c.p._3598_2020.pdf": 9.646020510107679, "C.A._280-L_2009.pdf": 3.215340170035893, "c.a._982_2018_19022024.pdf": 3.215340170035893, "crl.a.19of2012.pdf": 3.215340170035893, "const.p.37_2012_final.pdf": 3.215340170035893, "c.a._1095_2018_13092019.pdf": 16.076700850179463, "c.r.p._292_2021_detailed.pdf": 3.215340170035893, "const.p._17_2019_detailed_reasoning.pdf": 3.215340170035893, "c.a._1011_2020.pdf": 6.430680340071786, "c.a._1010_2020.pdf": 3.215340170035893, "crl.p._149_k_2020.pdf": 3.215340170035893, "c.a._547_2012.pdf": 3.215340170035893, "c.p._1418_2023 .pdf": 6.430680340071786, "c.p._3286_2017.pdf": 3.215340170035893, "C.P._145_2015.pdf": 3.215340170035893, "C.P._1616_2018.pdf": 3.215340170035893, "const.p.5_2011.pdf": 3.215340170035893, "c.p._3855_2022.pdf": 3.215340170035893, "c.a._513_2014.pdf": 3.215340170035893, "c.a._458_2017.pdf": 3.215340170035893, "c.a._1476_2018.pdf": 19.292041020215358, "c.p._3317_2018.pdf": 3.215340170035893, "c.p._2032_2019.pdf": 3.215340170035893, "c.p._159_2021.pdf": 3.215340170035893, "C.A.39_2010.pdf": 3.215340170035893, "C.A._1481_2007.pdf": 3.215340170035893, "C.M.A._376-K_2014.pdf": 9.646020510107679, "JR_Varan_Case.pdf": 3.215340170035893, "ref._2_2022_13092023_2.pdf": 3.215340170035893, "c.a._2186_2017.pdf": 3.215340170035893, "c.a._152_2019.pdf": 9.646020510107679, "c.a._2619_2016.pdf": 3.215340170035893, "Const.P._35_2016_dt_15_12_2017.pdf": 3.215340170035893, "SMCNo25of2009.pdf": 3.215340170035893, "c.p._797_2021.pdf": 93.2448649310409, "C.A._620_2006.pdf": 3.215340170035893, "c.m.a._8758_2018_23nov2023.pdf": 6.430680340071786, "c.m.a._490_2021_20022021.pdf": 3.215340170035893, "Cr.A._137_L_2017.pdf": 3.215340170035893, "CJD_Section 2-A_Case_as_on_26_06_2006.pdf": 19.292041020215358, "c.a._508_2020.pdf": 3.215340170035893, "c.p._3985_2019.pdf": 16.076700850179463, "smc.9_2011.pdf": 3.215340170035893, "H.R.C._10842_P_2018.pdf": 3.215340170035893, "crl.m.a._1659_2019.pdf": 16.076700850179463, "H.R.C._3654_2018.pdf": 3.215340170035893, "CJD_Pakistan_Steel_Mills_Case.pdf": 6.430680340071786, "C.R.P._309_2013.pdf": 3.215340170035893, "c.a._894_2015.pdf": 12.861360680143571, "C.M.A.2376of2013inConst.P.105-dt-7-5-13.pdf": 3.215340170035893}, "utilitarian": {"c.m.a.4343_2014_etc_with_urdu_translation.pdf": 6.741700694652055, "c.a._94_2008.pdf": 6.741700694652055, "c.p._342_k_2020.pdf": 6.741700694652055}, "utilize": {"Const.P.127of2012.pdf": 7.827613099396732, "report_128_k_2021.pdf": 2.6092043664655775, "Const.P.105-2012-eng-urd.PDF": 7.827613099396732, "C.A._93_2015.pdf": 2.6092043664655775, "C.R.P._297_2017_Reserved.pdf": 2.6092043664655775, "Const.P._38_2016.pdf": 13.046021832327888, "Const.P._29_2016_28072016.pdf": 2.6092043664655775, "Crl.A._39_L_2015.pdf": 2.6092043664655775, "c.p._2537_2020.pdf": 2.6092043664655775, "Const.P.12of2010.pdf": 33.919656764052505, "Const.P.12of2010Urdu.pdf": 2.6092043664655775, "C.A._2215_2006.pdf": 5.218408732931155, "Const.P.33_2013.pdf": 2.6092043664655775, "Const.P._29_2016.pdf": 151.3338532550035, "Const.PetitionNo.77of2010_12.10.2012.pdf": 2.6092043664655775, "c.a._1498_2016.pdf": 5.218408732931155, "Urdu-Const.P-77-2010-12.10.2012.pdf": 2.6092043664655775, "c.p._2243_l_2019.pdf": 2.6092043664655775, "Const.P._36_2016_dt_15_12_2017.pdf": 10.43681746586231, "CONST.P.77OF2010-DT-06.04.12[URDU].pdf": 2.6092043664655775, "c.a.149-150_2010.pdf": 2.6092043664655775, "H.R.C.19of1996[AsgharKhanCase]DetailedReasonsUrduTranslation.pdf": 2.6092043664655775, "c.a._10_2020.pdf": 13.046021832327888, "HRC7734-G_1003-GOF2009[UrduTranslation].pdf": 5.218408732931155, "smc.24_2010.pdf": 2.6092043664655775, "smc.11_2011.pdf": 5.218408732931155, "H.R.C.19of1996[AsgharKhanCase]DetailedReasons.pdf": 7.827613099396732, "Const.P.46of2013-dt-27-12-2013.pdf": 7.827613099396732, "C.P.796of2007-dt-10-5-2013.pdf": 5.218408732931155, "CJD_Reference by_the_President_of_Pakistan_under_Article_186.pdf": 2.6092043664655775, "Crl.O.P.89of2011.pdf": 2.6092043664655775, "HRC7734-G_1003-GOF2009[AllegedCorruptionInRentalPowerPlants].pdf": 2.6092043664655775, "s.m.c._dt_28-02-2018.pdf": 2.6092043664655775, "const.p._9_2010_27122021.pdf": 2.6092043664655775, "C.A._427_2009.pdf": 5.218408732931155, "C.M.A._3221_2012.pdf": 5.218408732931155, "S.M.C._19_2016.pdf": 5.218408732931155, "c.a._73_2020.pdf": 10.43681746586231, "const.p._24_2017.pdf": 2.6092043664655775, "Crl.O.P._59_2015.pdf": 5.218408732931155, "c.a._639_2014.pdf": 13.046021832327888, "c.p._1857_2022.pdf": 2.6092043664655775, "CMA No.1674of2013dt-2-4-2013.pdf": 2.6092043664655775, "c.r.p._421_2020_dissenting_notes.pdf": 15.655226198793464, "Const.P.77to85of2011-ShortOrder-1.pdf": 2.6092043664655775, "C.A._493_2011.pdf": 2.6092043664655775, "C.P._928-L_2015.pdf": 7.827613099396732, "c.m.a._4821_2018_15112021.pdf": 2.6092043664655775, "Crl.A._1-K_2018.pdf": 2.6092043664655775, "s.m.c._1_2020_19052020.pdf": 2.6092043664655775, "C.A._1291_2005.pdf": 7.827613099396732, "c.m.a._7923_2019.pdf": 2.6092043664655775, "crl.r.p._52_2019.pdf": 2.6092043664655775, "Cr.P.749-Lof2013.pdf": 2.6092043664655775, "c.p._943_k_2022.pdf": 2.6092043664655775, "C.P._1067_2016.pdf": 7.827613099396732, "HRC-4668of2006.pdf": 13.046021832327888, "j.p._36_2016.pdf": 5.218408732931155, "Const.P.20to27-39&45.pdf": 2.6092043664655775, "C.R.P._100_2016.pdf": 2.6092043664655775, "C.A._633_2007.pdf": 2.6092043664655775, "const.p._2_2022_14102022.pdf": 2.6092043664655775,