{"utso": {"H.R.C._17599_2018.pdf": 15.680625966640328}, "uts": {"c.a._900_2020.pdf": 23.52093894996049}}