{"uz": {"smc.18_2010_final.pdf": 11.28617681196789, "smc_1_2014.pdf": 5.643088405983945, "const.p._2_2022_14102022.pdf": 28.215442029919725, "const.p.9_2014.pdf": 5.643088405983945, "Const.P._2_2011.pdf": 5.643088405983945, "c.m.a._7139_2019.pdf": 11.28617681196789, "const.p._5_2023_04apr2023.pdf": 5.643088405983945, "CJD_Section 2-A_Case_as_on_26_06_2006.pdf": 73.36014927779128, "const.p._5_2023_detailed_reasons.pdf": 5.643088405983945}}