{"uzbekistan": {"Const.P._29_2016.pdf": 7.1471658027602185, "JR_Detailed_Judgment_in_Referendum_Case.pdf": 7.1471658027602185}}