{"uzma": {"report_128_k_2021.pdf": 5.201255653704905, "Const.P.31of2011etc.pdf": 5.201255653704905, "c.p._1347_2019.pdf": 10.40251130740981, "C.A._1042_2018.pdf": 5.201255653704905, "c.a._441_2021.pdf": 5.201255653704905, "c.p._596_2021.pdf": 5.201255653704905, "c.p._448_p_2017.pdf": 5.201255653704905, "Const.P._35_2016_dt_15_12_2017.pdf": 10.40251130740981, "c.p._2913_2021.pdf": 67.61632349816377, "c.a._52_k_2022.pdf": 5.201255653704905, "Const.P.67of2011-dt-10.6.2013.pdf": 5.201255653704905, "Crl.P.213-2013_03.07.2013.pdf": 20.80502261481962, "c.p._84_p_2020.pdf": 5.201255653704905, "c.p._820_2019.pdf": 5.201255653704905}, "uzmi": {"CPLA_796_2007_ETC_SHORT_ORDER_REKO_DIQ_CASE.pdf": 14.294331605520437, "C.P._2280_2015.pdf": 7.1471658027602185}}