{"uzzaman": {"Const.P.31of2011etc.pdf": 7.1471658027602185, "Crl.A.126of2012.pdf": 7.1471658027602185}}