{"va": {"c.a._1476_2018_urdu.pdf": 5.275363625858628, "C.P.796of2007-UrduTranslation-dt-10-5-2013.pdf": 5.275363625858628, "NRO_Judgment.pdf": 5.275363625858628, "c.a._108_2015.pdf": 5.275363625858628, "C.P.796of2007-dt-10-5-2013.pdf": 5.275363625858628, "C.P._2093_2015.pdf": 5.275363625858628, "Crl.M.A_693_2018.pdf": 5.275363625858628, "c.a._446_2021.pdf": 5.275363625858628, "const.p._17_2020_dissenting_note_hj11.pdf": 5.275363625858628, "const.p._17_2019_detailed_reasoning.pdf": 21.10145450343451, "c.p._1133_l_2016.pdf": 5.275363625858628, "c.p._42_2024_25012024.pdf": 10.550727251717255, "C.A._1023_2016.pdf": 5.275363625858628}}