{"vaatama": {"c.a._108_2015.pdf": 7.840312983320164}, "vaataa": {"c.a._108_2015.pdf": 7.840312983320164}, "vaassen": {"c.p._1057_2019.pdf": 7.840312983320164}}