{"vahyar": {"c.a._803_2016.pdf": 7.840312983320164}, "vahini": {"Const.P._24_2012.pdf": 7.840312983320164}}