{"vain": {"SMC15OF2009.pdf": 5.007099639263948, "Crl.A._39_L_2015.pdf": 15.021298917791842, "Const.P.12of2010.pdf": 10.014199278527895, "c.p._2243_l_2019.pdf": 5.007099639263948, "smc_1_2014.pdf": 5.007099639263948, "CJD_Reference by_the_President_of_Pakistan_under_Article_186.pdf": 5.007099639263948, "C.R.P._383_2005.pdf": 5.007099639263948, "C.A._417-L_2009.pdf": 5.007099639263948, "c.a._1618_2019.pdf": 5.007099639263948, "const.p._2_2022_14102022.pdf": 5.007099639263948, "C.A._359_2013.pdf": 5.007099639263948, "C.A._194_2015.pdf": 5.007099639263948, "J.P.No.56of2005.pdf": 5.007099639263948, "C.P._842_2016.pdf": 10.014199278527895, "c.p._42_2024_25012024.pdf": 5.007099639263948, "c.a._179_2016.pdf": 5.007099639263948, "H.R.C._10842_P_2018.pdf": 5.007099639263948}, "vaingloriously": {"Const.P.12of2010.pdf": 7.840312983320164}, "vaid": {"Const.P._29_2016.pdf": 23.52093894996049}, "vaisha": {"S.M.C.24of2010[urdu-version].pdf": 7.840312983320164}, "vainly": {"C.P._3460_2015.pdf": 6.741700694652055, "C.A._1132_2007.pdf": 6.741700694652055, "C.P._80-Q_2010.pdf": 6.741700694652055}, "vaidya": {"CMA2745of2009etc.pdf": 7.840312983320164}, "vaibhav": {"c.p._3933_2023.pdf": 7.840312983320164}, "vaidyanatha": {"JR_Fecto_Belarus_Tractor_Limited_Case.pdf": 7.840312983320164}}