{"vast": {"Const.P.127of2012.pdf": 10.99777714027358, "ConstitutionPetitionNo21OF2007.pdf": 3.665925713424527, "CPs.10-18of2011.pdf": 7.331851426849054, "JR_Judgment_on_Legal_Framework_Order_2002.pdf": 3.665925713424527, "SMC15OF2009.pdf": 3.665925713424527, "c.p._3436_l_2022.pdf": 3.665925713424527, "Const.P.12of2010.pdf": 29.327405707396217, "crl.a._241_2020.pdf": 3.665925713424527, "Const.P.33_2013.pdf": 3.665925713424527, "Const.P._29_2016.pdf": 10.99777714027358, "smc.18_2010_final.pdf": 7.331851426849054, "c.p._2243_l_2019.pdf": 3.665925713424527, "Const.P.NO.62OF2010_orderdt06062011.pdf": 3.665925713424527, "SMC16of2011_detailed_judgment.pdf": 7.331851426849054, "H.R.C.19of1996[AsgharKhanCase]DetailedReasons.pdf": 3.665925713424527, "Const.P.46of2013-dt-27-12-2013.pdf": 3.665925713424527, "Const.P.77-78-79 [Memogate]DetailedOrder.pdf": 3.665925713424527, "C.P.796of2007-dt-10-5-2013.pdf": 3.665925713424527, "s.m.c.12_2015.pdf": 3.665925713424527, "CJD_Reference by_the_President_of_Pakistan_under_Article_186.pdf": 3.665925713424527, "C.A._1406_2016.pdf": 3.665925713424527, "Crl.M.A_693_2018.pdf": 7.331851426849054, "const.p._24_2023_an_10012024_r.pdf": 3.665925713424527, "c.p._3950_2019.pdf": 3.665925713424527, "c.r.p._296_2020_29012022.pdf": 7.331851426849054, "c.r.p._296_2020_04022022.pdf": 3.665925713424527, "reference._1_2011.pdf": 3.665925713424527, "JR_Detailed_Judgment_in_Referendum_Case.pdf": 3.665925713424527, "const.p._2_2022_14102022.pdf": 7.331851426849054, "Const.P.87of2011.pdf": 7.331851426849054, "C.A._95_2005.pdf": 3.665925713424527, "c.a._3090_2022.pdf": 3.665925713424527, "C.A._1428_2016.pdf": 7.331851426849054, "Crl.A.140of2005.pdf": 3.665925713424527, "const.p.37_2012_final.pdf": 7.331851426849054, "c.r.p._292_2021_detailed.pdf": 7.331851426849054, "const.p._17_2019_detailed_reasoning.pdf": 10.99777714027358, "Crl.M.A._200_2019.pdf": 3.665925713424527, "const.p._21_2023_11082023.pdf": 3.665925713424527, "SMC.13-2009.pdf": 7.331851426849054, "C.A._307-L_2015.pdf": 3.665925713424527, "const.p.5_2011.pdf": 3.665925713424527, "c.p._648_l_2021_detailed.pdf": 3.665925713424527, "C.A.269_ETC_OF_2011.pdf": 3.665925713424527, "Const.P.91of2011Dt-23-8-2012.pdf": 3.665925713424527, "c.r.p._296_2020_hj10.pdf": 3.665925713424527, "const.p._24_2023_f.pdf": 7.331851426849054, "const.p._17_2020_dissenting_note_hj4.pdf": 10.99777714027358, "C.M.A._376-K_2014.pdf": 7.331851426849054, "C.A.2234and2235of2005-dt-31-8-2013.pdf": 7.331851426849054, "Const.P._35_2016_dt_15_12_2017.pdf": 3.665925713424527, "ICA3,4,6TO11of2011dt2011.04.pdf": 10.99777714027358, "c.m.a._1243_2021.pdf": 3.665925713424527, "C.P._529_2015.pdf": 3.665925713424527, "s.m.c._4_2021_26082021.pdf": 7.331851426849054, "SMCNo25of2009.pdf": 3.665925713424527, "c.a._284_2017.pdf": 3.665925713424527, "C.A._150_2006.pdf": 3.665925713424527, "CJD_Section 2-A_Case_as_on_26_06_2006.pdf": 3.665925713424527, "CMA3258of2013inCP65of09DetailOrder.pdf": 3.665925713424527, "HR8340OF2010.pdf": 3.665925713424527, "ref._2_2022_13092023.pdf": 3.665925713424527, "C.R.P._309_2013.pdf": 3.665925713424527, "C.M.A._8215_2016.pdf": 3.665925713424527, "c.a._370_2020.pdf": 7.331851426849054}, "vascular": {"Crl.O.P_57_2015.pdf": 6.741700694652055, "c.p._2129_2020.pdf": 13.48340138930411, "C.A._125_K_2016_JPMC_Dissenting_Note.pdf": 26.96680277860822}, "vastly": {"Const.P.12of2010.pdf": 20.80502261481962, "Const.P._29_2016.pdf": 5.201255653704905, "Crl.A._160_L_2017.pdf": 5.201255653704905, "j.p._210_2018.pdf": 5.201255653704905, "c.a._797_2013.pdf": 5.201255653704905, "j.p._960_2017.pdf": 5.201255653704905, "C.A._467_2015.pdf": 5.201255653704905, "c.p._1125_2018.pdf": 5.201255653704905, "S.M.C._3_2018.pdf": 5.201255653704905, "cma_908_2014_22.04.2014.pdf": 5.201255653704905, "Const.P.91of2011Dt-23-8-2012.pdf": 5.201255653704905, "Const.P._35_2016_dt_15_12_2017.pdf": 5.201255653704905, "crl.p._893_2020.pdf": 5.201255653704905, "Crl.A._148_L_2017.pdf": 5.201255653704905}, "vassal": {"Const.P.87of2011[UrduVersion].pdf": 7.840312983320164}, "vas": {"C.A._2215_2006.pdf": 7.840312983320164}, "vastness": {"SMC16of2011_detailed_judgment.pdf": 7.1471658027602185, "c.p._943_k_2022.pdf": 7.1471658027602185}, "vasanthlal": {"CJD_Reference by_the_President_of_Pakistan_under_Article_186.pdf": 7.840312983320164}, "vasanlal": {"CJD_Reference by_the_President_of_Pakistan_under_Article_186.pdf": 7.840312983320164}, "vasi": {"c.p._490_k_2020.pdf": 7.840312983320164}, "vaseem": {"C.A._305_2008.pdf": 7.840312983320164}, "vasiqa": {"C.A._2564_2001.pdf": 7.840312983320164}, "vasanta": {"Crl.A.13-14-15and16of2004and53of2011.pdf": 7.840312983320164}, "vasu": {"Const.P._29_2017.pdf": 7.840312983320164}, "vasudeo": {"c.a._1113_2017.pdf": 7.840312983320164}}