{"vaughan": {"Const.P.127of2012.pdf": 7.840312983320164}, "vault": {"Const.P.33_2013.pdf": 6.741700694652055, "C.A._911_2015.pdf": 60.67530625186849, "c.p._3989_2022.pdf": 6.741700694652055}}