{"vb": {"CP778-779.pdf": 6.048553514092109, "C.P._2093_2015.pdf": 6.048553514092109, "const.p.39_90_2011.pdf": 12.097107028184219, "const.p._17_2020_dissenting_note_hj11.pdf": 6.048553514092109, "const.p._17_2019_detailed_reasoning.pdf": 36.291321084552656, "reference_1_2020.pdf": 6.048553514092109}}