{"veale": {"C.P._2669_2016.pdf": 7.1471658027602185, "C.A._2669_2016.pdf": 7.1471658027602185}}