{"veera": {"c.a._1476_2018_urdu.pdf": 7.840312983320164}, "veer": {"NRO_Judgment.pdf": 6.741700694652055, "Const.P.12of2010.pdf": 13.48340138930411, "const.p._21_2023_11082023.pdf": 6.741700694652055}, "veeraswami": {"i.c.a._1_2024_15032024.pdf": 7.1471658027602185, "JR_Fecto_Belarus_Tractor_Limited_Case.pdf": 7.1471658027602185}, "veet": {"C.P._2066_2013.pdf": 7.840312983320164}, "veeraraghavachariar": {"c.a._1476_2018.pdf": 7.840312983320164}}