{"vegetative": {"Const.P.127of2012.pdf": 5.275363625858628, "ConstitutionPetitionNo21OF2007.pdf": 5.275363625858628, "Const.P.12of2010.pdf": 5.275363625858628, "SMC16of2011_detailed_judgment.pdf": 5.275363625858628, "Const.P.77-78-79 [Memogate]DetailedOrder.pdf": 5.275363625858628, "Crl.O.P.89of2011.pdf": 5.275363625858628, "const.p._24_2017.pdf": 5.275363625858628, "const.p.37_2012_final.pdf": 5.275363625858628, "J.P.No.56of2005.pdf": 5.275363625858628, "c.a._491_2012.pdf": 5.275363625858628, "SMCNo25of2009.pdf": 5.275363625858628, "hrc_20107-G_2013.pdf": 5.275363625858628, "H.R.C._17599_2018.pdf": 10.550727251717255}, "vegetable": {"Const.P.31of2011etc.pdf": 9.324518305944437, "c.p._1331_l_2017.pdf": 4.662259152972219, "Crl.A._382_2011.pdf": 4.662259152972219, "C.A._1084_2008.pdf": 4.662259152972219, "c.a._1660_2014.pdf": 4.662259152972219, "S.M.C._ 26_2007_30062018.pdf": 4.662259152972219, "C.A._633_2007.pdf": 18.649036611888874, "S.M.C._26_2007_04072018.pdf": 4.662259152972219, "C.P._2066_2013.pdf": 9.324518305944437, "c.a.1540-1599_2013.pdf": 4.662259152972219, "Const.P.No.33and34of2005-dt-27-6-2013.pdf": 4.662259152972219, "C.R.P._335_2014.pdf": 4.662259152972219, "c.a._634_2014.pdf": 9.324518305944437, "c.a._1476_2018.pdf": 4.662259152972219, "c.a._1314_2014.pdf": 4.662259152972219, "C.M.A._376-K_2014.pdf": 4.662259152972219, "S.M.C._26_2007_02082018.pdf": 4.662259152972219, "c.a._1113_2017.pdf": 4.662259152972219, "c.p._6406_2021.pdf": 13.986777458916656, "C.A._1262_2018.pdf": 4.662259152972219, "c.a._57_k_2018.pdf": 13.986777458916656, "C.A._1049_2011.pdf": 4.662259152972219, "crl.p._1004_2019.pdf": 4.662259152972219, "j.p._190_2017.pdf": 4.662259152972219}, "vegetation": {"Crl.O.P_57_2015.pdf": 20.225102083956166, "HRC-4668of2006.pdf": 33.70850347326027, "const.p._5_2024_04032024.pdf": 26.96680277860822}, "vegas": {"HRC7734-G_1003-GOF2009[UrduTranslation].pdf": 7.840312983320164}, "vegetal": {"c.p._3347_2021.pdf": 7.840312983320164}, "vegetate": {"Crl.A.13-14-15and16of2004and53of2011.pdf": 7.840312983320164}}