{"veil": {"C.A._219-L_2015.pdf": 4.621437158451963, "C.R.P._297_2017_Reserved.pdf": 4.621437158451963, "Const.P.12of2010.pdf": 9.242874316903926, "Const.P.87of2011[UrduVersion].pdf": 4.621437158451963, "Const.P._29_2016.pdf": 18.48574863380785, "Const.P.77of2012[DetailedOrderFinal].pdf": 23.107185792259813, "Const.P._36_2016_dt_15_12_2017.pdf": 9.242874316903926, "Crl.O.P._154_2017.pdf": 4.621437158451963, "Const.P.5of2013.pdf": 4.621437158451963, "const.p._14_2023.pdf": 4.621437158451963, "C.A._1042_2018.pdf": 4.621437158451963, "Const.P.87of2011.pdf": 4.621437158451963, "c.a._801_2021.pdf": 4.621437158451963, "const.p._21_2023_11082023.pdf": 4.621437158451963, "C.A._767_2014.pdf": 9.242874316903926, "c.p._722_p_2021.pdf": 4.621437158451963, "c.a._271_2015.pdf": 4.621437158451963, "C.P._1707_2018.pdf": 83.18586885213533, "c.p._349_l_2017.pdf": 4.621437158451963, "c.p._409_l_2021.pdf": 18.48574863380785, "c.a._1275_2009.pdf": 4.621437158451963, "j.p._10_2016.pdf": 4.621437158451963, "c.a._317_l_2011.pdf": 4.621437158451963, "C.A.83and84of2006.pdf": 9.242874316903926, "Const.P.5and15-HRC14144-DetailedReasons.pdf": 4.621437158451963}, "vein": {"ConstitutionPetitionNo21OF2007.pdf": 4.662259152972219, "CPs.10-18of2011.pdf": 4.662259152972219, "cng_prices_order_21-12-12-alongwith_translation.pdf": 4.662259152972219, "Const.P.12of2010.pdf": 9.324518305944437, "const.p.42of2011.pdf": 4.662259152972219, "REVIEW_P_46&47_2011_full.pdf": 4.662259152972219, "Const.P.77-78-79 [Memogate]DetailedOrder.pdf": 4.662259152972219, "c.a._2434_2016.pdf": 4.662259152972219, "Crl.P.163_to_171_S.M.C.5_2005.pdf": 4.662259152972219, "C.A.669-L_2013.pdf": 4.662259152972219, "C.A._1084_2008.pdf": 9.324518305944437, "c.a._515_2015.pdf": 4.662259152972219, "C.A._1560_2008.pdf": 4.662259152972219, "const.p._21_2022_30102023.pdf": 4.662259152972219, "const.p._19_2020.pdf": 4.662259152972219, "C.M.A._6250_2018.PDF": 4.662259152972219, "const.p._17_2020_dissenting_note_hj4.pdf": 4.662259152972219, "c.a._188_2019.pdf": 4.662259152972219, "c.p._1278_k_2023.pdf": 4.662259152972219, "C.A._1023_2016.pdf": 4.662259152972219, "c.a._179_2016.pdf": 4.662259152972219, "H.R.C._10842_P_2018.pdf": 4.662259152972219, "c.a._1547_2019.pdf": 9.324518305944437, "crl.a.264_2006.pdf": 4.662259152972219}}