{"vellayappa": {"NRO_Judgment.pdf": 7.840312983320164}, "velour": {"C.R.P._125_2014.pdf": 7.1471658027602185, "C.R.P.193of2013.pdf": 7.1471658027602185}, "vellanki": {"c.r.p._296_2020_04022022.pdf": 7.840312983320164}, "velocity": {"JR_Detailed_Judgment_in_Referendum_Case.pdf": 6.230875070886063, "crl.p._763_l_2016.pdf": 6.230875070886063, "Crl.A._106_L_2017.pdf": 6.230875070886063, "Crl.A._218_2015.pdf": 6.230875070886063, "C.M.A._8215_2016.pdf": 37.38525042531638}, "vela": {"j.p._154_2016.pdf": 7.840312983320164}}