{"veteran": {"Const.P.127of2012.pdf": 5.8944028342648505, "Const.P._50_2018.pdf": 5.8944028342648505, "Const.P.46of2013-dt-27-12-2013.pdf": 5.8944028342648505, "const.p._2_2022_14102022.pdf": 5.8944028342648505, "Crl.A._322_2018.pdf": 5.8944028342648505, "H.R.C._3654_2018.pdf": 5.8944028342648505, "c.p._1965_2019.pdf": 5.8944028342648505}, "veto": {"ConstitutionPetitionNo21OF2007.pdf": 5.760871441640328, "CPs.10-18of2011.pdf": 17.282614324920985, "Const.P.12of2010.pdf": 28.804357208201637, "Const.P.87of2011[UrduVersion].pdf": 5.760871441640328, "s.m.c._1_2022_detailed.pdf": 5.760871441640328, "18TH_AMENDMENT_ORDER.pdf": 23.04348576656131, "CJD_Section 2-A_Case_as_on_26_06_2006.pdf": 5.760871441640328, "const.p._5_2023_detailed_reasons.pdf": 5.760871441640328}, "vet": {"NRO_Judgment.pdf": 4.8445807097661735, "cma_2774_2014_in_const.p.51_2010_dt_22.05.14.pdf": 4.8445807097661735, "Const.P.33_2013.pdf": 9.689161419532347, "Const.P._29_2016.pdf": 4.8445807097661735, "C.P.796of2007-dt-10-5-2013.pdf": 29.06748425859704, "s.m.c.12_2015.pdf": 4.8445807097661735, "C.M.A.3325_of_2012_dt_31-1-2013_ENG_URDU.pdf.pdf": 4.8445807097661735, "c.p._1874_2022.pdf": 4.8445807097661735, "C.A._467_2015.pdf": 4.8445807097661735, "c.p._4500_2017.pdf": 4.8445807097661735, "c.p._677_k_2019.pdf": 4.8445807097661735, "c.p._1077_2018.pdf": 4.8445807097661735, "c.a._1481_2015.pdf": 4.8445807097661735, "Const.P.91of2011Dt-23-8-2012.pdf": 4.8445807097661735, "Const.P.33of2013_09.07.13.pdf": 4.8445807097661735, "c.p._2314_2022.pdf": 9.689161419532347, "c.p._448_p_2017.pdf": 9.689161419532347, "c.p.2124_2013.pdf": 4.8445807097661735, "c.m.a._6762_2020_13032021.pdf": 4.8445807097661735, "CJD_Pakistan_Steel_Mills_Case.pdf": 4.8445807097661735}, "veterinary": {"crl.p._1549_2021.pdf": 12.097107028184219, "const.p._9_2010.pdf": 12.097107028184219, "crl.p._438_2021.pdf": 6.048553514092109, "c.p._2210_l_2020.pdf": 6.048553514092109, "C.A._134-P_2013.pdf": 12.097107028184219, "C.A._825_2015.pdf": 6.048553514092109}}