{"vexatious": {"ConstitutionPetitionNo21OF2007.pdf": 8.94603430666738, "Crl.A._39_L_2015.pdf": 4.47301715333369, "Const.P._36_2016_dt_15_12_2017.pdf": 4.47301715333369, "c.p._1289_2020.pdf": 4.47301715333369, "c.m.appeal_39_2021.pdf": 4.47301715333369, "HRC7734-G_1003-GOF2009[AllegedCorruptionInRentalPowerPlants].pdf": 4.47301715333369, "Supreme_Judicial_Council_242_2015.pdf": 4.47301715333369, "c.p._419_2020.pdf": 4.47301715333369, "c.a._1355_2006.pdf": 4.47301715333369, "c.p._946_2022.pdf": 4.47301715333369, "c.p._3127_2020.pdf": 31.311120073335832, "c.p._2712_2020.pdf": 22.36508576666845, "c.p._3767_2023.pdf": 13.419051460001072, "crl.p._1050_l_2020.pdf": 4.47301715333369, "c.p._1257_2020.pdf": 13.419051460001072, "C.M.A._6250_2018.PDF": 4.47301715333369, "c.a._2613_2016.pdf": 4.47301715333369, "c.m.a._3610_2022.pdf": 4.47301715333369, "c.p._3709_2022.pdf": 13.419051460001072, "c.a._957_2014.pdf": 4.47301715333369, "c.a._977_2018.pdf": 4.47301715333369, "c.p._3587_2020.pdf": 4.47301715333369, "c.m.a._1609_l_2021.pdf": 4.47301715333369, "c.r.p._432_k_2022.pdf": 8.94603430666738, "Crl.P._100_2017.pdf": 4.47301715333369, "c.p._3185_2020.pdf": 4.47301715333369, "C.R.P._147_2016.pdf": 4.47301715333369, "c.a._1692_2021.pdf": 40.257154380003215, "c.m.a._8093_2020.pdf": 17.89206861333476}, "vex": {"Crl.A._39_L_2015.pdf": 5.760871441640328, "AdditionalNoteConst.P.77of2012.pdf": 5.760871441640328, "Crl.A.13-14-15and16of2004and53of2011.pdf": 5.760871441640328, "const.p._21_2023_11082023.pdf": 5.760871441640328, "C.A.800Lof2013etc.pdf": 5.760871441640328, "c.p._3209_2019.pdf": 5.760871441640328, "crl.p._101_k_2021.pdf": 5.760871441640328, "c.a._1684_2021.pdf": 5.760871441640328}, "vexatiously": {"c.p._3436_l_2022.pdf": 7.840312983320164}, "vexari": {"Crl.A.13-14-15and16of2004and53of2011.pdf": 7.1471658027602185, "c.a._1684_2021.pdf": 7.1471658027602185}, "vexation": {"crl.p._112_2020.pdf": 13.48340138930411, "c.a._179_2016.pdf": 6.741700694652055, "C.A._1085_2017.pdf": 13.48340138930411}}