{"vibrant": {"ConstitutionPetitionNo21OF2007.pdf": 5.275363625858628, "Const.P._29_2016.pdf": 21.10145450343451, "Const.P.30of2013.pdf": 5.275363625858628, "const.p._24_2017.pdf": 5.275363625858628, "const.p._17_2020_dissenting_note_hj11.pdf": 5.275363625858628, "c.a._1172_2020.pdf": 5.275363625858628, "const.p._17_2019_detailed_reasoning.pdf": 10.550727251717255, "Const.P._29_2017.pdf": 5.275363625858628, "SMCNo25of2009.pdf": 5.275363625858628, "const.p._76_2018.pdf": 5.275363625858628, "s.m.c._4_2021.pdf": 5.275363625858628, "CJD_Pakistan_Steel_Mills_Case.pdf": 5.275363625858628, "C.M.A._8215_2016.pdf": 10.550727251717255}, "vibrate": {"SMC15OF2009.pdf": 7.840312983320164}, "vibrancy": {"Const.P.77of2012[DetailedOrderFinal].pdf": 6.741700694652055, "Const.P.No.77of2012[ShortOrder2.8.2012].pdf": 6.741700694652055, "c.p._140_l_2015.pdf": 6.741700694652055}, "vibration": {"c.p._4185_2019.pdf": 7.1471658027602185, "C.M.A._8215_2016.pdf": 1200.7238548637167}, "vibhakar": {"CMA2745of2009etc.pdf": 7.840312983320164}, "vibrance": {"SMCNo25of2009.pdf": 7.840312983320164}}