{"vigorous": {"Const.P.127of2012.pdf": 6.048553514092109, "CPs.10-18of2011.pdf": 6.048553514092109, "Const.P.40of2012-DetailJudgment[UrduTranslation]-dt-3.7.2012.pdf": 6.048553514092109, "Const.P.40of2012-DetailJudgment-dt-3.7.2012.pdf": 6.048553514092109, "JR_Detailed_Judgment_in_Referendum_Case.pdf": 6.048553514092109, "const.p._2_2022_14102022.pdf": 12.097107028184219}, "vigilantly": {"Const.P.127of2012.pdf": 9.689161419532347, "Const.P.12of2010.pdf": 4.8445807097661735, "Const.P.77of2012[DetailedOrderFinal].pdf": 4.8445807097661735, "smc_1_2014.pdf": 4.8445807097661735, "i.c.a._1_2024_dn_20032024.pdf": 4.8445807097661735, "smc_16_2011_order_dt_26.02.14.pdf": 4.8445807097661735, "c.p._no.3846-2019.pdf": 4.8445807097661735, "c.p._174_q_2021.pdf": 4.8445807097661735, "const.p.115_2011.pdf": 9.689161419532347, "i.c.a._1_2024_15032024.pdf": 4.8445807097661735, "c.a._39_k_2021.pdf": 4.8445807097661735, "c.a._263_2014.pdf": 4.8445807097661735, "crl.p._1079_l_of_2020.pdf": 4.8445807097661735, "i.c.a._1_2024_1502024_an.pdf": 4.8445807097661735, "c.p._2608_2019.pdf": 4.8445807097661735, "reference_1_2020.pdf": 4.8445807097661735, "c.r.p._526_2020.pdf": 4.8445807097661735, "c.a._1474_2015.pdf": 4.8445807097661735, "c.a._1685_2021.pdf": 9.689161419532347, "c.p._342_k_2020.pdf": 4.8445807097661735}, "vigilant": {"Const.P.127of2012.pdf": 3.665925713424527, "NRO_Judgment.pdf": 7.331851426849054, "c.a._1520_2016.pdf": 3.665925713424527, "Const.P.12of2010.pdf": 7.331851426849054, "Const.P.33_2013.pdf": 3.665925713424527, "Const.P._29_2016.pdf": 7.331851426849054, "C.R.P._125_2014.pdf": 3.665925713424527, "smc.18_2010_final.pdf": 3.665925713424527, "S.M.C.24of2010[urdu-version].pdf": 3.665925713424527, "SMC16of2011_detailed_judgment.pdf": 3.665925713424527, "H.R.C.19of1996[AsgharKhanCase]DetailedReasons.pdf": 3.665925713424527, "smc_1_2014.pdf": 3.665925713424527, "C.P.796of2007-dt-10-5-2013.pdf": 3.665925713424527, "c.a._71_p_2014.pdf": 3.665925713424527, "CJD_Reference by_the_President_of_Pakistan_under_Article_186.pdf": 3.665925713424527, "Const.P.5of2013.pdf": 7.331851426849054, "C.A._1406_2016.pdf": 3.665925713424527, "s.m.c._1_2020.pdf": 3.665925713424527, "i.c.a._1_2024_dn_20032024.pdf": 3.665925713424527, "c.a._315_2022.pdf": 3.665925713424527, "c.p._2178_l_2022.pdf": 3.665925713424527, "c.a._18_k_2021.pdf": 7.331851426849054, "Const.P._24_2012.pdf": 7.331851426849054, "crl.p._762_2018.pdf": 3.665925713424527, "c.p._174_q_2021.pdf": 3.665925713424527, "const.p.115_2011.pdf": 7.331851426849054, "crl.a._106_2020.pdf": 3.665925713424527, "i.c.a._1_2024_15032024.pdf": 7.331851426849054, "C.R.P.193of2013.pdf": 3.665925713424527, "Const.P._2_2011.pdf": 3.665925713424527, "const.p.37_2012_final.pdf": 7.331851426849054, "c.p._1691_l_2018.pdf": 3.665925713424527, "c.p._957_2020.pdf": 3.665925713424527, "s.m.c._1_2023_27032023.pdf": 3.665925713424527, "c.a._937_2018.pdf": 3.665925713424527, "c.p._4737_2018.pdf": 3.665925713424527, "c.p._4459_2018.pdf": 3.665925713424527, "i.c.a._1_2024_1502024_an.pdf": 7.331851426849054, "c.p._1990_l_2017.pdf": 3.665925713424527, "crl.a._597_2018_dt_25_01_2024.pdf": 3.665925713424527, "C.P._4876_2018.pdf": 3.665925713424527, "const.p._64_2013.pdf": 3.665925713424527, "smc.16of2011.pdf": 3.665925713424527, "c.p._469_l_2023.pdf": 7.331851426849054, "C.P._107_2018.pdf": 7.331851426849054, "crl.a._518_2010.pdf": 3.665925713424527, "c.a._25_q_2018_dt_25_01_2024.pdf": 3.665925713424527, "SMC24-2010.pdf": 3.665925713424527, "Const.P._134_2012_21012019.pdf": 3.665925713424527, "c.p._659_2019.pdf": 7.331851426849054, "c.a._1474_2015.pdf": 7.331851426849054, "c.p.1795_2022.pdf": 3.665925713424527, "c.a._97_2003.pdf": 3.665925713424527, "C.P.784of2014.pdf": 3.665925713424527, "c.p._3747_2023.pdf": 3.665925713424527, "c.m.a._1243_2021_04042022.pdf": 3.665925713424527, "c.a._1191_2016.pdf": 3.665925713424527, "c.p._3750_2020.pdf": 3.665925713424527, "c.p._3632_2018.pdf": 3.665925713424527, "C.A._510_2012.pdf": 3.665925713424527, "c.p._342_k_2020.pdf": 10.99777714027358, "S.M.C._7_2017_06022019.pdf": 3.665925713424527, "JR_Fecto_Belarus_Tractor_Limited_Case.pdf": 3.665925713424527, "crl.p._35_q_2017.pdf": 3.665925713424527, "c.p._3249_2015.pdf": 3.665925713424527}, "vigilance": {"ConstitutionPetitionNo21OF2007.pdf": 4.28496492183075, "C.A._503_2006.pdf": 4.28496492183075, "C.A._90_2011_UrduVersion.pdf": 8.5699298436615, "Crl.P._630_2017.pdf": 4.28496492183075, "Const.P.12of2010.pdf": 8.5699298436615, "S.M.C.16of2011dt.4.4.2013.pdf": 4.28496492183075, "const.p.42of2011.pdf": 8.5699298436615, "c.a._864_2017.pdf": 4.28496492183075, "Crl.A._275_2011.pdf": 4.28496492183075, "C.P._380_2014_Urdu.pdf": 4.28496492183075, "C.P._2280_2015.pdf": 4.28496492183075, "Const.P.77-78-79 [Memogate]DetailedOrder.pdf": 4.28496492183075, "Const.P._24_2012.pdf": 4.28496492183075, "Crl.M.A_183_2019.pdf": 4.28496492183075, "const.p.115_2011.pdf": 8.5699298436615, "Crl.M.A._200_2019.pdf": 4.28496492183075, "c.p._920_p_2023.pdf": 4.28496492183075, "C.A.800Lof2013etc.pdf": 12.85489476549225, "const.p.20_2013.pdf": 4.28496492183075, "Crl.A._274_2006.pdf": 4.28496492183075, "c.p._469_l_2023.pdf": 4.28496492183075, "C.P._548-P_2013.pdf": 4.28496492183075, "c.p._4282_2018.pdf": 59.9895089056305, "SMC24-2010.pdf": 4.28496492183075, "SMCNo25of2009.pdf": 8.5699298436615, "c.a._836_l_2013.pdf": 4.28496492183075, "Crl.P.213of2013-dt-20.7.2013.pdf": 8.5699298436615, "c.p._1007_2022.pdf": 4.28496492183075, "c.a._1167_2020.pdf": 4.28496492183075, "c.a._1474_2015.pdf": 8.5699298436615, "C.A._620_2006.pdf": 4.28496492183075, "c.a._97_2003.pdf": 4.28496492183075, "c.p._342_k_2020.pdf": 4.28496492183075, "C.A._622 _2008.pdf": 4.28496492183075, "c.a._764_2021.pdf": 8.5699298436615}, "vigore": {"ConstitutionPetitionNo21OF2007.pdf": 6.454018622200273, "Supreme_Judicial_Council_242_2015.pdf": 6.454018622200273, "Const.P._29_2017.pdf": 6.454018622200273, "const.p._6_2023_dt_05_01_2023.pdf": 6.454018622200273}, "vigour": {"Const.P.12of2010.pdf": 6.048553514092109, "Crl.P.163_to_171_S.M.C.5_2005.pdf": 6.048553514092109, "c.a._315_2022.pdf": 6.048553514092109, "const.p._39_16122019.pdf": 6.048553514092109, "C.A._204-L_2015.pdf": 6.048553514092109, "const.p._39_2019.pdf": 6.048553514092109}, "vigo": {"Crl.A._523_2017.pdf": 12.908037244400546, "crl.a._208_2022.pdf": 12.908037244400546, "crl.a._239_2020.pdf": 6.454018622200273, "s.m.c._1_2020_25062020.pdf": 6.454018622200273}, "vigorously": {"S.M.C.16of2011dt.4.4.2013.pdf": 4.582216445298682, "Const.P.12of2010Urdu.pdf": 4.582216445298682, "HRC7734-G_1003-GOF2009[AllegedCorruptionInRentalPowerPlants].pdf": 4.582216445298682, "s.m.c._1_2020.pdf": 4.582216445298682, "Crl.P._105_2017.pdf": 4.582216445298682, "c.p._1874_2022.pdf": 4.582216445298682, "C.P._1340_2014.pdf": 4.582216445298682, "crl.a._270_l_2012.pdf": 4.582216445298682, "C.A._774_2013.pdf": 4.582216445298682, "c.p._2916_2019.pdf": 4.582216445298682, "const.p._21_2023_11082023.pdf": 4.582216445298682, "c.a._469_2021.pdf": 4.582216445298682, "const.p._2_2022_21032022.pdf": 4.582216445298682, "c.p._596_2021.pdf": 4.582216445298682, "c.p._1647_2018.pdf": 4.582216445298682, "const.p._64_2013.pdf": 4.582216445298682, "C.A._1242_2013.pdf": 4.582216445298682, "c.a._188_2019.pdf": 4.582216445298682, "Crl.P._1099_2016.pdf": 4.582216445298682, "Crl.A._324_2011.pdf": 4.582216445298682, "Crl.O.P.6of2012.pdf": 4.582216445298682, "C.A._1085_2017.pdf": 4.582216445298682, "c.p._32_q_2019.pdf": 4.582216445298682, "c.p._3750_2020.pdf": 4.582216445298682, "JR_Fecto_Belarus_Tractor_Limited_Case.pdf": 4.582216445298682, "c.a._1486_2017.pdf": 4.582216445298682}, "vigar": {"Const.P.30of2013.pdf": 15.680625966640328}, "vigil": {"c.p._2420_2015.pdf": 7.840312983320164}, "vigilantism": {"Crl.A._210_2015.pdf": 7.840312983320164}, "vigor": {"S.M.C._10_2018.pdf": 6.741700694652055, "c.m.a._1243_2021.pdf": 6.741700694652055, "Crl.A.126of2012.pdf": 6.741700694652055}, "vigya": {"c.p._55_2020.pdf": 7.840312983320164},