{"vijay": {"Const.P_6of2011.pdf": 6.230875070886063, "NRO_Judgment.pdf": 6.230875070886063, "C.A._26_2009.pdf": 6.230875070886063, "crl.a._48_2021.pdf": 12.461750141772127, "c.a._1275_2009.pdf": 6.230875070886063}, "vijiravatakkan": {"c.a._108_2015.pdf": 7.840312983320164}, "vijaya": {"c.a._1660_2014.pdf": 6.741700694652055, "CMA2745of2009etc.pdf": 6.741700694652055, "c.p._3455_2020.pdf": 6.741700694652055}, "vijant": {"Crl.A.140of2005.pdf": 7.840312983320164}, "vijayalakshmi": {"c.a.1540-1599_2013.pdf": 15.680625966640328}, "vijayalashmi": {"c.a.1540-1599_2013.pdf": 7.840312983320164}}