{"vikash": {"crl.p._1667_2021.pdf": 7.1471658027602185, "c.a.1540-1599_2013.pdf": 7.1471658027602185}, "vikram": {"CP778-779.pdf": 7.840312983320164}, "vikramaditya": {"smc.11_2011.pdf": 7.1471658027602185, "SMC.13-2009.pdf": 7.1471658027602185}, "vikas": {"c.a._13_q_2020.pdf": 7.840312983320164}}