{"vip": {"CMA_1145-K_2013_in_SMC_16-2011_08-03-2013.pdf": 18.145660542276328, "Const.P._29_2016.pdf": 6.048553514092109, "SMC16of2011_detailed_judgment.pdf": 18.145660542276328, "Crl.O.P.89of2011.pdf": 12.097107028184219, "SMCNo25of2009.pdf": 6.048553514092109, "C.P.2255OF2010dt-8-4-2013.pdf": 6.048553514092109}}