{"viqar": {"C.A._634_L_2012.pdf": 18.69262521265819, "Const.P.30of2013.pdf": 6.230875070886063, "c.a._1348_2014.pdf": 6.230875070886063, "c.p._4459_2018.pdf": 6.230875070886063, "c.p._659_2019.pdf": 6.230875070886063}}