{"vividly": {"Const.P.127of2012.pdf": 9.689161419532347, "Const.P.12of2010.pdf": 9.689161419532347, "crl.a._241_2020.pdf": 4.8445807097661735, "C.A._514_2008.pdf": 4.8445807097661735, "Crl.P.163_to_171_S.M.C.5_2005.pdf": 4.8445807097661735, "crl.a._324_2021.pdf": 4.8445807097661735, "C.P._1700_2011.pdf": 4.8445807097661735, "const.p._2_2022_14102022.pdf": 4.8445807097661735, "crl.p._299_2020_07042020.pdf": 4.8445807097661735, "c.a._39_k_2021.pdf": 4.8445807097661735, "Crl.A.140of2005.pdf": 4.8445807097661735, "c.a._1772_2008.pdf": 4.8445807097661735, "j.p._417_2019.pdf": 4.8445807097661735, "crl.p._1149_l_2017.pdf": 4.8445807097661735, "crl.p._549_2020.pdf": 4.8445807097661735, "c.a._2121_2017.pdf": 4.8445807097661735, "C.A._150_2006.pdf": 9.689161419532347, "c.p._962_2016 .pdf": 4.8445807097661735, "j.p._282_2017.pdf": 4.8445807097661735, "j.p._847_2018.pdf": 4.8445807097661735}, "vive": {"Const.P.127of2012.pdf": 6.230875070886063, "CMA No.1674of2013dt-2-4-2013.pdf": 6.230875070886063, "const.p.105-12_hamid_mir_case_20-12-12.pdf": 6.230875070886063, "const.p._17_2020_dissenting_note_hj4.pdf": 6.230875070886063, "C.M.A.NO2380OF2013-DT-25.4.2013.pdf": 6.230875070886063}, "vivid": {"Const.P.127of2012.pdf": 5.643088405983945, "c.p._2537_2020.pdf": 5.643088405983945, "Const.P.12of2010.pdf": 5.643088405983945, "Const.P._29_2016.pdf": 5.643088405983945, "c.m.a._4053_2018.pdf": 5.643088405983945, "C.A._1540_2006.pdf": 5.643088405983945, "const.p._6_2023_dt_05_01_2023.pdf": 5.643088405983945, "ca679-lof2012.pdf": 5.643088405983945, "c.p._84_p_2020.pdf": 5.643088405983945}, "vivendi": {"CPs.10-18of2011.pdf": 7.1471658027602185, "H.R.C.19of1996[AsgharKhanCase]DetailedReasons.pdf": 7.1471658027602185}, "vivindi": {"H.R.C.19of1996[AsgharKhanCase]DetailedReasonsUrduTranslation.pdf": 7.840312983320164}, "viva": {"c.a._700_2016.pdf": 6.741700694652055, "S.M.C._18_2016.pdf": 6.741700694652055, "crl.a._120_2019.pdf": 6.741700694652055}, "vivos": {"c.p._1647_2018.pdf": 15.680625966640328}, "vivek": {"c.a._1003_2019.pdf": 7.840312983320164}}