{"vlogger": {"c.m.a._1243_2021.pdf": 7.1471658027602185, "s.m.c._4_2021_26082021.pdf": 35.735829013801094}, "vlog": {"s.m.c._4_2021_26082021.pdf": 7.840312983320164}}