{"vo": {"c.p._181_q_2021.pdf": 7.1471658027602185, "C.P._1088_2016.pdf": 7.1471658027602185}}