{"von": {"Const.P.12of2010.pdf": 7.1471658027602185, "C.A._1646_2000.pdf": 7.1471658027602185}}