{"vouch": {"H.R.C._14158_G_2016_dt_12_08_2016.pdf": 6.048553514092109, "Const.P._29_2016_28072016.pdf": 6.048553514092109, "Crl.A._94_2019.pdf": 6.048553514092109, "c.a._383_2013.pdf": 6.048553514092109, "H.R.C._14158_G_2016_dt_28_07_2016.pdf": 6.048553514092109, "cp-733_of_2019_final.pdf": 6.048553514092109}, "voucher": {"Const.P.105-2012-eng-urd.PDF": 5.275363625858628, "crl.p._490_2019.pdf": 5.275363625858628, "c.p._2855_2017.pdf": 10.550727251717255, "C.A._2105_2008.pdf": 5.275363625858628, "c.a._18_k_2021.pdf": 10.550727251717255, "const.p.37_2012_final.pdf": 5.275363625858628, "c.a._1010_2020.pdf": 68.57972713616216, "c.p._720_2020.pdf": 5.275363625858628, "c.a._3_k_2021.pdf": 5.275363625858628, "c.p._6117_2021.pdf": 15.826090877575883, "c.a._508_2020.pdf": 5.275363625858628, "c.p._342_k_2020.pdf": 26.376818129293138, "c.p._4980_2021.pdf": 5.275363625858628}, "vouchsafe": {"C.R.P._49_2016.pdf": 7.1471658027602185, "Crl.A.13-14-15and16of2004and53of2011.pdf": 7.1471658027602185}}