{"voyage": {"Const.P.12of2010.pdf": 6.741700694652055, "smc_1_2014.pdf": 6.741700694652055, "crl.p._126_p_2011.pdf": 6.741700694652055}}