{"vr": {"c.a._621_2019.pdf": 249.44292570212602, "C.M.A._1656_2015.pdf": 6.741700694652055, "c.p._1303_2020.pdf": 249.44292570212602}}