{"vsd": {"S.M.C.24of2010[urdu-version].pdf": 7.840312983320164}, "vsds": {"S.M.C.24of2010[urdu-version].pdf": 7.840312983320164}}