{"vth": {"Const.P.127of2012.pdf": 6.454018622200273, "C.P._60_K_2018.pdf": 12.908037244400546, "c.a._1476_2018.pdf": 6.454018622200273, "c.p._1278_k_2023.pdf": 12.908037244400546}}