{"vulnerability": {"ConstitutionPetitionNo21OF2007.pdf": 5.355406333532164, "Const.P.12of2010.pdf": 5.355406333532164, "Const.P._29_2016.pdf": 5.355406333532164, "c.p._943_k_2022.pdf": 26.77703166766082, "c.p._3347_2021.pdf": 5.355406333532164, "c.a._408_2022.pdf": 10.710812667064328, "C.P._145_2015.pdf": 5.355406333532164, "c.r.p._420_2016.pdf": 5.355406333532164, "const.p._42_2022_07032024.pdf": 10.710812667064328, "c.p._280_k_2019.pdf": 5.355406333532164, "c.a._329_2022.pdf": 5.355406333532164, "CMA.2243-2010.pdf": 5.355406333532164}, "vulva": {"hrc_42389-P_2013.pdf": 13.48340138930411, "j.p._73_2016.pdf": 6.741700694652055, "crl.sh.a._23_2017.pdf": 6.741700694652055}, "vulnerable": {"C.R.P._49_2016.pdf": 3.85132893675589, "Crl.A._39_L_2015.pdf": 3.85132893675589, "Const.P.12of2010.pdf": 11.55398681026767, "Const.P.30of2013.pdf": 3.85132893675589, "Const.P.NO.62OF2010_orderdt06062011.pdf": 11.55398681026767, "SMC16of2011_detailed_judgment.pdf": 7.70265787351178, "crl.a._95_2019.pdf": 3.85132893675589, "c.p._1347_2019.pdf": 3.85132893675589, "s.m.c._4_2022.pdf": 3.85132893675589, "C.P._45_2015.pdf": 3.85132893675589, "C.P.No.1017-Lof2011.pdf": 3.85132893675589, "const.p._21_2022_15092023.pdf": 3.85132893675589, "crl.a._128_2020.pdf": 3.85132893675589, "18TH_AMENDMENT_ORDER.pdf": 3.85132893675589, "C.R.P._561_2015_dt_04-02-2016.pdf": 11.55398681026767, "crl.p._299_2020_01042020.pdf": 11.55398681026767, "c.r.p._296_2020_29012022.pdf": 3.85132893675589, "c.p._943_k_2022.pdf": 34.661960430803006, "c.p._4185_2019.pdf": 3.85132893675589, "crl.p._299_2020_07042020.pdf": 7.70265787351178, "c.p._1290_l_2019.pdf": 11.55398681026767, "const.p._2_2024_06032024.pdf": 3.85132893675589, "Cr.A. 315 of 2012.pdf": 3.85132893675589, "c.m.a._6336_2023.pdf": 3.85132893675589, "C.A._774_2013.pdf": 3.85132893675589, "c.p._3347_2021.pdf": 7.70265787351178, "C.A._2564_2001.pdf": 3.85132893675589, "const.p._17_2019_detailed_reasoning.pdf": 3.85132893675589, "c.p._957_2020.pdf": 3.85132893675589, "c.a._263_2014.pdf": 3.85132893675589, "c.p._4459_2018.pdf": 7.70265787351178, "c.a._396_2018.pdf": 3.85132893675589, "C.P._145_2015.pdf": 26.959302557291227, "crl.p._622_2020.pdf": 3.85132893675589, "c.p._1530_2019.pdf": 3.85132893675589, "S.M.C._2_2018.pdf": 3.85132893675589, "const.p._42_2022_07032024.pdf": 11.55398681026767, "crl.a._120_2019.pdf": 7.70265787351178, "Crl.A._67_L_2017.pdf": 3.85132893675589, "c.p._280_k_2019.pdf": 3.85132893675589, "C.R.P._561_2015.pdf": 15.40531574702356, "const.p._17_2020_dissenting_note_hj4.pdf": 3.85132893675589, "c.a._329_2022.pdf": 7.70265787351178, "crl.p._169_2020.pdf": 3.85132893675589, "c.a._81_k_2022.pdf": 3.85132893675589, "s.m.c._1_2023_07042023.pdf": 7.70265787351178, "const.p._76_2018.pdf": 3.85132893675589, "CMA.2243-2010.pdf": 3.85132893675589, "c.p._659_2019.pdf": 11.55398681026767, "c.a._472_2013.pdf": 3.85132893675589, "crl.m.a._1566_2016.pdf": 3.85132893675589, "C.A._539_2003.pdf": 3.85132893675589, "C.M.A._8215_2016.pdf": 3.85132893675589, "const.p._10_2019.pdf": 3.85132893675589}, "vulgar": {"c.p._3506_2020.pdf": 57.17732642208175, "S.M.C._03_2017.pdf": 7.1471658027602185}, "vulgarity": {"c.p._3506_2020.pdf": 7.840312983320164}, "vulture": {"C.R.P._100_2016.pdf": 7.840312983320164}, "vulnerably": {"c.p._44_2019.pdf": 6.454018622200273, "crl.a._106_2020.pdf": 6.454018622200273, "crl.sh.a._23_2017.pdf": 6.454018622200273, "crl.p._166_l_2020.pdf": 6.454018622200273}, "vulcan": {"c.p._593_2020.pdf": 7.1471658027602185, "CMA2745of2009etc.pdf": 7.1471658027602185}}