{"waali": {"Const.P.12of2010Urdu.pdf": 7.840312983320164}, "waaa": {"c.a._108_2015.pdf": 7.840312983320164}}