{"waugh": {"Const.P.12of2010.pdf": 7.1471658027602185, "c.p._596_2021.pdf": 7.1471658027602185}}