{"wax": {"C.P._1800_2015.pdf": 6.230875070886063, "Const.P._29_2016.pdf": 6.230875070886063, "Const.P.77of2012[DetailedOrderFinal].pdf": 6.230875070886063, "Ref.01_2012_addl.note_HJ.ejaz_afzal_khan.pdf": 12.461750141772127, "crl.a._48_2021.pdf": 6.230875070886063}}