{"website": {"Const.P._56_2003_E_dt_3-9-15.pdf": 3.2055839950905285, "c.r.p._292_2021_sacked_employees.pdf": 6.411167990181057, "c.m.a.4343_2014_etc_with_urdu_translation.pdf": 70.52284789199163, "ConstitutionPetitionNo21OF2007.pdf": 9.616751985271586, "C.P.796of2007-UrduTranslation-dt-10-5-2013.pdf": 3.2055839950905285, "H.R.C._10_K_2007.pdf": 3.2055839950905285, "const.p.42of2011(UrduVersion).pdf": 3.2055839950905285, "Const.P.31of2011etc.pdf": 6.411167990181057, "H.R.C._18877_2018_03072019.pdf": 3.2055839950905285, "Const.P._38_2016.pdf": 6.411167990181057, "c.p._1628_2020.pdf": 3.2055839950905285, "Crl.A._39_L_2015.pdf": 12.822335980362114, "Const.P.12of2010.pdf": 25.644671960724228, "Const.P.12of2010Urdu.pdf": 3.2055839950905285, "const.p.42of2011.pdf": 3.2055839950905285, "Const.P._29_2016.pdf": 6.411167990181057, "c.p._2243_l_2019.pdf": 3.2055839950905285, "C.M.A.No.1535and1536of2013.pdf": 12.822335980362114, "const.p._24_to_26_of_2023_04072023.pdf": 6.411167990181057, "HRC7734-G_1003-GOF2009[UrduTranslation].pdf": 32.05583995090529, "c.p._2119_2018.pdf": 3.2055839950905285, "Const.P.46of2013-dt-27-12-2013.pdf": 12.822335980362114, "Const.P.77-78-79 [Memogate]DetailedOrder.pdf": 3.2055839950905285, "Crl.A._39_L_2015_Urdu.pdf": 12.822335980362114, "C.P.796of2007-dt-10-5-2013.pdf": 16.027919975452644, "c.a._71_p_2014.pdf": 3.2055839950905285, "CJD_Reference by_the_President_of_Pakistan_under_Article_186.pdf": 3.2055839950905285, "Const.P.56_2003_U_dt_8-9-2015.pdf": 3.2055839950905285, "C.P.No.1017-Lof2011.pdf": 3.2055839950905285, "c.m.appeal_39_2021.pdf": 3.2055839950905285, "HRC7734-G_1003-GOF2009[AllegedCorruptionInRentalPowerPlants].pdf": 28.850255955814756, "C.A._461_2014.pdf": 3.2055839950905285, "S.M.C._18_2016.pdf": 3.2055839950905285, "i.c.a._1_2024_dn_20032024.pdf": 16.027919975452644, "c.p.614_p_2022.pdf": 3.2055839950905285, "C.A._56_L_2018.pdf": 3.2055839950905285, "c.a._19_2022.pdf": 3.2055839950905285, "c.p._3506_2020.pdf": 6.411167990181057, "c.r.p._296_2020_04022022.pdf": 3.2055839950905285, "const.p.39_90_2011.pdf": 3.2055839950905285, "c.r.p._426_2022_02sept2023.pdf": 9.616751985271586, "c.a._64_2022.pdf": 3.2055839950905285, "const.p._17_2020_dissenting_note_hj11.pdf": 38.467007941086344, "Const.P._38_2016_2.pdf": 3.2055839950905285, "crl.p._235_l_2015.pdf": 3.2055839950905285, "const.p.115_2011.pdf": 3.2055839950905285, "crl.o.p.4-k_2023_dt_21_12_2023.pdf": 3.2055839950905285, "C.A._5-Q_2014.pdf": 3.2055839950905285, "c.p._3598_2020.pdf": 3.2055839950905285, "c.p._3767_2023.pdf": 3.2055839950905285, "h.r.c_11827_s_2018.pdf": 12.822335980362114, "const.p._17_2019_detailed_reasoning.pdf": 6.411167990181057, "crl.p._994_2022.pdf": 3.2055839950905285, "s.m.c._1_2023_27032023.pdf": 9.616751985271586, "c.a._2016_2022.pdf": 6.411167990181057, "const.p._39_16122019.pdf": 3.2055839950905285, "C.A._125_K_2016_JPMC_Dissenting_Note.pdf": 6.411167990181057, "C.M.A._1656_2015.pdf": 3.2055839950905285, "C.A.800Lof2013etc.pdf": 16.027919975452644, "c.p._1257_2020.pdf": 3.2055839950905285, "crl.o.p._4_k_2023.pdf": 3.2055839950905285, "const.p.20_2013.pdf": 3.2055839950905285, "S.M.C._3_2018.pdf": 3.2055839950905285, "c.p._4899_2018.pdf": 3.2055839950905285, "c.m.a._1243_2021_short_order.pdf": 9.616751985271586, "crl.a._633_2019_15092023.pdf": 3.2055839950905285, "s.m.c._1_2023_12062023.pdf": 3.2055839950905285, "reference_1_2020.pdf": 3.2055839950905285, "const.p._64_2013.pdf": 6.411167990181057, "c.p._42_2024_25012024.pdf": 19.233503970543172, "c.p._280_k_2019.pdf": 6.411167990181057, "c.p._349_l_2017.pdf": 3.2055839950905285, "c.a._433_2020.pdf": 3.2055839950905285, "c.p._1336_l_2021.pdf": 3.2055839950905285, "c.p._3215_2021.pdf": 3.2055839950905285, "c.a._1653_2021.pdf": 9.616751985271586, "const.p._32_2023_additional_note.pdf": 6.411167990181057, "const.p._17_2020_dissenting_note_hj4.pdf": 9.616751985271586, "C.M.A.NO2380OF2013-DT-25.4.2013.pdf": 6.411167990181057, "Const.P.20of2013-dt-28-6-2013.pdf": 3.2055839950905285, "c.p._323_l_2014.pdf": 3.2055839950905285, "c.a._152_2019.pdf": 3.2055839950905285, "C.M.A._6155_2018.pdf": 12.822335980362114, "Const.P._35_2016_dt_15_12_2017.pdf": 3.2055839950905285, "c.p._2913_2021.pdf": 3.2055839950905285, "c.m.a._1243_2021.pdf": 12.822335980362114, "Crl.P._1099_2016.pdf": 6.411167990181057, "c.p._389_2022.pdf": 3.2055839950905285, "crl.p._1313_l_2021.pdf": 3.2055839950905285, "c.p._3532_2023_additional_note.pdf": 3.2055839950905285, "const.p._39_2019.pdf": 3.2055839950905285, "c.m.a._490_2021_20022021.pdf": 19.233503970543172, "c.p._3747_2023.pdf": 6.411167990181057, "c.m.a._1243_2021_04042022.pdf": 60.90609590672004, "c.p._1854_l_2022.pdf": 3.2055839950905285, "const.p._5_2023_detailed_reasons.pdf": 6.411167990181057, "CJD_Pakistan_Steel_Mills_Case.pdf": 3.2055839950905285, "C.M.A._8215_2016.pdf": 3.2055839950905285, "Const.P._74_2015.pdf": 3.2055839950905285, "c.p._1431_2022.pdf": 3.2055839950905285, "cma_6762_20.pdf": 6.411167990181057, "c.a._142_2019.pdf": 6.411167990181057, "c.a._1692_2021.pdf": 3.2055839950905285}, "web": {"c.m.a.4343_2014_etc_with_urdu_translation.pdf": 15.021298917791842, "crl.sh.a._9_2017.pdf": 5.007099639263948, "crl.p._1001_l_2017.pdf": 5.007099639263948, "crl.sh.a._16_2017.pdf": 5.007099639263948, "c.m.a._6336_2023.pdf": 5.007099639263948, "C.A._767_2014.pdf": 5.007099639263948, "const.p.6_2011_final.pdf": 5.007099639263948, "crl.a._120_2019.pdf": 5.007099639263948, "c.p._280_k_2019.pdf": 5.007099639263948, "crl.p_1124_l_2015.pdf": 5.007099639263948, "C.M.A.NO2380OF2013-DT-25.4.2013.pdf": 5.007099639263948, "ref._2_2022_13092023_2.pdf": 5.007099639263948, "crl.p._371_2020l.pdf": 5.007099639263948, "C.A._134-P_2013.pdf": 5.007099639263948, "Crl.A._496_2009.pdf": 5.007099639263948, "crl.p._687_2020.pdf": 5.007099639263948, "crl.a._185_2006.pdf": 5.007099639263948}, "webster": {"Const.P.127of2012.pdf": 5.643088405983945, "NRO_Judgment.pdf": 5.643088405983945, "Const.P._29_2016.pdf": 5.643088405983945, "C.A._1406_2016.pdf": 5.643088405983945, "c.r.p._255_2021.pdf": 5.643088405983945, "c.m.a.no20&21of2009.pdf": 5.643088405983945, "c.a._82_2016.pdf": 5.643088405983945, "C.M.A._376-K_2014.pdf": 5.643088405983945, "c.a._179_2016.pdf": 5.643088405983945}, "websters": {"Const.P.31of2011etc.pdf": 5.442417710521793, "Const.P.12of2010.pdf": 10.884835421043586, "Const.P.12of2010Urdu.pdf": 10.884835421043586, "j.p._405_2021.pdf": 5.442417710521793, "SMC16of2011_detailed_judgment.pdf": 5.442417710521793, "Const.P.77-78-79 [Memogate]DetailedOrder.pdf": 5.442417710521793, "crl.a._03_p_2017.pdf": 5.442417710521793, "S.M.C._03_2017.pdf": 5.442417710521793, "c.a._458_2017.pdf": 5.442417710521793, "C.P._3186_2015.pdf": 5.442417710521793, "crl.a._363_2021.pdf": 5.442417710521793}, "webpage": {"Const.P.12of2010.pdf": 7.1471658027602185, "const.p._24_to_26_of_2023_04072023.pdf": 7.1471658027602185}, "webstor": {"C.A._233_2015.pdf": 7.840312983320164}, "weber": {"SMC16of2011_detailed_judgment.pdf": 7.840312983320164}, "webb": {"CP778-779.pdf": 7.1471658027602185, "c.a._1005_2009.pdf": 7.1471658027602185}, "weboc": {"c.a._565_2011.pdf": 7.840312983320164}, "webmaster": {"c.m.a._490_2021_20022021.pdf": 7.840312983320164}}