{"weight": {"c.r.p._292_2021_sacked_employees.pdf": 2.870499683744163, "c.a._1476_2018_urdu.pdf": 2.870499683744163, "CPs.10-18of2011.pdf": 2.870499683744163, "C.R.P._297_2017_Reserved.pdf": 5.740999367488326, "const.p.42of2011(UrduVersion).pdf": 2.870499683744163, "c.p._1628_2020.pdf": 5.740999367488326, "Const.P._29_2016_28072016.pdf": 2.870499683744163, "SMC15OF2009.pdf": 2.870499683744163, "c.a._1520_2016.pdf": 2.870499683744163, "Const.P._50_2018.pdf": 2.870499683744163, "Const.P.12of2010.pdf": 25.83449715369747, "crl.a._241_2020.pdf": 8.611499051232489, "Const.P.87of2011[UrduVersion].pdf": 2.870499683744163, "CMA_1145-K_2013_in_SMC_16-2011_08-03-2013.pdf": 5.740999367488326, "Const.P.12of2010Urdu.pdf": 5.740999367488326, "Const.P.33_2013.pdf": 2.870499683744163, "Const.P._29_2016.pdf": 17.222998102464977, "smc.18_2010_final.pdf": 2.870499683744163, "C.A._697_2008.pdf": 2.870499683744163, "c.p._2243_l_2019.pdf": 2.870499683744163, "crl.a._599_2020_26032021.pdf": 5.740999367488326, "Const.P._36_2016_dt_15_12_2017.pdf": 2.870499683744163, "S.J.C_347_2018.PDF": 2.870499683744163, "Const.P.30of2013.pdf": 2.870499683744163, "crl.p._883_l_2022_urdu.pdf": 5.740999367488326, "crl.p._490_2019.pdf": 2.870499683744163, "Ref.01_2012_addl.note_HJ.ejaz_afzal_khan.pdf": 2.870499683744163, "j.p._147_2016.pdf": 8.611499051232489, "s.m.c._1_2022_detailed.pdf": 5.740999367488326, "SMC16of2011_detailed_judgment.pdf": 2.870499683744163, "REVIEW_P_46&47_2011_full.pdf": 5.740999367488326, "smc_1_2014.pdf": 2.870499683744163, "JR_Judgment_on_17th_Amendmend_and_Presidents_Uniform_Case.pdf": 2.870499683744163, "CJD_Reference by_the_President_of_Pakistan_under_Article_186.pdf": 22.963997469953306, "Crl.O.P.89of2011.pdf": 2.870499683744163, "Crl.P.163_to_171_S.M.C.5_2005.pdf": 8.611499051232489, "c.p._1057_2019.pdf": 2.870499683744163, "18TH_AMENDMENT_ORDER.pdf": 2.870499683744163, "const.p._24_2017.pdf": 5.740999367488326, "crl.a._40_2020.pdf": 2.870499683744163, "C.A._1628_2017.pdf": 2.870499683744163, "c.a._315_2022.pdf": 2.870499683744163, "C.A._992_2013.pdf": 5.740999367488326, "C.A._176_2015.pdf": 2.870499683744163, "c.p._2482_2020.pdf": 2.870499683744163, "crl.p._290_l_2015.pdf": 5.740999367488326, "c.a._307_2017.pdf": 2.870499683744163, "c.a._19_2022.pdf": 2.870499683744163, "c.r.p._296_2020_29012022.pdf": 2.870499683744163, "c.r.p._296_2020_04022022.pdf": 5.740999367488326, "c.p._446_l_2019.pdf": 2.870499683744163, "Crl.P._105_2017.pdf": 2.870499683744163, "const.p._2_2022_14102022.pdf": 2.870499683744163, "c.r.p._255_2021.pdf": 2.870499683744163, "C.P.41_66_2015.pdf": 2.870499683744163, "crl.p._528_l_2023.pdf": 5.740999367488326, "Const.P.87of2011.pdf": 2.870499683744163, "c.a._353_2010.pdf": 2.870499683744163, "c.a._931_2020.pdf": 2.870499683744163, "Crl.M.A_183_2019.pdf": 2.870499683744163, "crl.a._177_2022.pdf": 2.870499683744163, "c.p._3059_2021.pdf": 2.870499683744163, "const.p._17_2020_dissenting_note_hj11.pdf": 2.870499683744163, "crl.p._762_2018.pdf": 5.740999367488326, "C.A._300_2017.pdf": 2.870499683744163, "C.P._371_P_2016.pdf": 2.870499683744163, "crl.p._551_2020.pdf": 2.870499683744163, "crl.p._1276_2023.pdf": 2.870499683744163, "C.A._2564_2001.pdf": 5.740999367488326, "c.a._982_2018_19022024.pdf": 2.870499683744163, "crl.p._105_k_2020.pdf": 2.870499683744163, "c.p._3767_2023.pdf": 2.870499683744163, "Crl.A.140of2005.pdf": 14.352498418720817, "Crl.A._115_2013.pdf": 2.870499683744163, "c.a._1095_2018_13092019.pdf": 2.870499683744163, "c.r.p._292_2021_detailed.pdf": 2.870499683744163, "Const.P.46and47of2010.pdf": 2.870499683744163, "c.a._346_2020.pdf": 2.870499683744163, "C.P._330_P_2013.pdf": 5.740999367488326, "Crl.P._15_2015.pdf": 2.870499683744163, "const.p._17_2019_detailed_reasoning.pdf": 14.352498418720817, "Crl.M.A._200_2019.pdf": 2.870499683744163, "const.p._21_2023_11082023.pdf": 5.740999367488326, "Crl.A._13_P_2014.pdf": 2.870499683744163, "c.p._3097_2015.pdf": 2.870499683744163, "crl.p._275_2021.pdf": 2.870499683744163, "c.a._914_l_2013.pdf": 2.870499683744163, "C.A._467_2015.pdf": 2.870499683744163, "crl.p._301_2022.pdf": 2.870499683744163, "c.p._1862_l_2021.pdf": 2.870499683744163, "c.a._561_2020.pdf": 2.870499683744163, "j.p._637_2016.pdf": 2.870499683744163, "C.A._288_2013.pdf": 2.870499683744163, "CMA.3470of2013etc.pdf": 2.870499683744163, "cp-733_of_2019_final.pdf": 5.740999367488326, "crl.a._633_2019_15092023.pdf": 2.870499683744163, "c.p._2997_2021.pdf": 2.870499683744163, "crl_r_p.8-l_2013.pdf": 2.870499683744163, "crl.a._560_2020.pdf": 2.870499683744163, "crl.a._120_2019.pdf": 8.611499051232489, "C.A._322_2018.pdf": 2.870499683744163, "const.p._6_2023_dn.pdf": 2.870499683744163, "crl.p_1124_l_2015.pdf": 2.870499683744163, "c.p._800_p_2019.pdf": 5.740999367488326, "crl.a._48_2021.pdf": 5.740999367488326, "crl.p._75_q_2021.pdf": 2.870499683744163, "C.M.A._376-K_2014.pdf": 2.870499683744163, "c.a._154_l_2018.pdf": 2.870499683744163, "crl.p._475_2022.pdf": 8.611499051232489, "C.A._800_2011.pdf": 2.870499683744163, "Crl.P.No.426of2009&Crl.A.No.pdf": 2.870499683744163, "c.a._81_k_2022.pdf": 2.870499683744163, "c.p.2124_2013.pdf": 2.870499683744163, "c.a._188_2019.pdf": 2.870499683744163, "JR_The_State_through_NAB_VS_Haji_Nasim-ur-Rehman.pdf": 2.870499683744163, "Const.P._35_2016_dt_15_12_2017.pdf": 2.870499683744163, "c.p._715_2018.pdf": 2.870499683744163, "SMCNo25of2009.pdf": 5.740999367488326, "const.p._76_2018.pdf": 2.870499683744163, "c.p._4719_2017.pdf": 2.870499683744163, "c.p._609_2017.pdf": 2.870499683744163, "c.a._735_2016.pdf": 2.870499683744163, "Crl.O.P.6of2012.pdf": 2.870499683744163, "ConstP.No.53of2007andConst.P.83of2012.pdf": 2.870499683744163, "Const.P.73of2011.pdf": 2.870499683744163, "c.p._1007_2022.pdf": 5.740999367488326, "c.p._1369_l_2019.pdf": 2.870499683744163, "c.a._179_2016.pdf": 2.870499683744163, "C.A._446_2012.pdf": 2.870499683744163, "c.m.a._1243_2021_04042022.pdf": 5.740999367488326, "crl.a._366_2010.pdf": 2.870499683744163, "Crl.P._100_2017.pdf": 2.870499683744163, "const.p._5_2023_detailed_reasons.pdf": 2.870499683744163, "HR8340OF2010.pdf": 2.870499683744163, "c.p._3200_l_2019.pdf": 2.870499683744163, "C.A._539_2003.pdf": 2.870499683744163, "j.p._95_2017.pdf": 2.870499683744163, "C.M.A._8215_2016.pdf": 37.31649588867412, "crl.p._701_2023.pdf": 14.352498418720817, "j.p._348_2019.pdf": 2.870499683744163, "c.p._3249_2015.pdf": 2.870499683744163, "Crl.A._12-P_2011.pdf": 11.481998734976653, "crl.a.264_2006.pdf": 2.870499683744163, "j.p._847_2018.pdf": 2.870499683744163}, "weighty": {"Const.P.127of2012.pdf": 5.201255653704905, "Const.P.12of2010.pdf": 20.80502261481962, "Const.P._29_2016.pdf": 5.201255653704905, "c.m.a._7084_2020_opinion_hj_5.pdf": 5.201255653704905, "c.a._353_2010.pdf": 15.603766961114715, "const.p.9_2014_detail_reasons.pdf": 5.201255653704905, "Crl.A.140of2005.pdf": 5.201255653704905, "C.A._307-L_2015.pdf": 5.201255653704905, "c.p._3209_2019.pdf": 5.201255653704905, "SMCNo25of2009.pdf": 5.201255653704905, "c.m.a._490_2021_20022021.pdf": 5.201255653704905, "c.m.a._1243_2021_04042022_2.pdf": 5.201255653704905, "Const.P.59of2011.pdf": 5.201255653704905, "crl.a.264_2006.pdf": 5.201255653704905}, "weigh": {"ConstitutionPetitionNo21OF2007.pdf": 5.783106185883992, "c.p._1567_l_2019.pdf": 2.891553092941996, "C.M.A.No.3685of2012-dt-17-1-2013.pdf": 2.891553092941996, "c.a._653_2014.pdf": 2.891553092941996, "c.p._1331_l_2017.pdf": 2.891553092941996, "c.p._3436_l_2022.pdf": 5.783106185883992, "Crl.A._523_2017.pdf": 2.891553092941996, "crl.a._241_2020.pdf": 23.132424743535967, "Const.P.87of2011[UrduVersion].pdf": 2.891553092941996, "j.p._405_2021.pdf": 5.783106185883992, "Const.P._29_2016.pdf": 2.891553092941996, "j.p._42_2017.pdf": 2.891553092941996, "C.A._233_2015.pdf": 2.891553092941996, "C.P._380_2014_Urdu.pdf": 2.891553092941996, "S.M.C.18OF2010.pdf": 2.891553092941996, "j.p._147_2016.pdf": 2.891553092941996, "SMC16of2011_detailed_judgment.pdf": 2.891553092941996,