{"wene": {"Const.P_6of2011.pdf": 7.840312983320164}, "wendell": {"Const.P.12of2010.pdf": 12.097107028184219, "CP778-779.pdf": 6.048553514092109, "C.R.P._561_2015_dt_04-02-2016.pdf": 6.048553514092109, "s.m.c._1_2023_27032023.pdf": 6.048553514092109, "C.A._767_2014.pdf": 6.048553514092109, "c.a._1877_2016_dt_24_01_2024.pdf": 6.048553514092109}, "wend": {"c.a._1121_2018.pdf": 7.840312983320164}, "wendy": {"c.p._1290_l_2019.pdf": 7.840312983320164}, "wen": {"c.a._513_2014.pdf": 7.840312983320164}}