{"wet": {"crl.p._407_2022.pdf": 6.741700694652055, "CJD_Reference by_the_President_of_Pakistan_under_Article_186.pdf": 6.741700694652055, "j.p._557_2016.pdf": 6.741700694652055}, "wetland": {"c.p._389_2022.pdf": 7.840312983320164}}