{"wh": {"c.a._803_2016.pdf": 14.294331605520437, "c.p._3632_2018.pdf": 7.1471658027602185}}