{"wicket": {"C.R.P._49_2016.pdf": 7.840312983320164}, "wickedness": {"SMC15OF2009.pdf": 6.454018622200273, "smc.18_2010_final.pdf": 6.454018622200273, "c.p._962_2016 .pdf": 6.454018622200273, "Const.P.59of2011.pdf": 6.454018622200273}, "wicked": {"Const.P.12of2010.pdf": 6.454018622200273, "crl.p._407_2022.pdf": 12.908037244400546, "c.p._2243_l_2019.pdf": 6.454018622200273, "Crl.O.P.6of2012.pdf": 25.816074488801092}, "wick": {"Const.Petition.24_2011_dt02062011.pdf": 7.840312983320164}, "wicht": {"crl.a._122_l_2012.pdf": 7.840312983320164}}