{"wield": {"S.M.C._28_2018.pdf": 4.795790545596741, "Const.P.12of2010.pdf": 33.570533819177186, "c.p._2243_l_2019.pdf": 9.591581091193483, "S.J.C_347_2018.PDF": 4.795790545596741, "const.p._24_to_26_of_2023_04072023.pdf": 4.795790545596741, "H.R.C.19of1996[AsgharKhanCase]DetailedReasons.pdf": 4.795790545596741, "Crl.A._589_2006.pdf": 4.795790545596741, "c.r.p._296_2020_29012022.pdf": 4.795790545596741, "JR_Detailed_Judgment_in_Referendum_Case.pdf": 4.795790545596741, "const.p._2_2022_14102022.pdf": 4.795790545596741, "c.p._946_2022.pdf": 4.795790545596741, "const.p._17_2020_dissenting_note_hj11.pdf": 4.795790545596741, "Crl.A._178-L_2009.pdf": 4.795790545596741, "C.A._1428_2016.pdf": 4.795790545596741, "c.a._1095_2018_13092019.pdf": 4.795790545596741, "C.A._139_2013.pdf": 4.795790545596741, "c.p._2314_2022_dn.pdf": 4.795790545596741, "s.m.c._4_2021_29012024_r.pdf": 4.795790545596741, "c.p._3797_2020.pdf": 4.795790545596741, "crl.m.a._1566_2016.pdf": 4.795790545596741, "S.M.C._7_2017_06022019.pdf": 4.795790545596741}, "wie\u0144": {"c.a._982_2018_19022024.pdf": 7.840312983320164}, "wienfield": {"c.a._284_2017.pdf": 7.840312983320164}, "wie": {"c.p._3413_2017.pdf": 7.840312983320164}}