{"win": {"C.A._886_2014.pdf": 3.4094961844768505, "SMC5of2012[UrduVersion]dt16-6-2012.pdf": 3.4094961844768505, "Const.P.105-2012-eng-urd.PDF": 3.4094961844768505, "C.R.P._49_2016.pdf": 20.456977106861103, "SMC15OF2009.pdf": 3.4094961844768505, "NRO_Judgment.pdf": 3.4094961844768505, "C.M.A.64of2013dt-12-3-2013.pdf": 3.4094961844768505, "Const.P.12of2010.pdf": 37.504458029245356, "Const.P.87of2011[UrduVersion].pdf": 30.685465660291655, "Const.P.12of2010Urdu.pdf": 3.4094961844768505, "Const.P.33_2013.pdf": 6.818992368953701, "Const.P._36_2016_dt_15_12_2017.pdf": 6.818992368953701, "C.A._233_2015.pdf": 3.4094961844768505, "H.R.C.19of1996[AsgharKhanCase]DetailedReasonsUrduTranslation.pdf": 20.456977106861103, "crl.a._95_2019.pdf": 3.4094961844768505, "smc.11_2011.pdf": 3.4094961844768505, "H.R.C.19of1996[AsgharKhanCase]DetailedReasons.pdf": 10.228488553430552, "smc_1_2014.pdf": 6.818992368953701, "Const.P.5of2013.pdf": 3.4094961844768505, "c.a._608_2021.pdf": 6.818992368953701, "Crl.P.163_to_171_S.M.C.5_2005.pdf": 3.4094961844768505, "C.A.669-L_2013.pdf": 6.818992368953701, "C.A._427_2009.pdf": 6.818992368953701, "CMA.64_of_2013_etc._15.01.2013.pdf": 3.4094961844768505, "j.p._14_2016.pdf": 3.4094961844768505, "C.A._1042_2018.pdf": 3.4094961844768505, "C.R.P._383_2005.pdf": 3.4094961844768505, "CMA No.5144of2011.pdf": 3.4094961844768505, "JR_Detailed_Judgment_in_Graduation_Qualification_Case.pdf": 3.4094961844768505, "C.A._1291_2005.pdf": 3.4094961844768505, "JR_Detailed_Judgment_in_Referendum_Case.pdf": 3.4094961844768505, "C.P._3122_2017.pdf": 10.228488553430552, "const.p._2_2022_14102022.pdf": 17.047480922384253, "crl.p._1121_2023.pdf": 3.4094961844768505, "Const.P.87of2011.pdf": 44.32345039819906, "C.A._508_2017.pdf": 3.4094961844768505, "const.p._17_2020_dissenting_note_hj11.pdf": 6.818992368953701, "C.A._616_2014.pdf": 3.4094961844768505, "C.P._2532_2015.pdf": 10.228488553430552, "C.A._1219_2014.pdf": 3.4094961844768505, "c.a._3090_2022.pdf": 3.4094961844768505, "C.A._1428_2016.pdf": 3.4094961844768505, "C.A._5-Q_2014.pdf": 3.4094961844768505, "C.R.P._94_2014.pdf": 3.4094961844768505, "c.a._982_2018_19022024.pdf": 10.228488553430552, "Const.P._2_2011.pdf": 13.637984737907402, "c.r.p._292_2021_detailed.pdf": 3.4094961844768505, "Crl.M.A._200_2019.pdf": 3.4094961844768505, "const.p._21_2022_30102023.pdf": 6.818992368953701, "C.A._307-L_2015.pdf": 20.456977106861103, "c.a._469_2021.pdf": 6.818992368953701, "Crl.P._446_L_2016.pdf": 3.4094961844768505, "Crl.M.A.No.486of2010-dt-26-6-2013.pdf": 3.4094961844768505, "C.A._467_2015.pdf": 3.4094961844768505, "C.M.A.No.64of2013-dt14.3.2013.pdf": 3.4094961844768505, "C.A._194_2015.pdf": 6.818992368953701, "crl.p._1196_l_2015.pdf": 3.4094961844768505, "C.A._1086_2014.pdf": 10.228488553430552, "const.p._ 22_2022_26072022.pdf": 6.818992368953701, "c.a._171_2019.pdf": 3.4094961844768505, "C.A._1033_2014.pdf": 10.228488553430552, "c.a._982_2018_19022024_2.pdf": 3.4094961844768505, "c.a._1498_2018.pdf": 3.4094961844768505, "C.P._3186_2017.pdf": 17.047480922384253, "const.p._17_2020_dissenting_note_hj4.pdf": 3.4094961844768505, "I.C.A._4_2017.pdf": 10.228488553430552, "ConstitutionPetitionNo39of2009.pdf": 3.4094961844768505, "s.m.c._1_2023_07042023.pdf": 3.4094961844768505, "Const.P._35_2016_dt_15_12_2017.pdf": 3.4094961844768505, "c.m.a._1243_2021.pdf": 3.4094961844768505, "C.R.P._420_2013.pdf": 3.4094961844768505, "SMCNo25of2009.pdf": 3.4094961844768505, "C.A._1169_2014.pdf": 3.4094961844768505, "c.p._3041_2020.pdf": 3.4094961844768505, "c.a._1125_2020.pdf": 6.818992368953701, "c.a._1399_2019.pdf": 3.4094961844768505, "c.p._3122_2020.pdf": 3.4094961844768505, "S.M.C._7_2017_06022019.pdf": 3.4094961844768505, "c.a._248_2014.pdf": 3.4094961844768505, "c.p._1716_2022.pdf": 3.4094961844768505, "C.A._1313_2014.pdf": 3.4094961844768505, "C.A._1646_2000.pdf": 6.818992368953701, "C.A._946_2014.pdf": 3.4094961844768505, "Const.P.5and15-HRC14144-DetailedReasons.pdf": 10.228488553430552}, "wind": {"Const.P.127of2012.pdf": 4.795790545596741, "C.R.P._297_2017_Reserved.pdf": 4.795790545596741, "Const.P._38_2016.pdf": 4.795790545596741, "Const.P.12of2010.pdf": 19.183162182386965, "S.J.C_347_2018.PDF": 4.795790545596741, "SMC16of2011_detailed_judgment.pdf": 4.795790545596741, "HRC7734-G_1003-GOF2009[UrduTranslation].pdf": 9.591581091193483, "HRC7734-G_1003-GOF2009[AllegedCorruptionInRentalPowerPlants].pdf": 4.795790545596741, "HRC-4668of2006.pdf": 4.795790545596741, "j.p._262_2015.pdf": 4.795790545596741, "c.a._421_2018.pdf": 4.795790545596741, "crl.p._445_l_2020.pdf": 4.795790545596741, "C.A._767_2014.pdf": 4.795790545596741, "hrc.14392of2013-01.07.2013.pdf": 4.795790545596741, "C.A._800_2011.pdf": 4.795790545596741, "c.a._1113_2017.pdf": 4.795790545596741, "crl.p._594_2020.pdf": 4.795790545596741, "C.R.P._3_2015.pdf": 4.795790545596741, "crl.p._687_2020.pdf": 4.795790545596741, "C.M.A._8215_2016.pdf": 33.570533819177186, "Const.P.5and15-HRC14144-DetailedReasons.pdf": 4.795790545596741}, "wing": {"ConstitutionPetitionNo21OF2007.pdf": 6.510691009299184, "JR_Judgment_on_Legal_Framework_Order_2002.pdf": 6.510691009299184, "C.R.P._49_2016.pdf": 3.255345504649592, "C.M.A.No.3685of2012-dt-17-1-2013.pdf": 13.021382018598368, "Const.P_6of2011.pdf": 3.255345504649592, "Const.P._38_2016.pdf": 3.255345504649592, "H.R.C.No.19of1996DT19-10-2012[UrduTranslation].pdf": 3.255345504649592, "c.a._1729_2019.pdf": 3.255345504649592, "Const.P.40of2012-DetailJudgment[UrduTranslation]-dt-3.7.2012.pdf": 3.255345504649592, "Const.P.12of2010.pdf": 39.064146055795106, "Const.P.77of2010dt-08.09.2012[UrduTranslation].pdf": 3.255345504649592, "Const.P.87of2011[UrduVersion].pdf": 3.255345504649592, "S.M.C._20_2016.pdf": 9.766036513948777, "C.A._2215_2006.pdf": 3.255345504649592, "Const.P.33_2013.pdf": 3.255345504649592, "Const.P._29_2016.pdf": 3.255345504649592, "C.R.P._125_2014.pdf": 19.532073027897553, "s.m.c._1_2022_detailed.pdf": 3.255345504649592, "SMC16of2011_detailed_judgment.pdf": 3.255345504649592, "crl.a._95_2019.pdf": 3.255345504649592, "HRC7734-G_1003-GOF2009[UrduTranslation].pdf": 3.255345504649592, "CP778-779.pdf": 3.255345504649592, "Const.P.40of2012-DetailJudgment-dt-3.7.2012.pdf": 3.255345504649592, "H.R.C.19of1996[AsgharKhanCase]DetailedReasons.pdf": 13.021382018598368, "c.p._154_2019.pdf": 3.255345504649592, "CJD_Reference by_the_President_of_Pakistan_under_Article_186.pdf": 3.255345504649592, "C.P.No.1017-Lof2011.pdf": 3.255345504649592, "Crl.O.P.89of2011.pdf": 9.766036513948777, "C.A._1406_2016.pdf": 3.255345504649592, "HRC7734-G_1003-GOF2009[AllegedCorruptionInRentalPowerPlants].pdf": 3.255345504649592, "S.M.C._19_2016.pdf": 3.255345504649592, "c.a._749_2021.pdf": 9.766036513948777, "C.A._353_2015.pdf": 9.766036513948777, "const.p.1_ 2012_etc.pdf": 3.255345504649592, "JR_Detailed_Judgment_in_Graduation_Qualification_Case.pdf": 6.510691009299184, "crl.p._894_l_2023.pdf": 3.255345504649592, "HRC-4668of2006.pdf": 3.255345504649592, "JR_Detailed_Judgment_in_Referendum_Case.pdf": 6.510691009299184, "C.M.A.3325_of_2012_dt_11-2-2013.pdf": 3.255345504649592, "c.p._657_2020.pdf": 3.255345504649592, "const.p._17_2020_dissenting_note_hj11.pdf": 3.255345504649592, "c.p._398_l_2018.pdf": 3.255345504649592, "C.A._6_2016.pdf": 3.255345504649592, "c.a._444_2017.pdf": 22.787418532547143, "C.R.P.193of2013.pdf": 19.532073027897553, "Crl.P.200of2009.pdf": 16.27672752324796, "const.p.37_2012_final.pdf": 3.255345504649592, "c.p._2148_2020.pdf": 3.255345504649592, "c.p._2314_2022_dn.pdf": 3.255345504649592, "C.P._145_2015.pdf": 3.255345504649592, "c.a._513_2014.pdf": 3.255345504649592, "C.P._2537_2016.pdf": 3.255345504649592, "c.a._1476_2018.pdf": 3.255345504649592, "c.p._2045_2019.pdf": 3.255345504649592, "C.M.A._6250_2018.PDF": 3.255345504649592, "Const.P.91of2011Dt-23-8-2012.pdf": 3.255345504649592, "Const.P.50-69of2011.pdf": 3.255345504649592, "c.p._3813_2019.pdf": 9.766036513948777, "c.p._42_2024_25012024.pdf": 3.255345504649592,