{"wireless": {"Crl.A._24_2010.pdf": 5.067724261080383, "C.A._3_2018_dt-14-9-2018.pdf": 10.135448522160766, "Const.P._50_2018.pdf": 5.067724261080383, "C.A._3_2018.pdf": 10.135448522160766, "S.M.C.24of2010[urdu-version].pdf": 5.067724261080383, "smc.24_2010.pdf": 5.067724261080383, "const.p._17_2020_dissenting_note_hj11.pdf": 5.067724261080383, "c.a._24_2015.pdf": 10.135448522160766, "j.p._324_2015.pdf": 5.067724261080383, "C.A._1509_2016.pdf": 101.35448522160766, "c.p._3317_2018.pdf": 5.067724261080383, "SMC24-2010.pdf": 5.067724261080383, "cp_1545_2009.pdf": 5.067724261080383, "c.a._977_2018.pdf": 15.20317278324115, "c.p._2459_2017.pdf": 30.4063455664823, "C.A._1049_2011.pdf": 5.067724261080383}, "wire": {"ConstitutionPetitionNo21OF2007.pdf": 5.132262782217954, "SMC16of2011_detailed_judgment.pdf": 10.264525564435909, "HRC7734-G_1003-GOF2009[UrduTranslation].pdf": 5.132262782217954, "c.a._1120_2009.pdf": 25.66131391108977, "HRC7734-G_1003-GOF2009[AllegedCorruptionInRentalPowerPlants].pdf": 5.132262782217954, "c.p._1057_2019.pdf": 15.396788346653864, "const.p.1_ 2012_etc.pdf": 5.132262782217954, "Const.P.77of2010_dt_27-8-2013.pdf": 10.264525564435909, "c.p._398_l_2018.pdf": 5.132262782217954, "j.p._496_2019.pdf": 10.264525564435909, "c.p._280_k_2019.pdf": 5.132262782217954, "crl.a._585_2020.pdf": 5.132262782217954, "c.p._349_l_2017.pdf": 5.132262782217954, "crl.a._185_2006.pdf": 5.132262782217954, "S.M.C._7_2017_06022019.pdf": 5.132262782217954}, "wired": {"Const.P._29_2016.pdf": 7.1471658027602185, "const.p._17_2020_dissenting_note_hj11.pdf": 7.1471658027602185}, "wir": {"c.a._371_2020.pdf": 7.840312983320164}, "wiretapping": {"const.p._17_2020_dissenting_note_hj11.pdf": 7.840312983320164}, "wiring": {"C.M.A._376-K_2014.pdf": 7.1471658027602185, "hrc_20107-G_2013.pdf": 7.1471658027602185}, "wirk": {"C.M.A_687_2017.pdf": 7.840312983320164}}