{"wll": {"c.a._24_2015.pdf": 7.1471658027602185, "C.A._1509_2016.pdf": 7.1471658027602185}}