{"wlr": {"ConstitutionPetitionNo21OF2007.pdf": 9.498541059923696, "crl.s.m.r.p._84_2018.pdf": 4.749270529961848, "C.R.P._49_2016.pdf": 9.498541059923696, "S.M.C._20_2016.pdf": 4.749270529961848, "Const.P._36_2016_dt_15_12_2017.pdf": 9.498541059923696, "S.M.C.24of2010[urdu-version].pdf": 4.749270529961848, "C.P.No.1017-Lof2011.pdf": 4.749270529961848, "Crl.P.163_to_171_S.M.C.5_2005.pdf": 4.749270529961848, "C.A._1132_2007.pdf": 4.749270529961848, "c.r.p._296_2020_29012022.pdf": 4.749270529961848, "C.A._394_2014.pdf": 4.749270529961848, "Crl.A_04-K_2012.pdf": 9.498541059923696, "c.a._444_2017.pdf": 4.749270529961848, "const.p._17_2019_detailed_reasoning.pdf": 4.749270529961848, "C.P._1707_2018.pdf": 4.749270529961848, "CMA2745of2009etc.pdf": 9.498541059923696, "const.p._32_2023_additional_note.pdf": 9.498541059923696, "SMC24-2010.pdf": 4.749270529961848, "C.A._552_2015.pdf": 4.749270529961848, "C.P._41_2008.pdf": 4.749270529961848, "C.P._661_K_2015.pdf": 9.498541059923696, "c.a._248_2014.pdf": 4.749270529961848}}