{"wn": {"Urdu-Const.P-77-2010-12.10.2012.pdf": 6.741700694652055, "Const.P._36_2016_dt_15_12_2017.pdf": 6.741700694652055, "c.a._152_2019.pdf": 13.48340138930411}}