{"wos": {"c.p._3795_2021.pdf": 7.1471658027602185, "j.p._637_2016.pdf": 7.1471658027602185}}