{"wp": {"Const.P.127of2012.pdf": 3.4458638286477252, "c.p._852_2020.pdf": 3.4458638286477252, "Const.P.30of2013.pdf": 3.4458638286477252, "C.A._2109_2016.pdf": 3.4458638286477252, "c.a.149-150_2010.pdf": 10.337591485943175, "HRC7734-G_1003-GOF2009[UrduTranslation].pdf": 3.4458638286477252, "C.A._90_2011_EnglishVersion.pdf": 3.4458638286477252, "c.p._1347_2019.pdf": 3.4458638286477252, "c.m.a._4053_2018.pdf": 3.4458638286477252, "c.a._730_2015.pdf": 10.337591485943175, "HRC7734-G_1003-GOF2009[AllegedCorruptionInRentalPowerPlants].pdf": 6.8917276572954504, "c.a._73_2020.pdf": 6.8917276572954504, "c.p._225_p_2023.pdf": 3.4458638286477252, "Crl.O.P._59_2015.pdf": 3.4458638286477252, "c.a._315_2022.pdf": 3.4458638286477252, "C.A._77_2015.pdf": 3.4458638286477252, "c.p._5599_2021.pdf": 3.4458638286477252, "cma.3685-3686_of_2012_in_hrc.7734-g_of_2009_dt_31.01.2013.pdf": 3.4458638286477252, "c.p._4540_2021.pdf": 6.8917276572954504, "c.p._805_l_2019.pdf": 3.4458638286477252, "c.p._1417_2022.pdf": 3.4458638286477252, "c.p._255_2024.pdf": 3.4458638286477252, "c.p._254_2024.pdf": 3.4458638286477252, "ca_297_2014.pdf": 3.4458638286477252, "c.p._4296_2019.pdf": 3.4458638286477252, "c.a._1618_2019.pdf": 3.4458638286477252, "C.R.P._100_2016.pdf": 6.8917276572954504, "c.a._875_2017.pdf": 6.8917276572954504, "c.a._383_2013.pdf": 3.4458638286477252, "c.p._1942_2022.pdf": 3.4458638286477252, "c.p._2379_2016.pdf": 3.4458638286477252, "c.p._3282_l_2022.pdf": 93.03832337348858, "c.p._397_2022.pdf": 3.4458638286477252, "H.R.C._69229_P_2018.pdf": 3.4458638286477252, "c.a._232_2020.pdf": 3.4458638286477252, "C.A._2564_2001.pdf": 13.783455314590901, "c.p._42_2024.pdf": 41.3503659437727, "C.A._94_2012.pdf": 6.8917276572954504, "c.p._3739_2019.pdf": 3.4458638286477252, "c.a._647_2018.pdf": 3.4458638286477252, "c.a._1095_2018_13092019.pdf": 17.229319143238627, "C.A._139_2013.pdf": 3.4458638286477252, "c.m.a._677_2020.pdf": 6.8917276572954504, "C.P.No.636of2013-dt-9-5-2013.pdf": 3.4458638286477252, "cas_727-730_777_778_2014_etc.pdf": 3.4458638286477252, "C.P._1885_2017.pdf": 3.4458638286477252, "C.A.800Lof2013etc.pdf": 3.4458638286477252, "c.p.l.a.1974_l_2020.pdf": 44.796229772420425, "c.a._1476_2018.pdf": 20.67518297188635, "C.A.269_ETC_OF_2011.pdf": 13.783455314590901, "C.P._842_2016.pdf": 51.68795742971588, "C.A._1216_2015.pdf": 62.02554891565905, "c.r.p._420_2016.pdf": 3.4458638286477252, "CAs.149-150of2010.pdf": 10.337591485943175, "ca.297_2014.pdf": 3.4458638286477252, "c.a._271_2015.pdf": 3.4458638286477252, "c.p._720_2020.pdf": 3.4458638286477252, "CMA2745of2009etc.pdf": 3.4458638286477252, "c.a._1498_2018.pdf": 27.566910629181802, "c.p._42_2024_25012024.pdf": 51.68795742971588, "C.A._843_2012.pdf": 3.4458638286477252, "C.A.2234and2235of2005-dt-31-8-2013.pdf": 17.229319143238627, "c.a._1089_2015.pdf": 20.67518297188635, "c.p._740_2021.pdf": 6.8917276572954504, "c.p._2913_2021.pdf": 3.4458638286477252, "crl.p._74_l_2018.pdf": 3.4458638286477252, "c.p._600_2020.pdf": 3.4458638286477252, "C.A._134-P_2013.pdf": 3.4458638286477252, "c.p._4657_2022.pdf": 3.4458638286477252, "c.p._449_2019.pdf": 3.4458638286477252, "Const.P.67of2011-dt-10.6.2013.pdf": 3.4458638286477252, "C.A._723_2013.pdf": 3.4458638286477252, "c.p._184_2024_21032024.pdf": 3.4458638286477252, "C.A._542-L_2012.pdf": 3.4458638286477252, "c.p._1854_l_2022.pdf": 3.4458638286477252, "c.a._65_k_2019.pdf": 6.8917276572954504, "C.M.A._8215_2016.pdf": 3.4458638286477252, "JR_Fecto_Belarus_Tractor_Limited_Case.pdf": 3.4458638286477252, "c.p._2092_2019.pdf": 3.4458638286477252, "c.p._3718_2023.pdf": 3.4458638286477252, "c.p._4980_2021.pdf": 13.783455314590901}}