{"wps": {"c.a._730_2015.pdf": 6.048553514092109, "C.P._3752_2018.pdf": 6.048553514092109, "C.P._1885_2017.pdf": 6.048553514092109, "c.p._388_p_2016.pdf": 6.048553514092109, "C.A._843_2012.pdf": 18.145660542276328, "C.A.368TO370OF2011.pdf": 6.048553514092109}, "wpsno": {"C.P._2108_2018.pdf": 7.840312983320164}}