{"wrath": {"c.a._1476_2018_urdu.pdf": 4.749270529961848, "Crl.A._39_L_2015.pdf": 9.498541059923696, "Const.P.12of2010.pdf": 9.498541059923696, "C.R.P._125_2014.pdf": 4.749270529961848, "SMC16of2011_detailed_judgment.pdf": 9.498541059923696, "Crl.O.P.96_12_Altaf_Hussain _1.pdf": 9.498541059923696, "Crl.A._135_L_2017.pdf": 4.749270529961848, "Crl.M.A_693_2018.pdf": 4.749270529961848, "c.p._943_k_2022.pdf": 4.749270529961848, "c.p._1290_l_2019.pdf": 4.749270529961848, "NROCaseDt.10.01.2012.pdf": 4.749270529961848, "crl.a._270_l_2012.pdf": 4.749270529961848, "C.R.P.193of2013.pdf": 4.749270529961848, "CONST.P.9OF2009.pdf": 4.749270529961848, "Crl.M.A._200_2019.pdf": 4.749270529961848, "j.p._499_2015.pdf": 14.247811589885544, "c.a._1476_2018.pdf": 4.749270529961848, "crl.a._85_2020.pdf": 4.749270529961848, "c.a._25_q_2018_dt_25_01_2024.pdf": 4.749270529961848, "crl.p._406_2017.pdf": 4.749270529961848, "crl.p._1581_2021.pdf": 4.749270529961848, "crl.a._145_l_2017.pdf": 4.749270529961848}, "wrap": {"ConstitutionPetitionNo21OF2007.pdf": 4.704818767391014, "j.p._42_2017.pdf": 4.704818767391014, "Const.P.NO.62OF2010_orderdt06062011.pdf": 4.704818767391014, "j.p._147_2016.pdf": 14.114456302173043, "SMC16of2011_detailed_judgment.pdf": 9.409637534782028, "Crl.A._94_2019.pdf": 4.704818767391014, "c.a._10_2020.pdf": 14.114456302173043, "CP778-779.pdf": 4.704818767391014, "j.p._169_2021.pdf": 9.409637534782028, "c.p._1874_2022.pdf": 4.704818767391014, "c.p._490_k_2020.pdf": 4.704818767391014, "Crl.M.A_183_2019.pdf": 4.704818767391014, "crl.p._14_q_2021.pdf": 4.704818767391014, "const.p._17_2019_detailed_reasoning.pdf": 4.704818767391014, "crl.p._26_p_2020.pdf": 4.704818767391014, "c.a._1476_2018.pdf": 4.704818767391014, "c.p._958_2020.pdf": 9.409637534782028, "Crl.A._133_L_2017.pdf": 4.704818767391014, "c.a._1275_2009.pdf": 4.704818767391014, "j.p._10_2016.pdf": 4.704818767391014, "c.a._472_2013.pdf": 4.704818767391014, "j.p._348_2019.pdf": 4.704818767391014, "crl.p._30_p_2012.pdf": 4.704818767391014}, "wrack": {"SMC16of2011_detailed_judgment.pdf": 7.840312983320164}, "wrangle": {"c.p._2144_l_2011.pdf": 7.840312983320164}, "wrapper": {"Crl.A._496_2009.pdf": 7.840312983320164}}