{"ws": {"hrc_42389-P_2013.pdf": 6.048553514092109, "crl.a._400_2019.pdf": 6.048553514092109, "Crl.A._1-K_2018.pdf": 6.048553514092109, "Crl.A.13-14-15and16of2004and53of2011.pdf": 6.048553514092109, "ConstitutionPetitionNo39of2009.pdf": 6.048553514092109, "c.a._152_2019.pdf": 6.048553514092109}}