{"wt": {"J.P._191_2018.pdf": 14.294331605520437, "Crl.A._94_2019.pdf": 14.294331605520437}}