{"wta": {"c.p._2021_l_2015.pdf": 7.1471658027602185, "c.p._607_2021.pdf": 14.294331605520437}}