{"wunderlich": {"Const.P.12of2010.pdf": 7.1471658027602185, "HR8340OF2010.pdf": 7.1471658027602185}}