{"ww": {"c.a._803_2016.pdf": 6.741700694652055, "c.p._2143_l_2020.pdf": 6.741700694652055, "c.p._181_q_2021.pdf": 6.741700694652055}}