{"wwf": {"Crl.O.P_57_2015.pdf": 11.788805668529701, "c.a._73_2020.pdf": 70.7328340111782, "c.p._943_k_2022.pdf": 5.8944028342648505, "const.p._42_2022_07032024.pdf": 5.8944028342648505, "C.R.P._561_2015.pdf": 5.8944028342648505, "SMCNo25of2009.pdf": 17.68320850279455, "Crl.O.P._57_2015_DN.pdf": 11.788805668529701}}