{"www": {"c.a._1476_2018_urdu.pdf": 4.151433529206228, "C.P.796of2007-UrduTranslation-dt-10-5-2013.pdf": 4.151433529206228, "const.p.42of2011(UrduVersion).pdf": 4.151433529206228, "c.a._803_2016.pdf": 29.060034704443595, "const.p.42of2011.pdf": 4.151433529206228, "ca.a_239_2020.pdf": 4.151433529206228, "HRC7734-G_1003-GOF2009[UrduTranslation].pdf": 4.151433529206228, "c.a._108_2015.pdf": 8.302867058412456, "c.p._2119_2018.pdf": 4.151433529206228, "C.P.796of2007-dt-10-5-2013.pdf": 4.151433529206228, "HRC7734-G_1003-GOF2009[AllegedCorruptionInRentalPowerPlants].pdf": 4.151433529206228, "const.p._9_2010_27122021.pdf": 4.151433529206228, "c.a._749_2021.pdf": 4.151433529206228, "const.p._24_2017.pdf": 4.151433529206228, "h.r.c._12726_b_2020.pdf": 4.151433529206228, "crl.p._345_2022.pdf": 4.151433529206228, "c.p._181_q_2021.pdf": 20.757167646031142, "c.p._446_l_2019.pdf": 4.151433529206228, "c.r.p._255_2021.pdf": 8.302867058412456, "c.a._835_2021.pdf": 8.302867058412456, "h.r.c_11827_s_2018.pdf": 8.302867058412456, "c.a._421_2018.pdf": 4.151433529206228, "c.a._1010_2020.pdf": 8.302867058412456, "C.P._145_2015.pdf": 4.151433529206228, "c.a._1476_2018.pdf": 4.151433529206228, "const.p.20_2013.pdf": 4.151433529206228, "c.p_.4178_2019.pdf": 4.151433529206228, "C.P._1707_2018.pdf": 4.151433529206228, "c.p._280_k_2019.pdf": 4.151433529206228, "c.a._550_2020.pdf": 4.151433529206228, "Const.P.20of2013-dt-28-6-2013.pdf": 4.151433529206228, "c.a._329_2022.pdf": 16.605734116824912, "c.p._4719_2017.pdf": 4.151433529206228, "c.a._1167_2020.pdf": 4.151433529206228, "c.p._3587_2020.pdf": 4.151433529206228, "c.p._4178_2019.pdf": 4.151433529206228, "c.a._180_2015.pdf": 4.151433529206228, "c.p._1165_2021.pdf": 4.151433529206228, "CJD_Pakistan_Steel_Mills_Case.pdf": 8.302867058412456, "c.a._764_2021.pdf": 4.151433529206228}, "wwwwwwwww": {"c.a._803_2016.pdf": 6.741700694652055, "c.a._108_2015.pdf": 6.741700694652055, "c.a._1134_2020.pdf": 6.741700694652055}, "wwwwlastikpapanipa": {"c.a._108_2015.pdf": 7.840312983320164}, "wwwwwyyy": {"c.a._108_2015.pdf": 7.840312983320164}, "wwwww": {"const.p._9_2010_27122021.pdf": 7.840312983320164}, "wwwwwwwwwww": {"const.p._9_2010_27122021.pdf": 7.840312983320164}, "wwwwwww": {"Supreme_Judicial_Council_242_2015.pdf": 7.1471658027602185, "c.p._3587_2020.pdf": 7.1471658027602185}, "wwwwww": {"c.a._731_2016.pdf": 7.840312983320164}, "wwwwtransportat": {"c.a._731_2016.pdf": 7.840312983320164}, "wwwt": {"c.a._1009_2010.pdf": 7.840312983320164}, "wwwne": {"c.a._284_2017.pdf": 7.840312983320164}}