{"x": {"Crl.A._24_2010.pdf": 7.892480491436229, "c.m.a.4343_2014_etc_with_urdu_translation.pdf": 5.261653660957486, "C.A._1171_2013.pdf": 2.630826830478743, "Const.P.127of2012.pdf": 2.630826830478743, "ConstitutionPetitionNo21OF2007.pdf": 7.892480491436229, "crl.p._149_l_2022.pdf": 2.630826830478743, "JR_Judgment_on_Legal_Framework_Order_2002.pdf": 2.630826830478743, "C.R.P._297_2017_Reserved.pdf": 5.261653660957486, "S.M.C._28_2018.pdf": 2.630826830478743, "C.M.A.No.3685of2012-dt-17-1-2013.pdf": 7.892480491436229, "H.R.C._18877_2018_03072019.pdf": 2.630826830478743, "Const.P._38_2016.pdf": 13.154134152393715, "c.p._620_2021.pdf": 2.630826830478743, "Const.P._29_2016_28072016.pdf": 2.630826830478743, "NRO_Judgment.pdf": 2.630826830478743, "c.p._3436_l_2022.pdf": 2.630826830478743, "Const.P._50_2018.pdf": 2.630826830478743, "Const.P.12of2010.pdf": 76.29397808388354, "crl.a._241_2020.pdf": 2.630826830478743, "Const.P.87of2011[UrduVersion].pdf": 2.630826830478743, "C.A._2215_2006.pdf": 2.630826830478743, "Const.P.33_2013.pdf": 2.630826830478743, "Const.P._29_2016.pdf": 10.523307321914972, "Const.P.77of2012[DetailedOrderFinal].pdf": 15.784960982872459, "S.J.C_347_2018.PDF": 2.630826830478743, "Const.P.30of2013.pdf": 2.630826830478743, "c.a.149-150_2010.pdf": 2.630826830478743, "Ref.01_2012_addl.note_HJ.ejaz_afzal_khan.pdf": 26.30826830478743, "ca.a_239_2020.pdf": 2.630826830478743, "HRC7734-G_1003-GOF2009[UrduTranslation].pdf": 52.61653660957486, "CP778-779.pdf": 2.630826830478743, "smc.11_2011.pdf": 105.23307321914972, "H.R.C.19of1996[AsgharKhanCase]DetailedReasons.pdf": 2.630826830478743, "C.P._2280_2015.pdf": 2.630826830478743, "smc_1_2014.pdf": 2.630826830478743, "C.A._904_2013.pdf": 2.630826830478743, "C.A._514_2008.pdf": 5.261653660957486, "CJD_Reference by_the_President_of_Pakistan_under_Article_186.pdf": 5.261653660957486, "crp.328-329_2013.pdf": 2.630826830478743, "C.P.No.1017-Lof2011.pdf": 7.892480491436229, "const.p._21_2022_15092023.pdf": 10.523307321914972, "H.R.C._32642_2018.pdf": 2.630826830478743, "c.a._730_2015.pdf": 2.630826830478743, "HRC7734-G_1003-GOF2009[AllegedCorruptionInRentalPowerPlants].pdf": 36.8315756267024, "C.M.A._3221_2012.pdf": 2.630826830478743, "c.a._749_2021.pdf": 2.630826830478743, "const.p._24_2017.pdf": 2.630826830478743, "C.A._353_2015.pdf": 2.630826830478743, "Crl.A._104_2010.pdf": 2.630826830478743, "C.A._56_L_2018.pdf": 2.630826830478743, "c.a._1355_2006.pdf": 7.892480491436229, "cma.3685-3686_of_2012_in_hrc.7734-g_of_2009_dt_31.01.2013.pdf": 5.261653660957486, "C.A._176_2015.pdf": 2.630826830478743, "c.p._283_l_2018.pdf": 2.630826830478743, "C.A._49_2015.pdf": 2.630826830478743, "c.a._1660_2014.pdf": 2.630826830478743, "CMA No.5144of2011.pdf": 7.892480491436229, "c.a._1000_2020.pdf": 10.523307321914972, "c.p._510_2019.pdf": 7.892480491436229, "const.p.6_2023.pdf": 2.630826830478743, "c.p._4296_2019.pdf": 2.630826830478743, "c.a._1618_2019.pdf": 2.630826830478743, "c.r.p._296_2020_04022022.pdf": 2.630826830478743, "JR_Detailed_Judgment_in_Referendum_Case.pdf": 2.630826830478743, "Const.P.No.77of2012[ShortOrder2.8.2012].pdf": 2.630826830478743, "const.p_32_2023_dt_23-10-23.pdf": 2.630826830478743, "Const.P.87of2011.pdf": 7.892480491436229, "c.p._490_k_2020.pdf": 2.630826830478743, "C.A._27_2009.pdf": 5.261653660957486, "c.p._1942_2022.pdf": 2.630826830478743, "Crl.M.A_183_2019.pdf": 2.630826830478743, "JR_Constitution_Petition_No._15_17-24_and_512_of_2002.pdf": 2.630826830478743, "c.m.a.no20&21of2009.pdf": 2.630826830478743, "C.A._1563_2014.pdf": 2.630826830478743, "crl.a._67_l_2020.pdf": 2.630826830478743, "crl.sh.a._16_2017.pdf": 2.630826830478743, "c.p._398_l_2018.pdf": 2.630826830478743, "h.r.c_11827_s_2018.pdf": 2.630826830478743, "Const.P._2_2011.pdf": 2.630826830478743, "Crl.A.140of2005.pdf": 5.261653660957486, "const.p.37_2012_final.pdf": 5.261653660957486, "c.p._5178_2021.pdf": 2.630826830478743, "crl.sh.a._23_2017.pdf": 2.630826830478743, "crl.a._139_2022.pdf": 2.630826830478743, "c.a._1095_2018_13092019.pdf": 5.261653660957486, "c.r.p._292_2021_detailed.pdf": 2.630826830478743, "CONST.P.9OF2009.pdf": 2.630826830478743, "const.p._21_2022_30102023.pdf": 2.630826830478743, "j.p._255_2018.pdf": 2.630826830478743, "const.p._21_2023_11082023.pdf": 7.892480491436229, "C.A._307-L_2015.pdf": 5.261653660957486, "Const.Petition.24_2011_dt02062011.pdf": 7.892480491436229, "C.P._3551_2015.pdf": 10.523307321914972, "c.p._492_k_2023.pdf": 2.630826830478743, "const.p._39_16122019.pdf": 2.630826830478743, "j.p._943_2017.pdf": 2.630826830478743, "C.P._1069_K_2018.pdf": 5.261653660957486, "crl.a._110_2020.pdf": 2.630826830478743, "crl.p._335_2020.pdf": 5.261653660957486, "ca_407_2013.pdf": 7.892480491436229, "Const.P.No.33and34of2005-dt-27-6-2013.pdf": 2.630826830478743, "crl.a._398_2020.pdf": 2.630826830478743, "c.p._329_k_2022.pdf": 2.630826830478743, "c.a._364_2023.pdf": 2.630826830478743, "c.p._1125_2018.pdf": 2.630826830478743, "c.a._1460_2013.pdf": 10.523307321914972, "C.A.800Lof2013etc.pdf": 2.630826830478743, "C.A._158_2006.pdf": 2.630826830478743, "crl.p._457_l_2016.pdf": 7.892480491436229, "c.a._513_2014.pdf": 2.630826830478743, "c.a._1476_2018.pdf": 5.261653660957486, "c.p._509_p_2012.pdf": 2.630826830478743, "c.m.a._7084_2020.pdf": 23.677441474308687, "S.M.C._3_2018.pdf": 2.630826830478743, "crl.a_413-414_2013_18.02.2014.pdf": 31.569921965744918, "const.p._5_2023_14042023.pdf": 2.630826830478743, "const.p._32_2023_03nov2023.pdf": 2.630826830478743, "C.A._767_2014.pdf": 2.630826830478743, "c.r.p._420_2016.pdf": 7.892480491436229, "const.p.6_2011_final.pdf": 5.261653660957486, "const.p._24_2023_f.pdf": 18.4157878133512, "c.a._908_2015.pdf": 2.630826830478743, "c.p._593_l_2021.pdf": 5.261653660957486, "j.p._450_2015.pdf": 5.261653660957486, "crl.p._1296_l_2013.pdf": 5.261653660957486, "const.p._64_2013.pdf": 2.630826830478743, "crl.a._120_2019.pdf": 5.261653660957486, "CMA2745of2009etc.pdf": 2.630826830478743, "c.p._280_k_2019.pdf": 5.261653660957486, "C.R.P._561_2015.pdf": 2.630826830478743, "c.a._323_2018.pdf": 2.630826830478743, "Const.P.77of2010-dt-21-12-2012.pdf": 7.892480491436229, "c.a._1521_2018.pdf": 5.261653660957486, "c.p._1920_2022.pdf": 5.261653660957486, "C.M.A._376-K_2014.pdf": 2.630826830478743, "crl.a._239_2020.pdf": 2.630826830478743, "JR_Varan_Case.pdf": 2.630826830478743, "Crl.A._21-K_2016.pdf": 2.630826830478743, "Crl.A._617_2017.pdf": 2.630826830478743, "Crl.P.No.426of2009&Crl.A.No.pdf": 2.630826830478743, "c.a._329_2022.pdf": 2.630826830478743, "CJD_Constitution_Petition_No_36_of_2005.pdf": 2.630826830478743, "C.A._843_2012.pdf": 2.630826830478743, "c.m.appeal._47_2020.pdf": 7.892480491436229, "c.p.2124_2013.pdf": 2.630826830478743, "c.a._1011_2016.pdf": 2.630826830478743, "c.p._3944_2019.pdf": 2.630826830478743, "ICA3,4,6TO11of2011dt2011.04.pdf": 2.630826830478743, "Crl.A._298_L_2017.pdf": 7.892480491436229, "crl.p._1246_2019.pdf": 2.630826830478743, "SMCNo25of2009.pdf": 7.892480491436229, "cp_1545_2009.pdf": 2.630826830478743, "CMA.2243-2010.pdf": 5.261653660957486, "S.M.C.16of2011dt-22-3-2013.pdf": 2.630826830478743, "crl.r.p._2_2024.pdf": 2.630826830478743, "C.A._1023_2016.pdf": 5.261653660957486, "C.A._1262_2018.pdf": 2.630826830478743, "C.A.876-879of2005.pdf": 2.630826830478743, "C.P._3228_2015.pdf": 2.630826830478743, "const.p._39_2019.pdf": 2.630826830478743, "c.r.p._432_k_2022.pdf": 2.630826830478743, "c.p._1854_l_2022.pdf": 5.261653660957486, "CJD_Section 2-A_Case_as_on_26_06_2006.pdf": 2.630826830478743, "Const.P.31of2011.pdf": 5.261653660957486, "c.a._508_2020.pdf": 5.261653660957486, "smc.9_2011.pdf": 21.046614643829944, "crl.p._1004_2019.pdf": 7.892480491436229, "H.R.C._10842_P_2018.pdf": 2.630826830478743, "c.a._2797_2022.pdf": 2.630826830478743, "c.p._342_k_2020.pdf": 2.630826830478743, "C.R.P._309_2013.pdf": 105.23307321914972, "Crl.A._148_L_2017.pdf": 18.4157878133512, "C.M.A._8215_2016.pdf": 5.261653660957486, "c.p._4700_2021.pdf": 26.30826830478743,