{"xi": {"c.r.p._292_2021_sacked_employees.pdf": 6.411167990181057, "c.m.a.4343_2014_etc_with_urdu_translation.pdf": 6.411167990181057, "C.A._1171_2013.pdf": 3.2055839950905285, "c.p._303_2019.pdf": 3.2055839950905285, "ConstitutionPetitionNo21OF2007.pdf": 9.616751985271586, "JR_Judgment_on_Legal_Framework_Order_2002.pdf": 3.2055839950905285, "C.R.P._297_2017_Reserved.pdf": 3.2055839950905285, "C.M.A.No.3685of2012-dt-17-1-2013.pdf": 3.2055839950905285, "H.R.C._18877_2018_03072019.pdf": 3.2055839950905285, "C.A._90_2011_UrduVersion.pdf": 3.2055839950905285, "c.p._620_2021.pdf": 3.2055839950905285, "Const.P._29_2016_28072016.pdf": 3.2055839950905285, "NRO_Judgment.pdf": 6.411167990181057, "c.p._3436_l_2022.pdf": 169.89595173979802, "Const.P._50_2018.pdf": 6.411167990181057, "Const.P.12of2010.pdf": 67.3172638969011, "Const.P._29_2016.pdf": 25.644671960724228, "C.R.P._125_2014.pdf": 3.2055839950905285, "Const.P.77of2012[DetailedOrderFinal].pdf": 22.4390879656337, "crl.p._907_2020.pdf": 6.411167990181057, "c.p._2243_l_2019.pdf": 3.2055839950905285, "S.J.C_347_2018.PDF": 3.2055839950905285, "Ref.01_2012_addl.note_HJ.ejaz_afzal_khan.pdf": 12.822335980362114, "HRC7734-G_1003-GOF2009[UrduTranslation].pdf": 16.027919975452644, "CP778-779.pdf": 6.411167990181057, "C.A._90_2011_EnglishVersion.pdf": 3.2055839950905285, "H.R.C.19of1996[AsgharKhanCase]DetailedReasons.pdf": 3.2055839950905285, "JR_Judgment_on_17th_Amendmend_and_Presidents_Uniform_Case.pdf": 3.2055839950905285, "s.m.c._4_2022.pdf": 6.411167990181057, "c.a._71_p_2014.pdf": 3.2055839950905285, "CJD_Reference by_the_President_of_Pakistan_under_Article_186.pdf": 6.411167990181057, "const.p._21_2022_15092023.pdf": 12.822335980362114, "C.M.A.3325_of_2012_dt_31-1-2013_ENG_URDU.pdf.pdf": 6.411167990181057, "HRC7734-G_1003-GOF2009[AllegedCorruptionInRentalPowerPlants].pdf": 16.027919975452644, "const.p._24_2017.pdf": 3.2055839950905285, "C.A._176_2015.pdf": 3.2055839950905285, "CMA No.5144of2011.pdf": 6.411167990181057, "const.p.6_2023.pdf": 6.411167990181057, "C.A.212and213OF2011.pdf": 3.2055839950905285, "C.P._549-P_2015.pdf": 6.411167990181057, "JR_Detailed_Judgment_in_Referendum_Case.pdf": 9.616751985271586, "const.p._6_2023_07032024.pdf": 9.616751985271586, "Const.P.No.77of2012[ShortOrder2.8.2012].pdf": 9.616751985271586, "Const.P.87of2011.pdf": 6.411167990181057, "C.A._27_2009.pdf": 6.411167990181057, "Crl.M.A_183_2019.pdf": 3.2055839950905285, "JR_Constitution_Petition_No._15_17-24_and_512_of_2002.pdf": 3.2055839950905285, "c.p._2129_2020.pdf": 3.2055839950905285, "C.A._1563_2014.pdf": 3.2055839950905285, "C.R.P.193of2013.pdf": 3.2055839950905285, "Const.P._2_2011.pdf": 3.2055839950905285, "Crl.A.140of2005.pdf": 22.4390879656337, "const.p.37_2012_final.pdf": 3.2055839950905285, "crl.a._139_2022.pdf": 3.2055839950905285, "c.a._1095_2018_13092019.pdf": 6.411167990181057, "CONST.P.9OF2009.pdf": 3.2055839950905285, "Crl.M.A._200_2019.pdf": 6.411167990181057, "const.p._21_2023_11082023.pdf": 9.616751985271586, "Const.Petition.24_2011_dt02062011.pdf": 3.2055839950905285, "c.p._407_k_2019.pdf": 3.2055839950905285, "const.p._39_16122019.pdf": 3.2055839950905285, "C.P._1069_K_2018.pdf": 6.411167990181057, "cas_727-730_777_778_2014_etc.pdf": 3.2055839950905285, "Const.P.No.33and34of2005-dt-27-6-2013.pdf": 3.2055839950905285, "crl.a._398_2020.pdf": 3.2055839950905285, "c.a._513_2014.pdf": 6.411167990181057, "c.m.a._7084_2020.pdf": 35.261423945995816, "S.M.C._3_2018.pdf": 3.2055839950905285, "const.p._5_2023_14042023.pdf": 3.2055839950905285, "Const.P.91of2011Dt-23-8-2012.pdf": 3.2055839950905285, "const.p.6_2011_final.pdf": 6.411167990181057, "const.p._24_2023_f.pdf": 6.411167990181057, "const.p._64_2013.pdf": 3.2055839950905285, "smc.16of2011.pdf": 3.2055839950905285, "CMA2745of2009etc.pdf": 3.2055839950905285, "c.p._42_2024_25012024.pdf": 3.2055839950905285, "c.p._280_k_2019.pdf": 6.411167990181057, "const.p._6_2023_dn.pdf": 3.2055839950905285, "c.p._6482_2021.pdf": 3.2055839950905285, "c.r.p._35_k_2020.pdf": 9.616751985271586, "C.M.A._376-K_2014.pdf": 6.411167990181057, "JR_Varan_Case.pdf": 3.2055839950905285, "Crl.A._617_2017.pdf": 3.2055839950905285, "Crl.P.No.426of2009&Crl.A.No.pdf": 3.2055839950905285, "C.A._843_2012.pdf": 3.2055839950905285, "C.A._1255_2012.pdf": 3.2055839950905285, "Const.P._35_2016_dt_15_12_2017.pdf": 3.2055839950905285, "ICA3,4,6TO11of2011dt2011.04.pdf": 3.2055839950905285, "crl.p._1091_2021.pdf": 3.2055839950905285, "s.m.c._4_2021_26082021.pdf": 6.411167990181057, "SMCNo25of2009.pdf": 6.411167990181057, "CMA.2243-2010.pdf": 6.411167990181057, "S.M.C.16of2011dt-22-3-2013.pdf": 3.2055839950905285, "C.P._3228_2015.pdf": 3.2055839950905285, "const.p._39_2019.pdf": 3.2055839950905285, "CJD_Section 2-A_Case_as_on_26_06_2006.pdf": 3.2055839950905285, "c.a._65_k_2019.pdf": 3.2055839950905285, "c.p._342_k_2020.pdf": 3.2055839950905285, "C.M.A._204_2017.pdf": 9.616751985271586, "C.M.A._8215_2016.pdf": 6.411167990181057, "CPs987-989OF2011-DT19.10.2011.pdf": 3.2055839950905285, "c.a._764_2021.pdf": 3.2055839950905285, "Const.P.5and15-HRC14144-DetailedReasons.pdf": 3.2055839950905285}}