{"xl": {"Const.P._29_2016.pdf": 5.537727890326118, "Ref.01_2012_addl.note_HJ.ejaz_afzal_khan.pdf": 5.537727890326118, "Const.P.NO.62OF2010_orderdt06062011.pdf": 5.537727890326118, "HRC7734-G_1003-GOF2009[UrduTranslation].pdf": 11.075455780652236, "smc.24_2010.pdf": 5.537727890326118, "HRC7734-G_1003-GOF2009[AllegedCorruptionInRentalPowerPlants].pdf": 11.075455780652236, "C.A._1084_2008.pdf": 5.537727890326118, "c.p._4703_2017.pdf": 5.537727890326118, "c.r.p._432_k_2022.pdf": 16.613183670978355, "C.A._622 _2008.pdf": 5.537727890326118}}