{"xli": {"c.p._1193_2020.pdf": 4.544476117315835, "Const.P.77of2012[DetailedOrderFinal].pdf": 4.544476117315835, "c.p._3923_2016.pdf": 18.17790446926334, "c.a._307_2017.pdf": 13.633428351947504, "c.a._278_2015.pdf": 27.26685670389501, "c.p._1877_l_2016.pdf": 9.08895223463167, "c.a._42_p_2016.pdf": 4.544476117315835, "const.p._21_2023_11082023.pdf": 9.08895223463167, "c.p._1743_2020_03032023.pdf": 4.544476117315835, "c.p._1159_2019.pdf": 4.544476117315835, "c.a._1683_2014.pdf": 4.544476117315835, "c.p._2032_2019.pdf": 4.544476117315835, "c.p._4703_2017.pdf": 31.811332821210843, "c.p._1692_l_2022.pdf": 45.44476117315835, "c.a._20_2014.pdf": 4.544476117315835, "C.M.A._2593_2008.pdf": 13.633428351947504, "c.p._3989_2022.pdf": 4.544476117315835, "ConstP.No.53of2007andConst.P.83of2012.pdf": 4.544476117315835, "c.p._1369_l_2019.pdf": 4.544476117315835, "c.p._2717_l_2015.pdf": 4.544476117315835, "C.P._3095_2017.pdf": 9.08895223463167, "c.a._2015_2022.pdf": 4.544476117315835, "c.p._1600_2021_dt_25_01_2024.pdf": 4.544476117315835, "c.a._472_2013.pdf": 4.544476117315835, "c.p._1854_l_2022.pdf": 13.633428351947504, "C.A._510_2012.pdf": 4.544476117315835, "C.A._1646_2000.pdf": 4.544476117315835}, "xlix": {"c.p._3224_2019.pdf": 17.282614324920985, "c.a._108_2015.pdf": 5.760871441640328, "c.a._2150_2019.pdf": 5.760871441640328, "c.p._490_k_2020.pdf": 5.760871441640328, "c.p._389_2022.pdf": 5.760871441640328, "c.p._3587_2020.pdf": 5.760871441640328, "C.A.876-879of2005.pdf": 5.760871441640328, "C.A._1049_2011.pdf": 5.760871441640328}, "xliii": {"C.P.No.1017-Lof2011.pdf": 6.741700694652055, "C.A.669-L_2013.pdf": 6.741700694652055, "j.p._499_2015.pdf": 13.48340138930411}, "xliv": {"JR_Detailed_Judgment_in_Referendum_Case.pdf": 7.1471658027602185, "const.p.39_90_2011.pdf": 7.1471658027602185}, "xlii": {"C.R.P._100_2016.pdf": 6.048553514092109, "Const.P._24_2012.pdf": 6.048553514092109, "c.p._1290_l_2019.pdf": 6.048553514092109, "c.a._342_2014.pdf": 6.048553514092109, "crl.a.19of2012.pdf": 6.048553514092109, "c.a._722_2012.pdf": 6.048553514092109}}