{"xlvii": {"Const.P.127of2012.pdf": 112.70271182862402, "Const.P._29_2016.pdf": 4.5081084731449605, "C.A._233_2015.pdf": 9.016216946289921, "crp.328-329_2013.pdf": 13.52432541943488, "c.r.p_537_2019.pdf": 4.5081084731449605, "C.A._353_2015.pdf": 9.016216946289921, "c.r.p._421_2020_dissenting_notes.pdf": 9.016216946289921, "CMA No.5144of2011.pdf": 18.032433892579842, "c.p._181_q_2021.pdf": 4.5081084731449605, "c.r.p._296_2020_29012022.pdf": 18.032433892579842, "c.r.p._296_2020_04022022.pdf": 4.5081084731449605, "C.R.P._100_2016.pdf": 40.57297625830464, "C.R.P._142_2015.pdf": 4.5081084731449605, "C.A._27_2009.pdf": 9.016216946289921, "c.r.p._421_2020.pdf": 9.016216946289921, "const.p._21_2023_11082023.pdf": 45.08108473144961, "C.P._816_2009.pdf": 4.5081084731449605, "C.P._816-L_2009.pdf": 4.5081084731449605, "crl.p._994_2020.pdf": 4.5081084731449605, "c.m.a._7084_2020.pdf": 4.5081084731449605, "const.p._6_2023_dt_05_01_2023.pdf": 9.016216946289921, "CMA2745of2009etc.pdf": 211.88109823781315, "c.p._280_k_2019.pdf": 4.5081084731449605, "C.R.P._561_2015.pdf": 9.016216946289921, "c.a._1521_2018.pdf": 4.5081084731449605, "c.m.appeal._47_2020.pdf": 4.5081084731449605, "c.r.p._432_k_2022.pdf": 27.04865083886976, "C.R.P._247_ 2011.pdf": 4.5081084731449605}, "xlv": {"c.p._620_2021.pdf": 9.498541059923696, "NRO_Judgment.pdf": 18.99708211984739, "c.a._1520_2016.pdf": 4.749270529961848, "Const.P._29_2016.pdf": 4.749270529961848, "crl.a._95_2019.pdf": 9.498541059923696, "crl.p._1667_2021.pdf": 4.749270529961848, "crl.p._1359_2023.pdf": 4.749270529961848, "const.p._21_2022_15092023.pdf": 9.498541059923696, "crl.p._537_2021.pdf": 4.749270529961848, "crl.m.a._62_p_2018.pdf": 23.74635264980924, "JR_Detailed_Judgment_in_Referendum_Case.pdf": 4.749270529961848, "C.A._27_2009.pdf": 9.498541059923696, "Crl.A._210_2015.pdf": 9.498541059923696, "Crl.A.140of2005.pdf": 23.74635264980924, "S.M.C._03_2017.pdf": 9.498541059923696, "c.p._1775_2022.pdf": 14.247811589885544, "crl.p._1431_2019.pdf": 4.749270529961848, "C.P._3186_2015.pdf": 4.749270529961848, "C.M.A._2593_2008.pdf": 4.749270529961848, "Crl.A._135_2013.pdf": 4.749270529961848, "c.p._3797_2020.pdf": 4.749270529961848, "c.a._1692_2021.pdf": 4.749270529961848}, "xlviii": {"C.P.No.1017-Lof2011.pdf": 6.454018622200273, "c.a._471_l_2012.pdf": 6.454018622200273, "c.p._800_p_2019.pdf": 6.454018622200273, "c.m.a._2012_2023_10042023.pdf": 12.908037244400546}, "xlvi": {"crl.a.19of2012.pdf": 7.1471658027602185, "JR_Varan_Case.pdf": 7.1471658027602185}}