{"xv": {"C.A._1171_2013.pdf": 4.056123349401903, "ConstitutionPetitionNo21OF2007.pdf": 4.056123349401903, "C.R.P._297_2017_Reserved.pdf": 4.056123349401903, "Const.P._29_2016_28072016.pdf": 4.056123349401903, "C.A._3_2018_dt-14-9-2018.pdf": 12.168370048205709, "Const.P._50_2018.pdf": 8.112246698803807, "Const.P.12of2010.pdf": 16.224493397607613, "Const.P._29_2016.pdf": 8.112246698803807, "Const.P.77of2012[DetailedOrderFinal].pdf": 4.056123349401903, "C.A._3_2018.pdf": 12.168370048205709, "Const.P.NO.62OF2010_orderdt06062011.pdf": 4.056123349401903, "s.m.c._1_2022_detailed.pdf": 12.168370048205709, "crl.a._95_2019.pdf": 4.056123349401903, "crl.p._1359_2023.pdf": 4.056123349401903, "CJD_Reference by_the_President_of_Pakistan_under_Article_186.pdf": 4.056123349401903, "H.R.C._32642_2018.pdf": 4.056123349401903, "crl.p._883_l_2022.pdf": 8.112246698803807, "C.R.P._383_2005.pdf": 8.112246698803807, "CMA No.5144of2011.pdf": 4.056123349401903, "Const.P.No.77of2012[ShortOrder2.8.2012].pdf": 4.056123349401903, "C.P._1340_2014.pdf": 4.056123349401903, "C.A._27_2009.pdf": 8.112246698803807, "Crl.M.A_183_2019.pdf": 4.056123349401903, "crl.a.19of2012.pdf": 20.280616747009518, "c.p._479_k_2020.pdf": 4.056123349401903, "const.p._39_16122019.pdf": 4.056123349401903, "C.A._654_2010.pdf": 4.056123349401903, "C.A._167-Q_2005.pdf": 4.056123349401903, "C.A.269_ETC_OF_2011.pdf": 4.056123349401903, "S.M.C._3_2018.pdf": 4.056123349401903, "const.p._5_2023_14042023.pdf": 4.056123349401903, "const.p._24_2023_f.pdf": 4.056123349401903, "crl.p._163_2020.pdf": 4.056123349401903, "C.M.A._376-K_2014.pdf": 4.056123349401903, "Crl.A._617_2017.pdf": 4.056123349401903, "C.A._800_2011.pdf": 4.056123349401903, "c.a._1011_2016.pdf": 12.168370048205709, "C.P._3228_2015.pdf": 4.056123349401903, "const.p._39_2019.pdf": 4.056123349401903, "c.p._342_k_2020.pdf": 4.056123349401903, "C.M.A._8215_2016.pdf": 8.112246698803807, "JR_Fecto_Belarus_Tractor_Limited_Case.pdf": 4.056123349401903, "c.a._799_2007.pdf": 4.056123349401903, "c.a._764_2021.pdf": 4.056123349401903}}