{"xvi": {"C.A._1171_2013.pdf": 3.6208052781440574, "ConstitutionPetitionNo21OF2007.pdf": 3.6208052781440574, "C.R.P._297_2017_Reserved.pdf": 3.6208052781440574, "Const.P._29_2016_28072016.pdf": 3.6208052781440574, "Crl.O.P_57_2015.pdf": 3.6208052781440574, "NRO_Judgment.pdf": 7.241610556288115, "Const.P._50_2018.pdf": 3.6208052781440574, "Const.P.12of2010.pdf": 10.862415834432172, "Const.P._29_2016.pdf": 10.862415834432172, "Const.P.77of2012[DetailedOrderFinal].pdf": 3.6208052781440574, "s.m.c._1_2022_detailed.pdf": 7.241610556288115, "CJD_Reference by_the_President_of_Pakistan_under_Article_186.pdf": 3.6208052781440574, "crp.328-329_2013.pdf": 10.862415834432172, "crl.p._883_l_2022.pdf": 7.241610556288115, "crl.p._614_2017.pdf": 3.6208052781440574, "Crl.M.A_693_2018.pdf": 7.241610556288115, "CMA No.5144of2011.pdf": 3.6208052781440574, "c.p._510_2019.pdf": 3.6208052781440574, "C.P._1662_2016.pdf": 18.104026390720286, "Const.P.No.77of2012[ShortOrder2.8.2012].pdf": 3.6208052781440574, "C.A._27_2009.pdf": 7.241610556288115, "C.A._26_2009.pdf": 3.6208052781440574, "Crl.M.A_183_2019.pdf": 3.6208052781440574, "C.A._359_2013.pdf": 7.241610556288115, "C.A._1219_2014.pdf": 10.862415834432172, "NROCaseDt.10.01.2012.pdf": 3.6208052781440574, "Crl.M.A._1379_2017_Additional_Note.pdf": 3.6208052781440574, "crl.a.19of2012.pdf": 10.862415834432172, "S.M.C._03_2017.pdf": 18.104026390720286, "C.P._3551_2015.pdf": 18.104026390720286, "c.a._937_2018.pdf": 3.6208052781440574, "j.p._499_2015.pdf": 7.241610556288115, "Crl.A._137_L_2010.pdf": 7.241610556288115, "C.A._1797_2005.pdf": 3.6208052781440574, "Const.P.No.33and34of2005-dt-27-6-2013.pdf": 7.241610556288115, "C.A._194_2015.pdf": 3.6208052781440574, "C.A._1086_2014.pdf": 7.241610556288115, "c.p._34_2022.pdf": 3.6208052781440574, "c.a._1772_2008.pdf": 3.6208052781440574, "S.M.C._3_2018.pdf": 3.6208052781440574, "const.p._5_2023_14042023.pdf": 3.6208052781440574, "C.A._1033_2014.pdf": 3.6208052781440574, "c.p._720_2020.pdf": 65.17449500659303, "crl.p._225_2023.pdf": 3.6208052781440574, "c.r.p._526_2020.pdf": 3.6208052781440574, "crl.a._48_2021.pdf": 3.6208052781440574, "Crl.A._617_2017.pdf": 3.6208052781440574, "Crl.P.No.426of2009&Crl.A.No.pdf": 7.241610556288115, "c.a._268_2020.pdf": 3.6208052781440574, "Const.P._35_2016_dt_15_12_2017.pdf": 3.6208052781440574, "Crl.A.126of2012.pdf": 54.312079172160864, "s.m.c._4_2021_26082021.pdf": 3.6208052781440574, "Crl.O.P.6of2012.pdf": 7.241610556288115, "C.A._1169_2014.pdf": 21.724831668864343, "Crl.A._135_2013.pdf": 3.6208052781440574, "c.p.1795_2022.pdf": 3.6208052781440574, "c.p._3134_2022.pdf": 3.6208052781440574, "C.P._3228_2015.pdf": 3.6208052781440574, "CJD_Section 2-A_Case_as_on_26_06_2006.pdf": 3.6208052781440574, "c.p._962_2016 .pdf": 3.6208052781440574, "c.p._287_p_2016.pdf": 3.6208052781440574, "c.p._342_k_2020.pdf": 3.6208052781440574, "C.M.A._8215_2016.pdf": 7.241610556288115, "CPs987-989OF2011-DT19.10.2011.pdf": 3.6208052781440574, "crl.a._39_k_2022.pdf": 3.6208052781440574, "c.a._764_2021.pdf": 3.6208052781440574, "crl.p._35_q_2017.pdf": 3.6208052781440574, "c.a._404_2014.pdf": 3.6208052781440574}, "xvii": {"C.A._1171_2013.pdf": 3.729439119146853, "Const.P.127of2012.pdf": 3.729439119146853, "ConstitutionPetitionNo21OF2007.pdf": 7.458878238293706, "Order-DNC-nd-note.pdf": 3.729439119146853, "c.a._1520_2016.pdf": 3.729439119146853, "c.p._3436_l_2022.pdf": 7.458878238293706, "Const.P._50_2018.pdf": 7.458878238293706, "Const.P.12of2010.pdf": 11.188317357440559, "Const.P._29_2016.pdf": 7.458878238293706, "Const.P.77of2012[DetailedOrderFinal].pdf": 3.729439119146853, "crl.p._907_2020.pdf": 7.458878238293706, "Const.P._36_2016_dt_15_12_2017.pdf": 3.729439119146853, "C.P.796of2007-dt-10-5-2013.pdf": 7.458878238293706, "CJD_Reference by_the_President_of_Pakistan_under_Article_186.pdf": 3.729439119146853, "c.m.appeal_39_2021.pdf": 11.188317357440559, "Crl.O.P.89of2011.pdf": 52.21214766805594, "Const.P_3_2014.pdf": 3.729439119146853, "c.p._1057_2019.pdf": 3.729439119146853, "CMA No.5144of2011.pdf": 3.729439119146853, "c.p._510_2019.pdf": 3.729439119146853, "const.p.6_2023.pdf": 3.729439119146853, "c.a._339_2016.pdf": 3.729439119146853, "c.a._499_2017.pdf": 3.729439119146853, "Const.P.No.77of2012[ShortOrder2.8.2012].pdf": 3.729439119146853, "C.A._27_2009.pdf": 7.458878238293706, "Crl.M.A_183_2019.pdf": 3.729439119146853, "c.m.a.no20&21of2009.pdf": 7.458878238293706, "H.R.C._69229_P_2018.pdf": 3.729439119146853, "c.r.p._758_2019.pdf": 3.729439119146853, "crl.a.19of2012.pdf": 22.376634714881117, "const.p._21_2023_11082023.pdf": 3.729439119146853, "C.A._1509_2016.pdf": 3.729439119146853, "C.P._3551_2015.pdf": 22.376634714881117, "c.p._920_p_2023.pdf": 29.835512953174824, "c.a._396_2018.pdf": 3.729439119146853, "C.A._158_2006.pdf": 7.458878238293706, "c.a._1476_2018.pdf": 3.729439119146853, "C.A.269_ETC_OF_2011.pdf": 7.458878238293706, "S.M.C._3_2018.pdf": 3.729439119146853, "const.p._5_2023_14042023.pdf": 3.729439119146853, "c.p._611_l_2018.pdf": 3.729439119146853, "crl.r.p._5_2020.pdf": 3.729439119146853, "crl.p._225_2023.pdf": 3.729439119146853, "C.M.A._376-K_2014.pdf": 3.729439119146853, "Crl.A._617_2017.pdf": 3.729439119146853, "c.a._2186_2017.pdf": 3.729439119146853, "c.a._2619_2016.pdf": 3.729439119146853, "Const.P._35_2016_dt_15_12_2017.pdf": 3.729439119146853, "C.P._529_2015.pdf": 7.458878238293706, "c.p._3989_2022.pdf": 3.729439119146853, "c.a._491_2012.pdf": 3.729439119146853, "C.A._908_2012.pdf": 3.729439119146853, "c.p._264_p_2010.pdf": 18.647195595734264, "C.A._1023_2016.pdf": 3.729439119146853, "CJD_Section 2-A_Case_as_on_26_06_2006.pdf": 3.729439119146853, "c.a._508_2020.pdf": 3.729439119146853, "c.p._3985_2019.pdf": 33.564952072321674, "c.a._2797_2022.pdf": 3.729439119146853, "c.p._342_k_2020.pdf": 3.729439119146853, "C.M.A._8215_2016.pdf": 7.458878238293706, "c.a._764_2021.pdf": 3.729439119146853}, "xviii": {"C.A._1171_2013.pdf": 3.9901653816101055, "NRO_Judgment.pdf": 7.980330763220211, "Const.P.40of2012-DetailJudgment[UrduTranslation]-dt-3.7.2012.pdf": 3.9901653816101055, "Const.P._50_2018.pdf": 7.980330763220211, "Const.P.12of2010.pdf": 11.970496144830317, "S.M.C._20_2016.pdf": 7.980330763220211, "Const.P._29_2016.pdf": 19.950826908050526, "Const.P.77of2012[DetailedOrderFinal].pdf": 3.9901653816101055, "CJD_Reference by_the_President_of_Pakistan_under_Article_186.pdf": 3.9901653816101055, "C.A._137-K_1976.pdf": 3.9901653816101055, "C.A._353_2015.pdf": 3.9901653816101055, "c.a._1355_2006.pdf": 3.9901653816101055, "CMA No.5144of2011.pdf": 3.9901653816101055, "c.p._510_2019.pdf": 95.76396915864254, "C.P._1662_2016.pdf": 7.980330763220211, "crl.p._230_2019.pdf": 3.9901653816101055, "Crl.P._105_2017.pdf": 3.9901653816101055, "Const.P.No.77of2012[ShortOrder2.8.2012].pdf": 3.9901653816101055, "C.A._27_2009.pdf": 15.960661526440422, "C.A._26_2009.pdf": 7.980330763220211, "Crl.M.A_183_2019.pdf": 3.9901653816101055, "C.M.A._3325_2012_OrderDated_21-8-15.pdf": 3.9901653816101055, "Crl.A.140of2005.pdf": 3.9901653816101055, "c.p._2633_2019.pdf": 7.980330763220211, "C.A._1213_2015.pdf": 3.9901653816101055, "C.P._2297_2018.pdf": 3.9901653816101055, "c.a._1476_2018.pdf": 3.9901653816101055, "S.M.C._3_2018.pdf": 3.9901653816101055, "const.p._5_2023_14042023.pdf": 3.9901653816101055, "const.p._24_2023_f.pdf": 11.970496144830317, "c.p._2210_l_2020.pdf": 3.9901653816101055, "c.p._720_2020.pdf": 19.950826908050526, "c.a._1798_2016.pdf": 3.9901653816101055, "c.p._1630_2018.pdf": 3.9901653816101055, "ConstitutionPetitionNo39of2009.pdf": 3.9901653816101055, "Const.P._35_2016_dt_15_12_2017.pdf": 3.9901653816101055, "c.p._1554_l_2020.pdf": 3.9901653816101055, "const.p._48_2019.pdf": 3.9901653816101055, "C.A._908_2012.pdf": 3.9901653816101055, "Crl.O.P.6of2012.pdf": 3.9901653816101055, "Const.P.73of2011.pdf": 3.9901653816101055, "c.p._342_k_2020.pdf": 3.9901653816101055, "C.A._622 _2008.pdf": 3.9901653816101055, "C.M.A._8215_2016.pdf": 7.980330763220211,