{"xx": {"c.a._1476_2018_urdu.pdf": 8.45879014135188, "Const.P.31of2011etc.pdf": 4.22939507067594, "Const.P.12of2010.pdf": 12.68818521202782, "Const.P._29_2016.pdf": 4.22939507067594, "Const.P.77of2012[DetailedOrderFinal].pdf": 8.45879014135188, "crl.p._907_2020.pdf": 4.22939507067594, "c.p._2243_l_2019.pdf": 8.45879014135188, "CJD_Reference by_the_President_of_Pakistan_under_Article_186.pdf": 8.45879014135188, "c.a._1573_2017.pdf": 4.22939507067594, "CMA No.5144of2011.pdf": 4.22939507067594, "c.p._510_2019.pdf": 4.22939507067594, "crl.p._91_k_2020.pdf": 4.22939507067594, "Const.P.No.77of2012[ShortOrder2.8.2012].pdf": 4.22939507067594, "C.A._27_2009.pdf": 8.45879014135188, "Crl.M.A_183_2019.pdf": 4.22939507067594, "crl.a.19of2012.pdf": 16.91758028270376, "Crl.A.140of2005.pdf": 16.91758028270376, "Const.Petition.24_2011_dt02062011.pdf": 4.22939507067594, "c.a._634_2014.pdf": 4.22939507067594, "S.M.C._3_2018.pdf": 8.45879014135188, "const.p._5_2023_14042023.pdf": 4.22939507067594, "const.p._24_2023_f.pdf": 8.45879014135188, "c.p._4703_2017.pdf": 4.22939507067594, "Const.P.50-69of2011.pdf": 21.146975353379702, "smc.16of2011.pdf": 4.22939507067594, "crl.p._103_p_2011.pdf": 4.22939507067594, "C.M.A._2593_2008.pdf": 8.45879014135188, "Const.P._35_2016_dt_15_12_2017.pdf": 4.22939507067594, "c.a._506_2011.pdf": 4.22939507067594, "c.m.a._490_2021_20022021.pdf": 4.22939507067594, "c.a._722_2012.pdf": 4.22939507067594, "c.p._1854_l_2022.pdf": 16.91758028270376, "c.p._342_k_2020.pdf": 4.22939507067594, "C.M.A._8215_2016.pdf": 8.45879014135188, "JR_Fecto_Belarus_Tractor_Limited_Case.pdf": 8.45879014135188, "C.A._1646_2000.pdf": 8.45879014135188, "c.a._764_2021.pdf": 8.45879014135188}}