{"xxiii": {"crl.s.m.r.p._84_2018.pdf": 4.22939507067594, "c.p._1809_2020.pdf": 4.22939507067594, "NRO_Judgment.pdf": 4.22939507067594, "Const.P._29_2016.pdf": 21.146975353379702, "Const.P.77of2012[DetailedOrderFinal].pdf": 4.22939507067594, "c.a._782_2014.pdf": 4.22939507067594, "CJD_Reference by_the_President_of_Pakistan_under_Article_186.pdf": 4.22939507067594, "c.a._176_2016.pdf": 4.22939507067594, "c.p._3950_2019.pdf": 12.68818521202782, "JR_Detailed_Judgment_in_Graduation_Qualification_Case.pdf": 4.22939507067594, "Const.P.No.77of2012[ShortOrder2.8.2012].pdf": 4.22939507067594, "c.p._43_l_2021.pdf": 4.22939507067594, "Crl.P.200of2009.pdf": 12.68818521202782, "const.p._21_2023_11082023.pdf": 8.45879014135188, "c.p._677_k_2019.pdf": 4.22939507067594, "crl.m.appeal._6_2020.pdf": 4.22939507067594, "c.p._34_2022.pdf": 4.22939507067594, "c.a._1476_2018.pdf": 8.45879014135188, "C.A.269_ETC_OF_2011.pdf": 12.68818521202782, "c.p._1831_2017.pdf": 8.45879014135188, "const.p._13_2023_09052023.pdf": 4.22939507067594, "crl.p._497_l_2023.pdf": 8.45879014135188, "c.a._1877_2016_dt_24_01_2024.pdf": 12.68818521202782, "c.a._152_2019.pdf": 4.22939507067594, "JR_The_State_through_NAB_VS_Haji_Nasim-ur-Rehman.pdf": 25.37637042405564, "Crl.P._433_2015.pdf": 38.06455563608346, "crl.m.appeal._30_2022.pdf": 12.68818521202782, "crl.p._408_l_2021.pdf": 4.22939507067594, "C.A._446_2012.pdf": 25.37637042405564, "c.p._3587_2020.pdf": 4.22939507067594, "H.R.C._17599_2018.pdf": 4.22939507067594, "j.p._516_2018_detailed.pdf": 4.22939507067594, "c.a._472_2013.pdf": 12.68818521202782, "c.p._3041_2018.pdf": 4.22939507067594, "c.p._342_k_2020.pdf": 4.22939507067594, "C.M.A._8215_2016.pdf": 8.45879014135188, "c.a._764_2021.pdf": 4.22939507067594}, "xxiv": {"C.P.796of2007-UrduTranslation-dt-10-5-2013.pdf": 4.662259152972219, "Const.P._29_2016.pdf": 4.662259152972219, "c.p._2243_l_2019.pdf": 4.662259152972219, "Const.P.NO.62OF2010_orderdt06062011.pdf": 4.662259152972219, "C.P.796of2007-dt-10-5-2013.pdf": 13.986777458916656, "CJD_Reference by_the_President_of_Pakistan_under_Article_186.pdf": 4.662259152972219, "Crl.O.P.89of2011.pdf": 37.29807322377775, "c.a._1474_2021.pdf": 4.662259152972219, "c.a._353_2010.pdf": 4.662259152972219, "C.P._2532_2015.pdf": 27.97355491783331, "NROCaseDt.10.01.2012.pdf": 4.662259152972219, "Crl.A.140of2005.pdf": 9.324518305944437, "c.p._1564_2020.pdf": 4.662259152972219, "const.p._5_2023_14042023.pdf": 4.662259152972219, "Crl.A._274_2006.pdf": 4.662259152972219, "c.a._597_2020.pdf": 4.662259152972219, "JR_The_State_through_NAB_VS_Haji_Nasim-ur-Rehman.pdf": 4.662259152972219, "c.a._491_2012.pdf": 4.662259152972219, "H.R.C._10842_P_2018.pdf": 4.662259152972219, "c.p._342_k_2020.pdf": 4.662259152972219, "C.M.A._8215_2016.pdf": 9.324518305944437, "JR_Fecto_Belarus_Tractor_Limited_Case.pdf": 13.986777458916656, "c.a._764_2021.pdf": 4.662259152972219, "c.p._2270_2023.pdf": 4.662259152972219}, "xxix": {"NRO_Judgment.pdf": 5.132262782217954, "c.a._315_2022.pdf": 5.132262782217954, "C.A._1189_2014.pdf": 10.264525564435909, "c.a._45_l_2018.pdf": 5.132262782217954, "c.p._1159_2019.pdf": 56.4548906043975, "C.P._3551_2015.pdf": 5.132262782217954, "C.A._158_2006.pdf": 5.132262782217954, "c.p._2032_2019.pdf": 25.66131391108977, "const.p._24_2023_f.pdf": 5.132262782217954, "Const.P.50-69of2011.pdf": 20.529051128871817, "ConstitutionPetitionNo39of2009.pdf": 5.132262782217954, "c.a._91_k_2017.pdf": 5.132262782217954, "C.A._1475_2007.PDF": 15.396788346653864, "C.M.A._8215_2016.pdf": 10.264525564435909, "c.p._820_2019.pdf": 10.264525564435909}, "xxi": {"Const.P._29_2016.pdf": 12.68818521202782, "Const.P.77of2012[DetailedOrderFinal].pdf": 4.22939507067594, "CJD_Reference by_the_President_of_Pakistan_under_Article_186.pdf": 4.22939507067594, "C.A._137-K_1976.pdf": 4.22939507067594, "c.r.p_537_2019.pdf": 50.75274084811128, "c.p._1057_2019.pdf": 4.22939507067594, "C.R.P._383_2005.pdf": 93.04669155487068, "c.a._1573_2017.pdf": 12.68818521202782, "crl.m.a._62_p_2018.pdf": 4.22939507067594, "Const.P.No.77of2012[ShortOrder2.8.2012].pdf": 4.22939507067594, "c.a._17_l_2019.pdf": 122.65245704960226, "const.p.39_90_2011.pdf": 4.22939507067594, "c.a._383_2013.pdf": 4.22939507067594, "Crl.M.A_183_2019.pdf": 4.22939507067594, "c.p._3127_2020.pdf": 4.22939507067594, "c.p._2056_2022.pdf": 76.12911127216692, "C.A._280-L_2009.pdf": 4.22939507067594, "C.A._2564_2001.pdf": 4.22939507067594, "Const.Petition.24_2011_dt02062011.pdf": 12.68818521202782, "C.P._816_2009.pdf": 8.45879014135188, "C.A._1352_2013.pdf": 4.22939507067594, "C.P._816-L_2009.pdf": 8.45879014135188, "const.p._5_2023_14042023.pdf": 4.22939507067594, "c.a._171_2019.pdf": 4.22939507067594, "c.a._1113_2017_dissenting_note.pdf": 4.22939507067594, "c.p._686_k_2019.pdf": 135.34064226163008, "c.p._720_2020.pdf": 4.22939507067594, "CMA2745of2009etc.pdf": 4.22939507067594, "c.p._42_2024_25012024.pdf": 4.22939507067594, "c.a._1113_2017.pdf": 4.22939507067594, "c.p._2014_l_2019.pdf": 8.45879014135188, "C.A._2352_2008.pdf": 4.22939507067594, "crl.p._46_p_2016.pdf": 4.22939507067594, "c.p._342_k_2020.pdf": 8.45879014135188, "C.M.A._8215_2016.pdf": 8.45879014135188, "c.p._1965_2019.pdf": 4.22939507067594, "c.a._764_2021.pdf": 4.22939507067594}, "xxii": {"Const.P._29_2016.pdf": 4.8445807097661735, "Const.P.77of2012[DetailedOrderFinal].pdf": 4.8445807097661735, "H.R.C.19of1996[AsgharKhanCase]DetailedReasons.pdf": 4.8445807097661735, "CJD_Reference by_the_President_of_Pakistan_under_Article_186.pdf": 4.8445807097661735, "C.A._137-K_1976.pdf": 4.8445807097661735, "c.p._1057_2019.pdf": 9.689161419532347, "c.p._2628_2019.pdf": 4.8445807097661735, "Const.P.No.77of2012[ShortOrder2.8.2012].pdf": 4.8445807097661735, "c.p._490_k_2020.pdf": 4.8445807097661735, "Crl.M.A_183_2019.pdf": 4.8445807097661735, "c.p._3501_2021.pdf": 4.8445807097661735, "C.A._2564_2001.pdf": 4.8445807097661735, "crl.a.19of2012.pdf": 14.53374212929852, "c.p._280_k_2019.pdf": 4.8445807097661735, "c.a._491_2012.pdf": 14.53374212929852, "c.p._2717_l_2015.pdf": 9.689161419532347, "c.p._4222_2018.pdf": 4.8445807097661735, "c.p._342_k_2020.pdf": 4.8445807097661735, "C.M.A._8215_2016.pdf": 9.689161419532347, "c.a._764_2021.pdf": 4.8445807097661735}}