{"xxviia": {"c.r.p._292_2021_sacked_employees.pdf": 42.779761912126105, "Const.P.105-2012-eng-urd.PDF": 3.889069264738737, "C.R.P._49_2016.pdf": 15.556277058954947, "c.a._1729_2019.pdf": 3.889069264738737, "NRO_Judgment.pdf": 7.778138529477474, "Const.P._29_2016.pdf": 3.889069264738737, "C.R.P._125_2014.pdf": 19.445346323693684, "const.p._24_to_26_of_2023_04072023.pdf": 7.778138529477474, "Const.P.40of2012-DetailJudgment-dt-3.7.2012.pdf": 3.889069264738737, "s.m.c.12_2015.pdf": 3.889069264738737, "c.a._1474_2021.pdf": 3.889069264738737, "i.c.a._2_2023.pdf": 3.889069264738737, "const.p._14_2023.pdf": 3.889069264738737, "s.m.c._4_2022_30mar2023.pdf": 3.889069264738737, "crl.o.p._21_2021.pdf": 3.889069264738737, "C.A._1042_2018.pdf": 3.889069264738737, "crl.p._188_p_2023.pdf": 3.889069264738737, "C.A._56_L_2018.pdf": 3.889069264738737, "const.p._21_2023.pdf": 3.889069264738737, "s.m.c._1_2022.pdf": 11.66720779421621, "c.p._4540_2021.pdf": 3.889069264738737, "S.M.C._13_2016_dt_31-03-2017.pdf": 3.889069264738737, "C.P._1067_2016.pdf": 7.778138529477474, "c.p._3998_2016.pdf": 3.889069264738737, "Const.P.No.77of2012[ShortOrder2.8.2012].pdf": 3.889069264738737, "i.c.a._1_2024_15032024.pdf": 27.223484853171158, "s.m.c._4_2022_04apr2023.pdf": 3.889069264738737, "C.R.P.193of2013.pdf": 19.445346323693684, "c.p._3203_2017.pdf": 3.889069264738737, "c.r.p._292_2021_detailed.pdf": 11.66720779421621, "c.a._1363_2018.pdf": 3.889069264738737, "c.p._1564_2020.pdf": 7.778138529477474, "Const.P._29_2017.pdf": 7.778138529477474, "c.a._513_2014.pdf": 3.889069264738737, "i.c.a._1_2024_1502024_an.pdf": 7.778138529477474, "C.P._2853_2018.pdf": 3.889069264738737, "C.A._767_2014.pdf": 3.889069264738737, "c.p._5633_2021.pdf": 3.889069264738737, "s.m.c._1_2023_12062023.pdf": 3.889069264738737, "c.p._4365_2023_15122023.pdf": 3.889069264738737, "C.A._1242_2013.pdf": 3.889069264738737, "c.a._1653_2021.pdf": 3.889069264738737, "c.a._1621_2017.pdf": 3.889069264738737, "const.p._22_2022_1st.pdf": 3.889069264738737, "c.a._26_k_2021.pdf": 7.778138529477474, "cp_1646-l_2014.pdf": 3.889069264738737, "const.p._24_2023.pdf": 3.889069264738737, "c.p._1369_l_2019.pdf": 7.778138529477474, "c.a._2015_2022.pdf": 11.66720779421621, "ConstP5of2012_dt_20092012.pdf": 3.889069264738737, "s.m.c._1_2023_23022023.pdf": 3.889069264738737, "c.p._1431_2022.pdf": 3.889069264738737}, "xxvi": {"Const.P.127of2012.pdf": 19.542436752979192, "crl.s.m.r.p._84_2018.pdf": 11.725462051787515, "const.p._24_to_26_of_2023_04072023.pdf": 3.908487350595838, "HRC7734-G_1003-GOF2009[UrduTranslation].pdf": 3.908487350595838, "Const.P.77-78-79 [Memogate]DetailedOrder.pdf": 3.908487350595838, "CJD_Reference by_the_President_of_Pakistan_under_Article_186.pdf": 3.908487350595838, "crp.328-329_2013.pdf": 3.908487350595838, "c.r.p_537_2019.pdf": 3.908487350595838, "HRC7734-G_1003-GOF2009[AllegedCorruptionInRentalPowerPlants].pdf": 3.908487350595838, "C.R.P._561_2015_dt_04-02-2016.pdf": 23.45092410357503, "c.r.p._421_2020_dissenting_notes.pdf": 19.542436752979192, "c.a._1355_2006.pdf": 3.908487350595838, "c.m.a._7084_2020_opinion_hj_5.pdf": 15.633949402383353, "CMA No.5144of2011.pdf": 11.725462051787515, "c.p._510_2019.pdf": 39.084873505958384, "c.r.p._296_2020_29012022.pdf": 19.542436752979192, "c.r.p._296_2020_04022022.pdf": 3.908487350595838, "C.R.P._142_2015.pdf": 3.908487350595838, "c.m.a.no20&21of2009.pdf": 19.542436752979192, "C.M.A._3325_2012_OrderDated_21-8-15.pdf": 3.908487350595838, "H.R.C._69229_P_2018.pdf": 3.908487350595838, "C.A._1149_2015.pdf": 11.725462051787515, "Crl.R.P._47_2015.pdf": 3.908487350595838, "Crl.A.13-14-15and16of2004and53of2011.pdf": 3.908487350595838, "c.r.p._421_2020.pdf": 19.542436752979192, "const.p._21_2023_11082023.pdf": 39.084873505958384, "c.a._914_l_2013.pdf": 7.816974701191676, "C.A._467_2015.pdf": 3.908487350595838, "c.a._1772_2008.pdf": 11.725462051787515, "c.m.a._7084_2020.pdf": 113.3461331672793, "const.p._6_2023_dt_05_01_2023.pdf": 3.908487350595838, "c.r.p._296_2020_hj10.pdf": 3.908487350595838, "c.a._908_2015.pdf": 3.908487350595838, "CMA2745of2009etc.pdf": 85.98672171310844, "C.R.P._561_2015.pdf": 15.633949402383353, "c.r.p._526_2020.pdf": 3.908487350595838, "I.C.A._4_2017.pdf": 3.908487350595838, "c.m.a._3610_2022.pdf": 39.084873505958384, "c.m.appeal._47_2020.pdf": 19.542436752979192, "c.m.a._2012_2023_10042023.pdf": 7.816974701191676, "c.m.a._1243_2021.pdf": 3.908487350595838, "c.r.p._266_2019_01112023.pdf": 3.908487350595838, "c.m.a._649_l_2021.pdf": 23.45092410357503, "const.p._6_2023_addl_n.pdf": 7.816974701191676, "c.m.a._1609_l_2021.pdf": 31.267898804766705, "c.r.p._432_k_2022.pdf": 7.816974701191676, "c.p._1854_l_2022.pdf": 3.908487350595838, "C.M.A._204_2017.pdf": 23.45092410357503, "C.M.A._8215_2016.pdf": 7.816974701191676, "c.a._764_2021.pdf": 3.908487350595838, "c.m.a._8093_2020.pdf": 19.542436752979192}, "xxvii": {"Crl.O.P._09_2018.pdf": 4.582216445298682, "C.R.P._49_2016.pdf": 4.582216445298682, "Const.P.40of2012-DetailJudgment[UrduTranslation]-dt-3.7.2012.pdf": 4.582216445298682, "Const.P._29_2016.pdf": 13.746649335896047, "Const.PetitionNo.77of2010_12.10.2012.pdf": 4.582216445298682, "Const.P.77of2012[DetailedOrderFinal].pdf": 9.164432890597364, "Urdu-Const.P-77-2010-12.10.2012.pdf": 4.582216445298682, "crl.a._95_2019.pdf": 4.582216445298682, "crl.a._528_2019.pdf": 4.582216445298682, "CJD_Reference by_the_President_of_Pakistan_under_Article_186.pdf": 9.164432890597364, "Crl.M.A_693_2018.pdf": 4.582216445298682, "const.p.1_ 2012_etc.pdf": 9.164432890597364, "c.p._167_p_2022.pdf": 4.582216445298682, "crl.m.a._62_p_2018.pdf": 4.582216445298682, "C.P._2790_2018.pdf": 4.582216445298682, "c.a._981_2018.pdf": 4.582216445298682, "c.p._819_2017.pdf": 4.582216445298682, "crl.o.p._148_2022.pdf": 4.582216445298682, "c.a._1476_2018.pdf": 9.164432890597364, "S.M.C14 of 2009.pdf": 4.582216445298682, "NRO_REVIEW_CRP_129_DT18042011.pdf": 4.582216445298682, "const.p._22_2022.pdf": 4.582216445298682, "c.p._1369_l_2019.pdf": 9.164432890597364, "C.M.A._8215_2016.pdf": 9.164432890597364, "c.a._764_2021.pdf": 4.582216445298682, "c.p._47_q_2016.pdf": 4.582216445298682}, "xxviii": {"crl.a._154_2020.pdf": 5.132262782217954, "Const.P._29_2016.pdf": 15.396788346653864, "Crl.M.A_693_2018.pdf": 10.264525564435909, "C.A._1189_2014.pdf": 10.264525564435909, "c.p._510_2019.pdf": 5.132262782217954, "crl.p._1050_l_2020.pdf": 5.132262782217954, "c.m.a._10945_2022.pdf": 5.132262782217954, "c.p._205_l_2017.pdf": 5.132262782217954, "crl.r.p._5_2020.pdf": 5.132262782217954, "c.p._4725_2018.pdf": 5.132262782217954, "c.p._3709_2022.pdf": 5.132262782217954, "c.p._6117_2021.pdf": 5.132262782217954, "c.p._3587_2020.pdf": 25.66131391108977, "C.M.A._8215_2016.pdf": 10.264525564435909, "c.p._4700_2021.pdf": 5.132262782217954}, "xxv": {"c.m.a._87_2122.pdf": 4.079112867626602, "Const.P._29_2016.pdf": 12.237338602879806, "Const.P.77of2012[DetailedOrderFinal].pdf": 4.079112867626602, "ca.a_239_2020.pdf": 4.079112867626602, "s.m.c._4_2022.pdf": 4.079112867626602, "CJD_Reference by_the_President_of_Pakistan_under_Article_186.pdf": 4.079112867626602, "C.A._137-K_1976.pdf": 4.079112867626602, "C.A._521_2015.pdf": 4.079112867626602, "c.p._419_2020.pdf": 4.079112867626602, "c.a._10_k_2019.pdf": 4.079112867626602, "Crl.P._105_2017.pdf": 4.079112867626602, "C.A._95_2005.pdf": 8.158225735253204, "CivilMisc.Appeal1of2012.pdf": 4.079112867626602, "C.A._6_2016.pdf": 4.079112867626602, "C.A._1515_2016.pdf": 4.079112867626602, "C.A._280-L_2009.pdf": 8.158225735253204, "c.p._1775_2022.pdf": 4.079112867626602, "c.p._1171_2021.pdf": 4.079112867626602, "c.m.a._7084_2020.pdf": 4.079112867626602, "c.p._5671_2021.pdf": 4.079112867626602, "const.p._6_2023_dt_05_01_2023.pdf": 4.079112867626602, "const.p._43_2023.pdf": 4.079112867626602, "CMA2745of2009etc.pdf": 4.079112867626602, "c.p._1336_l_2021.pdf": 4.079112867626602, "C.P._1958_2016.pdf": 4.079112867626602, "c.p._3209_2019.pdf": 4.079112867626602,