{"xxxiv": {"c.p._303_2019.pdf": 5.643088405983945, "Const.P.12of2010.pdf": 5.643088405983945, "Const.P._29_2016.pdf": 11.28617681196789, "HRC-4668of2006.pdf": 5.643088405983945, "crl.p._290_2020.pdf": 5.643088405983945, "ca_407_2013.pdf": 5.643088405983945, "c.r.p._420_2016.pdf": 16.929265217951833, "c.p._42_2024_25012024.pdf": 5.643088405983945, "SMCNo25of2009.pdf": 5.643088405983945}, "xxxv": {"c.p._303_2019.pdf": 4.582216445298682, "NRO_Judgment.pdf": 4.582216445298682, "Const.P.12of2010.pdf": 27.493298671792093, "C.A._104-L_2015.pdf": 4.582216445298682, "Const.P._29_2016.pdf": 4.582216445298682, "Const.P.77of2012[DetailedOrderFinal].pdf": 4.582216445298682, "c.p._154_2019.pdf": 4.582216445298682, "CJD_Reference by_the_President_of_Pakistan_under_Article_186.pdf": 4.582216445298682, "Crl.O.P.89of2011.pdf": 4.582216445298682, "const.p._24_2023_an_10012024_r.pdf": 4.582216445298682, "const.p._6_2023_07032024.pdf": 4.582216445298682, "Const.P.No.77of2012[ShortOrder2.8.2012].pdf": 4.582216445298682, "Const.Petition.24_2011_dt02062011.pdf": 4.582216445298682, "C.A._654_2010.pdf": 4.582216445298682, "C.P._1885_2017.pdf": 4.582216445298682, "c.p._1530_2019.pdf": 4.582216445298682, "c.m.a._7084_2020.pdf": 4.582216445298682, "c.r.p._420_2016.pdf": 4.582216445298682, "const.p._24_2023_f.pdf": 13.746649335896047, "Crl.A._274_2006.pdf": 13.746649335896047, "JR_Varan_Case.pdf": 4.582216445298682, "ConstitutionPetitionNo39of2009.pdf": 9.164432890597364, "Const.P.73of2011.pdf": 4.582216445298682, "ref._2_2022_13092023.pdf": 4.582216445298682, "S.M.C._7_2017_06022019.pdf": 4.582216445298682, "c.a._1692_2021.pdf": 4.582216445298682}, "xxxix": {"c.p._852_2020.pdf": 4.621437158451963, "NRO_Judgment.pdf": 4.621437158451963, "Const.P.12of2010.pdf": 55.457245901423555, "Const.P._29_2016.pdf": 9.242874316903926, "C.R.P._125_2014.pdf": 9.242874316903926, "crl.a._95_2019.pdf": 9.242874316903926, "c.m.a._4053_2018.pdf": 9.242874316903926, "S.M.C._18_2016.pdf": 4.621437158451963, "j.p._516_2018.pdf": 4.621437158451963, "crl.p._1485_l_2019.pdf": 4.621437158451963, "c.p._3347_2021.pdf": 4.621437158451963, "C.R.P.193of2013.pdf": 9.242874316903926, "crl.a.19of2012.pdf": 18.48574863380785, "c.p._593_2020.pdf": 9.242874316903926, "C.A._654_2010.pdf": 9.242874316903926, "c.p._1171_2021.pdf": 36.9714972676157, "c.r.p._420_2016.pdf": 4.621437158451963, "const.p._24_2023_f.pdf": 9.242874316903926, "C.P._3186_2017.pdf": 4.621437158451963, "C.A._1447_2016.pdf": 13.864311475355889, "JR_Varan_Case.pdf": 4.621437158451963, "C.P._80_2018.pdf": 4.621437158451963, "c.p._1839_2018.pdf": 4.621437158451963, "ConstP.No.53of2007andConst.P.83of2012.pdf": 9.242874316903926, "j.p._516_2018_detailed.pdf": 4.621437158451963}, "xxxiii": {"crl.s.m.r.p._84_2018.pdf": 4.056123349401903, "Const.P._29_2016.pdf": 8.112246698803807, "Const.P.77of2012[DetailedOrderFinal].pdf": 4.056123349401903, "crl.p._1667_2021.pdf": 4.056123349401903, "CP778-779.pdf": 4.056123349401903, "H.R.C.19of1996[AsgharKhanCase]DetailedReasons.pdf": 4.056123349401903, "Const.P.77-78-79 [Memogate]DetailedOrder.pdf": 8.112246698803807, "Crl.O.P.89of2011.pdf": 4.056123349401903, "Crl.P.163_to_171_S.M.C.5_2005.pdf": 4.056123349401903, "const.p._24_2017.pdf": 4.056123349401903, "i.c.a._1_2024_dn_20032024.pdf": 8.112246698803807, "Crl.M.A_693_2018.pdf": 4.056123349401903, "crl.m.a._62_p_2018.pdf": 4.056123349401903, "c.a._353_2010.pdf": 4.056123349401903, "c.m.a.no20&21of2009.pdf": 8.112246698803807, "C.M.A._3325_2012_OrderDated_21-8-15.pdf": 4.056123349401903, "Crl.R.P._47_2015.pdf": 4.056123349401903, "crl.a.19of2012.pdf": 4.056123349401903, "c.r.p._292_2021_detailed.pdf": 4.056123349401903, "CONST.P.9OF2009.pdf": 8.112246698803807, "c.m.a._677_2020.pdf": 12.168370048205709, "Const.Petition.24_2011_dt02062011.pdf": 4.056123349401903, "c.p._329_k_2022.pdf": 4.056123349401903, "C.A.800Lof2013etc.pdf": 4.056123349401903, "c.p._34_2022.pdf": 12.168370048205709, "c.m.a._7084_2020.pdf": 4.056123349401903, "const.p._24_2023_f.pdf": 8.112246698803807, "c.p._469_l_2023.pdf": 8.112246698803807, "ConstitutionPetitionNo39of2009.pdf": 4.056123349401903, "c.m.appeal._47_2020.pdf": 8.112246698803807, "ICA3,4,6TO11of2011dt2011.04.pdf": 16.224493397607613, "c.p._3988_2022.pdf": 4.056123349401903, "crl.p._519_2023_detailed_order.pdf": 4.056123349401903, "s.m.c._4_2021_26082021.pdf": 4.056123349401903, "c.m.a._649_l_2021.pdf": 4.056123349401903, "c.p._6117_2021.pdf": 12.168370048205709, "c.a._2015_2022.pdf": 8.112246698803807, "c.a._97_2003.pdf": 4.056123349401903, "c.a._722_2012.pdf": 4.056123349401903, "c.a._508_2020.pdf": 4.056123349401903, "c.p._3509_2021.pdf": 4.056123349401903, "C.M.A._204_2017.pdf": 4.056123349401903, "S.M.C._7_2017_06022019.pdf": 4.056123349401903, "C.A._1313_2014.pdf": 4.056123349401903}, "xxxii": {"Const.P._38_2016.pdf": 5.007099639263948, "Const.P._29_2016.pdf": 15.021298917791842, "MemoCase-final-30.12.2011(UrduVersion).pdf": 5.007099639263948, "Const.P.77-78-79 [Memogate]DetailedOrder.pdf": 10.014199278527895, "Lal-masjid-04.12.2012.pdf": 5.007099639263948, "c.a._1474_2021.pdf": 5.007099639263948, "Const.P.77to85,89and92of2011[dt12.6.2012].pdf": 5.007099639263948, "C.M.A._3325_2012_OrderDated_21-8-15.pdf": 5.007099639263948, "c.a._415_2018.pdf": 5.007099639263948, "NROCaseDt.10.01.2012.pdf": 5.007099639263948, "Crl.R.P._47_2015.pdf": 5.007099639263948, "Const.P.77-2011[MemoScandal]dt.30.12.2011.pdf": 5.007099639263948, "Const.Petition.24_2011_dt02062011.pdf": 5.007099639263948, "c.a._263_2014.pdf": 5.007099639263948, "c.p._2608_2019.pdf": 5.007099639263948, "const.p._24_2023_f.pdf": 5.007099639263948, "const.p._5_2024.pdf": 5.007099639263948}, "xxxxix": {"Const.P.12of2010.pdf": 23.52093894996049}, "xxxvii": {"crl.p._714_2023.pdf": 5.643088405983945, "Const.P._29_2016.pdf": 11.28617681196789, "c.p._805_l_2019.pdf": 5.643088405983945, "c.p._3923_2016.pdf": 5.643088405983945, "C.P._1088_2016.pdf": 11.28617681196789, "crl.p._551_2020.pdf": 5.643088405983945, "c.p._329_k_2022.pdf": 39.50161884188761, "const.p._24_2023_f.pdf": 5.643088405983945, "crl.p._1384_2021.pdf": 5.643088405983945}, "xxxi": {"C.A._2215_2006.pdf": 11.28617681196789, "Const.P._29_2016.pdf": 5.643088405983945, "C.A._27_2009.pdf": 11.28617681196789, "C.A._508_2017.pdf": 5.643088405983945, "Const.Petition.24_2011_dt02062011.pdf": 5.643088405983945, "C.A._1352_2013.pdf": 5.643088405983945, "c.a._630_2010.pdf": 5.643088405983945, "C.M.A._8215_2016.pdf": 11.28617681196789, "c.a._1005_2009.pdf": 5.643088405983945}, "xxxviii": {"C.A._2215_2006.pdf": 5.760871441640328, "Const.P._29_2016.pdf": 11.521742883280655, "C.A._760_2016.pdf": 11.521742883280655, "smc.24_2010.pdf": 5.760871441640328, "crl.a.19of2012.pdf": 17.282614324920985, "Const.Petition.24_2011_dt02062011.pdf": 5.760871441640328, "c.a._634_2014.pdf": 5.760871441640328, "C.A._1447_2016.pdf": 17.282614324920985}, "xxx": {"Const.P._29_2016.pdf": 6.048553514092109, "c.p._2119_2018.pdf": 6.048553514092109, "H.R.C._32642_2018.pdf": 6.048553514092109, "Const.Petition.24_2011_dt02062011.pdf": 18.145660542276328, "C.M.A._8215_2016.pdf": 12.097107028184219, "const.p._21_2022_16052023.pdf": 6.048553514092109}, "xxxvi": {"Const.P._29_2016.pdf": 11.521742883280655, "MemoCase-final-30.12.2011(UrduVersion).pdf": 5.760871441640328, "Const.P.77-78-79 [Memogate]DetailedOrder.pdf": 11.521742883280655, "Const.P.77to85,89and92of2011[dt12.6.2012].pdf": 5.760871441640328, "Const.P.77-2011[MemoScandal]dt.30.12.2011.pdf": 5.760871441640328, "const.p._24_2023_f.pdf": 5.760871441640328, "Const.P.73of2011.pdf": 5.760871441640328, "Crl.O.P._57_2015_DN.pdf": 5.760871441640328}, "xxxxxxx": {"Const.P._29_2016.pdf": 6.454018622200273, "C.P._51_2015.pdf": 6.454018622200273, "C.P._1774_2015.pdf": 6.454018622200273, "C.P._1774_2014.pdf": 6.454018622200273}, "xxxxiii": {"c.p._3598_2020.pdf": 15.680625966640328}, "xxxx": {"C.P._51_2015.pdf": 6.741700694652055, "C.P._1774_2015.pdf": 6.741700694652055, "C.P._1774_2014.pdf": 6.741700694652055}}