{"ya": {"c.p._1193_2020.pdf": 6.454018622200273, "Const.P._29_2016.pdf": 6.454018622200273, "crl.p._916_l_2021.pdf": 12.908037244400546, "c.a._71_p_2014_urdu.pdf": 6.454018622200273}}