{"yahya": {"ConstitutionPetitionNo21OF2007.pdf": 24.579620087265834, "crl.s.m.r.p._84_2018.pdf": 4.469021834048333, "Const.P.12of2010.pdf": 11.172554585120833, "j.p._405_2021.pdf": 2.2345109170241666, "crl.p._407_2022.pdf": 2.2345109170241666, "c.a._864_2017.pdf": 2.2345109170241666, "crl.p._907_2020.pdf": 2.2345109170241666, "crl.a._599_2020_26032021.pdf": 11.172554585120833, "c.p._2143_l_2020.pdf": 2.2345109170241666, "const.p._19_2022_01062022.pdf": 4.469021834048333, "crl.p._849_2019.pdf": 2.2345109170241666, "Ref.01_2012_addl.note_HJ.ejaz_afzal_khan.pdf": 2.2345109170241666, "H.R.C.19of1996[AsgharKhanCase]DetailedReasonsUrduTranslation.pdf": 2.2345109170241666, "const.p._24_to_26_of_2023_04072023.pdf": 2.2345109170241666, "c.p._2119_2018.pdf": 2.2345109170241666, "H.R.C.19of1996[AsgharKhanCase]DetailedReasons.pdf": 2.2345109170241666, "c.m.a._4053_2018.pdf": 2.2345109170241666, "Const.P.33and34of2005.pdf": 2.2345109170241666, "JR_Judgment_on_17th_Amendmend_and_Presidents_Uniform_Case.pdf": 2.2345109170241666, "c.a._71_p_2014.pdf": 2.2345109170241666, "crp.328-329_2013.pdf": 2.2345109170241666, "c.p._3772_2019.pdf": 2.2345109170241666, "crl.p._1617_2022.pdf": 2.2345109170241666, "c.a._71_p_2014_urdu.pdf": 2.2345109170241666, "reference._1_2011_urdu.pdf": 2.2345109170241666, "c.p._2144_l_2011.pdf": 4.469021834048333, "c.a._730_2015.pdf": 4.469021834048333, "c.p._34_q_2019.pdf": 4.469021834048333, "s.m.c._1_2023_01032023.pdf": 2.2345109170241666, "c.a._1348_2014.pdf": 2.2345109170241666, "C.P._289_P_2015.pdf": 2.2345109170241666, "j.p._169_2021.pdf": 2.2345109170241666, "c.a._1269_2013.pdf": 2.2345109170241666, "C.A._1084_2008.pdf": 2.2345109170241666, "crl.p._104_p_2023.pdf": 2.2345109170241666, "Crl.M.A_693_2018.pdf": 2.2345109170241666, "j.p._739_2018.pdf": 2.2345109170241666, "s.m.c._4_2022_30mar2023.pdf": 2.2345109170241666, "c.a._954_2014.pdf": 2.2345109170241666, "s.m.c._1_2023_31mar2023.pdf": 2.2345109170241666, "const.p._17_2019_19062020.pdf": 13.407065502144999, "c.p._1857_2022.pdf": 2.2345109170241666, "c.a._43_q_2018.pdf": 4.469021834048333, "c.a._1573_2017.pdf": 2.2345109170241666, "c.m.a._7084_2020_opinion_hj_5.pdf": 4.469021834048333, "s.m.c._1_2023.pdf": 2.2345109170241666, "C.A._1189_2014.pdf": 2.2345109170241666, "const.p._24_2023_02082023.pdf": 2.2345109170241666, "c.p._805_l_2019.pdf": 2.2345109170241666, "c.a._46_p_2020.pdf": 2.2345109170241666, "c.a._1660_2014.pdf": 4.469021834048333, "c.p._2597_2019.pdf": 2.2345109170241666, "c.p._405_2020.pdf": 2.2345109170241666, "c.a._401_2015.pdf": 2.2345109170241666, "c.p._4_p_2020.pdf": 4.469021834048333, "JR_Detailed_Judgment_in_Graduation_Qualification_Case.pdf": 6.703532751072499, "crl.p._150_l_2023.pdf": 2.2345109170241666, "const.p._24_2023_21072023.pdf": 2.2345109170241666, "c.a._230_2016.pdf": 2.2345109170241666, "const.p.6_2023.pdf": 6.703532751072499, "crl.p._923_2020.pdf": 2.2345109170241666, "c.r.p._296_2020_29012022.pdf": 13.407065502144999, "c.p._4296_2019.pdf": 2.2345109170241666, "c.r.p._296_2020_04022022.pdf": 31.28315283833833, "c.p._173_q_2023.pdf": 2.2345109170241666, "c.a._1414_2021.pdf": 2.2345109170241666, "reference._1_2011.pdf": 4.469021834048333, "crl.p._230_2019.pdf": 4.469021834048333, "JR_Detailed_Judgment_in_Referendum_Case.pdf": 13.407065502144999, "const.p._24_2023_23102023.pdf": 4.469021834048333, "crl.p._317_l_2023.pdf": 2.2345109170241666, "C.A._633_2007.pdf": 2.2345109170241666, "c.r.p._255_2021.pdf": 4.469021834048333, "c.a._177_p_2020.pdf": 2.2345109170241666, "j.p._206_2019.pdf": 2.2345109170241666, "c.p._2661_2020.pdf": 2.2345109170241666, "c.p._1877_l_2016.pdf": 2.2345109170241666, "c.a._668_2022.pdf": 2.2345109170241666, "C.A._308_2008.pdf": 2.2345109170241666, "c.p._490_k_2020.pdf": 6.703532751072499, "c.p._44_2019.pdf": 2.2345109170241666, "c.a._1029_2019.pdf": 2.2345109170241666, "const.p.9_2014_detail_reasons.pdf": 2.2345109170241666, "crl.p._1710_l_2017.pdf": 2.2345109170241666, "crl.p._989_2021.pdf": 2.2345109170241666, "c.p._3186_2020.pdf": 2.2345109170241666, "c.a._24_2015.pdf": 4.469021834048333, "c.p._2836_2020.pdf": 2.2345109170241666, "c.a._1219_2015.pdf": 2.2345109170241666, "crl.p._14_q_2021.pdf": 2.2345109170241666, "Crl.P._300_2018.pdf": 4.469021834048333, "c.p._3501_2021.pdf": 2.2345109170241666, "crl.a._270_l_2012.pdf": 2.2345109170241666, "c.p._2231_2020.pdf": 2.2345109170241666, "crl.p._1308_2022.pdf": 2.2345109170241666, "crl.p._518_2022.pdf": 4.469021834048333, "c.p._3598_2020.pdf": 2.2345109170241666, "c.p._835_2021.pdf": 2.2345109170241666, "c.a._1389_2014.pdf": 2.2345109170241666, "c.a._183_2015.pdf": 2.2345109170241666, "c.a._982_2018_19022024.pdf": 11.172554585120833, "c.a._1002_2015.pdf": 4.469021834048333, "c.p._593_2020.pdf": 2.2345109170241666, "C.M.A._10618_2018_dt_13-12-2018.pdf": 2.2345109170241666, "c.p._4349_2018.pdf": 2.2345109170241666, "C.A._94_2012.pdf": 2.2345109170241666, "C.A._725_2008.pdf": 2.2345109170241666, "c.m.a.145_q_2022_dt_02_01_23.pdf": 4.469021834048333, "crl.p._763_l_2016.pdf": 2.2345109170241666, "c.a._8_q_2017.pdf": 2.2345109170241666, "const.p._24_2023_03082023.pdf": 2.2345109170241666, "CONST.P.9OF2009.pdf": 2.2345109170241666, "const.p._17_2019_detailed_reasoning.pdf": 13.407065502144999, "c.p._957_2020.pdf": 2.2345109170241666, "const.p._21_2022_30102023.pdf": 2.2345109170241666, "Crl.A._322_2018.pdf": 4.469021834048333, "s.m.c._1_2023_27032023.pdf": 15.641576419169166, "j.p._154_2016.pdf": 2.2345109170241666, "C.A._699_2017.pdf": 2.2345109170241666, "c.a._2016_2022.pdf": 2.2345109170241666, "c.a._1292_2021.pdf": 2.2345109170241666, "i.c.a._5_2023.pdf": 2.2345109170241666, "C.P._1069_K_2018.pdf": 2.2345109170241666, "crl.p._149_k_2020.pdf": 2.2345109170241666, "crl.p._335_2020.pdf": 2.2345109170241666, "c.a._2092_2019.pdf": 2.2345109170241666, "c.p._1084_2011.pdf": 2.2345109170241666, "c.a._2444_2016.pdf": 8.938043668096666, "c.p._2314_2022_dn.pdf": 2.2345109170241666, "c.p._1125_2018.pdf": 2.2345109170241666, "const.p._24_2023_26062023.pdf": 2.2345109170241666, "c.p._34_2022.pdf": 4.469021834048333, "crl.a._208_2022.pdf": 2.2345109170241666, "c.p._1564_2020.pdf": 2.2345109170241666, "reference._2_2022.pdf": 2.2345109170241666, "crl.o.p._148_2022.pdf": 2.2345109170241666, "c.p._1530_2019.pdf": 2.2345109170241666, "c.a._458_2017.pdf": 4.469021834048333, "c.m.a._7084_2020.pdf": 8.938043668096666, "c.a._73_k_2018.pdf": 2.2345109170241666, "crl.p._733_l_2018.pdf": 2.2345109170241666, "c.a._ 870_2020.pdf": 4.469021834048333, "crl.p._50_q_2017.pdf": 2.2345109170241666, "c.a._438_2021.pdf": 2.2345109170241666, "crl.p._90_k_2023.pdf": 2.2345109170241666, "c.p._1831_2017.pdf": 2.2345109170241666, "c.a._174_2012.pdf": 2.2345109170241666, "c.a._84_k_2023.pdf": 4.469021834048333, "c.p._3107_2018.pdf": 2.2345109170241666, "crl.p._1443_2021.pdf": 2.2345109170241666, "crl.a._597_2018_dt_25_01_2024.pdf": 4.469021834048333, "c.m.a._1243_2021_short_order.pdf": 4.469021834048333, "c.p._287_2019.pdf": 4.469021834048333, "c.r.p._296_2020_hj10.pdf": 4.469021834048333, "const.p._24_2023_f.pdf": 4.469021834048333, "c.p._873_2021.pdf": 2.2345109170241666, "c.p._593_l_2021.pdf": 2.2345109170241666, "c.p._5632_2021.pdf": 2.2345109170241666, "c.p._2997_2021.pdf": 2.2345109170241666, "s.m.c._1_2023_12062023.pdf": 44.690218340483334, "reference_1_2020.pdf": 6.703532751072499, "crl.p._957_2021.pdf": 2.2345109170241666, "c.a._849_2015.pdf": 4.469021834048333, "crl.a._475_2019.pdf": 2.2345109170241666, "smc.16of2011.pdf": 2.2345109170241666, "crl.a._120_2019.pdf": 4.469021834048333, "c.p._3573_2020.pdf": 4.469021834048333, "const.p._6_2023_dn.pdf": 4.469021834048333, "c.p._1630_2018.pdf": 2.2345109170241666, "c.p._1017_2021.pdf": 2.2345109170241666, "const.p._24_2023_23062023.pdf": 4.469021834048333, "c.p._800_p_2019.pdf": 2.2345109170241666, "const.p._6_2023_111023.pdf": 4.469021834048333, "c.a._139_p_2013.pdf": 4.469021834048333, "C.A._651_2012.pdf": 4.469021834048333, "c.a._1003_2019.pdf": 4.469021834048333,