{"yak": {"c.a._219_2015.pdf": 7.1471658027602185, "c.a._471_l_2012.pdf": 21.441497408280654}, "yakub": {"Crl.A._609_2014.pdf": 13.48340138930411, "c.a._1095_2018_13092019.pdf": 13.48340138930411, "C.A._1095_2018.pdf": 13.48340138930411}, "yakut": {"NRO_Judgment.pdf": 7.840312983320164}, "yakoob": {"crl.a.19of2012.pdf": 6.741700694652055, "crl.p._1050_l_2020.pdf": 6.741700694652055, "C.P._1191_2017.pdf": 6.741700694652055}, "yaksala": {"c.a._140_l_2015.pdf": 7.1471658027602185, "c.a._364_p_2019.pdf": 14.294331605520437}}