{"yale": {"REVIEW_P_46&47_2011_full.pdf": 5.537727890326118, "i.c.a._1_2024_dn_20032024.pdf": 5.537727890326118, "const.p._6_2023_07032024.pdf": 5.537727890326118, "c.r.p._255_2021.pdf": 5.537727890326118, "c.p._3127_2020.pdf": 5.537727890326118, "C.A._280-L_2009.pdf": 11.075455780652236, "const.p._17_2019_detailed_reasoning.pdf": 5.537727890326118, "Crl.M.A._200_2019.pdf": 11.075455780652236, "c.p._2_2022_dissenting_note.pdf": 5.537727890326118, "c.p._3797_2020.pdf": 5.537727890326118}}