{"yamin": {"HR-19of1996.pdf": 6.048553514092109, "H.R.C.19of1996[AsgharKhanCase]DetailedReasonsUrduTranslation.pdf": 6.048553514092109, "H.R.C.19of1996[AsgharKhanCase]DetailedReasons.pdf": 12.097107028184219, "c.p._720_2020.pdf": 6.048553514092109, "C.A._204-L_2015.pdf": 6.048553514092109, "C.P._2167_2014.pdf": 6.048553514092109}, "yamuna": {"H.R.C.19of1996[AsgharKhanCase]DetailedReasons.pdf": 7.840312983320164}, "yamanoori": {"c.p._1159_2019.pdf": 15.680625966640328}, "yamashita": {"const.p._6_2023_dt_05_01_2023.pdf": 7.840312983320164}, "yameen": {"Crl.A._466_2017.pdf": 15.680625966640328}, "yamamah": {"ConstitutionPetitionNo39of2009.pdf": 7.840312983320164}, "yamuru": {"c.m.a._490_2021_20022021.pdf": 7.840312983320164}}