{"yatri": {"CMA1362OF2012-DT-10-04-2012[URDU].pdf": 7.840312983320164}, "yatir": {"H.R.C.19of1996[AsgharKhanCase]DetailedReasons.pdf": 7.840312983320164}, "yatra": {"c.a._664_k_2017.pdf": 7.840312983320164}, "yatindra": {"c.p._1743_2020_03032023.pdf": 7.840312983320164}, "yatama": {"c.p._4459_2018.pdf": 7.1471658027602185, "c.p._659_2019.pdf": 28.588663211040874}}