{"yawar": {"CPs.10-18of2011.pdf": 14.53374212929852, "C.R.P._125_2014.pdf": 14.53374212929852, "S.J.C_347_2018.PDF": 4.8445807097661735, "s.m.c._1_2022_detailed.pdf": 4.8445807097661735, "const.p._21_2022_15092023.pdf": 4.8445807097661735, "Crl.O.P.89of2011.pdf": 29.06748425859704, "smc_16_2011_order_dt_26.02.14.pdf": 4.8445807097661735, "const.p._2_2022_14102022.pdf": 4.8445807097661735, "const.p.9_2014_detail_reasons.pdf": 4.8445807097661735, "refernece_1_2022.pdf": 4.8445807097661735, "C.R.P.193of2013.pdf": 14.53374212929852, "reference._2_2022.pdf": 4.8445807097661735, "s.m.c._1_2022_07042022.pdf": 4.8445807097661735, "C.A._800_2011.pdf": 9.689161419532347, "c.a._491_2012.pdf": 4.8445807097661735, "const.p._76_2018.pdf": 4.8445807097661735, "S.M.C.16of2011dt-22-3-2013.pdf": 9.689161419532347, "CJD_Section 2-A_Case_as_on_26_06_2006.pdf": 4.8445807097661735, "smc_16_2011_24.02.2014.pdf": 4.8445807097661735, "HR8340OF2010.pdf": 4.8445807097661735}, "yawer": {"S.M.C.16of2011dt.4.4.2013.pdf": 6.230875070886063, "SMC16of2011-dt.5.4.2013.pdf": 6.230875070886063, "smc.16of2011.pdf": 6.230875070886063, "SMC16-2011_ord_dt_30-8-13.pdf": 6.230875070886063, "S.M.C.16of2011dt-22-3-2013.pdf": 6.230875070886063}}