{"yayaba": {"c.a._1476_2018_urdu.pdf": 7.840312983320164}, "yaya": {"crl.s.m.r.p._84_2018.pdf": 7.840312983320164}, "yayha": {"c.m.a._7084_2020_opinion_hj_5.pdf": 6.741700694652055, "SMC16-2011_ord_dt_30-8-13.pdf": 6.741700694652055, "c.p._3632_2018.pdf": 6.741700694652055}}