{"yazid": {"ConstitutionPetitionNo21OF2007.pdf": 15.680625966640328}, "yazdani": {"C.R.P._49_2016.pdf": 6.741700694652055, "c.m.a._7139_2019.pdf": 6.741700694652055, "I.C.A._4_2017.pdf": 6.741700694652055}, "yazman": {"c.a._1736_2019.pdf": 23.52093894996049}, "yazidi": {"Crl.O.P.96_12_Altaf_Hussain _1.pdf": 7.840312983320164}, "yazidity": {"Crl.O.P.96_12_Altaf_Hussain _1.pdf": 7.840312983320164}, "yazhar": {"CJD_Reference by_the_President_of_Pakistan_under_Article_186.pdf": 7.840312983320164}}