{"yds": {"smc.11_2011.pdf": 26.96680277860822, "c.a._1121_2018.pdf": 6.741700694652055, "SMC.13-2009.pdf": 94.38380972512877}}