{"ye": {"CPs.10-18of2011.pdf": 4.895874004153724, "Crl.A._39_L_2015.pdf": 24.47937002076862, "NRO_Judgment.pdf": 14.687622012461171, "Const.P.12of2010.pdf": 29.375244024922342, "smc.18_2010_final.pdf": 4.895874004153724, "C.R.P.167of2012-dt-30-8-2012.pdf": 19.583496016614895, "Const.P.77-78-79 [Memogate]DetailedOrder.pdf": 4.895874004153724, "const.p._21_2022_15092023.pdf": 4.895874004153724, "Crl.P.163_to_171_S.M.C.5_2005.pdf": 4.895874004153724, "crl.m.a._62_p_2018.pdf": 4.895874004153724, "c.a._1241_2013.pdf": 24.47937002076862, "NROCaseDt.10.01.2012.pdf": 19.583496016614895, "const.p.37_2012_final.pdf": 9.791748008307447, "Const.P.50-69of2011.pdf": 9.791748008307447, "const.p._17_2020_dissenting_note_hj4.pdf": 39.16699203322979, "Crl.A.126of2012.pdf": 9.791748008307447, "c.m.a._3932_2023.pdf": 19.583496016614895, "c.m.a._490_2021_20022021.pdf": 4.895874004153724, "c.p._962_2016 .pdf": 9.791748008307447}}