{"yellow": {"ConstitutionPetitionNo21OF2007.pdf": 5.355406333532164, "C.A._786_2017.pdf": 10.710812667064328, "crl.a._241_2020.pdf": 5.355406333532164, "Const.P.77of2012[DetailedOrderFinal].pdf": 5.355406333532164, "C.A._785_2017.pdf": 10.710812667064328, "HRC7734-G_1003-GOF2009[UrduTranslation].pdf": 5.355406333532164, "s.m.c.12_2015.pdf": 5.355406333532164, "Const.P.77of2010_dt_27-8-2013.pdf": 10.710812667064328, "crl.a._177_2022.pdf": 5.355406333532164, "j.p._255_2018.pdf": 10.710812667064328, "Crl.A._274_2006.pdf": 10.710812667064328, "Crl.O.P.6of2012.pdf": 5.355406333532164}, "yellowish": {"cma.4581_2013.pdf": 15.680625966640328}}