{"ylr": {"c.p._1676_l_2011.pdf": 3.6814298999604924, "c.a._1476_2018_urdu.pdf": 7.362859799920985, "C.P.796of2007-UrduTranslation-dt-10-5-2013.pdf": 3.6814298999604924, "C.R.P._49_2016.pdf": 14.72571959984197, "Const.P._29_2016.pdf": 3.6814298999604924, "Const.P.77of2012[DetailedOrderFinal].pdf": 3.6814298999604924, "crl.p._907_2020.pdf": 3.6814298999604924, "crl.a._599_2020_26032021.pdf": 3.6814298999604924, "j.p._147_2016.pdf": 3.6814298999604924, "c.a._371_2020.pdf": 3.6814298999604924, "SMC16of2011_detailed_judgment.pdf": 7.362859799920985, "crl.p._1667_2021.pdf": 3.6814298999604924, "CP778-779.pdf": 3.6814298999604924, "C.P.796of2007-dt-10-5-2013.pdf": 7.362859799920985, "c.p._154_2019.pdf": 3.6814298999604924, "const.p._21_2022_15092023.pdf": 7.362859799920985, "Const.P.5of2013.pdf": 3.6814298999604924, "c.a._730_2015.pdf": 3.6814298999604924, "Crl.P.163_to_171_S.M.C.5_2005.pdf": 7.362859799920985, "C.A.540_L_2009_dt_05_01_2017.pdf": 3.6814298999604924, "c.a._1355_2006.pdf": 7.362859799920985, "C.A._417-L_2009.pdf": 3.6814298999604924, "crl.p._230_2019.pdf": 3.6814298999604924, "HRC-4668of2006.pdf": 7.362859799920985, "c.a._17_l_2019.pdf": 7.362859799920985, "C.A._1171_2017.pdf": 3.6814298999604924, "Const.P._24_2012.pdf": 7.362859799920985, "C.A._448_2014_DJ.pdf": 3.6814298999604924, "H.R.C._69229_P_2018.pdf": 11.044289699881478, "C.A._1563_2014.pdf": 3.6814298999604924, "C.P._1598_2016.pdf": 3.6814298999604924, "C.A._305_2008.pdf": 3.6814298999604924, "C.A._2564_2001.pdf": 7.362859799920985, "crl.a.19of2012.pdf": 3.6814298999604924, "Crl.A.140of2005.pdf": 25.770009299723448, "c.a._1095_2018_13092019.pdf": 3.6814298999604924, "C.A._616_2006.pdf": 3.6814298999604924, "c.p._2866_2015.pdf": 3.6814298999604924, "Const.P.No.33and34of2005-dt-27-6-2013.pdf": 3.6814298999604924, "J.P.No.56of2005.pdf": 7.362859799920985, "c.a._1476_2018.pdf": 18.40714949980246, "C.P._3186_2015.pdf": 7.362859799920985, "C.A._794_2006.pdf": 3.6814298999604924, "Crl.A._274_2006.pdf": 7.362859799920985, "crl_r_p.8-l_2013.pdf": 3.6814298999604924, "crl.p._1075_l_2020.pdf": 3.6814298999604924, "C.A._1447_2016.pdf": 3.6814298999604924, "const.p._17_2020_dissenting_note_hj4.pdf": 3.6814298999604924, "C.A.2234and2235of2005-dt-31-8-2013.pdf": 7.362859799920985, "c.a._1877_2016_dt_24_01_2024.pdf": 3.6814298999604924, "c.a._152_2019.pdf": 3.6814298999604924, "Const.P._35_2016_dt_15_12_2017.pdf": 3.6814298999604924, "crl.p._74_l_2018.pdf": 3.6814298999604924, "crl.p._519_2023_detailed_order.pdf": 3.6814298999604924, "C.A._1169_2014.pdf": 3.6814298999604924, "c.a._326_l_2020.pdf": 7.362859799920985, "C.A._446_2012.pdf": 3.6814298999604924, "H.R.C._10842_P_2018.pdf": 3.6814298999604924, "C.A._1475_2007.PDF": 3.6814298999604924, "C.A._622 _2008.pdf": 3.6814298999604924, "crl.p.183_p_2022_dt_25_01_2024.pdf": 7.362859799920985, "const.p._10_2019.pdf": 11.044289699881478, "c.a._404_2014.pdf": 3.6814298999604924, "c.p._3718_2023.pdf": 3.6814298999604924}}