{"ymca": {"const.p._9_2010_27122021.pdf": 12.461750141772127, "const.p._9_2010.pdf": 12.461750141772127, "const.p.37_2012_final.pdf": 6.230875070886063, "Const.P.50-69of2011.pdf": 6.230875070886063, "const.p._9_2010_28122021.pdf": 12.461750141772127}, "ymcas": {"const.p._9_2010_27122021.pdf": 6.741700694652055, "const.p._9_2010.pdf": 6.741700694652055, "const.p._9_2010_28122021.pdf": 6.741700694652055}}