{"yogurt": {"Const.P.No.33and34of2005-dt-27-6-2013.pdf": 7.840312983320164}, "yogesh": {"c.p._4806_2019.pdf": 23.52093894996049}}