{"yollari": {"c.a._547_2012.pdf": 7.1471658027602185, "c.a._91_k_2017.pdf": 7.1471658027602185}, "yollario": {"C.A._1475_2007.PDF": 7.840312983320164}}