{"yow": {"c.p._1193_2020.pdf": 7.1471658027602185, "C.A._137-K_1976.pdf": 7.1471658027602185}}