{"z": {"S.M.C._28_2018.pdf": 4.544476117315835, "Const.P.12of2010.pdf": 4.544476117315835, "Const.P.59of2011dt-9-4-2013[UrduTranslation].pdf": 4.544476117315835, "c.a.149-150_2010.pdf": 4.544476117315835, "Ref.01_2012_addl.note_HJ.ejaz_afzal_khan.pdf": 4.544476117315835, "Const.P.NO.62OF2010_orderdt06062011.pdf": 4.544476117315835, "c.a._240_2020.pdf": 4.544476117315835, "Const.Petition No.77of2010-08-12-2012.pdf": 9.08895223463167, "Crl.A._39_L_2015_Urdu.pdf": 4.544476117315835, "C.P.796of2007-dt-10-5-2013.pdf": 4.544476117315835, "c.m.a._7084_2020_opinion_hj_5.pdf": 27.26685670389501, "c.p._4296_2019.pdf": 4.544476117315835, "HRC-4668of2006.pdf": 4.544476117315835, "C.A._1171_2017.pdf": 4.544476117315835, "Const.P.87of2011.pdf": 4.544476117315835, "const.p.9_2014_detail_reasons.pdf": 4.544476117315835, "Crl.A._210_2015.pdf": 18.17790446926334, "c.p._398_l_2018.pdf": 9.08895223463167, "const.p.115_2011.pdf": 4.544476117315835, "Crl.A._137_L_2010.pdf": 18.17790446926334, "const.p.5_2011.pdf": 4.544476117315835, "c.a._1476_2018.pdf": 9.08895223463167, "C.A.269_ETC_OF_2011.pdf": 18.17790446926334, "c.m.a._7084_2020.pdf": 40.90028505584252, "Crl.A.126of2012.pdf": 18.17790446926334, "C.R.P._3_2015.pdf": 27.26685670389501, "CJD_Section 2-A_Case_as_on_26_06_2006.pdf": 4.544476117315835}}