{"zaat": {"Urdu-Const.P-77-2010-12.10.2012.pdf": 7.840312983320164}, "zaafir": {"c.a._472_2013.pdf": 7.1471658027602185, "C.M.A._8215_2016.pdf": 14.294331605520437}}