{"zaeef": {"Const.P.77of2012[DetailedOrderFinal].pdf": 6.741700694652055, "C.R.P.167of2012-dt-30-8-2012.pdf": 6.741700694652055, "crl.p._371_2020l.pdf": 6.741700694652055}, "zaeem": {"HR8340OF2010.pdf": 7.840312983320164}}