{"zaghair": {"Const.P.40of2012-DetailJudgment[UrduTranslation]-dt-3.7.2012.pdf": 7.840312983320164}, "zagrotractor": {"smc.18_2010_final.pdf": 7.840312983320164}, "zagphc": {"const.p._17_2020_dissenting_note_hj11.pdf": 7.840312983320164}, "zagham": {"crl.p._172_l_2023.pdf": 7.840312983320164}, "zag": {"C.A._622 _2008.pdf": 7.840312983320164}}