{"zajah": {"c.p._1193_2020.pdf": 7.840312983320164}, "zajar": {"crl.p._883_l_2022_urdu.pdf": 7.840312983320164}, "zajr": {"crl.p._883_l_2022.pdf": 7.840312983320164}}