{"zalimun": {"c.p._488_k_2023.pdf": 7.840312983320164}, "zalin": {"JR_Fecto_Belarus_Tractor_Limited_Case.pdf": 23.52093894996049}}