{"zappelli": {"Crl.M.A.No.486of2010-dt-26-6-2013.pdf": 15.680625966640328}, "zapata": {"j.p._516_2018_detailed.pdf": 7.840312983320164}}