{"zayad": {"c.r.p._446_2022.pdf": 7.1471658027602185, "c.a._2150_2019.pdf": 14.294331605520437}, "zaydullah": {"C.R.P._49_2016.pdf": 7.840312983320164}, "zayd": {"Const.P._29_2016.pdf": 7.1471658027602185, "smc_1_2014.pdf": 14.294331605520437}, "zaynib": {"const.p._21_2022_15092023.pdf": 7.1471658027602185, "const.p._21_2022_29082023.pdf": 7.1471658027602185}, "zaye": {"c.a._201_2020.pdf": 6.454018622200273, "c.a._125_k_2016.pdf": 6.454018622200273, "CJD_Section 2-A_Case_as_on_26_06_2006.pdf": 19.36205586660082, "c.p._3750_2020.pdf": 6.454018622200273}, "zay": {"c.p._492_k_2023.pdf": 7.840312983320164}, "zayam": {"c.p._448_p_2017.pdf": 15.680625966640328}}