{"zedong": {"crl.a._95_2019.pdf": 7.840312983320164}, "zedra": {"Const.P._35_2016_dt_15_12_2017.pdf": 15.680625966640328}}