{"zenatunnisa": {"c.a._1355_2006.pdf": 6.741700694652055, "c.a._226_p_2018.pdf": 6.741700694652055, "c.p._2144_2016.pdf": 6.741700694652055}, "zenat": {"c.p._2144_2016.pdf": 7.840312983320164}, "zenith": {"C.A._1049_2011.pdf": 7.840312983320164}}