{"zeshaan": {"Const.P._29_2016.pdf": 7.840312983320164}, "zest": {"SMC16of2011_detailed_judgment.pdf": 7.1471658027602185, "Crl.O.P.89of2011.pdf": 14.294331605520437}, "zeshan": {"const.p._17_2019_detailed_reasoning.pdf": 6.741700694652055, "s.m.c._01_2020_18052020.pdf": 6.741700694652055, "C.A._682_2008.pdf": 6.741700694652055}}