{"zhob": {"const.p.1_ 2012_etc.pdf": 5.8944028342648505, "const.p.115_2011.pdf": 29.472014171324254, "const.p.37_2012_final.pdf": 5.8944028342648505, "Const.P.77of2010-dt-21-12-2012.pdf": 5.8944028342648505, "c.p._4305_2023.pdf": 17.68320850279455, "C.A._1023_2016.pdf": 11.788805668529701, "CMA3258of2013inCP65of09DetailOrder.pdf": 5.8944028342648505}, "zhongxe": {"c.p._607_2021.pdf": 15.680625966640328}, "zhongxhe": {"c.a._196_p_2014_13062023.pdf": 7.840312983320164}}