{"zign": {"C.A._699_2017.pdf": 7.840312983320164}, "zig": {"C.A._622 _2008.pdf": 7.840312983320164}}