{"zili": {"C.P.796of2007-UrduTranslation-dt-10-5-2013.pdf": 7.1471658027602185, "C.P.796of2007-dt-10-5-2013.pdf": 7.1471658027602185}, "zilla": {"c.a._653_2014.pdf": 6.230875070886063, "H.R.C.19of1996[AsgharKhanCase]DetailedReasonsUrduTranslation.pdf": 12.461750141772127, "CJD_Reference by_the_President_of_Pakistan_under_Article_186.pdf": 81.00137592151883, "c.p._3923_2016.pdf": 18.69262521265819, "c.p._989_2015.pdf": 6.230875070886063}, "zila": {"NRO_Judgment.pdf": 4.704818767391014, "SMC16of2011_detailed_judgment.pdf": 4.704818767391014, "Const.P.77-78-79 [Memogate]DetailedOrder.pdf": 4.704818767391014, "const.p._24_2017.pdf": 4.704818767391014, "C.A._493_2011.pdf": 9.409637534782028, "crl.p._54_p_2012.pdf": 4.704818767391014, "HRC-4668of2006.pdf": 4.704818767391014, "Const.P.87of2011.pdf": 4.704818767391014, "C.A._508_2017.pdf": 14.114456302173043, "c.a._1095_2018_13092019.pdf": 4.704818767391014, "c.p._860_2019.pdf": 4.704818767391014, "C.P._3551_2015.pdf": 4.704818767391014, "C.A._158_2006.pdf": 122.32528795216638, "C.A._767_2014.pdf": 4.704818767391014, "c.a._1113_2017_dissenting_note.pdf": 4.704818767391014, "ca.297_2014.pdf": 4.704818767391014, "c.a._1113_2017.pdf": 4.704818767391014, "SMCNo25of2009.pdf": 4.704818767391014, "c.p._659_2019.pdf": 4.704818767391014, "H.R.C._17599_2018.pdf": 4.704818767391014, "c.p._2447_l_2022.pdf": 4.704818767391014, "CMA3258of2013inCP65of09DetailOrder.pdf": 42.34336890651913, "c.p._4700_2021.pdf": 9.409637534782028}, "zille": {"smc.11_2011.pdf": 7.1471658027602185, "C.R.P._309_2013.pdf": 7.1471658027602185}}