{"zina": {"hrc_42389-P_2013.pdf": 4.8445807097661735, "NRO_Judgment.pdf": 4.8445807097661735, "crl.a._95_2019.pdf": 4.8445807097661735, "Crl.P.163_to_171_S.M.C.5_2005.pdf": 145.3374212929852, "const.p._24_2023_an_10012024_r.pdf": 4.8445807097661735, "crl.p._596_l_2022.pdf": 9.689161419532347, "c.p._4_p_2020.pdf": 14.53374212929852, "crl.r.p._15_2011.pdf": 4.8445807097661735, "crl.s.a.07_2011.pdf": 9.689161419532347, "Cr.P.749-Lof2013.pdf": 9.689161419532347, "Crl.A._210_2015.pdf": 29.06748425859704, "j.p._34_2020.pdf": 4.8445807097661735, "crl.sh.a._23_2017.pdf": 4.8445807097661735, "Crl.M.A._200_2019.pdf": 9.689161419532347, "const.p._24_2023_f.pdf": 4.8445807097661735, "crl.a._120_2019.pdf": 4.8445807097661735, "c.r.p._526_2020.pdf": 4.8445807097661735, "Crl.P.No.426of2009&Crl.A.No.pdf": 43.601226387895565, "crl.a._154_l_2013.pdf": 14.53374212929852, "c.p._287_p_2016.pdf": 14.53374212929852}, "zinnia": {"Const.P.31of2011etc.pdf": 7.840312983320164}, "zinal": {"CMA_1145-K_2013_in_SMC_16-2011_08-03-2013.pdf": 7.840312983320164}, "zindah": {"crl.p._883_l_2022_urdu.pdf": 7.840312983320164}, "zinery": {"c.a._371_2020.pdf": 7.840312983320164}, "zindagi": {"crl.p._883_l_2022.pdf": 23.52093894996049}, "zinabiljabr": {"Crl.P.163_to_171_S.M.C.5_2005.pdf": 32.270093111001366, "const.p._24_2023_an_10012024_r.pdf": 6.454018622200273, "const.p._24_2023_f.pdf": 6.454018622200273, "c.r.p._526_2020.pdf": 6.454018622200273}, "zinna": {"Crl.A._210_2015.pdf": 7.840312983320164}, "zinda": {"c.a.32_k_2018.pdf": 7.840312983320164}}