{"zishan": {"crl.p._923_2020.pdf": 6.741700694652055, "c.p._1839_2018.pdf": 13.48340138930411, "crl.p._851_l_2016.pdf": 20.225102083956166}}