{"ziyadti": {"Crl.P.163_to_171_S.M.C.5_2005.pdf": 15.680625966640328}, "ziyarat": {"Crl.O.P._59_2015.pdf": 7.1471658027602185, "C.A.800Lof2013etc.pdf": 7.1471658027602185}}