{"zokla": {"Const.PetitionNo.77of2010_12.10.2012.pdf": 7.840312983320164}, "zokori": {"c.p._3795_2021.pdf": 7.840312983320164}, "zoki": {"C.A.876-879of2005.pdf": 7.840312983320164}}