{"zone": {"C.P.796of2007-UrduTranslation-dt-10-5-2013.pdf": 3.186352633162641, "HRC19526of2013.pdf": 3.186352633162641, "Const.P_6of2011.pdf": 3.186352633162641, "Const.P._29_2016_28072016.pdf": 3.186352633162641, "Crl.O.P_57_2015.pdf": 15.931763165813205, "Const.P._50_2018.pdf": 3.186352633162641, "Const.P.12of2010.pdf": 3.186352633162641, "S.M.C._20_2016.pdf": 3.186352633162641, "C.A._2215_2006.pdf": 3.186352633162641, "Const.P._29_2016.pdf": 3.186352633162641, "S.J.C_347_2018.PDF": 3.186352633162641, "const.p._19_2022_01062022.pdf": 15.931763165813205, "S.M.C.18OF2010.pdf": 22.304468432138485, "c.a._371_2020.pdf": 3.186352633162641, "SMC16of2011_detailed_judgment.pdf": 9.559057899487922, "smc.11_2011.pdf": 6.372705266325282, "Const.P.46of2013-dt-27-12-2013.pdf": 9.559057899487922, "Const.P.77-78-79 [Memogate]DetailedOrder.pdf": 12.745410532650563, "C.P.796of2007-dt-10-5-2013.pdf": 6.372705266325282, "CJD_Reference by_the_President_of_Pakistan_under_Article_186.pdf": 3.186352633162641, "Crl.O.P.89of2011.pdf": 6.372705266325282, "c.p._2256_l_2015.pdf": 12.745410532650563, "c.p._1057_2019.pdf": 3.186352633162641, "c.p._6309_2021.pdf": 3.186352633162641, "C.M.A._3221_2012.pdf": 3.186352633162641, "C.A._1084_2008.pdf": 6.372705266325282, "const.p._14_2023.pdf": 3.186352633162641, "c.a._731_2016.pdf": 3.186352633162641, "c.a._13_q_2020.pdf": 3.186352633162641, "c.a._1444_2013.pdf": 3.186352633162641, "C.P._84_P_2015.pdf": 3.186352633162641, "c.p._446_l_2019.pdf": 3.186352633162641, "C.P._1067_2016.pdf": 6.372705266325282, "HRC-4668of2006.pdf": 6.372705266325282, "crl.p._91_k_2020.pdf": 3.186352633162641, "const.p._2_2022_14102022.pdf": 3.186352633162641, "C.A._308_2008.pdf": 3.186352633162641, "c.a._999_2017.pdf": 3.186352633162641, "c.p._1290_l_2019.pdf": 60.54070003009018, "const.p._17_2020_dissenting_note_hj11.pdf": 15.931763165813205, "c.a._24_2015.pdf": 3.186352633162641, "C.A._300_2017.pdf": 6.372705266325282, "C.A._1338_2007.pdf": 3.186352633162641, "c.p._398_l_2018.pdf": 22.304468432138485, "const.p.115_2011.pdf": 28.67717369846377, "Crl.P._300_2018.pdf": 3.186352633162641, "c.p._3121_2021.pdf": 3.186352633162641, "c.p._3347_2021.pdf": 15.931763165813205, "C.A._145_2010.pdf": 3.186352633162641, "C.A._94_2012.pdf": 3.186352633162641, "c.p._3203_2017.pdf": 3.186352633162641, "const.p._17_2019_detailed_reasoning.pdf": 6.372705266325282, "SMC.13-2009.pdf": 38.23623159795169, "H.R.C._4729_2011.pdf": 6.372705266325282, "c.a.1540-1599_2013.pdf": 3.186352633162641, "const.p._2_2022_21032022.pdf": 9.559057899487922, "c.p._4500_2017.pdf": 6.372705266325282, "c.p._2021_l_2015.pdf": 3.186352633162641, "c.p._1148_l_2021.pdf": 3.186352633162641, "c.p._1591_l_2017.pdf": 3.186352633162641, "C.R.P._335_2014.pdf": 3.186352633162641, "C.A._1264_2006.pdf": 3.186352633162641, "reference._2_2022.pdf": 6.372705266325282, "c.a._513_2014.pdf": 3.186352633162641, "c.p._1345_l_2021.pdf": 6.372705266325282, "c.a._1476_2018.pdf": 9.559057899487922, "c.p._159_2021.pdf": 3.186352633162641, "const.p._6_2023_dt_05_01_2023.pdf": 6.372705266325282, "c.a._1113_2017_dissenting_note.pdf": 3.186352633162641, "c.p._682_l_2017.pdf": 3.186352633162641, "C.A._1242_2013.pdf": 19.118115798975843, "c.p._280_k_2019.pdf": 6.372705266325282, "c.p._349_l_2017.pdf": 6.372705266325282, "const.p._17_2020_dissenting_note_hj4.pdf": 3.186352633162641, "smc_16._2011_24.06.2014.pdf": 3.186352633162641, "C.M.A._2593_2008.pdf": 3.186352633162641, "Const.P.22of2013.pdf": 3.186352633162641, "c.a._1113_2017.pdf": 6.372705266325282, "C.A._1255_2012.pdf": 3.186352633162641, "c.a._1089_2015.pdf": 3.186352633162641, "Const.P._35_2016_dt_15_12_2017.pdf": 6.372705266325282, "const.p._2_2022.pdf": 3.186352633162641, "C.A._1086_2009.pdf": 6.372705266325282, "SMCNo25of2009.pdf": 12.745410532650563, "c.m.a._3932_2023.pdf": 3.186352633162641, "c.p._940_k_2022.pdf": 6.372705266325282, "c.a._49_2022.pdf": 9.559057899487922, "c.a._977_2018.pdf": 3.186352633162641, "const.p._10_2020.pdf": 3.186352633162641, "C.A.876-879of2005.pdf": 6.372705266325282, "C.A._700_2017.pdf": 3.186352633162641, "C.A._1049_2011.pdf": 3.186352633162641, "c.a._1275_2009.pdf": 3.186352633162641, "C.A._150_2006.pdf": 9.559057899487922, "c.a._1125_2020.pdf": 3.186352633162641, "c.a._359_2020.pdf": 25.490821065301127, "c.r.p._432_k_2022.pdf": 3.186352633162641, "H.R.C.39216_G_2018.pdf": 3.186352633162641, "smc.9_2011.pdf": 3.186352633162641, "c.p._2447_l_2022.pdf": 6.372705266325282, "c.p._2414_l_2015.pdf": 3.186352633162641, "ref._2_2022_13092023.pdf": 19.118115798975843, "C.A._622 _2008.pdf": 28.67717369846377, "S.M.C._7_2017_06022019.pdf": 6.372705266325282, "C.M.A._8215_2016.pdf": 54.167994763764895}, "zonal": {"Const.P.77of2010dt-08.09.2012[UrduTranslation].pdf": 5.132262782217954, "Const.P.30of2013.pdf": 5.132262782217954, "c.a.149-150_2010.pdf": 10.264525564435909, "H.R.C.19of1996[AsgharKhanCase]DetailedReasonsUrduTranslation.pdf": 5.132262782217954, "H.R.C.19of1996[AsgharKhanCase]DetailedReasons.pdf": 5.132262782217954, "c.p._419_2020.pdf": 5.132262782217954, "c.a._515_2015.pdf": 5.132262782217954, "c.p._446_l_2019.pdf": 5.132262782217954, "c.m.a._4821_2018_14012022.pdf": 15.396788346653864, "CAs.149-150of2010.pdf": 5.132262782217954, "c.a._290_2022.pdf": 15.396788346653864, "crl.a._239_2020.pdf": 20.529051128871817, "C.A._620_2006.pdf": 25.66131391108977, "c.a._359_2020.pdf": 30.793576693307728, "CJD_Section 2-A_Case_as_on_26_06_2006.pdf": 25.66131391108977}, "zonaira": {"C.A._2215_2006.pdf": 7.840312983320164}, "zong": {"Const.PetitionNo.77of2010_12.10.2012.pdf": 6.048553514092109, "Urdu-Const.P-77-2010-12.10.2012.pdf": 6.048553514092109, "S.M.C.18OF2010.pdf": 6.048553514092109, "crl.m.a._365_l_2020.pdf": 6.048553514092109, "H.R.C._18877_2018.pdf": 6.048553514092109, "C.M.A._6155_2018.pdf": 12.097107028184219}}