{"ztbl": {"S.M.C._20_2016.pdf": 5.132262782217954, "C.R.P._125_2014.pdf": 5.132262782217954, "Const.P.NO.62OF2010_orderdt06062011.pdf": 15.396788346653864, "c.p._2933_2019.pdf": 10.264525564435909, "c.p._419_2020.pdf": 46.19036503996159, "S.M.C._ 26_2007_30062018.pdf": 10.264525564435909, "SMC_26-2007_dt_20.02.2013.pdf": 5.132262782217954, "S.M.C._26_2007_04072018.pdf": 10.264525564435909, "C.R.P.193of2013.pdf": 5.132262782217954, "C.P._3078_2016.pdf": 10.264525564435909, "C.A.269_ETC_OF_2011.pdf": 10.264525564435909, "S.M.C._26_2007_02082018.pdf": 10.264525564435909, "C.P._3078_2016_D.pdf": 10.264525564435909, "CJD_Section 2-A_Case_as_on_26_06_2006.pdf": 15.396788346653864, "c.p._1165_2021.pdf": 5.132262782217954}}