{"zumard": {"c.r.p._446_2022.pdf": 7.1471658027602185, "c.a._2150_2019.pdf": 14.294331605520437}}