{"zunaira": {"crl.s.a.07_2011.pdf": 6.454018622200273, "reference_1_2011_06mar2024.pdf": 6.454018622200273, "Crl.O.P.6of2012.pdf": 6.454018622200273, "Crl.O.P.6of2012-dt-26-4-2012.pdf": 6.454018622200273}}