{"zurich": {"NRO_Judgment.pdf": 6.741700694652055, "Const.P._29_2016.pdf": 20.225102083956166, "c.p._607_2021.pdf": 6.741700694652055}}